race_id,date,hippodrome,race_datetime,distance_metres,track_condition,discipline,is_trot,field_size,reunion_number,course_number
20250909-R2-C1,20250909,SON PARDO,2025-09-09 11:07:00,2150,,TROT_ATTELE,True,7,2,1
20250909-R2-C2,20250909,SON PARDO,2025-09-09 11:35:00,2150,,TROT_ATTELE,True,8,2,2
20250909-R2-C3,20250909,SON PARDO,2025-09-09 12:07:00,2150,,TROT_ATTELE,True,9,2,3
20250909-R2-C4,20250909,SON PARDO,2025-09-09 12:39:00,2150,,TROT_ATTELE,True,11,2,4
20250909-R2-C5,20250909,SON PARDO,2025-09-09 13:17:00,2150,,TROT_ATTELE,True,12,2,5
20250909-R4-C1,20250909,VINCENNES,2025-09-09 16:35:00,2175,,TROT_MONTE,True,12,4,1
20250909-R4-C2,20250909,VINCENNES,2025-09-09 17:12:00,2100,,TROT_ATTELE,True,15,4,2
20250909-R4-C3,20250909,VINCENNES,2025-09-09 17:47:00,2700,,TROT_ATTELE,True,11,4,3
20250909-R4-C4,20250909,VINCENNES,2025-09-09 18:20:00,2100,,TROT_ATTELE,True,12,4,4
20250909-R4-C5,20250909,VINCENNES,2025-09-09 19:15:00,2175,,TROT_ATTELE,True,10,4,5
20250909-R4-C6,20250909,VINCENNES,2025-09-09 19:45:00,2175,,TROT_MONTE,True,10,4,6
20250909-R4-C7,20250909,VINCENNES,2025-09-09 20:15:00,2100,,TROT_ATTELE,True,14,4,7
20250909-R4-C8,20250909,VINCENNES,2025-09-09 20:45:00,2200,,TROT_ATTELE,True,9,4,8
20250909-R5-C1,20250909,MONS (GHLIN),2025-09-09 19:02:00,2300,,TROT_ATTELE,True,14,5,1
20250909-R5-C2,20250909,MONS (GHLIN),2025-09-09 19:31:00,2300,,TROT_ATTELE,True,15,5,2
20250909-R5-C3,20250909,MONS (GHLIN),2025-09-09 20:00:00,1750,,TROT_ATTELE,True,13,5,3
20250909-R5-C4,20250909,MONS (GHLIN),2025-09-09 20:30:00,2840,,TROT_ATTELE,True,12,5,4
20250909-R5-C5,20250909,MONS (GHLIN),2025-09-09 21:00:00,2300,,TROT_ATTELE,True,16,5,5
20250909-R5-C6,20250909,MONS (GHLIN),2025-09-09 21:30:00,2840,,TROT_ATTELE,True,11,5,6
20250909-R5-C7,20250909,MONS (GHLIN),2025-09-09 22:00:00,1750,,TROT_ATTELE,True,16,5,7
20250909-R5-C8,20250909,MONS (GHLIN),2025-09-09 22:30:00,2300,,TROT_ATTELE,True,13,5,8
20250910-R1-C1,20250910,MESLAY DU MAINE,2025-09-10 13:55:00,2850,,TROT_ATTELE,True,16,1,1
20250910-R1-C2,20250910,MESLAY DU MAINE,2025-09-10 14:32:00,2850,,TROT_ATTELE,True,13,1,2
20250910-R1-C3,20250910,MESLAY DU MAINE,2025-09-10 15:11:00,2875,,TROT_ATTELE,True,12,1,3
20250910-R1-C4,20250910,MESLAY DU MAINE,2025-09-10 15:43:00,2875,,TROT_ATTELE,True,16,1,4
20250910-R1-C5,20250910,MESLAY DU MAINE,2025-09-10 16:17:00,2875,,TROT_ATTELE,True,15,1,5
20250910-R1-C6,20250910,MESLAY DU MAINE,2025-09-10 16:50:00,2875,,TROT_MONTE,True,10,1,6
20250910-R1-C7,20250910,MESLAY DU MAINE,2025-09-10 17:25:00,2875,,TROT_ATTELE,True,15,1,7
20250910-R1-C8,20250910,MESLAY DU MAINE,2025-09-10 18:00:00,2875,,TROT_ATTELE,True,13,1,8
20250910-R2-C1,20250910,JARLSBERG,2025-09-10 11:03:00,2100,,TROT_ATTELE,True,8,2,1
20250910-R2-C2,20250910,JARLSBERG,2025-09-10 11:35:00,2100,,TROT_ATTELE,True,10,2,2
20250910-R2-C3,20250910,JARLSBERG,2025-09-10 12:07:00,1609,,TROT_ATTELE,True,10,2,3
20250910-R2-C4,20250910,JARLSBERG,2025-09-10 12:39:00,1609,,TROT_ATTELE,True,11,2,4
20250910-R2-C5,20250910,JARLSBERG,2025-09-10 13:11:00,2100,,TROT_ATTELE,True,12,2,5
20250910-R8-C8,20250910,SOLVALLA,2025-09-10 21:05:00,2140,,TROT_ATTELE,True,12,8,8
20250910-R8-C9,20250910,SOLVALLA,2025-09-10 21:26:00,1640,,TROT_ATTELE,True,9,8,9
20250910-R8-C10,20250910,SOLVALLA,2025-09-10 21:51:00,2140,,TROT_ATTELE,True,9,8,10
20250911-R2-C1,20250911,HAMBOURG,2025-09-11 10:45:00,2200,,TROT_ATTELE,True,6,2,1
20250911-R2-C2,20250911,HAMBOURG,2025-09-11 11:17:00,2200,,TROT_ATTELE,True,8,2,2
20250911-R2-C3,20250911,HAMBOURG,2025-09-11 11:49:00,2200,,TROT_ATTELE,True,7,2,3
20250911-R2-C4,20250911,HAMBOURG,2025-09-11 12:21:00,2200,,TROT_ATTELE,True,8,2,4
20250911-R2-C5,20250911,HAMBOURG,2025-09-11 12:53:00,1680,,TROT_ATTELE,True,9,2,5
20250911-R4-C1,20250911,MAUQUENCHY,2025-09-11 13:31:00,2150,,TROT_ATTELE,True,12,4,1
20250911-R4-C2,20250911,MAUQUENCHY,2025-09-11 14:04:00,2150,,TROT_ATTELE,True,10,4,2
20250911-R4-C3,20250911,MAUQUENCHY,2025-09-11 14:41:00,2850,,TROT_MONTE,True,15,4,3
20250911-R4-C4,20250911,MAUQUENCHY,2025-09-11 15:15:00,2150,,TROT_ATTELE,True,14,4,4
20250911-R4-C5,20250911,MAUQUENCHY,2025-09-11 15:49:00,2850,,TROT_ATTELE,True,16,4,5
20250911-R4-C6,20250911,MAUQUENCHY,2025-09-11 16:23:00,2850,,TROT_ATTELE,True,18,4,6
20250911-R4-C7,20250911,MAUQUENCHY,2025-09-11 16:57:00,2850,,TROT_MONTE,True,11,4,7
20250911-R4-C8,20250911,MAUQUENCHY,2025-09-11 17:33:00,2150,,TROT_ATTELE,True,12,4,8
20250911-R5-C1,20250911,WOLVEGA,2025-09-11 18:17:00,2600,,TROT_ATTELE,True,10,5,1
20250911-R5-C2,20250911,WOLVEGA,2025-09-11 18:52:00,2100,,TROT_ATTELE,True,8,5,2
20250911-R5-C3,20250911,WOLVEGA,2025-09-11 19:27:00,2100,,TROT_ATTELE,True,8,5,3
20250911-R5-C4,20250911,WOLVEGA,2025-09-11 20:03:00,2100,,TROT_ATTELE,True,8,5,4
20250911-R5-C5,20250911,WOLVEGA,2025-09-11 20:25:00,1609,,TROT_ATTELE,True,7,5,5
20250911-R5-C6,20250911,WOLVEGA,2025-09-11 20:52:00,2100,,TROT_ATTELE,True,7,5,6
20250911-R5-C7,20250911,WOLVEGA,2025-09-11 21:20:00,1609,,TROT_ATTELE,True,6,5,7
20250911-R7-C1,20250911,BORELY,2025-09-11 14:00:00,2300,,TROT_ATTELE,True,16,7,1
20250911-R7-C2,20250911,BORELY,2025-09-11 14:30:00,3000,,TROT_ATTELE,True,9,7,2
20250911-R7-C3,20250911,BORELY,2025-09-11 15:00:00,2300,,TROT_ATTELE,True,10,7,3
20250911-R7-C4,20250911,BORELY,2025-09-11 15:30:00,2300,,TROT_ATTELE,True,15,7,4
20250911-R7-C5,20250911,BORELY,2025-09-11 16:00:00,3000,,TROT_ATTELE,True,9,7,5
20250911-R7-C6,20250911,BORELY,2025-09-11 16:30:00,2300,,TROT_ATTELE,True,15,7,6
20250911-R7-C7,20250911,BORELY,2025-09-11 17:00:00,3000,,TROT_ATTELE,True,9,7,7
20250912-R1-C1,20250912,VINCENNES,2025-09-12 18:29:00,2100,,TROT_ATTELE,True,15,1,1
20250912-R1-C2,20250912,VINCENNES,2025-09-12 19:05:00,2100,,TROT_ATTELE,True,13,1,2
20250912-R1-C3,20250912,VINCENNES,2025-09-12 19:45:00,2100,,TROT_ATTELE,True,16,1,3
20250912-R1-C4,20250912,VINCENNES,2025-09-12 20:15:00,2100,,TROT_ATTELE,True,13,1,4
20250912-R1-C5,20250912,VINCENNES,2025-09-12 20:42:00,2700,,TROT_MONTE,True,11,1,5
20250912-R1-C6,20250912,VINCENNES,2025-09-12 21:13:00,2175,,TROT_ATTELE,True,15,1,6
20250912-R1-C7,20250912,VINCENNES,2025-09-12 21:39:00,2700,,TROT_MONTE,True,7,1,7
20250912-R1-C8,20250912,VINCENNES,2025-09-12 22:03:00,2200,,TROT_ATTELE,True,9,1,8
20250912-R3-C1,20250912,CHARTRES,2025-09-12 11:14:00,2825,,TROT_ATTELE,True,16,3,1
20250912-R3-C2,20250912,CHARTRES,2025-09-12 11:51:00,2800,,TROT_ATTELE,True,12,3,2
20250912-R3-C3,20250912,CHARTRES,2025-09-12 12:22:00,2800,,TROT_ATTELE,True,10,3,3
20250912-R3-C4,20250912,CHARTRES,2025-09-12 12:53:00,2800,,TROT_MONTE,True,16,3,4
20250912-R3-C5,20250912,CHARTRES,2025-09-12 13:25:00,2825,,TROT_ATTELE,True,16,3,5
20250912-R3-C6,20250912,CHARTRES,2025-09-12 14:00:00,2800,,TROT_MONTE,True,16,3,6
20250912-R3-C7,20250912,CHARTRES,2025-09-12 14:35:00,2825,,TROT_ATTELE,True,14,3,7
20250912-R3-C8,20250912,CHARTRES,2025-09-12 15:10:00,2825,,TROT_ATTELE,True,12,3,8
20250912-R7-C1,20250912,LES SABLES D OLONNE,2025-09-12 18:30:00,2775,,TROT_ATTELE,True,13,7,1
20250912-R7-C2,20250912,LES SABLES D OLONNE,2025-09-12 19:00:00,2775,,TROT_ATTELE,True,14,7,2
20250912-R7-C3,20250912,LES SABLES D OLONNE,2025-09-12 19:30:00,2775,,TROT_MONTE,True,13,7,3
20250912-R7-C4,20250912,LES SABLES D OLONNE,2025-09-12 20:00:00,2775,,TROT_ATTELE,True,13,7,4
20250912-R7-C5,20250912,LES SABLES D OLONNE,2025-09-12 20:30:00,2775,,TROT_ATTELE,True,13,7,5
20250912-R7-C6,20250912,LES SABLES D OLONNE,2025-09-12 21:00:00,2775,,TROT_MONTE,True,13,7,6
20250912-R7-C7,20250912,LES SABLES D OLONNE,2025-09-12 21:30:00,2775,,TROT_ATTELE,True,13,7,7
20250912-R7-C8,20250912,LES SABLES D OLONNE,2025-09-12 22:00:00,2775,,TROT_ATTELE,True,17,7,8
20250912-R7-C9,20250912,LES SABLES D OLONNE,2025-09-12 22:30:00,2775,,TROT_ATTELE,True,16,7,9
20250913-R1-C1,20250913,VINCENNES,2025-09-13 13:23:00,2700,,TROT_MONTE,True,10,1,1
20250913-R1-C2,20250913,VINCENNES,2025-09-13 13:58:00,2100,,TROT_ATTELE,True,15,1,2
20250913-R1-C3,20250913,VINCENNES,2025-09-13 14:33:00,2850,,TROT_MONTE,True,8,1,3
20250913-R1-C4,20250913,VINCENNES,2025-09-13 15:15:00,2850,,TROT_ATTELE,True,18,1,4
20250913-R1-C5,20250913,VINCENNES,2025-09-13 15:55:00,2700,,TROT_ATTELE,True,14,1,5
20250913-R1-C6,20250913,VINCENNES,2025-09-13 16:40:00,2850,,TROT_ATTELE,True,13,1,6
20250913-R1-C7,20250913,VINCENNES,2025-09-13 17:19:00,2850,,TROT_ATTELE,True,11,1,7
20250913-R1-C8,20250913,VINCENNES,2025-09-13 17:54:00,2100,,TROT_ATTELE,True,13,1,8
20250913-R1-C9,20250913,VINCENNES,2025-09-13 18:17:00,2700,,TROT_ATTELE,True,8,1,9
20250913-R5-C1,20250913,VICHY,2025-09-13 18:45:00,2950,,TROT_ATTELE,True,16,5,1
20250913-R5-C2,20250913,VICHY,2025-09-13 19:15:00,2950,,TROT_ATTELE,True,10,5,2
20250913-R5-C3,20250913,VICHY,2025-09-13 19:45:00,2800,,TROT_ATTELE,True,14,5,3
20250913-R5-C4,20250913,VICHY,2025-09-13 20:15:00,2950,,TROT_ATTELE,True,12,5,4
20250913-R5-C5,20250913,VICHY,2025-09-13 20:45:00,2150,,TROT_ATTELE,True,9,5,5
20250913-R5-C6,20250913,VICHY,2025-09-13 21:15:00,2950,,TROT_MONTE,True,9,5,6
20250913-R5-C7,20250913,VICHY,2025-09-13 21:45:00,2150,,TROT_ATTELE,True,14,5,7
20250913-R5-C8,20250913,VICHY,2025-09-13 22:15:00,4275,,TROT_ATTELE,True,10,5,8
20250913-R8-C6,20250913,YONKERS,2025-09-13 21:00:00,2011,,TROT_ATTELE,True,10,8,6
20250913-R8-C7,20250913,YONKERS,2025-09-13 21:30:00,2011,,TROT_ATTELE,True,10,8,7
20250913-R8-C8,20250913,YONKERS,2025-09-13 22:00:00,2011,,TROT_ATTELE,True,10,8,8
20250913-R12-C1,20250913,LISIEUX,2025-09-13 14:00:00,2725,,TROT_ATTELE,True,12,12,1
20250913-R12-C2,20250913,LISIEUX,2025-09-13 14:30:00,2725,,TROT_ATTELE,True,12,12,2
20250913-R12-C3,20250913,LISIEUX,2025-09-13 15:00:00,2725,,TROT_ATTELE,True,12,12,3
20250913-R12-C4,20250913,LISIEUX,2025-09-13 15:40:00,2725,,TROT_ATTELE,True,18,12,4
20250913-R12-C5,20250913,LISIEUX,2025-09-13 16:10:00,2725,,TROT_ATTELE,True,16,12,5
20250913-R12-C6,20250913,LISIEUX,2025-09-13 16:40:00,2725,,TROT_ATTELE,True,14,12,6
20250913-R12-C7,20250913,LISIEUX,2025-09-13 17:10:00,2725,,TROT_ATTELE,True,14,12,7
20250913-R12-C8,20250913,LISIEUX,2025-09-13 17:44:00,2725,,TROT_ATTELE,True,16,12,8
20250913-R12-C9,20250913,LISIEUX,2025-09-13 18:11:00,2725,,TROT_ATTELE,True,12,12,9
20250914-R3-C1,20250914,AVENCHES,2025-09-14 11:14:00,2375,,TROT_ATTELE,True,9,3,1
20250914-R3-C2,20250914,AVENCHES,2025-09-14 11:46:00,2400,,TROT_ATTELE,True,7,3,2
20250914-R3-C3,20250914,AVENCHES,2025-09-14 12:18:00,2400,,TROT_ATTELE,True,9,3,3
20250914-R3-C4,20250914,AVENCHES,2025-09-14 12:52:00,2350,,TROT_ATTELE,True,10,3,4
20250914-R3-C5,20250914,AVENCHES,2025-09-14 13:22:00,2350,,TROT_ATTELE,True,11,3,5
20250914-R5-C1,20250914,REIMS,2025-09-14 16:07:00,2500,,TROT_ATTELE,True,11,5,1
20250914-R5-C2,20250914,REIMS,2025-09-14 16:42:00,2550,,TROT_ATTELE,True,11,5,2
20250914-R5-C3,20250914,REIMS,2025-09-14 17:17:00,2550,,TROT_ATTELE,True,12,5,3
20250914-R5-C4,20250914,REIMS,2025-09-14 17:52:00,2550,,TROT_ATTELE,True,9,5,4
20250914-R5-C5,20250914,REIMS,2025-09-14 18:27:00,2500,,TROT_ATTELE,True,11,5,5
20250914-R5-C6,20250914,REIMS,2025-09-14 19:02:00,2550,,TROT_ATTELE,True,12,5,6
20250914-R5-C7,20250914,REIMS,2025-09-14 19:34:00,2550,,TROT_ATTELE,True,10,5,7
20250914-R5-C8,20250914,REIMS,2025-09-14 20:06:00,2550,,TROT_MONTE,True,10,5,8
20250914-R12-C1,20250914,CHATEAUBRIANT,2025-09-14 14:30:00,2400,,TROT_ATTELE,True,13,12,1
20250914-R12-C2,20250914,CHATEAUBRIANT,2025-09-14 15:00:00,2400,,TROT_ATTELE,True,14,12,2
20250914-R12-C3,20250914,CHATEAUBRIANT,2025-09-14 15:30:00,2400,,TROT_MONTE,True,16,12,3
20250914-R12-C4,20250914,CHATEAUBRIANT,2025-09-14 16:02:00,3000,,TROT_ATTELE,True,14,12,4
20250914-R12-C5,20250914,CHATEAUBRIANT,2025-09-14 16:30:00,3000,,TROT_ATTELE,True,17,12,5
20250914-R12-C6,20250914,CHATEAUBRIANT,2025-09-14 17:02:00,3000,,TROT_ATTELE,True,18,12,6
20250914-R12-C7,20250914,CHATEAUBRIANT,2025-09-14 17:33:00,3000,,TROT_ATTELE,True,16,12,7
20250915-R1-C1,20250915,AGEN LA GARENNE,2025-09-15 12:00:00,2575,,TROT_ATTELE,True,14,1,1
20250915-R1-C2,20250915,AGEN LA GARENNE,2025-09-15 12:35:00,2625,,TROT_MONTE,True,11,1,2
20250915-R1-C3,20250915,AGEN LA GARENNE,2025-09-15 13:10:00,2575,,TROT_ATTELE,True,15,1,3
20250915-R1-C4,20250915,AGEN LA GARENNE,2025-09-15 13:55:00,2625,,TROT_ATTELE,True,16,1,4
20250915-R1-C5,20250915,AGEN LA GARENNE,2025-09-15 14:25:00,2625,,TROT_ATTELE,True,15,1,5
20250915-R1-C6,20250915,AGEN LA GARENNE,2025-09-15 15:08:00,2575,,TROT_ATTELE,True,11,1,6
20250915-R1-C7,20250915,AGEN LA GARENNE,2025-09-15 15:41:00,2575,,TROT_ATTELE,True,10,1,7
20250915-R4-C1,20250915,LAVAL,2025-09-15 16:15:00,2850,,TROT_ATTELE,True,16,4,1
20250915-R4-C2,20250915,LAVAL,2025-09-15 16:50:00,2850,,TROT_MONTE,True,13,4,2
20250915-R4-C3,20250915,LAVAL,2025-09-15 17:27:00,2850,,TROT_ATTELE,True,15,4,3
20250915-R4-C4,20250915,LAVAL,2025-09-15 18:02:00,2850,,TROT_ATTELE,True,15,4,4
20250915-R4-C5,20250915,LAVAL,2025-09-15 18:37:00,2850,,TROT_ATTELE,True,16,4,5
20250915-R4-C6,20250915,LAVAL,2025-09-15 19:12:00,2850,,TROT_MONTE,True,17,4,6
20250915-R4-C7,20250915,LAVAL,2025-09-15 19:47:00,2850,,TROT_ATTELE,True,16,4,7
20250915-R4-C8,20250915,LAVAL,2025-09-15 20:12:00,2850,,TROT_ATTELE,True,16,4,8
20250915-R6-C1,20250915,LE CROISE LAROCHE,2025-09-15 18:30:00,2700,,TROT_ATTELE,True,16,6,1
20250915-R6-C2,20250915,LE CROISE LAROCHE,2025-09-15 19:00:00,2825,,TROT_MONTE,True,14,6,2
20250915-R6-C3,20250915,LE CROISE LAROCHE,2025-09-15 19:30:00,2825,,TROT_ATTELE,True,12,6,3
20250915-R6-C4,20250915,LE CROISE LAROCHE,2025-09-15 20:00:00,2825,,TROT_ATTELE,True,12,6,4
20250915-R6-C5,20250915,LE CROISE LAROCHE,2025-09-15 20:30:00,2700,,TROT_ATTELE,True,16,6,5
20250915-R6-C6,20250915,LE CROISE LAROCHE,2025-09-15 21:00:00,2700,,TROT_ATTELE,True,15,6,6
20250915-R6-C7,20250915,LE CROISE LAROCHE,2025-09-15 21:30:00,2800,,TROT_ATTELE,True,10,6,7
20250915-R6-C8,20250915,LE CROISE LAROCHE,2025-09-15 22:00:00,2825,,TROT_ATTELE,True,10,6,8
20250916-R2-C1,20250916,SON PARDO,2025-09-16 11:07:00,2650,,TROT_ATTELE,True,9,2,1
20250916-R2-C2,20250916,SON PARDO,2025-09-16 11:35:00,2650,,TROT_ATTELE,True,9,2,2
20250916-R2-C3,20250916,SON PARDO,2025-09-16 12:07:00,2150,,TROT_ATTELE,True,12,2,3
20250916-R2-C4,20250916,SON PARDO,2025-09-16 12:39:00,2150,,TROT_ATTELE,True,14,2,4
20250916-R2-C5,20250916,SON PARDO,2025-09-16 13:11:00,2150,,TROT_ATTELE,True,10,2,5
20250916-R4-C1,20250916,VINCENNES,2025-09-16 16:22:00,2700,,TROT_MONTE,True,14,4,1
20250916-R4-C2,20250916,VINCENNES,2025-09-16 16:52:00,2700,,TROT_ATTELE,True,15,4,2
20250916-R4-C3,20250916,VINCENNES,2025-09-16 17:23:00,2700,,TROT_MONTE,True,12,4,3
20250916-R4-C4,20250916,VINCENNES,2025-09-16 17:58:00,2100,,TROT_ATTELE,True,8,4,4
20250916-R4-C5,20250916,VINCENNES,2025-09-16 18:27:00,2100,,TROT_ATTELE,True,14,4,5
20250916-R4-C6,20250916,VINCENNES,2025-09-16 18:58:00,2700,,TROT_MONTE,True,12,4,6
20250916-R4-C7,20250916,VINCENNES,2025-09-16 19:29:00,2850,,TROT_ATTELE,True,14,4,7
20250916-R4-C8,20250916,VINCENNES,2025-09-16 20:01:00,2200,,TROT_ATTELE,True,13,4,8
20250916-R5-C1,20250916,MONS (GHLIN),2025-09-16 18:43:00,2300,,TROT_ATTELE,True,13,5,1
20250916-R5-C2,20250916,MONS (GHLIN),2025-09-16 19:14:00,2300,,TROT_ATTELE,True,15,5,2
20250916-R5-C3,20250916,MONS (GHLIN),2025-09-16 19:47:00,2300,,TROT_ATTELE,True,10,5,3
20250916-R5-C4,20250916,MONS (GHLIN),2025-09-16 20:22:00,1750,,TROT_ATTELE,True,11,5,4
20250916-R5-C5,20250916,MONS (GHLIN),2025-09-16 20:47:00,2300,,TROT_ATTELE,True,8,5,5
20250916-R5-C6,20250916,MONS (GHLIN),2025-09-16 21:26:00,2300,,TROT_ATTELE,True,9,5,6
20250916-R5-C7,20250916,MONS (GHLIN),2025-09-16 21:53:00,2300,,TROT_ATTELE,True,7,5,7
20250916-R5-C8,20250916,MONS (GHLIN),2025-09-16 22:24:00,2275,,TROT_MONTE,True,7,5,8
20250917-R1-C1,20250917,LYON-PARILLY,2025-09-17 13:55:00,2850,,TROT_ATTELE,True,14,1,1
20250917-R1-C2,20250917,LYON-PARILLY,2025-09-17 14:30:00,2850,,TROT_ATTELE,True,8,1,2
20250917-R1-C3,20250917,LYON-PARILLY,2025-09-17 15:05:00,2850,,TROT_ATTELE,True,12,1,3
20250917-R1-C4,20250917,LYON-PARILLY,2025-09-17 15:40:00,2850,,TROT_ATTELE,True,16,1,4
20250917-R1-C5,20250917,LYON-PARILLY,2025-09-17 16:17:00,2850,,TROT_ATTELE,True,11,1,5
20250917-R1-C6,20250917,LYON-PARILLY,2025-09-17 16:52:00,2850,,TROT_MONTE,True,12,1,6
20250917-R1-C7,20250917,LYON-PARILLY,2025-09-17 17:27:00,2850,,TROT_ATTELE,True,11,1,7
20250917-R1-C8,20250917,LYON-PARILLY,2025-09-17 18:02:00,2850,,TROT_ATTELE,True,16,1,8
20250917-R3-C1,20250917,CAEN,2025-09-17 11:51:00,2200,,TROT_ATTELE,True,16,3,1
20250917-R3-C2,20250917,CAEN,2025-09-17 12:24:00,2450,,TROT_MONTE,True,16,3,2
20250917-R3-C3,20250917,CAEN,2025-09-17 12:57:00,2450,,TROT_ATTELE,True,14,3,3
20250917-R3-C4,20250917,CAEN,2025-09-17 13:30:00,2450,,TROT_MONTE,True,18,3,4
20250917-R3-C5,20250917,CAEN,2025-09-17 14:12:00,2200,,TROT_ATTELE,True,15,3,5
20250917-R3-C6,20250917,CAEN,2025-09-17 14:47:00,2450,,TROT_ATTELE,True,12,3,6
20250917-R3-C7,20250917,CAEN,2025-09-17 15:22:00,2450,,TROT_MONTE,True,12,3,7
20250917-R3-C8,20250917,CAEN,2025-09-17 15:59:00,2450,,TROT_ATTELE,True,18,3,8
20250917-R7-C7,20250917,SOLVALLA,2025-09-17 20:41:00,1640,,TROT_ATTELE,True,12,7,7
20250917-R7-C8,20250917,SOLVALLA,2025-09-17 21:03:00,2140,,TROT_ATTELE,True,12,7,8
20250917-R7-C9,20250917,SOLVALLA,2025-09-17 21:26:00,1640,,TROT_ATTELE,True,12,7,9
20250917-R7-C10,20250917,SOLVALLA,2025-09-17 21:51:00,2140,,TROT_ATTELE,True,12,7,10
20250918-R1-C1,20250918,VINCENNES,2025-09-18 13:55:00,2700,,TROT_ATTELE,True,15,1,1
20250918-R1-C2,20250918,VINCENNES,2025-09-18 14:30:00,2850,,TROT_MONTE,True,13,1,2
20250918-R1-C3,20250918,VINCENNES,2025-09-18 15:06:00,2100,,TROT_ATTELE,True,10,1,3
20250918-R1-C4,20250918,VINCENNES,2025-09-18 15:40:00,2700,,TROT_MONTE,True,11,1,4
20250918-R1-C5,20250918,VINCENNES,2025-09-18 16:17:00,2100,,TROT_ATTELE,True,12,1,5
20250918-R1-C6,20250918,VINCENNES,2025-09-18 16:51:00,2850,,TROT_MONTE,True,11,1,6
20250918-R1-C7,20250918,VINCENNES,2025-09-18 17:28:00,2100,,TROT_ATTELE,True,15,1,7
20250918-R1-C8,20250918,VINCENNES,2025-09-18 18:02:00,2100,,TROT_ATTELE,True,15,1,8
20250918-R2-C1,20250918,GELSENKIRCHEN,2025-09-18 10:58:00,2000,,TROT_ATTELE,True,8,2,1
20250918-R2-C2,20250918,GELSENKIRCHEN,2025-09-18 11:26:00,2000,,TROT_ATTELE,True,10,2,2
20250918-R2-C3,20250918,GELSENKIRCHEN,2025-09-18 11:59:00,2000,,TROT_ATTELE,True,10,2,3
20250918-R2-C4,20250918,GELSENKIRCHEN,2025-09-18 12:34:00,2000,,TROT_ATTELE,True,11,2,4
20250918-R2-C5,20250918,GELSENKIRCHEN,2025-09-18 13:09:00,2000,,TROT_ATTELE,True,11,2,5
20250918-R5-C2,20250918,WOLVEGA,2025-09-18 18:37:00,2100,,TROT_ATTELE,True,10,5,2
20250918-R5-C3,20250918,WOLVEGA,2025-09-18 19:11:00,2600,,TROT_ATTELE,True,10,5,3
20250918-R5-C4,20250918,WOLVEGA,2025-09-18 19:43:00,2600,,TROT_ATTELE,True,9,5,4
20250918-R5-C5,20250918,WOLVEGA,2025-09-18 20:15:00,2100,,TROT_ATTELE,True,9,5,5
20250918-R5-C6,20250918,WOLVEGA,2025-09-18 20:47:00,2100,,TROT_ATTELE,True,8,5,6
20250919-R1-C1,20250919,VINCENNES,2025-09-19 18:25:00,2700,,TROT_ATTELE,True,14,1,1
20250919-R1-C2,20250919,VINCENNES,2025-09-19 18:58:00,2700,,TROT_ATTELE,True,16,1,2
20250919-R1-C3,20250919,VINCENNES,2025-09-19 19:33:00,2100,,TROT_ATTELE,True,13,1,3
20250919-R1-C4,20250919,VINCENNES,2025-09-19 20:15:00,2700,,TROT_ATTELE,True,14,1,4
20250919-R1-C5,20250919,VINCENNES,2025-09-19 20:48:00,2700,,TROT_MONTE,True,15,1,5
20250919-R1-C6,20250919,VINCENNES,2025-09-19 21:14:00,2700,,TROT_ATTELE,True,12,1,6
20250919-R1-C7,20250919,VINCENNES,2025-09-19 21:41:00,2700,,TROT_ATTELE,True,13,1,7
20250919-R1-C8,20250919,VINCENNES,2025-09-19 22:05:00,2200,,TROT_ATTELE,True,10,1,8
20250919-R2-C1,20250919,CAVAILLON,2025-09-19 11:14:00,2525,,TROT_ATTELE,True,10,2,1
20250919-R2-C2,20250919,CAVAILLON,2025-09-19 11:46:00,2600,,TROT_MONTE,True,9,2,2
20250919-R2-C3,20250919,CAVAILLON,2025-09-19 12:20:00,2525,,TROT_ATTELE,True,12,2,3
20250919-R2-C4,20250919,CAVAILLON,2025-09-19 12:51:00,2600,,TROT_ATTELE,True,10,2,4
20250919-R2-C5,20250919,CAVAILLON,2025-09-19 13:29:00,2525,,TROT_ATTELE,True,9,2,5
20250919-R2-C6,20250919,CAVAILLON,2025-09-19 14:03:00,2525,,TROT_ATTELE,True,10,2,6
20250919-R2-C7,20250919,CAVAILLON,2025-09-19 14:40:00,2525,,TROT_ATTELE,True,16,2,7
20250919-R2-C8,20250919,CAVAILLON,2025-09-19 15:14:00,2600,,TROT_ATTELE,True,8,2,8
20250919-R3-C1,20250919,AVENCHES,2025-09-19 11:30:00,2425,,TROT_ATTELE,True,10,3,1
20250919-R3-C2,20250919,AVENCHES,2025-09-19 12:02:00,2400,,TROT_ATTELE,True,8,3,2
20250919-R3-C3,20250919,AVENCHES,2025-09-19 12:34:00,2425,,TROT_ATTELE,True,10,3,3
20250919-R5-C1,20250919,LA CEPIERE,2025-09-19 15:48:00,2325,,TROT_ATTELE,True,13,5,1
20250919-R5-C2,20250919,LA CEPIERE,2025-09-19 16:23:00,2950,,TROT_ATTELE,True,9,5,2
20250919-R5-C3,20250919,LA CEPIERE,2025-09-19 16:57:00,2950,,TROT_ATTELE,True,14,5,3
20250919-R5-C4,20250919,LA CEPIERE,2025-09-19 17:32:00,2950,,TROT_ATTELE,True,16,5,4
20250919-R5-C5,20250919,LA CEPIERE,2025-09-19 18:06:00,2950,,TROT_ATTELE,True,13,5,5
20250919-R5-C6,20250919,LA CEPIERE,2025-09-19 18:42:00,2150,,TROT_ATTELE,True,13,5,6
20250919-R5-C7,20250919,LA CEPIERE,2025-09-19 19:15:00,2750,,TROT_ATTELE,True,15,5,7
20250919-R5-C8,20250919,LA CEPIERE,2025-09-19 19:50:00,2750,,TROT_ATTELE,True,14,5,8
20250920-R3-C1,20250920,CAEN,2025-09-20 11:30:00,2450,,TROT_MONTE,True,16,3,1
20250920-R3-C2,20250920,CAEN,2025-09-20 12:06:00,2450,,TROT_ATTELE,True,14,3,2
20250920-R3-C3,20250920,CAEN,2025-09-20 12:37:00,2450,,TROT_ATTELE,True,13,3,3
20250920-R3-C4,20250920,CAEN,2025-09-20 13:11:00,2450,,TROT_MONTE,True,18,3,4
20250920-R3-C5,20250920,CAEN,2025-09-20 13:43:00,2450,,TROT_ATTELE,True,15,3,5
20250920-R3-C6,20250920,CAEN,2025-09-20 14:20:00,2450,,TROT_MONTE,True,13,3,6
20250920-R3-C7,20250920,CAEN,2025-09-20 14:50:00,2450,,TROT_ATTELE,True,14,3,7
20250920-R3-C8,20250920,CAEN,2025-09-20 15:32:00,2450,,TROT_ATTELE,True,13,3,8
20250920-R4-C1,20250920,PORNICHET,2025-09-20 16:42:00,2725,,TROT_MONTE,True,11,4,1
20250920-R4-C2,20250920,PORNICHET,2025-09-20 17:17:00,2725,,TROT_ATTELE,True,16,4,2
20250920-R4-C3,20250920,PORNICHET,2025-09-20 17:52:00,2725,,TROT_ATTELE,True,14,4,3
20250920-R4-C4,20250920,PORNICHET,2025-09-20 18:27:00,2725,,TROT_ATTELE,True,14,4,4
20250920-R4-C5,20250920,PORNICHET,2025-09-20 19:02:00,2725,,TROT_ATTELE,True,14,4,5
20250920-R4-C6,20250920,PORNICHET,2025-09-20 19:34:00,2725,,TROT_ATTELE,True,16,4,6
20250920-R4-C7,20250920,PORNICHET,2025-09-20 20:10:00,2725,,TROT_ATTELE,True,11,4,7
20250920-R4-C8,20250920,PORNICHET,2025-09-20 20:41:00,2725,,TROT_ATTELE,True,16,4,8
20250920-R5-C1,20250920,VICHY,2025-09-20 19:18:00,2150,,TROT_ATTELE,True,11,5,1
20250920-R5-C2,20250920,VICHY,2025-09-20 19:55:00,2150,,TROT_ATTELE,True,9,5,2
20250920-R5-C3,20250920,VICHY,2025-09-20 20:26:00,2800,,TROT_ATTELE,True,15,5,3
20250920-R5-C4,20250920,VICHY,2025-09-20 20:58:00,2800,,TROT_ATTELE,True,12,5,4
20250920-R5-C5,20250920,VICHY,2025-09-20 21:28:00,2200,,TROT_ATTELE,True,11,5,5
20250920-R5-C6,20250920,VICHY,2025-09-20 22:00:00,2200,,TROT_MONTE,True,15,5,6
20250920-R5-C7,20250920,VICHY,2025-09-20 22:32:00,1609,,TROT_ATTELE,True,7,5,7
20250920-R6-C4,20250920,MONS (GHLIN),2025-09-20 16:07:00,2840,,TROT_ATTELE,True,14,6,4
20250920-R8-C1,20250920,AMIENS,2025-09-20 18:30:00,2400,,TROT_ATTELE,True,12,8,1
20250920-R8-C2,20250920,AMIENS,2025-09-20 19:00:00,2400,,TROT_ATTELE,True,12,8,2
20250920-R8-C3,20250920,AMIENS,2025-09-20 19:30:00,2400,,TROT_ATTELE,True,14,8,3
20250920-R8-C4,20250920,AMIENS,2025-09-20 20:15:00,2400,,TROT_ATTELE,True,14,8,4
20250920-R8-C5,20250920,AMIENS,2025-09-20 20:42:00,2900,,TROT_ATTELE,True,12,8,5
20250920-R8-C6,20250920,AMIENS,2025-09-20 21:09:00,2900,,TROT_ATTELE,True,12,8,6
20250920-R8-C7,20250920,AMIENS,2025-09-20 21:36:00,2900,,TROT_ATTELE,True,12,8,7
20250921-R1-C1,20250921,VINCENNES,2025-09-21 13:23:00,2700,,TROT_ATTELE,True,12,1,1
20250921-R1-C2,20250921,VINCENNES,2025-09-21 13:58:00,2700,,TROT_MONTE,True,14,1,2
20250921-R1-C3,20250921,VINCENNES,2025-09-21 14:33:00,2850,,TROT_ATTELE,True,11,1,3
20250921-R1-C4,20250921,VINCENNES,2025-09-21 15:15:00,2850,,TROT_ATTELE,True,16,1,4
20250921-R1-C5,20250921,VINCENNES,2025-09-21 15:56:00,2700,,TROT_ATTELE,True,12,1,5
20250921-R1-C6,20250921,VINCENNES,2025-09-21 16:28:00,2700,,TROT_ATTELE,True,10,1,6
20250921-R1-C7,20250921,VINCENNES,2025-09-21 17:05:00,2100,,TROT_ATTELE,True,14,1,7
20250921-R1-C8,20250921,VINCENNES,2025-09-21 17:37:00,2850,,TROT_MONTE,True,9,1,8
20250921-R1-C9,20250921,VINCENNES,2025-09-21 18:12:00,2850,,TROT_ATTELE,True,9,1,9
20250921-R3-C1,20250921,ZURICH,2025-09-21 10:50:00,2400,,TROT_ATTELE,True,8,3,1
20250921-R3-C3,20250921,ZURICH,2025-09-21 11:47:00,2400,,TROT_ATTELE,True,10,3,3
20250921-R11-C1,20250921,RAMBOUILLET,2025-09-21 14:00:00,2000,,TROT_ATTELE,True,14,11,1
20250921-R11-C2,20250921,RAMBOUILLET,2025-09-21 14:30:00,2000,,TROT_ATTELE,True,14,11,2
20250921-R11-C3,20250921,RAMBOUILLET,2025-09-21 15:00:00,2000,,TROT_ATTELE,True,14,11,3
20250921-R11-C4,20250921,RAMBOUILLET,2025-09-21 15:30:00,2800,,TROT_ATTELE,True,14,11,4
20250921-R11-C5,20250921,RAMBOUILLET,2025-09-21 16:00:00,2800,,TROT_ATTELE,True,14,11,5
20250921-R11-C6,20250921,RAMBOUILLET,2025-09-21 16:30:00,2000,,TROT_ATTELE,True,14,11,6
20250921-R11-C7,20250921,RAMBOUILLET,2025-09-21 17:00:00,2000,,TROT_ATTELE,True,14,11,7
20250921-R11-C8,20250921,RAMBOUILLET,2025-09-21 17:30:00,2800,,TROT_ATTELE,True,12,11,8
20250921-R11-C9,20250921,RAMBOUILLET,2025-09-21 18:00:00,2800,,TROT_ATTELE,True,16,11,9
20250922-R1-C1,20250922,LA CAPELLE,2025-09-22 13:55:00,2750,,TROT_ATTELE,True,14,1,1
20250922-R1-C2,20250922,LA CAPELLE,2025-09-22 14:30:00,2700,,TROT_ATTELE,True,16,1,2
20250922-R1-C3,20250922,LA CAPELLE,2025-09-22 15:05:00,2700,,TROT_ATTELE,True,16,1,3
20250922-R1-C4,20250922,LA CAPELLE,2025-09-22 15:40:00,2750,,TROT_MONTE,True,9,1,4
20250922-R1-C5,20250922,LA CAPELLE,2025-09-22 16:15:00,2750,,TROT_ATTELE,True,12,1,5
20250922-R1-C6,20250922,LA CAPELLE,2025-09-22 16:50:00,2700,,TROT_ATTELE,True,16,1,6
20250922-R1-C7,20250922,LA CAPELLE,2025-09-22 17:30:00,2700,,TROT_ATTELE,True,15,1,7
20250922-R1-C8,20250922,LA CAPELLE,2025-09-22 18:04:00,2750,,TROT_ATTELE,True,16,1,8
20250923-R2-C1,20250923,BORELY,2025-09-23 11:42:00,3000,,TROT_ATTELE,True,9,2,1
20250923-R2-C2,20250923,BORELY,2025-09-23 12:18:00,2300,,TROT_ATTELE,True,15,2,2
20250923-R2-C3,20250923,BORELY,2025-09-23 12:52:00,2300,,TROT_ATTELE,True,16,2,3
20250923-R2-C4,20250923,BORELY,2025-09-23 13:29:00,2300,,TROT_ATTELE,True,12,2,4
20250923-R2-C5,20250923,BORELY,2025-09-23 14:12:00,3000,,TROT_ATTELE,True,13,2,5
20250923-R2-C6,20250923,BORELY,2025-09-23 14:49:00,3000,,TROT_ATTELE,True,10,2,6
20250923-R2-C7,20250923,BORELY,2025-09-23 15:22:00,3000,,TROT_ATTELE,True,14,2,7
20250923-R2-C8,20250923,BORELY,2025-09-23 15:59:00,2300,,TROT_ATTELE,True,12,2,8
20250923-R3-C1,20250923,VINCENNES,2025-09-23 16:35:00,2700,,TROT_MONTE,True,10,3,1
20250923-R3-C2,20250923,VINCENNES,2025-09-23 17:10:00,2700,,TROT_ATTELE,True,14,3,2
20250923-R3-C3,20250923,VINCENNES,2025-09-23 17:46:00,2700,,TROT_MONTE,True,8,3,3
20250923-R3-C4,20250923,VINCENNES,2025-09-23 18:22:00,2850,,TROT_ATTELE,True,14,3,4
20250923-R3-C5,20250923,VINCENNES,2025-09-23 18:58:00,2100,,TROT_ATTELE,True,13,3,5
20250923-R3-C6,20250923,VINCENNES,2025-09-23 19:30:00,2700,,TROT_ATTELE,True,11,3,6
20250923-R3-C7,20250923,VINCENNES,2025-09-23 20:02:00,2850,,TROT_ATTELE,True,14,3,7
20250923-R3-C8,20250923,VINCENNES,2025-09-23 20:33:00,2200,,TROT_ATTELE,True,7,3,8
20250924-R1-C1,20250924,LISIEUX,2025-09-24 13:55:00,2725,,TROT_ATTELE,True,16,1,1
20250924-R1-C2,20250924,LISIEUX,2025-09-24 14:32:00,2725,,TROT_ATTELE,True,16,1,2
20250924-R1-C3,20250924,LISIEUX,2025-09-24 15:10:00,2725,,TROT_ATTELE,True,16,1,3
20250924-R1-C4,20250924,LISIEUX,2025-09-24 15:42:00,2725,,TROT_ATTELE,True,18,1,4
20250924-R1-C5,20250924,LISIEUX,2025-09-24 16:18:00,2725,,TROT_MONTE,True,8,1,5
20250924-R1-C6,20250924,LISIEUX,2025-09-24 16:52:00,2725,,TROT_ATTELE,True,16,1,6
20250924-R1-C7,20250924,LISIEUX,2025-09-24 17:25:00,2725,,TROT_ATTELE,True,16,1,7
20250924-R1-C8,20250924,LISIEUX,2025-09-24 18:02:00,2725,,TROT_ATTELE,True,16,1,8
20250924-R2-C1,20250924,SON PARDO,2025-09-24 11:09:00,2650,,TROT_ATTELE,True,8,2,1
20250924-R2-C2,20250924,SON PARDO,2025-09-24 11:35:00,2650,,TROT_ATTELE,True,9,2,2
20250924-R2-C3,20250924,SON PARDO,2025-09-24 12:07:00,2650,,TROT_ATTELE,True,9,2,3
20250924-R2-C4,20250924,SON PARDO,2025-09-24 12:39:00,2150,,TROT_ATTELE,True,10,2,4
20250924-R2-C5,20250924,SON PARDO,2025-09-24 13:11:00,2650,,TROT_ATTELE,True,9,2,5
20250924-R7-C8,20250924,SOLVALLA,2025-09-24 21:03:00,1640,,TROT_ATTELE,True,12,7,8
20250924-R7-C9,20250924,SOLVALLA,2025-09-24 21:26:00,2140,,TROT_ATTELE,True,11,7,9
20250924-R7-C10,20250924,SOLVALLA,2025-09-24 21:51:00,1640,,TROT_ATTELE,True,11,7,10
20250925-R2-C1,20250925,HAMBOURG,2025-09-25 11:07:00,2200,,TROT_ATTELE,True,6,2,1
20250925-R2-C2,20250925,HAMBOURG,2025-09-25 11:35:00,2200,,TROT_ATTELE,True,7,2,2
20250925-R2-C3,20250925,HAMBOURG,2025-09-25 12:07:00,2200,,TROT_ATTELE,True,8,2,3
20250925-R2-C4,20250925,HAMBOURG,2025-09-25 12:39:00,2200,,TROT_ATTELE,True,10,2,4
20250925-R2-C5,20250925,HAMBOURG,2025-09-25 13:11:00,2200,,TROT_ATTELE,True,11,2,5
20250925-R4-C1,20250925,LAVAL,2025-09-25 16:32:00,2050,,TROT_ATTELE,True,16,4,1
20250925-R4-C2,20250925,LAVAL,2025-09-25 17:09:00,2050,,TROT_ATTELE,True,16,4,2
20250925-R4-C3,20250925,LAVAL,2025-09-25 17:46:00,2850,,TROT_ATTELE,True,14,4,3
20250925-R4-C4,20250925,LAVAL,2025-09-25 18:17:00,2650,,TROT_ATTELE,True,15,4,4
20250925-R4-C5,20250925,LAVAL,2025-09-25 18:47:00,2850,,TROT_ATTELE,True,16,4,5
20250925-R4-C6,20250925,LAVAL,2025-09-25 19:15:00,2850,,TROT_ATTELE,True,16,4,6
20250925-R4-C7,20250925,LAVAL,2025-09-25 19:45:00,2850,,TROT_MONTE,True,18,4,7
20250925-R4-C8,20250925,LAVAL,2025-09-25 20:15:00,2050,,TROT_ATTELE,True,14,4,8
20250925-R7-C1,20250925,GRAIGNES,2025-09-25 13:00:00,2725,,TROT_ATTELE,True,15,7,1
20250925-R7-C2,20250925,GRAIGNES,2025-09-25 13:30:00,2725,,TROT_ATTELE,True,14,7,2
20250925-R7-C3,20250925,GRAIGNES,2025-09-25 14:07:00,2700,,TROT_MONTE,True,16,7,3
20250925-R7-C4,20250925,GRAIGNES,2025-09-25 14:35:00,2725,,TROT_ATTELE,True,14,7,4
20250925-R7-C5,20250925,GRAIGNES,2025-09-25 15:04:00,2700,,TROT_MONTE,True,16,7,5
20250925-R7-C6,20250925,GRAIGNES,2025-09-25 15:36:00,2725,,TROT_ATTELE,True,16,7,6
20250925-R7-C7,20250925,GRAIGNES,2025-09-25 16:08:00,2725,,TROT_ATTELE,True,13,7,7
20250925-R7-C8,20250925,GRAIGNES,2025-09-25 16:36:00,2725,,TROT_ATTELE,True,12,7,8
20250925-R7-C9,20250925,GRAIGNES,2025-09-25 17:04:00,2725,,TROT_ATTELE,True,14,7,9
20250926-R1-C1,20250926,VINCENNES,2025-09-26 18:23:00,2850,,TROT_ATTELE,True,13,1,1
20250926-R1-C2,20250926,VINCENNES,2025-09-26 18:59:00,2850,,TROT_ATTELE,True,13,1,2
20250926-R1-C3,20250926,VINCENNES,2025-09-26 19:39:00,2850,,TROT_ATTELE,True,11,1,3
20250926-R1-C4,20250926,VINCENNES,2025-09-26 20:15:00,2850,,TROT_ATTELE,True,16,1,4
20250926-R1-C5,20250926,VINCENNES,2025-09-26 20:45:00,2700,,TROT_MONTE,True,10,1,5
20250926-R1-C6,20250926,VINCENNES,2025-09-26 21:12:00,2100,,TROT_ATTELE,True,8,1,6
20250926-R1-C7,20250926,VINCENNES,2025-09-26 21:42:00,2700,,TROT_ATTELE,True,10,1,7
20250926-R1-C8,20250926,VINCENNES,2025-09-26 22:07:00,2200,,TROT_MONTE,True,11,1,8
20250926-R2-C1,20250926,NANTES,2025-09-26 11:16:00,2275,,TROT_ATTELE,True,13,2,1
20250926-R2-C2,20250926,NANTES,2025-09-26 11:46:00,3000,,TROT_MONTE,True,14,2,2
20250926-R2-C3,20250926,NANTES,2025-09-26 12:18:00,3000,,TROT_ATTELE,True,13,2,3
20250926-R2-C4,20250926,NANTES,2025-09-26 12:50:00,3000,,TROT_ATTELE,True,13,2,4
20250926-R2-C5,20250926,NANTES,2025-09-26 13:25:00,3000,,TROT_ATTELE,True,12,2,5
20250926-R2-C6,20250926,NANTES,2025-09-26 14:00:00,3000,,TROT_ATTELE,True,16,2,6
20250926-R2-C7,20250926,NANTES,2025-09-26 14:35:00,3000,,TROT_MONTE,True,17,2,7
20250926-R2-C8,20250926,NANTES,2025-09-26 15:10:00,3000,,TROT_ATTELE,True,11,2,8
20250926-R3-C1,20250926,AVENCHES,2025-09-26 12:02:00,2400,,TROT_ATTELE,True,5,3,1
20250926-R3-C2,20250926,AVENCHES,2025-09-26 12:34:00,2975,,TROT_ATTELE,True,8,3,2
20250926-R3-C3,20250926,AVENCHES,2025-09-26 13:07:00,2350,,TROT_ATTELE,True,10,3,3
20250926-R5-C1,20250926,LA CEPIERE,2025-09-26 15:45:00,2950,,TROT_MONTE,True,12,5,1
20250926-R5-C2,20250926,LA CEPIERE,2025-09-26 16:20:00,2950,,TROT_ATTELE,True,11,5,2
20250926-R5-C3,20250926,LA CEPIERE,2025-09-26 16:57:00,2950,,TROT_ATTELE,True,10,5,3
20250926-R5-C4,20250926,LA CEPIERE,2025-09-26 17:31:00,2950,,TROT_ATTELE,True,11,5,4
20250926-R5-C5,20250926,LA CEPIERE,2025-09-26 18:06:00,2950,,TROT_ATTELE,True,9,5,5
20250926-R5-C6,20250926,LA CEPIERE,2025-09-26 18:41:00,2150,,TROT_ATTELE,True,12,5,6
20250926-R5-C7,20250926,LA CEPIERE,2025-09-26 19:17:00,2150,,TROT_ATTELE,True,16,5,7
20250926-R5-C8,20250926,LA CEPIERE,2025-09-26 19:54:00,2150,,TROT_ATTELE,True,16,5,8
20250927-R4-C1,20250927,ENGHIEN,2025-09-27 16:08:00,2150,,TROT_ATTELE,True,16,4,1
20250927-R4-C2,20250927,ENGHIEN,2025-09-27 16:43:00,2150,,TROT_ATTELE,True,16,4,2
20250927-R4-C3,20250927,ENGHIEN,2025-09-27 17:22:00,2150,,TROT_ATTELE,True,11,4,3
20250927-R4-C4,20250927,ENGHIEN,2025-09-27 17:56:00,2875,,TROT_ATTELE,True,16,4,4
20250927-R4-C5,20250927,ENGHIEN,2025-09-27 18:33:00,2150,,TROT_ATTELE,True,16,4,5
20250927-R4-C6,20250927,ENGHIEN,2025-09-27 19:05:00,2875,,TROT_MONTE,True,14,4,6
20250927-R4-C7,20250927,ENGHIEN,2025-09-27 19:38:00,2150,,TROT_ATTELE,True,10,4,7
20250927-R4-C8,20250927,ENGHIEN,2025-09-27 20:09:00,2875,,TROT_MONTE,True,13,4,8
20250927-R5-C1,20250927,WOLVEGA,2025-09-27 18:49:00,1609,,TROT_ATTELE,True,10,5,1
20250927-R5-C2,20250927,WOLVEGA,2025-09-27 19:21:00,2100,,TROT_ATTELE,True,9,5,2
20250927-R5-C3,20250927,WOLVEGA,2025-09-27 19:54:00,1609,,TROT_ATTELE,True,9,5,3
20250927-R5-C4,20250927,WOLVEGA,2025-09-27 20:26:00,2100,,TROT_ATTELE,True,8,5,4
20250927-R5-C5,20250927,WOLVEGA,2025-09-27 20:50:00,2100,,TROT_ATTELE,True,10,5,5
20250927-R5-C6,20250927,WOLVEGA,2025-09-27 21:20:00,1609,,TROT_ATTELE,True,9,5,6
20250927-R5-C7,20250927,WOLVEGA,2025-09-27 21:48:00,2100,,TROT_ATTELE,True,6,5,7
20250927-R7-C2,20250927,ABY GOTEBORG,2025-09-27 15:08:00,2140,,TROT_ATTELE,True,8,7,2
20250927-R7-C3,20250927,ABY GOTEBORG,2025-09-27 15:31:00,2140,,TROT_ATTELE,True,8,7,3
20250928-R1-C1,20250928,VINCENNES,2025-09-28 13:27:00,2700,,TROT_ATTELE,True,16,1,1
20250928-R1-C2,20250928,VINCENNES,2025-09-28 14:01:00,2100,,TROT_ATTELE,True,16,1,2
20250928-R1-C3,20250928,VINCENNES,2025-09-28 14:37:00,2100,,TROT_ATTELE,True,16,1,3
20250928-R1-C4,20250928,VINCENNES,2025-09-28 15:15:00,2850,,TROT_ATTELE,True,16,1,4
20250928-R1-C5,20250928,VINCENNES,2025-09-28 15:52:00,2175,,TROT_MONTE,True,13,1,5
20250928-R1-C6,20250928,VINCENNES,2025-09-28 16:19:00,2700,,TROT_ATTELE,True,10,1,6
20250928-R1-C7,20250928,VINCENNES,2025-09-28 16:48:00,2700,,TROT_ATTELE,True,14,1,7
20250928-R1-C8,20250928,VINCENNES,2025-09-28 17:23:00,2175,,TROT_MONTE,True,12,1,8
20250928-R1-C9,20250928,VINCENNES,2025-09-28 17:58:00,2700,,TROT_ATTELE,True,8,1,9
20250928-R3-C1,20250928,SON PARDO,2025-09-28 10:45:00,2650,,TROT_ATTELE,True,7,3,1
20250928-R3-C2,20250928,SON PARDO,2025-09-28 11:15:00,3150,,TROT_ATTELE,True,8,3,2
20250928-R3-C3,20250928,SON PARDO,2025-09-28 11:51:00,2650,,TROT_ATTELE,True,12,3,3
20250928-R3-C4,20250928,SON PARDO,2025-09-28 12:16:00,2650,,TROT_ATTELE,True,15,3,4
20250928-R3-C5,20250928,SON PARDO,2025-09-28 12:51:00,2650,,TROT_ATTELE,True,12,3,5
20250928-R6-C7,20250928,KRIEAU (VIENNE),2025-09-28 18:30:00,2100,,TROT_ATTELE,True,11,6,7
20250928-R6-C8,20250928,KRIEAU (VIENNE),2025-09-28 19:00:00,2600,,TROT_ATTELE,True,12,6,8
20250928-R6-C9,20250928,KRIEAU (VIENNE),2025-09-28 19:35:00,1600,,TROT_ATTELE,True,10,6,9
20250928-R6-C10,20250928,KRIEAU (VIENNE),2025-09-28 20:20:00,2100,,TROT_ATTELE,True,12,6,10
20250928-R10-C1,20250928,LYON-PARILLY,2025-09-28 13:40:00,2850,,TROT_ATTELE,True,16,10,1
20250928-R10-C2,20250928,LYON-PARILLY,2025-09-28 14:10:00,2850,,TROT_ATTELE,True,16,10,2
20250928-R10-C3,20250928,LYON-PARILLY,2025-09-28 14:40:00,2850,,TROT_ATTELE,True,14,10,3
20250928-R10-C4,20250928,LYON-PARILLY,2025-09-28 15:10:00,2850,,TROT_ATTELE,True,10,10,4
20250929-R1-C1,20250929,ENGHIEN,2025-09-29 13:55:00,2150,,TROT_ATTELE,True,13,1,1
20250929-R1-C2,20250929,ENGHIEN,2025-09-29 14:30:00,2150,,TROT_ATTELE,True,13,1,2
20250929-R1-C3,20250929,ENGHIEN,2025-09-29 15:05:00,2875,,TROT_ATTELE,True,9,1,3
20250929-R1-C4,20250929,ENGHIEN,2025-09-29 15:40:00,2875,,TROT_MONTE,True,15,1,4
20250929-R1-C5,20250929,ENGHIEN,2025-09-29 16:21:00,2875,,TROT_ATTELE,True,12,1,5
20250929-R1-C6,20250929,ENGHIEN,2025-09-29 16:50:00,2875,,TROT_MONTE,True,13,1,6
20250929-R1-C7,20250929,ENGHIEN,2025-09-29 17:25:00,2875,,TROT_ATTELE,True,16,1,7
20250929-R1-C8,20250929,ENGHIEN,2025-09-29 18:00:00,2150,,TROT_ATTELE,True,13,1,8
20250929-R2-C4,20250929,CRAON,2025-09-29 12:23:00,2750,,TROT_ATTELE,True,18,2,4
20250929-R2-C6,20250929,CRAON,2025-09-29 13:27:00,2775,,TROT_ATTELE,True,18,2,6
20250929-R2-C8,20250929,CRAON,2025-09-29 14:47:00,3500,,TROT_ATTELE,True,15,2,8
20250929-R3-C1,20250929,JARLSBERG,2025-09-29 11:05:00,1609,,TROT_ATTELE,True,8,3,1
20250929-R3-C2,20250929,JARLSBERG,2025-09-29 11:35:00,1609,,TROT_ATTELE,True,11,3,2
20250929-R3-C3,20250929,JARLSBERG,2025-09-29 12:07:00,2100,,TROT_ATTELE,True,10,3,3
20250929-R3-C4,20250929,JARLSBERG,2025-09-29 12:39:00,1609,,TROT_ATTELE,True,10,3,4
20250929-R3-C5,20250929,JARLSBERG,2025-09-29 13:11:00,2100,,TROT_ATTELE,True,12,3,5
20250929-R5-C1,20250929,LE CROISE LAROCHE,2025-09-29 18:57:00,2825,,TROT_ATTELE,True,14,5,1
20250929-R5-C2,20250929,LE CROISE LAROCHE,2025-09-29 19:26:00,2800,,TROT_ATTELE,True,16,5,2
20250929-R5-C3,20250929,LE CROISE LAROCHE,2025-09-29 19:55:00,2700,,TROT_ATTELE,True,16,5,3
20250929-R5-C4,20250929,LE CROISE LAROCHE,2025-09-29 20:24:00,2825,,TROT_ATTELE,True,12,5,4
20250929-R5-C5,20250929,LE CROISE LAROCHE,2025-09-29 20:49:00,2825,,TROT_MONTE,True,11,5,5
20250929-R5-C6,20250929,LE CROISE LAROCHE,2025-09-29 21:20:00,2700,,TROT_ATTELE,True,16,5,6
20250929-R5-C7,20250929,LE CROISE LAROCHE,2025-09-29 21:45:00,2825,,TROT_MONTE,True,11,5,7
20250930-R2-C1,20250930,SON PARDO,2025-09-30 11:07:00,2150,,TROT_ATTELE,True,8,2,1
20250930-R2-C2,20250930,SON PARDO,2025-09-30 11:35:00,2150,,TROT_ATTELE,True,9,2,2
20250930-R2-C3,20250930,SON PARDO,2025-09-30 12:07:00,2150,,TROT_ATTELE,True,9,2,3
20250930-R2-C4,20250930,SON PARDO,2025-09-30 12:39:00,2150,,TROT_ATTELE,True,14,2,4
20250930-R2-C5,20250930,SON PARDO,2025-09-30 13:11:00,2150,,TROT_ATTELE,True,11,2,5
20250930-R4-C1,20250930,VINCENNES,2025-09-30 16:37:00,2100,,TROT_ATTELE,True,16,4,1
20250930-R4-C2,20250930,VINCENNES,2025-09-30 17:12:00,2700,,TROT_ATTELE,True,12,4,2
20250930-R4-C3,20250930,VINCENNES,2025-09-30 17:47:00,2850,,TROT_ATTELE,True,14,4,3
20250930-R4-C4,20250930,VINCENNES,2025-09-30 18:22:00,2175,,TROT_MONTE,True,9,4,4
20250930-R4-C5,20250930,VINCENNES,2025-09-30 18:56:00,2175,,TROT_ATTELE,True,8,4,5
20250930-R4-C6,20250930,VINCENNES,2025-09-30 19:28:00,2175,,TROT_ATTELE,True,7,4,6
20250930-R4-C7,20250930,VINCENNES,2025-09-30 19:58:00,2200,,TROT_MONTE,True,15,4,7
20250930-R4-C8,20250930,VINCENNES,2025-09-30 20:30:00,2850,,TROT_ATTELE,True,16,4,8
20250930-R5-C1,20250930,MONS (GHLIN),2025-09-30 19:11:00,2300,,TROT_ATTELE,True,16,5,1
20250930-R5-C2,20250930,MONS (GHLIN),2025-09-30 19:43:00,2300,,TROT_ATTELE,True,10,5,2
20250930-R5-C3,20250930,MONS (GHLIN),2025-09-30 20:13:00,2300,,TROT_ATTELE,True,12,5,3
20250930-R5-C4,20250930,MONS (GHLIN),2025-09-30 20:47:00,2300,,TROT_ATTELE,True,11,5,4
20250930-R5-C5,20250930,MONS (GHLIN),2025-09-30 21:11:00,1750,,TROT_ATTELE,True,11,5,5
20250930-R5-C6,20250930,MONS (GHLIN),2025-09-30 21:33:00,2840,,TROT_ATTELE,True,8,5,6
20250930-R5-C7,20250930,MONS (GHLIN),2025-09-30 22:10:00,2300,,TROT_ATTELE,True,7,5,7
20250930-R5-C8,20250930,MONS (GHLIN),2025-09-30 22:40:00,2300,,TROT_MONTE,True,9,5,8
20251001-R1-C1,20251001,ANGERS,2025-10-01 13:55:00,3125,,TROT_ATTELE,True,16,1,1
20251001-R1-C2,20251001,ANGERS,2025-10-01 14:30:00,3125,,TROT_MONTE,True,12,1,2
20251001-R1-C3,20251001,ANGERS,2025-10-01 15:05:00,3125,,TROT_ATTELE,True,15,1,3
20251001-R1-C4,20251001,ANGERS,2025-10-01 15:40:00,3125,,TROT_ATTELE,True,13,1,4
20251001-R1-C5,20251001,ANGERS,2025-10-01 16:17:00,3125,,TROT_ATTELE,True,14,1,5
20251001-R1-C6,20251001,ANGERS,2025-10-01 16:52:00,3100,,TROT_ATTELE,True,16,1,6
20251001-R1-C7,20251001,ANGERS,2025-10-01 17:27:00,3125,,TROT_MONTE,True,7,1,7
20251001-R1-C8,20251001,ANGERS,2025-10-01 18:03:00,3125,,TROT_ATTELE,True,12,1,8
20251001-R5-C1,20251001,LE CROISE LAROCHE,2025-10-01 18:39:00,2700,,TROT_ATTELE,True,15,5,1
20251001-R5-C2,20251001,LE CROISE LAROCHE,2025-10-01 19:13:00,2800,,TROT_ATTELE,True,14,5,2
20251001-R5-C3,20251001,LE CROISE LAROCHE,2025-10-01 19:47:00,2825,,TROT_ATTELE,True,11,5,3
20251001-R5-C4,20251001,LE CROISE LAROCHE,2025-10-01 20:19:00,2700,,TROT_ATTELE,True,15,5,4
20251001-R5-C5,20251001,LE CROISE LAROCHE,2025-10-01 20:51:00,2700,,TROT_ATTELE,True,14,5,5
20251001-R5-C6,20251001,LE CROISE LAROCHE,2025-10-01 21:17:00,2825,,TROT_MONTE,True,9,5,6
20251001-R5-C7,20251001,LE CROISE LAROCHE,2025-10-01 21:42:00,2825,,TROT_ATTELE,True,16,5,7
20251001-R6-C7,20251001,SOLVALLA,2025-10-01 20:41:00,2140,,TROT_ATTELE,True,9,6,7
20251001-R6-C8,20251001,SOLVALLA,2025-10-01 21:03:00,2140,,TROT_ATTELE,True,12,6,8
20251001-R6-C9,20251001,SOLVALLA,2025-10-01 21:26:00,2140,,TROT_ATTELE,True,10,6,9
20251001-R6-C10,20251001,SOLVALLA,2025-10-01 21:51:00,2140,,TROT_ATTELE,True,12,6,10
20251001-R8-C1,20251001,BORELY,2025-10-01 12:30:00,2400,,TROT_ATTELE,True,8,8,1
20251001-R8-C2,20251001,BORELY,2025-10-01 13:00:00,3000,,TROT_ATTELE,True,12,8,2
20251001-R8-C3,20251001,BORELY,2025-10-01 13:30:00,3000,,TROT_ATTELE,True,12,8,3
20251001-R8-C4,20251001,BORELY,2025-10-01 14:00:00,2300,,TROT_ATTELE,True,16,8,4
20251001-R8-C5,20251001,BORELY,2025-10-01 14:30:00,2300,,TROT_ATTELE,True,16,8,5
20251001-R8-C6,20251001,BORELY,2025-10-01 15:00:00,2300,,TROT_ATTELE,True,15,8,6
20251001-R8-C7,20251001,BORELY,2025-10-01 15:30:00,2300,,TROT_ATTELE,True,15,8,7
20251001-R8-C8,20251001,BORELY,2025-10-01 16:00:00,2300,,TROT_ATTELE,True,15,8,8
20251001-R8-C9,20251001,BORELY,2025-10-01 16:30:00,2300,,TROT_ATTELE,True,14,8,9
20251001-R8-C10,20251001,BORELY,2025-10-01 17:00:00,3000,,TROT_ATTELE,True,10,8,10
20251002-R2-C1,20251002,STRAUBING,2025-10-02 10:52:00,1925,,TROT_ATTELE,True,8,2,1
20251002-R2-C2,20251002,STRAUBING,2025-10-02 11:33:00,1925,,TROT_ATTELE,True,8,2,2
20251002-R2-C3,20251002,STRAUBING,2025-10-02 12:04:00,1925,,TROT_ATTELE,True,10,2,3
20251002-R2-C4,20251002,STRAUBING,2025-10-02 12:37:00,1925,,TROT_ATTELE,True,10,2,4
20251002-R2-C5,20251002,STRAUBING,2025-10-02 13:10:00,2400,,TROT_ATTELE,True,11,2,5
20251002-R4-C1,20251002,CABOURG,2025-10-02 16:38:00,2750,,TROT_ATTELE,True,16,4,1
20251002-R4-C2,20251002,CABOURG,2025-10-02 17:11:00,2750,,TROT_MONTE,True,14,4,2
20251002-R4-C3,20251002,CABOURG,2025-10-02 17:45:00,2750,,TROT_ATTELE,True,16,4,3
20251002-R4-C4,20251002,CABOURG,2025-10-02 18:17:00,2725,,TROT_ATTELE,True,14,4,4
20251002-R4-C5,20251002,CABOURG,2025-10-02 18:46:00,2750,,TROT_MONTE,True,18,4,5
20251002-R4-C6,20251002,CABOURG,2025-10-02 19:15:00,2050,,TROT_ATTELE,True,8,4,6
20251002-R4-C7,20251002,CABOURG,2025-10-02 19:45:00,2750,,TROT_MONTE,True,18,4,7
20251002-R4-C8,20251002,CABOURG,2025-10-02 20:15:00,2725,,TROT_ATTELE,True,14,4,8
20251003-R1-C1,20251003,VINCENNES,2025-10-03 18:25:00,2700,,TROT_ATTELE,True,12,1,1
20251003-R1-C2,20251003,VINCENNES,2025-10-03 19:05:00,2700,,TROT_ATTELE,True,16,1,2
20251003-R1-C3,20251003,VINCENNES,2025-10-03 19:45:00,2850,,TROT_ATTELE,True,16,1,3
20251003-R1-C4,20251003,VINCENNES,2025-10-03 20:15:00,2700,,TROT_ATTELE,True,16,1,4
20251003-R1-C5,20251003,VINCENNES,2025-10-03 20:43:00,2700,,TROT_MONTE,True,8,1,5
20251003-R1-C6,20251003,VINCENNES,2025-10-03 21:11:00,2100,,TROT_ATTELE,True,16,1,6
20251003-R1-C7,20251003,VINCENNES,2025-10-03 21:39:00,2700,,TROT_ATTELE,True,16,1,7
20251003-R1-C8,20251003,VINCENNES,2025-10-03 22:04:00,2100,,TROT_ATTELE,True,14,1,8
20251003-R3-C1,20251003,HYERES,2025-10-03 11:14:00,2650,,TROT_ATTELE,True,7,3,1
20251003-R3-C2,20251003,HYERES,2025-10-03 11:46:00,2850,,TROT_MONTE,True,7,3,2
20251003-R3-C3,20251003,HYERES,2025-10-03 12:18:00,2850,,TROT_ATTELE,True,12,3,3
20251003-R3-C4,20251003,HYERES,2025-10-03 12:52:00,2650,,TROT_ATTELE,True,12,3,4
20251003-R3-C5,20251003,HYERES,2025-10-03 13:27:00,2650,,TROT_ATTELE,True,10,3,5
20251003-R3-C6,20251003,HYERES,2025-10-03 14:02:00,2650,,TROT_ATTELE,True,14,3,6
20251003-R3-C7,20251003,HYERES,2025-10-03 14:35:00,2650,,TROT_ATTELE,True,12,3,7
20251003-R3-C8,20251003,HYERES,2025-10-03 15:10:00,2850,,TROT_ATTELE,True,11,3,8
20251004-R4-C1,20251004,CABOURG,2025-10-04 11:33:00,2750,,TROT_MONTE,True,13,4,1
20251004-R4-C2,20251004,CABOURG,2025-10-04 12:23:00,2750,,TROT_ATTELE,True,16,4,2
20251004-R4-C3,20251004,CABOURG,2025-10-04 13:03:00,2750,,TROT_MONTE,True,13,4,3
20251004-R4-C4,20251004,CABOURG,2025-10-04 13:42:00,2750,,TROT_ATTELE,True,16,4,4
20251004-R4-C5,20251004,CABOURG,2025-10-04 14:18:00,2750,,TROT_ATTELE,True,16,4,5
20251004-R4-C6,20251004,CABOURG,2025-10-04 14:52:00,2750,,TROT_ATTELE,True,14,4,6
20251004-R4-C7,20251004,CABOURG,2025-10-04 15:34:00,2750,,TROT_MONTE,True,11,4,7
20251004-R4-C8,20251004,CABOURG,2025-10-04 16:07:00,2750,,TROT_ATTELE,True,16,4,8
20251004-R5-C1,20251004,LAVAL,2025-10-04 16:45:00,2850,,TROT_ATTELE,True,14,5,1
20251004-R5-C2,20251004,LAVAL,2025-10-04 17:20:00,2850,,TROT_ATTELE,True,16,5,2
20251004-R5-C3,20251004,LAVAL,2025-10-04 17:57:00,2850,,TROT_ATTELE,True,16,5,3
20251004-R5-C4,20251004,LAVAL,2025-10-04 18:32:00,2850,,TROT_ATTELE,True,16,5,4
20251004-R5-C5,20251004,LAVAL,2025-10-04 19:05:00,2850,,TROT_ATTELE,True,16,5,5
20251004-R5-C6,20251004,LAVAL,2025-10-04 19:36:00,2850,,TROT_MONTE,True,12,5,6
20251004-R5-C7,20251004,LAVAL,2025-10-04 20:07:00,2850,,TROT_MONTE,True,16,5,7
20251004-R5-C8,20251004,LAVAL,2025-10-04 20:40:00,2850,,TROT_ATTELE,True,16,5,8
20251004-R6-C3,20251004,WOLVEGA,2025-10-04 18:44:00,2100,,TROT_ATTELE,True,9,6,3
20251004-R6-C4,20251004,WOLVEGA,2025-10-04 19:18:00,2100,,TROT_ATTELE,True,8,6,4
20251004-R6-C5,20251004,WOLVEGA,2025-10-04 19:50:00,2100,,TROT_MONTE,True,9,6,5
20251004-R6-C6,20251004,WOLVEGA,2025-10-04 20:22:00,2100,,TROT_ATTELE,True,8,6,6
20251004-R6-C7,20251004,WOLVEGA,2025-10-04 20:55:00,2100,,TROT_ATTELE,True,7,6,7
20251004-R9-C1,20251004,AMIENS,2025-10-04 18:30:00,2400,,TROT_ATTELE,True,14,9,1
20251004-R9-C2,20251004,AMIENS,2025-10-04 19:00:00,2400,,TROT_ATTELE,True,14,9,2
20251004-R9-C3,20251004,AMIENS,2025-10-04 19:30:00,2900,,TROT_ATTELE,True,10,9,3
20251004-R9-C4,20251004,AMIENS,2025-10-04 20:00:00,2400,,TROT_ATTELE,True,14,9,4
20251004-R9-C5,20251004,AMIENS,2025-10-04 20:35:00,2400,,TROT_ATTELE,True,12,9,5
20251004-R9-C6,20251004,AMIENS,2025-10-04 21:03:00,2400,,TROT_ATTELE,True,12,9,6
20251004-R9-C7,20251004,AMIENS,2025-10-04 21:32:00,2400,,TROT_ATTELE,True,14,9,7
20251004-R9-C8,20251004,AMIENS,2025-10-04 22:01:00,2400,,TROT_ATTELE,True,14,9,8
20251004-R9-C9,20251004,AMIENS,2025-10-04 22:30:00,2400,,TROT_ATTELE,True,14,9,9
20251005-R7-C1,20251005,RAMBOUILLET,2025-10-05 14:00:00,2000,,TROT_ATTELE,True,12,7,1
20251005-R7-C2,20251005,RAMBOUILLET,2025-10-05 14:30:00,2000,,TROT_ATTELE,True,12,7,2
20251005-R7-C3,20251005,RAMBOUILLET,2025-10-05 15:00:00,2000,,TROT_ATTELE,True,12,7,3
20251005-R7-C4,20251005,RAMBOUILLET,2025-10-05 15:30:00,2800,,TROT_ATTELE,True,16,7,4
20251005-R7-C5,20251005,RAMBOUILLET,2025-10-05 16:00:00,2800,,TROT_ATTELE,True,18,7,5
20251005-R7-C6,20251005,RAMBOUILLET,2025-10-05 16:30:00,2800,,TROT_ATTELE,True,18,7,6
20251005-R7-C7,20251005,RAMBOUILLET,2025-10-05 17:00:00,2800,,TROT_ATTELE,True,18,7,7
20251005-R7-C8,20251005,RAMBOUILLET,2025-10-05 17:30:00,2800,,TROT_ATTELE,True,18,7,8
20251005-R7-C9,20251005,RAMBOUILLET,2025-10-05 18:00:00,2800,,TROT_MONTE,True,12,7,9
20251006-R1-C1,20251006,ENGHIEN,2025-10-06 13:55:00,2875,,TROT_ATTELE,True,14,1,1
20251006-R1-C2,20251006,ENGHIEN,2025-10-06 14:30:00,2150,,TROT_ATTELE,True,10,1,2
20251006-R1-C3,20251006,ENGHIEN,2025-10-06 15:05:00,2875,,TROT_ATTELE,True,18,1,3
20251006-R1-C4,20251006,ENGHIEN,2025-10-06 15:41:00,2875,,TROT_MONTE,True,13,1,4
20251006-R1-C5,20251006,ENGHIEN,2025-10-06 16:21:00,2150,,TROT_ATTELE,True,16,1,5
20251006-R1-C6,20251006,ENGHIEN,2025-10-06 16:50:00,2875,,TROT_MONTE,True,12,1,6
20251006-R1-C7,20251006,ENGHIEN,2025-10-06 17:25:00,2150,,TROT_ATTELE,True,16,1,7
20251006-R1-C8,20251006,ENGHIEN,2025-10-06 18:00:00,2875,,TROT_ATTELE,True,16,1,8
20251006-R7-C1,20251006,NANTES,2025-10-06 13:30:00,2275,,TROT_ATTELE,True,13,7,1
20251006-R7-C2,20251006,NANTES,2025-10-06 14:00:00,2275,,TROT_ATTELE,True,13,7,2
20251006-R7-C3,20251006,NANTES,2025-10-06 14:30:00,3000,,TROT_ATTELE,True,13,7,3
20251006-R7-C4,20251006,NANTES,2025-10-06 15:00:00,3000,,TROT_ATTELE,True,16,7,4
20251006-R7-C5,20251006,NANTES,2025-10-06 15:30:00,3000,,TROT_ATTELE,True,16,7,5
20251007-R2-C1,20251007,SON PARDO,2025-10-07 11:07:00,2150,,TROT_ATTELE,True,8,2,1
20251007-R2-C2,20251007,SON PARDO,2025-10-07 11:35:00,2650,,TROT_ATTELE,True,9,2,2
20251007-R2-C3,20251007,SON PARDO,2025-10-07 12:07:00,2150,,TROT_ATTELE,True,10,2,3
20251007-R2-C4,20251007,SON PARDO,2025-10-07 12:39:00,2650,,TROT_ATTELE,True,11,2,4
20251007-R2-C5,20251007,SON PARDO,2025-10-07 13:11:00,2650,,TROT_ATTELE,True,13,2,5
20251007-R4-C1,20251007,VINCENNES,2025-10-07 16:32:00,2700,,TROT_MONTE,True,12,4,1
20251007-R4-C2,20251007,VINCENNES,2025-10-07 17:07:00,2700,,TROT_ATTELE,True,15,4,2
20251007-R4-C3,20251007,VINCENNES,2025-10-07 17:42:00,2700,,TROT_MONTE,True,9,4,3
20251007-R4-C4,20251007,VINCENNES,2025-10-07 18:20:00,2100,,TROT_ATTELE,True,14,4,4
20251007-R4-C5,20251007,VINCENNES,2025-10-07 18:55:00,2175,,TROT_MONTE,True,11,4,5
20251007-R4-C6,20251007,VINCENNES,2025-10-07 19:27:00,2100,,TROT_ATTELE,True,15,4,6
20251007-R4-C7,20251007,VINCENNES,2025-10-07 19:59:00,2100,,TROT_ATTELE,True,14,4,7
20251007-R4-C8,20251007,VINCENNES,2025-10-07 20:31:00,2850,,TROT_ATTELE,True,13,4,8
20251007-R5-C1,20251007,MONS (GHLIN),2025-10-07 18:37:00,2300,,TROT_ATTELE,True,13,5,1
20251007-R5-C2,20251007,MONS (GHLIN),2025-10-07 19:11:00,2300,,TROT_ATTELE,True,13,5,2
20251007-R5-C3,20251007,MONS (GHLIN),2025-10-07 19:45:00,2300,,TROT_ATTELE,True,11,5,3
20251007-R5-C4,20251007,MONS (GHLIN),2025-10-07 20:15:00,2300,,TROT_ATTELE,True,13,5,4
20251007-R5-C5,20251007,MONS (GHLIN),2025-10-07 20:47:00,1750,,TROT_ATTELE,True,9,5,5
20251007-R5-C6,20251007,MONS (GHLIN),2025-10-07 21:20:00,2300,,TROT_ATTELE,True,9,5,6
20251007-R5-C7,20251007,MONS (GHLIN),2025-10-07 21:50:00,2840,,TROT_ATTELE,True,7,5,7
20251007-R5-C8,20251007,MONS (GHLIN),2025-10-07 22:20:00,2840,,TROT_ATTELE,True,7,5,8
20251008-R1-C1,20251008,ENGHIEN,2025-10-08 13:58:00,2875,,TROT_ATTELE,True,16,1,1
20251008-R1-C2,20251008,ENGHIEN,2025-10-08 14:32:00,2250,,TROT_MONTE,True,16,1,2
20251008-R1-C3,20251008,ENGHIEN,2025-10-08 15:05:00,2150,,TROT_ATTELE,True,16,1,3
20251008-R1-C4,20251008,ENGHIEN,2025-10-08 15:40:00,2875,,TROT_MONTE,True,15,1,4
20251008-R1-C5,20251008,ENGHIEN,2025-10-08 16:15:00,2150,,TROT_ATTELE,True,16,1,5
20251008-R1-C6,20251008,ENGHIEN,2025-10-08 16:50:00,2875,,TROT_ATTELE,True,12,1,6
20251008-R1-C7,20251008,ENGHIEN,2025-10-08 17:25:00,2150,,TROT_ATTELE,True,11,1,7
20251008-R1-C8,20251008,ENGHIEN,2025-10-08 18:00:00,2875,,TROT_ATTELE,True,12,1,8
20251008-R2-C1,20251008,JARLSBERG,2025-10-08 11:27:00,2100,,TROT_ATTELE,True,9,2,1
20251008-R2-C2,20251008,JARLSBERG,2025-10-08 11:47:00,2100,,TROT_ATTELE,True,10,2,2
20251008-R2-C3,20251008,JARLSBERG,2025-10-08 12:09:00,2100,,TROT_ATTELE,True,11,2,3
20251008-R2-C4,20251008,JARLSBERG,2025-10-08 12:39:00,2100,,TROT_ATTELE,True,12,2,4
20251008-R2-C5,20251008,JARLSBERG,2025-10-08 13:11:00,2100,,TROT_ATTELE,True,12,2,5
20251008-R7-C6,20251008,SOLVALLA,2025-10-08 20:41:00,2140,,TROT_ATTELE,True,9,7,6
20251008-R7-C7,20251008,SOLVALLA,2025-10-08 21:03:00,2640,,TROT_ATTELE,True,9,7,7
20251008-R7-C8,20251008,SOLVALLA,2025-10-08 21:26:00,1640,,TROT_ATTELE,True,12,7,8
20251008-R7-C9,20251008,SOLVALLA,2025-10-08 21:51:00,2140,,TROT_ATTELE,True,12,7,9
20251009-R2-C1,20251009,MUNICH-DAGLFING,2025-10-09 11:07:00,2100,,TROT_ATTELE,True,9,2,1
20251009-R2-C2,20251009,MUNICH-DAGLFING,2025-10-09 11:35:00,2100,,TROT_ATTELE,True,12,2,2
20251009-R2-C3,20251009,MUNICH-DAGLFING,2025-10-09 12:07:00,2100,,TROT_ATTELE,True,10,2,3
20251009-R2-C4,20251009,MUNICH-DAGLFING,2025-10-09 12:39:00,2100,,TROT_ATTELE,True,8,2,4
20251009-R2-C5,20251009,MUNICH-DAGLFING,2025-10-09 13:11:00,2100,,TROT_ATTELE,True,11,2,5
20251009-R3-C1,20251009,LYON-PARILLY,2025-10-09 11:51:00,2000,,TROT_ATTELE,True,14,3,1
20251009-R3-C2,20251009,LYON-PARILLY,2025-10-09 12:23:00,2850,,TROT_MONTE,True,12,3,2
20251009-R3-C3,20251009,LYON-PARILLY,2025-10-09 12:55:00,2000,,TROT_ATTELE,True,11,3,3
20251009-R3-C4,20251009,LYON-PARILLY,2025-10-09 13:27:00,2000,,TROT_ATTELE,True,16,3,4
20251009-R3-C5,20251009,LYON-PARILLY,2025-10-09 14:14:00,2825,,TROT_ATTELE,True,8,3,5
20251009-R3-C6,20251009,LYON-PARILLY,2025-10-09 14:45:00,2825,,TROT_ATTELE,True,16,3,6
20251009-R3-C7,20251009,LYON-PARILLY,2025-10-09 15:19:00,2850,,TROT_ATTELE,True,15,3,7
20251009-R3-C8,20251009,LYON-PARILLY,2025-10-09 15:54:00,2850,,TROT_ATTELE,True,12,3,8
20251009-R4-C1,20251009,ENGHIEN,2025-10-09 16:26:00,2875,,TROT_ATTELE,True,16,4,1
20251009-R4-C2,20251009,ENGHIEN,2025-10-09 16:58:00,2875,,TROT_ATTELE,True,15,4,2
20251009-R4-C3,20251009,ENGHIEN,2025-10-09 17:23:00,2150,,TROT_ATTELE,True,15,4,3
20251009-R4-C4,20251009,ENGHIEN,2025-10-09 17:55:00,2250,,TROT_MONTE,True,16,4,4
20251009-R4-C5,20251009,ENGHIEN,2025-10-09 18:27:00,2875,,TROT_ATTELE,True,14,4,5
20251009-R4-C6,20251009,ENGHIEN,2025-10-09 19:00:00,2250,,TROT_MONTE,True,16,4,6
20251009-R4-C7,20251009,ENGHIEN,2025-10-09 19:27:00,2875,,TROT_ATTELE,True,11,4,7
20251009-R4-C8,20251009,ENGHIEN,2025-10-09 19:52:00,2150,,TROT_ATTELE,True,13,4,8
20251010-R1-C1,20251010,VINCENNES,2025-10-10 18:23:00,2100,,TROT_ATTELE,True,16,1,1
20251010-R1-C2,20251010,VINCENNES,2025-10-10 19:00:00,2850,,TROT_ATTELE,True,13,1,2
20251010-R1-C3,20251010,VINCENNES,2025-10-10 19:33:00,2850,,TROT_ATTELE,True,15,1,3
20251010-R1-C4,20251010,VINCENNES,2025-10-10 20:15:00,2850,,TROT_ATTELE,True,14,1,4
20251010-R1-C5,20251010,VINCENNES,2025-10-10 20:43:00,2100,,TROT_ATTELE,True,12,1,5
20251010-R1-C6,20251010,VINCENNES,2025-10-10 21:11:00,2700,,TROT_MONTE,True,10,1,6
20251010-R1-C7,20251010,VINCENNES,2025-10-10 21:39:00,2100,,TROT_ATTELE,True,13,1,7
20251010-R1-C8,20251010,VINCENNES,2025-10-10 22:14:00,2850,,TROT_MONTE,True,9,1,8
20251010-R2-C1,20251010,AVENCHES,2025-10-10 10:58:00,2400,,TROT_ATTELE,True,5,2,1
20251010-R2-C2,20251010,AVENCHES,2025-10-10 11:30:00,2350,,TROT_ATTELE,True,7,2,2
20251010-R2-C3,20251010,AVENCHES,2025-10-10 12:02:00,2400,,TROT_ATTELE,True,11,2,3
20251010-R2-C4,20251010,AVENCHES,2025-10-10 12:34:00,2400,,TROT_ATTELE,True,10,2,4
20251010-R3-C1,20251010,BORELY,2025-10-10 11:14:00,2300,,TROT_ATTELE,True,10,3,1
20251010-R3-C2,20251010,BORELY,2025-10-10 11:46:00,3000,,TROT_ATTELE,True,12,3,2
20251010-R3-C3,20251010,BORELY,2025-10-10 12:18:00,3000,,TROT_MONTE,True,12,3,3
20251010-R3-C4,20251010,BORELY,2025-10-10 12:50:00,3000,,TROT_ATTELE,True,11,3,4
20251010-R3-C5,20251010,BORELY,2025-10-10 13:25:00,3000,,TROT_ATTELE,True,18,3,5
20251010-R3-C6,20251010,BORELY,2025-10-10 14:00:00,2300,,TROT_ATTELE,True,12,3,6
20251010-R3-C7,20251010,BORELY,2025-10-10 14:35:00,3000,,TROT_ATTELE,True,12,3,7
20251010-R3-C8,20251010,BORELY,2025-10-10 15:10:00,3000,,TROT_ATTELE,True,15,3,8
20251011-R1-C1,20251011,CAEN,2025-10-11 13:23:00,2200,,TROT_ATTELE,True,16,1,1
20251011-R1-C2,20251011,CAEN,2025-10-11 13:58:00,2450,,TROT_MONTE,True,8,1,2
20251011-R1-C3,20251011,CAEN,2025-10-11 14:33:00,2200,,TROT_ATTELE,True,14,1,3
20251011-R1-C4,20251011,CAEN,2025-10-11 15:15:00,2450,,TROT_ATTELE,True,16,1,4
20251011-R1-C5,20251011,CAEN,2025-10-11 15:50:00,2450,,TROT_ATTELE,True,16,1,5
20251011-R1-C6,20251011,CAEN,2025-10-11 16:40:00,2450,,TROT_MONTE,True,16,1,6
20251011-R1-C7,20251011,CAEN,2025-10-11 17:32:00,2450,,TROT_ATTELE,True,14,1,7
20251011-R1-C8,20251011,CAEN,2025-10-11 18:07:00,2450,,TROT_ATTELE,True,16,1,8
20251011-R1-C9,20251011,CAEN,2025-10-11 18:37:00,2450,,TROT_ATTELE,True,13,1,9
20251011-R3-C1,20251011,KARLSHORST,2025-10-11 10:30:00,2000,,TROT_ATTELE,True,10,3,1
20251011-R3-C2,20251011,KARLSHORST,2025-10-11 11:00:00,2000,,TROT_ATTELE,True,10,3,2
20251011-R3-C3,20251011,KARLSHORST,2025-10-11 11:30:00,2000,,TROT_MONTE,True,10,3,3
20251011-R3-C4,20251011,KARLSHORST,2025-10-11 12:00:00,2000,,TROT_ATTELE,True,10,3,4
20251011-R3-C5,20251011,KARLSHORST,2025-10-11 12:30:00,2000,,TROT_ATTELE,True,10,3,5
20251011-R5-C1,20251011,REIMS,2025-10-11 17:45:00,2550,,TROT_MONTE,True,12,5,1
20251011-R5-C2,20251011,REIMS,2025-10-11 18:15:00,2550,,TROT_ATTELE,True,12,5,2
20251011-R5-C3,20251011,REIMS,2025-10-11 18:52:00,2550,,TROT_ATTELE,True,12,5,3
20251011-R5-C4,20251011,REIMS,2025-10-11 19:50:00,2500,,TROT_ATTELE,True,12,5,4
20251011-R5-C5,20251011,REIMS,2025-10-11 20:21:00,2500,,TROT_ATTELE,True,14,5,5
20251011-R5-C6,20251011,REIMS,2025-10-11 20:53:00,2550,,TROT_ATTELE,True,12,5,6
20251011-R5-C7,20251011,REIMS,2025-10-11 21:25:00,2550,,TROT_ATTELE,True,12,5,7
20251011-R6-C1,20251011,WOLVEGA,2025-10-11 19:01:00,2100,,TROT_ATTELE,True,11,6,1
20251011-R6-C2,20251011,WOLVEGA,2025-10-11 19:33:00,3100,,TROT_ATTELE,True,9,6,2
20251011-R6-C3,20251011,WOLVEGA,2025-10-11 20:05:00,2100,,TROT_ATTELE,True,8,6,3
20251011-R6-C4,20251011,WOLVEGA,2025-10-11 20:37:00,2100,,TROT_ATTELE,True,6,6,4
20251011-R7-C7,20251011,SOLVALLA,2025-10-11 16:20:00,2140,,TROT_ATTELE,True,12,7,7
20251011-R7-C9,20251011,SOLVALLA,2025-10-11 17:12:00,2140,,TROT_ATTELE,True,12,7,9
20251011-R7-C10,20251011,SOLVALLA,2025-10-11 17:45:00,2140,,TROT_ATTELE,True,12,7,10
20251011-R7-C12,20251011,SOLVALLA,2025-10-11 18:36:00,2640,,TROT_ATTELE,True,12,7,12
20251012-R4-C1,20251012,LE BOUSCAT,2025-10-12 11:07:00,2550,,TROT_ATTELE,True,10,4,1
20251012-R4-C2,20251012,LE BOUSCAT,2025-10-12 11:37:00,2550,,TROT_ATTELE,True,12,4,2
20251012-R4-C3,20251012,LE BOUSCAT,2025-10-12 12:07:00,2550,,TROT_ATTELE,True,13,4,3
20251012-R4-C4,20251012,LE BOUSCAT,2025-10-12 12:39:00,2650,,TROT_MONTE,True,12,4,4
20251012-R4-C5,20251012,LE BOUSCAT,2025-10-12 13:10:00,2650,,TROT_ATTELE,True,11,4,5
20251012-R4-C6,20251012,LE BOUSCAT,2025-10-12 13:41:00,2650,,TROT_ATTELE,True,11,4,6
20251012-R4-C7,20251012,LE BOUSCAT,2025-10-12 14:15:00,2650,,TROT_ATTELE,True,8,4,7
20251012-R4-C8,20251012,LE BOUSCAT,2025-10-12 14:50:00,2550,,TROT_ATTELE,True,14,4,8
20251012-R5-C1,20251012,GRAIGNES,2025-10-12 16:09:00,2725,,TROT_ATTELE,True,11,5,1
20251012-R5-C2,20251012,GRAIGNES,2025-10-12 16:43:00,2725,,TROT_ATTELE,True,10,5,2
20251012-R5-C3,20251012,GRAIGNES,2025-10-12 17:18:00,2725,,TROT_ATTELE,True,14,5,3
20251012-R5-C4,20251012,GRAIGNES,2025-10-12 17:55:00,2725,,TROT_ATTELE,True,14,5,4
20251012-R5-C5,20251012,GRAIGNES,2025-10-12 18:30:00,2700,,TROT_MONTE,True,14,5,5
20251012-R5-C6,20251012,GRAIGNES,2025-10-12 19:02:00,2700,,TROT_ATTELE,True,16,5,6
20251012-R5-C7,20251012,GRAIGNES,2025-10-12 19:34:00,2700,,TROT_MONTE,True,13,5,7
20251012-R5-C8,20251012,GRAIGNES,2025-10-12 20:06:00,2700,,TROT_ATTELE,True,13,5,8
20251012-R7-C6,20251012,GELSENKIRCHEN,2025-10-12 15:30:00,2600,,TROT_ATTELE,True,11,7,6
20251013-R2-C1,20251013,VARIG ORKLA NORVEGE,2025-10-13 11:10:00,1800,,TROT_ATTELE,True,10,2,1
20251013-R2-C2,20251013,VARIG ORKLA NORVEGE,2025-10-13 11:35:00,1800,,TROT_ATTELE,True,10,2,2
20251013-R2-C3,20251013,VARIG ORKLA NORVEGE,2025-10-13 12:07:00,1800,,TROT_ATTELE,True,11,2,3
20251013-R2-C4,20251013,VARIG ORKLA NORVEGE,2025-10-13 12:39:00,1800,,TROT_ATTELE,True,12,2,4
20251013-R2-C5,20251013,VARIG ORKLA NORVEGE,2025-10-13 13:11:00,1800,,TROT_ATTELE,True,12,2,5
20251013-R4-C1,20251013,ENGHIEN,2025-10-13 15:57:00,2875,,TROT_ATTELE,True,8,4,1
20251013-R4-C2,20251013,ENGHIEN,2025-10-13 16:32:00,2875,,TROT_MONTE,True,9,4,2
20251013-R4-C3,20251013,ENGHIEN,2025-10-13 17:07:00,2875,,TROT_ATTELE,True,13,4,3
20251013-R4-C4,20251013,ENGHIEN,2025-10-13 17:42:00,2875,,TROT_ATTELE,True,14,4,4
20251013-R4-C5,20251013,ENGHIEN,2025-10-13 18:20:00,2875,,TROT_ATTELE,True,16,4,5
20251013-R4-C6,20251013,ENGHIEN,2025-10-13 18:55:00,2150,,TROT_ATTELE,True,16,4,6
20251013-R4-C7,20251013,ENGHIEN,2025-10-13 19:25:00,2875,,TROT_ATTELE,True,12,4,7
20251013-R4-C8,20251013,ENGHIEN,2025-10-13 19:55:00,2250,,TROT_MONTE,True,13,4,8
20251014-R2-C1,20251014,SON PARDO,2025-10-14 11:09:00,2650,,TROT_ATTELE,True,9,2,1
20251014-R2-C2,20251014,SON PARDO,2025-10-14 11:35:00,2650,,TROT_ATTELE,True,8,2,2
20251014-R2-C3,20251014,SON PARDO,2025-10-14 12:07:00,2650,,TROT_ATTELE,True,8,2,3
20251014-R2-C4,20251014,SON PARDO,2025-10-14 12:39:00,2150,,TROT_ATTELE,True,8,2,4
20251014-R2-C5,20251014,SON PARDO,2025-10-14 13:11:00,2650,,TROT_ATTELE,True,10,2,5
20251014-R4-C1,20251014,VINCENNES,2025-10-14 16:32:00,2100,,TROT_ATTELE,True,13,4,1
20251014-R4-C2,20251014,VINCENNES,2025-10-14 17:07:00,2700,,TROT_ATTELE,True,15,4,2
20251014-R4-C3,20251014,VINCENNES,2025-10-14 17:42:00,2850,,TROT_ATTELE,True,14,4,3
20251014-R4-C4,20251014,VINCENNES,2025-10-14 18:20:00,2700,,TROT_ATTELE,True,14,4,4
20251014-R4-C5,20251014,VINCENNES,2025-10-14 18:55:00,2700,,TROT_ATTELE,True,13,4,5
20251014-R4-C6,20251014,VINCENNES,2025-10-14 19:32:00,2700,,TROT_MONTE,True,9,4,6
20251014-R4-C7,20251014,VINCENNES,2025-10-14 19:59:00,2875,,TROT_ATTELE,True,17,4,7
20251014-R4-C8,20251014,VINCENNES,2025-10-14 20:31:00,2700,,TROT_MONTE,True,10,4,8
20251014-R5-C1,20251014,MONS (GHLIN),2025-10-14 18:37:00,2300,,TROT_ATTELE,True,12,5,1
20251014-R5-C2,20251014,MONS (GHLIN),2025-10-14 19:13:00,2300,,TROT_ATTELE,True,13,5,2
20251014-R5-C3,20251014,MONS (GHLIN),2025-10-14 19:47:00,2300,,TROT_ATTELE,True,13,5,3
20251014-R5-C4,20251014,MONS (GHLIN),2025-10-14 20:17:00,2300,,TROT_ATTELE,True,10,5,4
20251014-R5-C5,20251014,MONS (GHLIN),2025-10-14 20:50:00,2300,,TROT_ATTELE,True,10,5,5
20251014-R5-C6,20251014,MONS (GHLIN),2025-10-14 21:23:00,2300,,TROT_ATTELE,True,9,5,6
20251014-R5-C7,20251014,MONS (GHLIN),2025-10-14 21:50:00,1750,,TROT_ATTELE,True,9,5,7
20251014-R5-C8,20251014,MONS (GHLIN),2025-10-14 22:25:00,1750,,TROT_ATTELE,True,7,5,8
20251014-R5-C9,20251014,MONS (GHLIN),2025-10-14 22:45:00,2300,,TROT_ATTELE,True,8,5,9
20251015-R1-C1,20251015,FEURS,2025-10-15 13:55:00,2850,,TROT_ATTELE,True,16,1,1
20251015-R1-C2,20251015,FEURS,2025-10-15 14:40:00,2850,,TROT_ATTELE,True,11,1,2
20251015-R1-C3,20251015,FEURS,2025-10-15 15:12:00,2850,,TROT_MONTE,True,9,1,3
20251015-R1-C4,20251015,FEURS,2025-10-15 15:45:00,2100,,TROT_ATTELE,True,16,1,4
20251015-R1-C5,20251015,FEURS,2025-10-15 16:19:00,2225,,TROT_ATTELE,True,12,1,5
20251015-R1-C6,20251015,FEURS,2025-10-15 16:54:00,2100,,TROT_ATTELE,True,13,1,6
20251015-R1-C7,20251015,FEURS,2025-10-15 17:29:00,2850,,TROT_ATTELE,True,14,1,7
20251015-R1-C8,20251015,FEURS,2025-10-15 18:09:00,2100,,TROT_ATTELE,True,11,1,8
20251015-R4-C1,20251015,CABOURG,2025-10-15 16:36:00,2750,,TROT_ATTELE,True,16,4,1
20251015-R4-C2,20251015,CABOURG,2025-10-15 17:11:00,2750,,TROT_ATTELE,True,16,4,2
20251015-R4-C3,20251015,CABOURG,2025-10-15 17:53:00,2750,,TROT_MONTE,True,13,4,3
20251015-R4-C4,20251015,CABOURG,2025-10-15 18:25:00,2725,,TROT_ATTELE,True,14,4,4
20251015-R4-C5,20251015,CABOURG,2025-10-15 18:55:00,2050,,TROT_ATTELE,True,14,4,5
20251015-R4-C6,20251015,CABOURG,2025-10-15 19:28:00,2750,,TROT_MONTE,True,16,4,6
20251015-R4-C7,20251015,CABOURG,2025-10-15 19:55:00,2050,,TROT_ATTELE,True,14,4,7
20251015-R4-C8,20251015,CABOURG,2025-10-15 20:25:00,2750,,TROT_MONTE,True,16,4,8
20251015-R7-C6,20251015,ABY GOTEBORG,2025-10-15 20:41:00,2140,,TROT_ATTELE,True,12,7,6
20251015-R7-C7,20251015,ABY GOTEBORG,2025-10-15 21:03:00,2140,,TROT_ATTELE,True,12,7,7
20251015-R7-C8,20251015,ABY GOTEBORG,2025-10-15 21:26:00,2140,,TROT_ATTELE,True,12,7,8
20251015-R7-C9,20251015,ABY GOTEBORG,2025-10-15 21:51:00,2140,,TROT_ATTELE,True,12,7,9
20251016-R2-C1,20251016,AVENCHES,2025-10-16 11:07:00,2350,,TROT_ATTELE,True,9,2,1
20251016-R2-C2,20251016,AVENCHES,2025-10-16 11:35:00,2400,,TROT_ATTELE,True,9,2,2
20251016-R2-C3,20251016,AVENCHES,2025-10-16 12:07:00,2350,,TROT_ATTELE,True,10,2,3
20251016-R2-C4,20251016,AVENCHES,2025-10-16 12:39:00,2400,,TROT_ATTELE,True,9,2,4
20251016-R2-C5,20251016,AVENCHES,2025-10-16 13:11:00,2350,,TROT_ATTELE,True,10,2,5
20251016-R3-C1,20251016,CHARTRES,2025-10-16 11:53:00,2825,,TROT_ATTELE,True,16,3,1
20251016-R3-C2,20251016,CHARTRES,2025-10-16 12:27:00,2825,,TROT_ATTELE,True,14,3,2
20251016-R3-C3,20251016,CHARTRES,2025-10-16 12:58:00,2800,,TROT_ATTELE,True,12,3,3
20251016-R3-C4,20251016,CHARTRES,2025-10-16 13:29:00,2800,,TROT_MONTE,True,14,3,4
20251016-R3-C5,20251016,CHARTRES,2025-10-16 14:12:00,2800,,TROT_ATTELE,True,16,3,5
20251016-R3-C6,20251016,CHARTRES,2025-10-16 14:50:00,2825,,TROT_ATTELE,True,15,3,6
20251016-R3-C7,20251016,CHARTRES,2025-10-16 15:28:00,2800,,TROT_ATTELE,True,16,3,7
20251016-R3-C8,20251016,CHARTRES,2025-10-16 16:01:00,2825,,TROT_ATTELE,True,16,3,8
20251016-R4-C1,20251016,ENGHIEN,2025-10-16 16:37:00,2875,,TROT_ATTELE,True,14,4,1
20251016-R4-C2,20251016,ENGHIEN,2025-10-16 17:10:00,2150,,TROT_ATTELE,True,16,4,2
20251016-R4-C3,20251016,ENGHIEN,2025-10-16 17:44:00,2150,,TROT_ATTELE,True,12,4,3
20251016-R4-C4,20251016,ENGHIEN,2025-10-16 18:16:00,2875,,TROT_MONTE,True,11,4,4
20251016-R4-C5,20251016,ENGHIEN,2025-10-16 18:51:00,2150,,TROT_ATTELE,True,16,4,5
20251016-R4-C6,20251016,ENGHIEN,2025-10-16 19:17:00,2875,,TROT_ATTELE,True,8,4,6
20251016-R4-C7,20251016,ENGHIEN,2025-10-16 19:45:00,2250,,TROT_MONTE,True,10,4,7
20251016-R4-C8,20251016,ENGHIEN,2025-10-16 20:15:00,2150,,TROT_ATTELE,True,16,4,8
20251017-R1-C1,20251017,VINCENNES,2025-10-17 18:24:00,2850,,TROT_ATTELE,True,14,1,1
20251017-R1-C2,20251017,VINCENNES,2025-10-17 18:58:00,2700,,TROT_ATTELE,True,16,1,2
20251017-R1-C3,20251017,VINCENNES,2025-10-17 19:35:00,2850,,TROT_ATTELE,True,13,1,3
20251017-R1-C4,20251017,VINCENNES,2025-10-17 20:15:00,2700,,TROT_ATTELE,True,14,1,4
20251017-R1-C5,20251017,VINCENNES,2025-10-17 20:43:00,2700,,TROT_ATTELE,True,13,1,5
20251017-R1-C6,20251017,VINCENNES,2025-10-17 21:11:00,2700,,TROT_MONTE,True,10,1,6
20251017-R1-C7,20251017,VINCENNES,2025-10-17 22:03:00,2200,,TROT_ATTELE,True,11,1,7
20251017-R1-C8,20251017,VINCENNES,2025-10-17 22:28:00,2200,,TROT_ATTELE,True,8,1,8
20251017-R2-C1,20251017,BORELY,2025-10-17 11:14:00,3000,,TROT_ATTELE,True,14,2,1
20251017-R2-C2,20251017,BORELY,2025-10-17 11:46:00,3000,,TROT_ATTELE,True,13,2,2
20251017-R2-C3,20251017,BORELY,2025-10-17 12:18:00,3000,,TROT_ATTELE,True,14,2,3
20251017-R2-C4,20251017,BORELY,2025-10-17 12:51:00,3000,,TROT_ATTELE,True,12,2,4
20251017-R2-C5,20251017,BORELY,2025-10-17 13:25:00,3000,,TROT_ATTELE,True,12,2,5
20251017-R2-C6,20251017,BORELY,2025-10-17 14:00:00,3000,,TROT_ATTELE,True,18,2,6
20251017-R2-C7,20251017,BORELY,2025-10-17 14:35:00,2300,,TROT_ATTELE,True,9,2,7
20251017-R2-C8,20251017,BORELY,2025-10-17 15:12:00,2300,,TROT_ATTELE,True,12,2,8
20251017-R6-C1,20251017,LA CEPIERE,2025-10-17 18:30:00,2150,,TROT_ATTELE,True,16,6,1
20251017-R6-C2,20251017,LA CEPIERE,2025-10-17 19:00:00,2950,,TROT_MONTE,True,15,6,2
20251017-R6-C3,20251017,LA CEPIERE,2025-10-17 19:30:00,2150,,TROT_ATTELE,True,16,6,3
20251017-R6-C4,20251017,LA CEPIERE,2025-10-17 20:00:00,2150,,TROT_ATTELE,True,16,6,4
20251017-R6-C5,20251017,LA CEPIERE,2025-10-17 20:30:00,2750,,TROT_ATTELE,True,12,6,5
20251017-R6-C6,20251017,LA CEPIERE,2025-10-17 21:00:00,2750,,TROT_ATTELE,True,12,6,6
20251017-R6-C7,20251017,LA CEPIERE,2025-10-17 21:30:00,2750,,TROT_ATTELE,True,16,6,7
20251017-R6-C8,20251017,LA CEPIERE,2025-10-17 22:00:00,2150,,TROT_ATTELE,True,13,6,8
20251017-R6-C9,20251017,LA CEPIERE,2025-10-17 22:30:00,2950,,TROT_ATTELE,True,9,6,9
20251018-R4-C1,20251018,ENGHIEN,2025-10-18 16:12:00,2150,,TROT_ATTELE,True,12,4,1
20251018-R4-C2,20251018,ENGHIEN,2025-10-18 16:57:00,2150,,TROT_ATTELE,True,16,4,2
20251018-R4-C3,20251018,ENGHIEN,2025-10-18 17:43:00,2150,,TROT_ATTELE,True,13,4,3
20251018-R4-C4,20251018,ENGHIEN,2025-10-18 18:18:00,2250,,TROT_MONTE,True,11,4,4
20251018-R4-C5,20251018,ENGHIEN,2025-10-18 18:48:00,2875,,TROT_ATTELE,True,16,4,5
20251018-R4-C6,20251018,ENGHIEN,2025-10-18 19:17:00,2875,,TROT_MONTE,True,9,4,6
20251018-R4-C7,20251018,ENGHIEN,2025-10-18 19:49:00,2150,,TROT_ATTELE,True,13,4,7
20251018-R4-C8,20251018,ENGHIEN,2025-10-18 20:20:00,2150,,TROT_ATTELE,True,10,4,8
20251018-R5-C2,20251018,WOLVEGA,2025-10-18 18:33:00,1609,,TROT_ATTELE,True,13,5,2
20251018-R5-C3,20251018,WOLVEGA,2025-10-18 19:03:00,2100,,TROT_ATTELE,True,10,5,3
20251018-R5-C4,20251018,WOLVEGA,2025-10-18 19:34:00,1609,,TROT_ATTELE,True,10,5,4
20251018-R5-C5,20251018,WOLVEGA,2025-10-18 20:05:00,2600,,TROT_ATTELE,True,9,5,5
20251018-R5-C6,20251018,WOLVEGA,2025-10-18 20:35:00,2100,,TROT_ATTELE,True,7,5,6
20251018-R5-C7,20251018,WOLVEGA,2025-10-18 20:57:00,2100,,TROT_ATTELE,True,8,5,7
20251018-R5-C8,20251018,WOLVEGA,2025-10-18 21:20:00,2100,,TROT_ATTELE,True,8,5,8
20251019-R4-C1,20251019,CAEN,2025-10-19 11:30:00,2450,,TROT_ATTELE,True,11,4,1
20251019-R4-C2,20251019,CAEN,2025-10-19 12:00:00,2450,,TROT_ATTELE,True,12,4,2
20251019-R4-C3,20251019,CAEN,2025-10-19 12:32:00,2450,,TROT_MONTE,True,13,4,3
20251019-R4-C4,20251019,CAEN,2025-10-19 13:03:00,2200,,TROT_ATTELE,True,13,4,4
20251019-R4-C5,20251019,CAEN,2025-10-19 13:42:00,2450,,TROT_ATTELE,True,16,4,5
20251019-R4-C6,20251019,CAEN,2025-10-19 14:17:00,2200,,TROT_ATTELE,True,18,4,6
20251019-R4-C7,20251019,CAEN,2025-10-19 14:50:00,2450,,TROT_MONTE,True,11,4,7
20251019-R4-C8,20251019,CAEN,2025-10-19 15:32:00,2200,,TROT_ATTELE,True,13,4,8
20251019-R5-C1,20251019,REIMS,2025-10-19 16:07:00,2550,,TROT_ATTELE,True,16,5,1
20251019-R5-C2,20251019,REIMS,2025-10-19 16:43:00,2500,,TROT_ATTELE,True,14,5,2
20251019-R5-C3,20251019,REIMS,2025-10-19 17:17:00,2550,,TROT_ATTELE,True,9,5,3
20251019-R5-C4,20251019,REIMS,2025-10-19 17:52:00,2550,,TROT_ATTELE,True,16,5,4
20251019-R5-C5,20251019,REIMS,2025-10-19 18:27:00,2500,,TROT_ATTELE,True,14,5,5
20251019-R5-C6,20251019,REIMS,2025-10-19 19:02:00,2500,,TROT_ATTELE,True,14,5,6
20251019-R5-C7,20251019,REIMS,2025-10-19 19:36:00,2550,,TROT_ATTELE,True,12,5,7
20251019-R5-C8,20251019,REIMS,2025-10-19 20:06:00,2550,,TROT_ATTELE,True,12,5,8
20251020-R4-C1,20251020,LES SABLES D OLONNE,2025-10-20 16:32:00,2775,,TROT_ATTELE,True,12,4,1
20251020-R4-C2,20251020,LES SABLES D OLONNE,2025-10-20 17:08:00,2750,,TROT_ATTELE,True,18,4,2
20251020-R4-C3,20251020,LES SABLES D OLONNE,2025-10-20 17:42:00,2750,,TROT_ATTELE,True,18,4,3
20251020-R4-C4,20251020,LES SABLES D OLONNE,2025-10-20 18:20:00,2775,,TROT_ATTELE,True,18,4,4
20251020-R4-C5,20251020,LES SABLES D OLONNE,2025-10-20 18:55:00,2775,,TROT_ATTELE,True,18,4,5
20251020-R4-C6,20251020,LES SABLES D OLONNE,2025-10-20 19:27:00,2775,,TROT_ATTELE,True,18,4,6
20251020-R4-C7,20251020,LES SABLES D OLONNE,2025-10-20 19:59:00,2775,,TROT_MONTE,True,11,4,7
20251020-R4-C8,20251020,LES SABLES D OLONNE,2025-10-20 20:31:00,2775,,TROT_ATTELE,True,18,4,8
20251021-R2-C1,20251021,SON PARDO,2025-10-21 11:07:00,2650,,TROT_ATTELE,True,8,2,1
20251021-R2-C2,20251021,SON PARDO,2025-10-21 11:35:00,2650,,TROT_ATTELE,True,13,2,2
20251021-R2-C3,20251021,SON PARDO,2025-10-21 12:07:00,2150,,TROT_ATTELE,True,9,2,3
20251021-R2-C4,20251021,SON PARDO,2025-10-21 12:41:00,2150,,TROT_ATTELE,True,12,2,4
20251021-R2-C5,20251021,SON PARDO,2025-10-21 13:13:00,2150,,TROT_ATTELE,True,14,2,5
20251021-R4-C1,20251021,VINCENNES,2025-10-21 17:07:00,2175,,TROT_MONTE,True,11,4,1
20251021-R4-C2,20251021,VINCENNES,2025-10-21 17:43:00,2175,,TROT_ATTELE,True,11,4,2
20251021-R4-C3,20251021,VINCENNES,2025-10-21 18:25:00,2850,,TROT_MONTE,True,10,4,3
20251021-R4-C4,20251021,VINCENNES,2025-10-21 18:58:00,2175,,TROT_ATTELE,True,16,4,4
20251021-R4-C5,20251021,VINCENNES,2025-10-21 19:34:00,2850,,TROT_ATTELE,True,15,4,5
20251021-R4-C6,20251021,VINCENNES,2025-10-21 20:05:00,2700,,TROT_MONTE,True,14,4,6
20251021-R4-C7,20251021,VINCENNES,2025-10-21 20:37:00,2850,,TROT_ATTELE,True,15,4,7
20251021-R4-C8,20251021,VINCENNES,2025-10-21 21:07:00,2850,,TROT_ATTELE,True,15,4,8
20251021-R5-C1,20251021,MONS (GHLIN),2025-10-21 18:41:00,2300,,TROT_ATTELE,True,14,5,1
20251021-R5-C2,20251021,MONS (GHLIN),2025-10-21 19:18:00,2300,,TROT_ATTELE,True,14,5,2
20251021-R5-C3,20251021,MONS (GHLIN),2025-10-21 19:49:00,2300,,TROT_ATTELE,True,16,5,3
20251021-R5-C4,20251021,MONS (GHLIN),2025-10-21 20:21:00,2300,,TROT_ATTELE,True,9,5,4
20251021-R5-C5,20251021,MONS (GHLIN),2025-10-21 20:53:00,2300,,TROT_ATTELE,True,10,5,5
20251021-R5-C6,20251021,MONS (GHLIN),2025-10-21 21:30:00,2300,,TROT_ATTELE,True,16,5,6
20251021-R5-C7,20251021,MONS (GHLIN),2025-10-21 21:56:00,2300,,TROT_ATTELE,True,8,5,7
20251022-R1-C1,20251022,BEAUMONT DE LOMAGNE,2025-10-22 13:55:00,2400,,TROT_ATTELE,True,14,1,1
20251022-R1-C2,20251022,BEAUMONT DE LOMAGNE,2025-10-22 14:30:00,2550,,TROT_ATTELE,True,12,1,2
20251022-R1-C3,20251022,BEAUMONT DE LOMAGNE,2025-10-22 15:05:00,2550,,TROT_MONTE,True,12,1,3
20251022-R1-C4,20251022,BEAUMONT DE LOMAGNE,2025-10-22 15:40:00,2550,,TROT_ATTELE,True,11,1,4
20251022-R1-C5,20251022,BEAUMONT DE LOMAGNE,2025-10-22 16:15:00,2400,,TROT_ATTELE,True,10,1,5
20251022-R1-C6,20251022,BEAUMONT DE LOMAGNE,2025-10-22 16:51:00,2550,,TROT_ATTELE,True,14,1,6
20251022-R1-C7,20251022,BEAUMONT DE LOMAGNE,2025-10-22 17:26:00,2550,,TROT_ATTELE,True,13,1,7
20251022-R1-C8,20251022,BEAUMONT DE LOMAGNE,2025-10-22 18:00:00,2400,,TROT_ATTELE,True,11,1,8
20251022-R2-C1,20251022,GELSENKIRCHEN,2025-10-22 11:07:00,2000,,TROT_ATTELE,True,9,2,1
20251022-R2-C2,20251022,GELSENKIRCHEN,2025-10-22 11:35:00,2000,,TROT_ATTELE,True,9,2,2
20251022-R2-C3,20251022,GELSENKIRCHEN,2025-10-22 12:07:00,2000,,TROT_ATTELE,True,11,2,3
20251022-R2-C4,20251022,GELSENKIRCHEN,2025-10-22 12:39:00,2000,,TROT_ATTELE,True,10,2,4
20251022-R2-C5,20251022,GELSENKIRCHEN,2025-10-22 13:11:00,2000,,TROT_ATTELE,True,12,2,5
20251022-R7-C8,20251022,SOLVALLA,2025-10-22 21:03:00,1640,,TROT_ATTELE,True,12,7,8
20251022-R7-C9,20251022,SOLVALLA,2025-10-22 21:26:00,2140,,TROT_ATTELE,True,12,7,9
20251022-R7-C10,20251022,SOLVALLA,2025-10-22 21:51:00,2140,,TROT_ATTELE,True,12,7,10
20251023-R2-C1,20251023,AVENCHES,2025-10-23 11:07:00,3000,,TROT_ATTELE,True,7,2,1
20251023-R2-C2,20251023,AVENCHES,2025-10-23 11:35:00,3000,,TROT_ATTELE,True,7,2,2
20251023-R2-C3,20251023,AVENCHES,2025-10-23 12:07:00,3000,,TROT_ATTELE,True,10,2,3
20251023-R2-C4,20251023,AVENCHES,2025-10-23 12:39:00,3000,,TROT_ATTELE,True,10,2,4
20251023-R2-C5,20251023,AVENCHES,2025-10-23 13:11:00,3000,,TROT_ATTELE,True,11,2,5
20251023-R3-C1,20251023,CABOURG,2025-10-23 11:51:00,2050,,TROT_ATTELE,True,11,3,1
20251023-R3-C2,20251023,CABOURG,2025-10-23 12:23:00,2050,,TROT_ATTELE,True,13,3,2
20251023-R3-C3,20251023,CABOURG,2025-10-23 12:55:00,2725,,TROT_ATTELE,True,14,3,3
20251023-R3-C4,20251023,CABOURG,2025-10-23 13:27:00,2750,,TROT_MONTE,True,18,3,4
20251023-R3-C5,20251023,CABOURG,2025-10-23 14:12:00,2750,,TROT_ATTELE,True,16,3,5
20251023-R3-C6,20251023,CABOURG,2025-10-23 14:49:00,2750,,TROT_MONTE,True,12,3,6
20251023-R3-C7,20251023,CABOURG,2025-10-23 15:26:00,2750,,TROT_ATTELE,True,14,3,7
20251023-R3-C8,20251023,CABOURG,2025-10-23 16:00:00,2750,,TROT_ATTELE,True,16,3,8
20251024-R1-C1,20251024,VINCENNES,2025-10-24 18:23:00,2100,,TROT_ATTELE,True,16,1,1
20251024-R1-C2,20251024,VINCENNES,2025-10-24 18:58:00,2700,,TROT_ATTELE,True,11,1,2
20251024-R1-C3,20251024,VINCENNES,2025-10-24 19:33:00,2100,,TROT_ATTELE,True,16,1,3
20251024-R1-C4,20251024,VINCENNES,2025-10-24 20:15:00,2850,,TROT_ATTELE,True,16,1,4
20251024-R1-C5,20251024,VINCENNES,2025-10-24 20:43:00,2100,,TROT_ATTELE,True,16,1,5
20251024-R1-C6,20251024,VINCENNES,2025-10-24 21:11:00,2175,,TROT_ATTELE,True,11,1,6
20251024-R1-C7,20251024,VINCENNES,2025-10-24 21:39:00,2175,,TROT_ATTELE,True,8,1,7
20251024-R1-C8,20251024,VINCENNES,2025-10-24 22:04:00,2700,,TROT_MONTE,True,11,1,8
20251024-R2-C1,20251024,SON PARDO,2025-10-24 11:08:00,2650,,TROT_ATTELE,True,9,2,1
20251024-R2-C2,20251024,SON PARDO,2025-10-24 11:34:00,2650,,TROT_ATTELE,True,14,2,2
20251024-R2-C3,20251024,SON PARDO,2025-10-24 12:02:00,2150,,TROT_ATTELE,True,11,2,3
20251024-R2-C4,20251024,SON PARDO,2025-10-24 12:36:00,2650,,TROT_ATTELE,True,14,2,4
20251024-R3-C1,20251024,STRASBOURG,2025-10-24 11:49:00,2800,,TROT_ATTELE,True,12,3,1
20251024-R3-C2,20251024,STRASBOURG,2025-10-24 12:18:00,2800,,TROT_MONTE,True,15,3,2
20251024-R3-C3,20251024,STRASBOURG,2025-10-24 13:22:00,2800,,TROT_ATTELE,True,14,3,3
20251024-R3-C4,20251024,STRASBOURG,2025-10-24 13:57:00,2800,,TROT_MONTE,True,9,3,4
20251024-R3-C5,20251024,STRASBOURG,2025-10-24 14:29:00,2800,,TROT_ATTELE,True,13,3,5
20251024-R3-C6,20251024,STRASBOURG,2025-10-24 15:00:00,2800,,TROT_ATTELE,True,14,3,6
20251024-R3-C7,20251024,STRASBOURG,2025-10-24 15:31:00,2800,,TROT_ATTELE,True,16,3,7
20251024-R3-C8,20251024,STRASBOURG,2025-10-24 16:01:00,2800,,TROT_ATTELE,True,10,3,8
20251025-R3-C1,20251025,SALON DE PROVENCE,2025-10-25 12:02:00,2200,,TROT_ATTELE,True,13,3,1
20251025-R3-C2,20251025,SALON DE PROVENCE,2025-10-25 12:34:00,2200,,TROT_ATTELE,True,12,3,2
20251025-R3-C3,20251025,SALON DE PROVENCE,2025-10-25 13:06:00,2200,,TROT_ATTELE,True,15,3,3
20251025-R3-C4,20251025,SALON DE PROVENCE,2025-10-25 13:38:00,2200,,TROT_ATTELE,True,12,3,4
20251025-R3-C5,20251025,SALON DE PROVENCE,2025-10-25 14:16:00,2200,,TROT_ATTELE,True,16,3,5
20251025-R3-C6,20251025,SALON DE PROVENCE,2025-10-25 14:50:00,2200,,TROT_ATTELE,True,13,3,6
20251025-R3-C7,20251025,SALON DE PROVENCE,2025-10-25 15:30:00,2200,,TROT_ATTELE,True,13,3,7
20251025-R3-C8,20251025,SALON DE PROVENCE,2025-10-25 16:02:00,2200,,TROT_ATTELE,True,14,3,8
20251025-R4-C1,20251025,CABOURG,2025-10-25 16:08:00,2750,,TROT_ATTELE,True,16,4,1
20251025-R4-C2,20251025,CABOURG,2025-10-25 16:42:00,2750,,TROT_ATTELE,True,16,4,2
20251025-R4-C3,20251025,CABOURG,2025-10-25 17:22:00,2725,,TROT_ATTELE,True,14,4,3
20251025-R4-C4,20251025,CABOURG,2025-10-25 17:55:00,2750,,TROT_MONTE,True,18,4,4
20251025-R4-C5,20251025,CABOURG,2025-10-25 18:29:00,2725,,TROT_ATTELE,True,14,4,5
20251025-R4-C6,20251025,CABOURG,2025-10-25 19:04:00,2750,,TROT_MONTE,True,15,4,6
20251025-R4-C7,20251025,CABOURG,2025-10-25 19:36:00,2750,,TROT_ATTELE,True,14,4,7
20251025-R4-C8,20251025,CABOURG,2025-10-25 20:08:00,2750,,TROT_MONTE,True,16,4,8
20251025-R5-C1,20251025,MONS (GHLIN),2025-10-25 18:45:00,2300,,TROT_ATTELE,True,13,5,1
20251025-R5-C2,20251025,MONS (GHLIN),2025-10-25 19:20:00,2300,,TROT_ATTELE,True,13,5,2
20251025-R5-C3,20251025,MONS (GHLIN),2025-10-25 19:52:00,2300,,TROT_ATTELE,True,11,5,3
20251025-R5-C4,20251025,MONS (GHLIN),2025-10-25 20:25:00,2300,,TROT_ATTELE,True,11,5,4
20251025-R5-C5,20251025,MONS (GHLIN),2025-10-25 21:00:00,2840,,TROT_ATTELE,True,9,5,5
20251025-R5-C6,20251025,MONS (GHLIN),2025-10-25 21:30:00,2300,,TROT_ATTELE,True,9,5,6
20251025-R5-C7,20251025,MONS (GHLIN),2025-10-25 22:00:00,2300,,TROT_ATTELE,True,9,5,7
20251025-R5-C8,20251025,MONS (GHLIN),2025-10-25 22:31:00,2840,,TROT_ATTELE,True,10,5,8
20251026-R4-C1,20251026,SALON DE PROVENCE,2025-10-26 11:12:00,2200,,TROT_ATTELE,True,11,4,1
20251026-R4-C2,20251026,SALON DE PROVENCE,2025-10-26 11:41:00,2200,,TROT_ATTELE,True,15,4,2
20251026-R4-C3,20251026,SALON DE PROVENCE,2025-10-26 12:12:00,2200,,TROT_ATTELE,True,13,4,3
20251026-R4-C4,20251026,SALON DE PROVENCE,2025-10-26 12:47:00,3000,,TROT_ATTELE,True,13,4,4
20251026-R4-C5,20251026,SALON DE PROVENCE,2025-10-26 13:18:00,3000,,TROT_ATTELE,True,17,4,5
20251026-R4-C6,20251026,SALON DE PROVENCE,2025-10-26 13:50:00,3000,,TROT_ATTELE,True,16,4,6
20251026-R4-C7,20251026,SALON DE PROVENCE,2025-10-26 14:22:00,3000,,TROT_ATTELE,True,13,4,7
20251026-R4-C8,20251026,SALON DE PROVENCE,2025-10-26 14:55:00,2200,,TROT_ATTELE,True,10,4,8
20251026-R5-C1,20251026,ENGHIEN,2025-10-26 15:35:00,2875,,TROT_MONTE,True,11,5,1
20251026-R5-C2,20251026,ENGHIEN,2025-10-26 16:10:00,2875,,TROT_ATTELE,True,10,5,2
20251026-R5-C3,20251026,ENGHIEN,2025-10-26 16:46:00,2875,,TROT_ATTELE,True,15,5,3
20251026-R5-C4,20251026,ENGHIEN,2025-10-26 17:21:00,2875,,TROT_ATTELE,True,16,5,4
20251026-R5-C5,20251026,ENGHIEN,2025-10-26 17:54:00,2875,,TROT_ATTELE,True,16,5,5
20251026-R5-C6,20251026,ENGHIEN,2025-10-26 18:25:00,2150,,TROT_ATTELE,True,11,5,6
20251026-R5-C7,20251026,ENGHIEN,2025-10-26 18:58:00,2150,,TROT_ATTELE,True,10,5,7
20251026-R5-C8,20251026,ENGHIEN,2025-10-26 19:30:00,2875,,TROT_MONTE,True,12,5,8
20251026-R6-C3,20251026,WOLVEGA,2025-10-26 17:39:00,2100,,TROT_ATTELE,True,12,6,3
20251026-R6-C4,20251026,WOLVEGA,2025-10-26 18:10:00,2100,,TROT_ATTELE,True,14,6,4
20251026-R6-C5,20251026,WOLVEGA,2025-10-26 18:42:00,2100,,TROT_ATTELE,True,12,6,5
20251026-R6-C6,20251026,WOLVEGA,2025-10-26 19:13:00,2100,,TROT_ATTELE,True,9,6,6
20251026-R6-C7,20251026,WOLVEGA,2025-10-26 19:46:00,2100,,TROT_MONTE,True,9,6,7
20251026-R11-C1,20251026,NANTES,2025-10-26 12:30:00,2275,,TROT_ATTELE,True,13,11,1
20251026-R11-C2,20251026,NANTES,2025-10-26 13:03:00,2275,,TROT_ATTELE,True,13,11,2
20251026-R11-C3,20251026,NANTES,2025-10-26 13:32:00,2275,,TROT_ATTELE,True,13,11,3
20251026-R11-C4,20251026,NANTES,2025-10-26 14:04:00,2275,,TROT_ATTELE,True,13,11,4
20251026-R11-C5,20251026,NANTES,2025-10-26 14:32:00,2275,,TROT_ATTELE,True,12,11,5
20251026-R11-C6,20251026,NANTES,2025-10-26 15:00:00,2275,,TROT_ATTELE,True,13,11,6
20251026-R11-C7,20251026,NANTES,2025-10-26 15:33:00,3000,,TROT_ATTELE,True,16,11,7
20251026-R11-C8,20251026,NANTES,2025-10-26 16:02:00,3000,,TROT_ATTELE,True,13,11,8
20251026-R11-C9,20251026,NANTES,2025-10-26 16:32:00,3000,,TROT_ATTELE,True,16,11,9
20251027-R2-C1,20251027,LYON-PARILLY,2025-10-27 11:42:00,2600,,TROT_ATTELE,True,16,2,1
20251027-R2-C2,20251027,LYON-PARILLY,2025-10-27 12:17:00,2850,,TROT_MONTE,True,15,2,2
20251027-R2-C3,20251027,LYON-PARILLY,2025-10-27 12:52:00,2850,,TROT_ATTELE,True,16,2,3
20251027-R2-C4,20251027,LYON-PARILLY,2025-10-27 13:32:00,2600,,TROT_ATTELE,True,16,2,4
20251027-R2-C5,20251027,LYON-PARILLY,2025-10-27 14:16:00,2600,,TROT_ATTELE,True,16,2,5
20251027-R2-C6,20251027,LYON-PARILLY,2025-10-27 14:51:00,2850,,TROT_ATTELE,True,16,2,6
20251027-R2-C7,20251027,LYON-PARILLY,2025-10-27 15:23:00,2600,,TROT_ATTELE,True,16,2,7
20251027-R2-C8,20251027,LYON-PARILLY,2025-10-27 15:57:00,2850,,TROT_ATTELE,True,13,2,8
20251027-R4-C1,20251027,LE CROISE LAROCHE,2025-10-27 16:53:00,2825,,TROT_ATTELE,True,16,4,1
20251027-R4-C2,20251027,LE CROISE LAROCHE,2025-10-27 17:28:00,2700,,TROT_ATTELE,True,16,4,2
20251027-R4-C3,20251027,LE CROISE LAROCHE,2025-10-27 18:02:00,2800,,TROT_ATTELE,True,16,4,3
20251027-R4-C4,20251027,LE CROISE LAROCHE,2025-10-27 18:37:00,2825,,TROT_ATTELE,True,16,4,4
20251027-R4-C5,20251027,LE CROISE LAROCHE,2025-10-27 19:11:00,2700,,TROT_ATTELE,True,14,4,5
20251027-R4-C6,20251027,LE CROISE LAROCHE,2025-10-27 19:43:00,2700,,TROT_ATTELE,True,16,4,6
20251027-R4-C7,20251027,LE CROISE LAROCHE,2025-10-27 20:17:00,2700,,TROT_ATTELE,True,16,4,7
20251027-R4-C8,20251027,LE CROISE LAROCHE,2025-10-27 20:52:00,2825,,TROT_ATTELE,True,10,4,8
20251028-R3-C1,20251028,VINCENNES,2025-10-28 16:34:00,2700,,TROT_MONTE,True,13,3,1
20251028-R3-C2,20251028,VINCENNES,2025-10-28 17:10:00,2850,,TROT_ATTELE,True,18,3,2
20251028-R3-C3,20251028,VINCENNES,2025-10-28 17:45:00,2700,,TROT_ATTELE,True,18,3,3
20251028-R3-C4,20251028,VINCENNES,2025-10-28 18:15:00,2100,,TROT_ATTELE,True,18,3,4
20251028-R3-C5,20251028,VINCENNES,2025-10-28 18:47:00,2700,,TROT_MONTE,True,10,3,5
20251028-R3-C6,20251028,VINCENNES,2025-10-28 19:15:00,2100,,TROT_ATTELE,True,14,3,6
20251028-R3-C7,20251028,VINCENNES,2025-10-28 19:47:00,2850,,TROT_ATTELE,True,17,3,7
20251028-R3-C8,20251028,VINCENNES,2025-10-28 20:15:00,2200,,TROT_ATTELE,True,11,3,8
20251029-R3-C1,20251029,PONT DE VIVAUX,2025-10-29 16:35:00,2650,,TROT_ATTELE,True,16,3,1
20251029-R3-C2,20251029,PONT DE VIVAUX,2025-10-29 17:12:00,2650,,TROT_ATTELE,True,15,3,2
20251029-R3-C3,20251029,PONT DE VIVAUX,2025-10-29 17:48:00,2650,,TROT_ATTELE,True,16,3,3
20251029-R3-C4,20251029,PONT DE VIVAUX,2025-10-29 18:23:00,2650,,TROT_ATTELE,True,14,3,4
20251029-R3-C5,20251029,PONT DE VIVAUX,2025-10-29 18:58:00,2650,,TROT_ATTELE,True,13,3,5
20251029-R3-C6,20251029,PONT DE VIVAUX,2025-10-29 19:32:00,2650,,TROT_ATTELE,True,9,3,6
20251029-R3-C7,20251029,PONT DE VIVAUX,2025-10-29 20:04:00,2650,,TROT_MONTE,True,10,3,7
20251029-R3-C8,20251029,PONT DE VIVAUX,2025-10-29 20:36:00,2650,,TROT_ATTELE,True,11,3,8
20251029-R5-C7,20251029,SOLVALLA,2025-10-29 20:41:00,2140,,TROT_ATTELE,True,12,5,7
20251029-R5-C8,20251029,SOLVALLA,2025-10-29 21:03:00,2140,,TROT_ATTELE,True,10,5,8
20251029-R5-C9,20251029,SOLVALLA,2025-10-29 21:26:00,2640,,TROT_ATTELE,True,12,5,9
20251029-R5-C10,20251029,SOLVALLA,2025-10-29 21:51:00,2140,,TROT_ATTELE,True,12,5,10
20251030-R1-C1,20251030,VINCENNES,2025-10-30 13:57:00,2700,,TROT_ATTELE,True,15,1,1
20251030-R1-C2,20251030,VINCENNES,2025-10-30 14:34:00,2100,,TROT_ATTELE,True,15,1,2
20251030-R1-C3,20251030,VINCENNES,2025-10-30 15:11:00,2700,,TROT_ATTELE,True,15,1,3
20251030-R1-C4,20251030,VINCENNES,2025-10-30 15:46:00,2700,,TROT_ATTELE,True,10,1,4
20251030-R1-C5,20251030,VINCENNES,2025-10-30 16:21:00,2700,,TROT_ATTELE,True,16,1,5
20251030-R1-C6,20251030,VINCENNES,2025-10-30 16:53:00,2850,,TROT_MONTE,True,12,1,6
20251030-R1-C7,20251030,VINCENNES,2025-10-30 17:31:00,2700,,TROT_ATTELE,True,16,1,7
20251030-R1-C8,20251030,VINCENNES,2025-10-30 18:03:00,2850,,TROT_ATTELE,True,12,1,8
20251030-R4-C1,20251030,GRAIGNES,2025-10-30 16:36:00,2725,,TROT_ATTELE,True,14,4,1
20251030-R4-C2,20251030,GRAIGNES,2025-10-30 17:10:00,2725,,TROT_ATTELE,True,14,4,2
20251030-R4-C3,20251030,GRAIGNES,2025-10-30 17:47:00,2725,,TROT_ATTELE,True,14,4,3
20251030-R4-C4,20251030,GRAIGNES,2025-10-30 18:20:00,2725,,TROT_ATTELE,True,14,4,4
20251030-R4-C5,20251030,GRAIGNES,2025-10-30 18:55:00,2700,,TROT_MONTE,True,15,4,5
20251030-R4-C6,20251030,GRAIGNES,2025-10-30 19:27:00,2700,,TROT_ATTELE,True,10,4,6
20251030-R4-C7,20251030,GRAIGNES,2025-10-30 20:01:00,2700,,TROT_MONTE,True,16,4,7
20251030-R4-C8,20251030,GRAIGNES,2025-10-30 20:33:00,2700,,TROT_ATTELE,True,12,4,8
20251031-R1-C1,20251031,VINCENNES,2025-10-31 17:45:00,2700,,TROT_ATTELE,True,16,1,1
20251031-R1-C2,20251031,VINCENNES,2025-10-31 18:23:00,2700,,TROT_ATTELE,True,16,1,2
20251031-R1-C3,20251031,VINCENNES,2025-10-31 18:58:00,2700,,TROT_ATTELE,True,16,1,3
20251031-R1-C4,20251031,VINCENNES,2025-10-31 19:35:00,2700,,TROT_MONTE,True,13,1,4
20251031-R1-C5,20251031,VINCENNES,2025-10-31 20:15:00,2100,,TROT_ATTELE,True,14,1,5
20251031-R1-C6,20251031,VINCENNES,2025-10-31 20:43:00,2700,,TROT_ATTELE,True,15,1,6
20251031-R1-C7,20251031,VINCENNES,2025-10-31 21:13:00,2700,,TROT_MONTE,True,12,1,7
20251031-R1-C8,20251031,VINCENNES,2025-10-31 21:47:00,2200,,TROT_ATTELE,True,11,1,8
20251031-R5-C1,20251031,LA CEPIERE,2025-10-31 15:41:00,2950,,TROT_MONTE,True,18,5,1
20251031-R5-C2,20251031,LA CEPIERE,2025-10-31 16:15:00,2150,,TROT_ATTELE,True,16,5,2
20251031-R5-C3,20251031,LA CEPIERE,2025-10-31 16:49:00,2750,,TROT_ATTELE,True,15,5,3
20251031-R5-C4,20251031,LA CEPIERE,2025-10-31 17:24:00,2750,,TROT_ATTELE,True,16,5,4
20251031-R5-C5,20251031,LA CEPIERE,2025-10-31 18:03:00,2150,,TROT_ATTELE,True,16,5,5
20251031-R5-C6,20251031,LA CEPIERE,2025-10-31 18:40:00,2750,,TROT_ATTELE,True,16,5,6
20251031-R5-C7,20251031,LA CEPIERE,2025-10-31 19:15:00,2750,,TROT_ATTELE,True,16,5,7
20251031-R5-C8,20251031,LA CEPIERE,2025-10-31 19:51:00,2750,,TROT_ATTELE,True,14,5,8
20251031-R8-C1,20251031,PORNICHET,2025-10-31 16:00:00,2725,,TROT_MONTE,True,16,8,1
20251031-R8-C2,20251031,PORNICHET,2025-10-31 16:30:00,2725,,TROT_ATTELE,True,12,8,2
20251031-R8-C3,20251031,PORNICHET,2025-10-31 17:00:00,2725,,TROT_ATTELE,True,12,8,3
20251031-R8-C4,20251031,PORNICHET,2025-10-31 17:32:00,2725,,TROT_MONTE,True,14,8,4
20251031-R8-C5,20251031,PORNICHET,2025-10-31 18:03:00,2725,,TROT_ATTELE,True,14,8,5
20251031-R8-C6,20251031,PORNICHET,2025-10-31 18:33:00,2725,,TROT_MONTE,True,13,8,6
20251031-R8-C7,20251031,PORNICHET,2025-10-31 19:02:00,2725,,TROT_ATTELE,True,14,8,7
20251031-R8-C8,20251031,PORNICHET,2025-10-31 19:35:00,2725,,TROT_ATTELE,True,14,8,8
20251031-R8-C9,20251031,PORNICHET,2025-10-31 20:02:00,2725,,TROT_ATTELE,True,16,8,9
20251101-R1-C1,20251101,LAVAL,2025-11-01 13:23:00,2850,,TROT_ATTELE,True,18,1,1
20251101-R1-C2,20251101,LAVAL,2025-11-01 14:00:00,2850,,TROT_ATTELE,True,14,1,2
20251101-R1-C3,20251101,LAVAL,2025-11-01 14:33:00,2850,,TROT_ATTELE,True,12,1,3
20251101-R1-C4,20251101,LAVAL,2025-11-01 15:15:00,2850,,TROT_ATTELE,True,16,1,4
20251101-R1-C5,20251101,LAVAL,2025-11-01 15:50:00,2850,,TROT_ATTELE,True,13,1,5
20251101-R1-C6,20251101,LAVAL,2025-11-01 16:25:00,2850,,TROT_MONTE,True,8,1,6
20251101-R1-C7,20251101,LAVAL,2025-11-01 17:02:00,2850,,TROT_ATTELE,True,16,1,7
20251101-R1-C8,20251101,LAVAL,2025-11-01 17:36:00,2850,,TROT_ATTELE,True,16,1,8
20251101-R1-C9,20251101,LAVAL,2025-11-01 18:10:00,2850,,TROT_ATTELE,True,16,1,9
20251101-R6-C2,20251101,WOLVEGA,2025-11-01 18:50:00,1609,,TROT_ATTELE,True,10,6,2
20251101-R6-C3,20251101,WOLVEGA,2025-11-01 19:25:00,2100,,TROT_ATTELE,True,9,6,3
20251101-R6-C4,20251101,WOLVEGA,2025-11-01 19:49:00,2100,,TROT_ATTELE,True,6,6,4
20251101-R6-C5,20251101,WOLVEGA,2025-11-01 20:13:00,2100,,TROT_ATTELE,True,6,6,5
20251101-R6-C6,20251101,WOLVEGA,2025-11-01 20:38:00,2100,,TROT_ATTELE,True,7,6,6
20251101-R6-C7,20251101,WOLVEGA,2025-11-01 21:03:00,2100,,TROT_ATTELE,True,8,6,7
20251101-R6-C8,20251101,WOLVEGA,2025-11-01 21:43:00,3100,,TROT_ATTELE,True,8,6,8
20251101-R6-C9,20251101,WOLVEGA,2025-11-01 22:23:00,2100,,TROT_ATTELE,True,7,6,9
20251101-R11-C1,20251101,SAINT MALO,2025-11-01 12:45:00,2950,,TROT_ATTELE,True,14,11,1
20251101-R11-C2,20251101,SAINT MALO,2025-11-01 13:15:00,2950,,TROT_ATTELE,True,14,11,2
20251101-R11-C3,20251101,SAINT MALO,2025-11-01 13:45:00,2950,,TROT_ATTELE,True,14,11,3
20251101-R11-C4,20251101,SAINT MALO,2025-11-01 14:15:00,2850,,TROT_ATTELE,True,14,11,4
20251101-R11-C5,20251101,SAINT MALO,2025-11-01 14:45:00,2850,,TROT_ATTELE,True,14,11,5
20251101-R11-C6,20251101,SAINT MALO,2025-11-01 15:15:00,2950,,TROT_ATTELE,True,18,11,6
20251101-R11-C7,20251101,SAINT MALO,2025-11-01 15:45:00,2950,,TROT_ATTELE,True,15,11,7
20251101-R11-C8,20251101,SAINT MALO,2025-11-01 16:15:00,2850,,TROT_ATTELE,True,14,11,8
20251101-R11-C9,20251101,SAINT MALO,2025-11-01 16:45:00,2850,,TROT_ATTELE,True,14,11,9
20251102-R4-C1,20251102,ARGENTAN,2025-11-02 11:30:00,2875,,TROT_ATTELE,True,16,4,1
20251102-R4-C2,20251102,ARGENTAN,2025-11-02 12:02:00,2875,,TROT_MONTE,True,18,4,2
20251102-R4-C3,20251102,ARGENTAN,2025-11-02 12:40:00,2875,,TROT_ATTELE,True,15,4,3
20251102-R4-C4,20251102,ARGENTAN,2025-11-02 13:10:00,2875,,TROT_ATTELE,True,13,4,4
20251102-R4-C5,20251102,ARGENTAN,2025-11-02 13:42:00,2875,,TROT_ATTELE,True,14,4,5
20251102-R4-C6,20251102,ARGENTAN,2025-11-02 14:17:00,2875,,TROT_ATTELE,True,13,4,6
20251102-R4-C7,20251102,ARGENTAN,2025-11-02 14:50:00,2875,,TROT_MONTE,True,15,4,7
20251102-R4-C8,20251102,ARGENTAN,2025-11-02 15:32:00,2875,,TROT_ATTELE,True,17,4,8
20251102-R5-C1,20251102,PONT DE VIVAUX,2025-11-02 16:07:00,2650,,TROT_ATTELE,True,14,5,1
20251102-R5-C2,20251102,PONT DE VIVAUX,2025-11-02 16:42:00,2650,,TROT_ATTELE,True,16,5,2
20251102-R5-C3,20251102,PONT DE VIVAUX,2025-11-02 17:17:00,2650,,TROT_ATTELE,True,16,5,3
20251102-R5-C4,20251102,PONT DE VIVAUX,2025-11-02 17:52:00,2650,,TROT_ATTELE,True,14,5,4
20251102-R5-C5,20251102,PONT DE VIVAUX,2025-11-02 18:29:00,2650,,TROT_ATTELE,True,13,5,5
20251102-R5-C6,20251102,PONT DE VIVAUX,2025-11-02 19:02:00,2650,,TROT_ATTELE,True,13,5,6
20251102-R5-C7,20251102,PONT DE VIVAUX,2025-11-02 19:37:00,2650,,TROT_ATTELE,True,16,5,7
20251102-R5-C8,20251102,PONT DE VIVAUX,2025-11-02 20:07:00,2650,,TROT_ATTELE,True,11,5,8
20251102-R9-C1,20251102,LA CAPELLE,2025-11-02 13:00:00,2700,,TROT_ATTELE,True,16,9,1
20251102-R9-C2,20251102,LA CAPELLE,2025-11-02 13:30:00,2750,,TROT_ATTELE,True,14,9,2
20251102-R9-C3,20251102,LA CAPELLE,2025-11-02 14:00:00,2750,,TROT_ATTELE,True,14,9,3
20251102-R9-C4,20251102,LA CAPELLE,2025-11-02 14:30:00,2700,,TROT_ATTELE,True,16,9,4
20251102-R9-C5,20251102,LA CAPELLE,2025-11-02 15:00:00,2700,,TROT_ATTELE,True,16,9,5
20251102-R9-C6,20251102,LA CAPELLE,2025-11-02 15:30:00,2750,,TROT_ATTELE,True,14,9,6
20251102-R9-C7,20251102,LA CAPELLE,2025-11-02 16:00:00,2750,,TROT_ATTELE,True,12,9,7
20251102-R9-C8,20251102,LA CAPELLE,2025-11-02 16:30:00,2700,,TROT_ATTELE,True,15,9,8
20251103-R2-C1,20251103,CHARTRES,2025-11-03 11:42:00,3300,,TROT_ATTELE,True,14,2,1
20251103-R2-C2,20251103,CHARTRES,2025-11-03 12:17:00,2300,,TROT_ATTELE,True,12,2,2
20251103-R2-C3,20251103,CHARTRES,2025-11-03 12:52:00,2825,,TROT_ATTELE,True,10,2,3
20251103-R2-C4,20251103,CHARTRES,2025-11-03 13:27:00,2300,,TROT_ATTELE,True,12,2,4
20251103-R2-C5,20251103,CHARTRES,2025-11-03 14:12:00,2825,,TROT_ATTELE,True,16,2,5
20251103-R2-C6,20251103,CHARTRES,2025-11-03 14:47:00,2825,,TROT_ATTELE,True,14,2,6
20251103-R2-C7,20251103,CHARTRES,2025-11-03 15:22:00,2825,,TROT_ATTELE,True,16,2,7
20251103-R2-C8,20251103,CHARTRES,2025-11-03 16:00:00,2825,,TROT_ATTELE,True,16,2,8
20251103-R3-C1,20251103,VINCENNES,2025-11-03 16:35:00,2700,,TROT_MONTE,True,12,3,1
20251103-R3-C2,20251103,VINCENNES,2025-11-03 17:10:00,2850,,TROT_ATTELE,True,16,3,2
20251103-R3-C3,20251103,VINCENNES,2025-11-03 17:47:00,2100,,TROT_ATTELE,True,14,3,3
20251103-R3-C4,20251103,VINCENNES,2025-11-03 18:21:00,2100,,TROT_ATTELE,True,18,3,4
20251103-R3-C5,20251103,VINCENNES,2025-11-03 18:55:00,2175,,TROT_MONTE,True,9,3,5
20251103-R3-C6,20251103,VINCENNES,2025-11-03 19:27:00,2200,,TROT_ATTELE,True,15,3,6
20251103-R3-C7,20251103,VINCENNES,2025-11-03 19:59:00,2200,,TROT_ATTELE,True,8,3,7
20251103-R3-C8,20251103,VINCENNES,2025-11-03 20:31:00,2200,,TROT_ATTELE,True,8,3,8
20251103-R6-C1,20251103,AGEN LA GARENNE,2025-11-03 13:30:00,2575,,TROT_ATTELE,True,13,6,1
20251103-R6-C2,20251103,AGEN LA GARENNE,2025-11-03 14:00:00,2650,,TROT_ATTELE,True,9,6,2
20251103-R6-C3,20251103,AGEN LA GARENNE,2025-11-03 14:30:00,2575,,TROT_ATTELE,True,12,6,3
20251103-R6-C4,20251103,AGEN LA GARENNE,2025-11-03 15:00:00,2650,,TROT_ATTELE,True,14,6,4
20251103-R6-C5,20251103,AGEN LA GARENNE,2025-11-03 15:30:00,2650,,TROT_ATTELE,True,14,6,5
20251103-R6-C6,20251103,AGEN LA GARENNE,2025-11-03 16:00:00,2575,,TROT_ATTELE,True,14,6,6
20251103-R6-C7,20251103,AGEN LA GARENNE,2025-11-03 16:30:00,2575,,TROT_ATTELE,True,12,6,7
20251103-R6-C8,20251103,AGEN LA GARENNE,2025-11-03 17:00:00,2575,,TROT_ATTELE,True,14,6,8
20251104-R1-C1,20251104,VINCENNES,2025-11-04 13:55:00,2700,,TROT_ATTELE,True,16,1,1
20251104-R1-C2,20251104,VINCENNES,2025-11-04 14:34:00,2200,,TROT_ATTELE,True,15,1,2
20251104-R1-C3,20251104,VINCENNES,2025-11-04 15:09:00,2700,,TROT_MONTE,True,13,1,3
20251104-R1-C4,20251104,VINCENNES,2025-11-04 15:44:00,2100,,TROT_ATTELE,True,14,1,4
20251104-R1-C5,20251104,VINCENNES,2025-11-04 16:21:00,2850,,TROT_ATTELE,True,13,1,5
20251104-R1-C6,20251104,VINCENNES,2025-11-04 16:54:00,2175,,TROT_MONTE,True,15,1,6
20251104-R1-C7,20251104,VINCENNES,2025-11-04 17:29:00,2100,,TROT_ATTELE,True,10,1,7
20251104-R1-C8,20251104,VINCENNES,2025-11-04 18:03:00,2100,,TROT_ATTELE,True,15,1,8
20251104-R2-C1,20251104,SON PARDO,2025-11-04 11:07:00,2650,,TROT_ATTELE,True,11,2,1
20251104-R2-C2,20251104,SON PARDO,2025-11-04 11:35:00,2650,,TROT_ATTELE,True,12,2,2
20251104-R2-C3,20251104,SON PARDO,2025-11-04 12:07:00,2650,,TROT_ATTELE,True,12,2,3
20251104-R2-C4,20251104,SON PARDO,2025-11-04 12:39:00,2150,,TROT_ATTELE,True,16,2,4
20251104-R2-C5,20251104,SON PARDO,2025-11-04 13:11:00,3150,,TROT_ATTELE,True,11,2,5
20251104-R4-C1,20251104,SAINT GALMIER,2025-11-04 16:36:00,2600,,TROT_ATTELE,True,16,4,1
20251104-R4-C2,20251104,SAINT GALMIER,2025-11-04 17:10:00,2600,,TROT_ATTELE,True,14,4,2
20251104-R4-C3,20251104,SAINT GALMIER,2025-11-04 17:44:00,2600,,TROT_ATTELE,True,16,4,3
20251104-R4-C4,20251104,SAINT GALMIER,2025-11-04 18:22:00,2600,,TROT_ATTELE,True,13,4,4
20251104-R4-C5,20251104,SAINT GALMIER,2025-11-04 18:55:00,2625,,TROT_ATTELE,True,15,4,5
20251104-R4-C6,20251104,SAINT GALMIER,2025-11-04 19:29:00,2625,,TROT_ATTELE,True,13,4,6
20251104-R4-C7,20251104,SAINT GALMIER,2025-11-04 20:08:00,2600,,TROT_ATTELE,True,14,4,7
20251104-R4-C8,20251104,SAINT GALMIER,2025-11-04 20:41:00,2650,,TROT_MONTE,True,15,4,8
20251104-R5-C1,20251104,MONS (GHLIN),2025-11-04 18:38:00,2300,,TROT_ATTELE,True,13,5,1
20251104-R5-C2,20251104,MONS (GHLIN),2025-11-04 19:11:00,2300,,TROT_ATTELE,True,11,5,2
20251104-R5-C3,20251104,MONS (GHLIN),2025-11-04 19:53:00,2300,,TROT_ATTELE,True,12,5,3
20251104-R5-C4,20251104,MONS (GHLIN),2025-11-04 20:25:00,1750,,TROT_ATTELE,True,10,5,4
20251104-R5-C5,20251104,MONS (GHLIN),2025-11-04 21:00:00,2300,,TROT_ATTELE,True,9,5,5
20251104-R5-C6,20251104,MONS (GHLIN),2025-11-04 21:25:00,2300,,TROT_ATTELE,True,9,5,6
20251104-R5-C7,20251104,MONS (GHLIN),2025-11-04 21:55:00,2840,,TROT_ATTELE,True,7,5,7
20251104-R5-C8,20251104,MONS (GHLIN),2025-11-04 22:26:00,2275,,TROT_MONTE,True,7,5,8
20251105-R1-C1,20251105,NANTES,2025-11-05 13:12:00,3000,,TROT_MONTE,True,14,1,1
20251105-R1-C2,20251105,NANTES,2025-11-05 13:55:00,3000,,TROT_ATTELE,True,16,1,2
20251105-R1-C3,20251105,NANTES,2025-11-05 14:32:00,3000,,TROT_ATTELE,True,16,1,3
20251105-R1-C4,20251105,NANTES,2025-11-05 15:12:00,3000,,TROT_ATTELE,True,16,1,4
20251105-R1-C5,20251105,NANTES,2025-11-05 15:47:00,3000,,TROT_ATTELE,True,16,1,5
20251105-R1-C6,20251105,NANTES,2025-11-05 16:21:00,3000,,TROT_MONTE,True,14,1,6
20251105-R1-C7,20251105,NANTES,2025-11-05 16:53:00,3000,,TROT_ATTELE,True,15,1,7
20251105-R1-C8,20251105,NANTES,2025-11-05 17:25:00,3000,,TROT_ATTELE,True,16,1,8
20251105-R8-C1,20251105,SOLVALLA,2025-11-05 18:15:00,2140,,TROT_ATTELE,True,10,8,1
20251105-R8-C2,20251105,SOLVALLA,2025-11-05 18:39:00,2140,,TROT_ATTELE,True,11,8,2
20251105-R8-C3,20251105,SOLVALLA,2025-11-05 19:03:00,1640,,TROT_ATTELE,True,8,8,3
20251105-R8-C4,20251105,SOLVALLA,2025-11-05 19:27:00,2640,,TROT_ATTELE,True,8,8,4
20251105-R8-C5,20251105,SOLVALLA,2025-11-05 19:51:00,1640,,TROT_ATTELE,True,8,8,5
20251105-R8-C6,20251105,SOLVALLA,2025-11-05 20:13:00,2140,,TROT_ATTELE,True,12,8,6
20251105-R8-C7,20251105,SOLVALLA,2025-11-05 20:41:00,1640,,TROT_ATTELE,True,12,8,7
20251105-R8-C8,20251105,SOLVALLA,2025-11-05 21:03:00,2140,,TROT_ATTELE,True,12,8,8
20251105-R8-C9,20251105,SOLVALLA,2025-11-05 21:26:00,2140,,TROT_ATTELE,True,12,8,9
20251105-R8-C10,20251105,SOLVALLA,2025-11-05 21:51:00,2140,,TROT_ATTELE,True,12,8,10
20251106-R1-C1,20251106,VINCENNES,2025-11-06 13:57:00,2100,,TROT_ATTELE,True,14,1,1
20251106-R1-C2,20251106,VINCENNES,2025-11-06 14:30:00,2700,,TROT_ATTELE,True,10,1,2
20251106-R1-C3,20251106,VINCENNES,2025-11-06 15:05:00,2700,,TROT_ATTELE,True,14,1,3
20251106-R1-C4,20251106,VINCENNES,2025-11-06 15:46:00,2700,,TROT_ATTELE,True,14,1,4
20251106-R1-C5,20251106,VINCENNES,2025-11-06 16:20:00,2700,,TROT_MONTE,True,13,1,5
20251106-R1-C6,20251106,VINCENNES,2025-11-06 16:53:00,2850,,TROT_ATTELE,True,16,1,6
20251106-R1-C7,20251106,VINCENNES,2025-11-06 17:25:00,2700,,TROT_ATTELE,True,13,1,7
20251106-R1-C8,20251106,VINCENNES,2025-11-06 18:00:00,2700,,TROT_ATTELE,True,16,1,8
20251106-R1-C9,20251106,VINCENNES,2025-11-06 18:35:00,2700,,TROT_ATTELE,True,14,1,9
20251106-R2-C1,20251106,GELSENKIRCHEN,2025-11-06 11:05:00,2000,,TROT_ATTELE,True,8,2,1
20251106-R2-C2,20251106,GELSENKIRCHEN,2025-11-06 11:33:00,2000,,TROT_ATTELE,True,8,2,2
20251106-R2-C3,20251106,GELSENKIRCHEN,2025-11-06 12:07:00,2000,,TROT_ATTELE,True,9,2,3
20251106-R2-C4,20251106,GELSENKIRCHEN,2025-11-06 12:39:00,2000,,TROT_ATTELE,True,10,2,4
20251106-R2-C5,20251106,GELSENKIRCHEN,2025-11-06 13:11:00,2000,,TROT_ATTELE,True,10,2,5
20251106-R5-C2,20251106,WOLVEGA,2025-11-06 19:18:00,2600,,TROT_ATTELE,True,14,5,2
20251106-R5-C3,20251106,WOLVEGA,2025-11-06 19:50:00,2100,,TROT_ATTELE,True,9,5,3
20251106-R5-C4,20251106,WOLVEGA,2025-11-06 20:22:00,2600,,TROT_ATTELE,True,8,5,4
20251106-R5-C5,20251106,WOLVEGA,2025-11-06 20:50:00,2100,,TROT_ATTELE,True,8,5,5
20251106-R5-C6,20251106,WOLVEGA,2025-11-06 21:18:00,2600,,TROT_ATTELE,True,8,5,6
20251106-R5-C7,20251106,WOLVEGA,2025-11-06 21:45:00,2100,,TROT_ATTELE,True,8,5,7
20251107-R1-C1,20251107,VINCENNES,2025-11-07 18:25:00,2850,,TROT_ATTELE,True,16,1,1
20251107-R1-C2,20251107,VINCENNES,2025-11-07 18:59:00,2700,,TROT_MONTE,True,14,1,2
20251107-R1-C3,20251107,VINCENNES,2025-11-07 19:34:00,2700,,TROT_ATTELE,True,16,1,3
20251107-R1-C4,20251107,VINCENNES,2025-11-07 20:15:00,2700,,TROT_ATTELE,True,16,1,4
20251107-R1-C5,20251107,VINCENNES,2025-11-07 20:43:00,2175,,TROT_MONTE,True,10,1,5
20251107-R1-C6,20251107,VINCENNES,2025-11-07 21:11:00,2175,,TROT_ATTELE,True,11,1,6
20251107-R1-C7,20251107,VINCENNES,2025-11-07 21:39:00,2175,,TROT_ATTELE,True,15,1,7
20251107-R1-C8,20251107,VINCENNES,2025-11-07 22:04:00,2850,,TROT_MONTE,True,14,1,8
20251107-R3-C2,20251107,AVENCHES,2025-11-07 12:02:00,2400,,TROT_ATTELE,True,15,3,2
20251107-R3-C4,20251107,AVENCHES,2025-11-07 13:06:00,2350,,TROT_ATTELE,True,11,3,4
20251107-R4-C1,20251107,LAVAL,2025-11-07 13:43:00,2850,,TROT_ATTELE,True,16,4,1
20251107-R4-C2,20251107,LAVAL,2025-11-07 14:18:00,2850,,TROT_ATTELE,True,16,4,2
20251107-R4-C3,20251107,LAVAL,2025-11-07 14:53:00,2850,,TROT_ATTELE,True,14,4,3
20251107-R4-C4,20251107,LAVAL,2025-11-07 15:28:00,2850,,TROT_ATTELE,True,16,4,4
20251107-R4-C5,20251107,LAVAL,2025-11-07 16:03:00,2850,,TROT_MONTE,True,12,4,5
20251107-R4-C6,20251107,LAVAL,2025-11-07 16:38:00,2850,,TROT_ATTELE,True,16,4,6
20251107-R4-C7,20251107,LAVAL,2025-11-07 17:16:00,2850,,TROT_ATTELE,True,16,4,7
20251107-R4-C8,20251107,LAVAL,2025-11-07 17:50:00,2850,,TROT_ATTELE,True,16,4,8
20251108-R1-C1,20251108,VINCENNES,2025-11-08 13:23:00,2175,,TROT_ATTELE,True,11,1,1
20251108-R1-C2,20251108,VINCENNES,2025-11-08 13:58:00,2175,,TROT_ATTELE,True,12,1,2
20251108-R1-C3,20251108,VINCENNES,2025-11-08 14:33:00,2700,,TROT_MONTE,True,11,1,3
20251108-R1-C4,20251108,VINCENNES,2025-11-08 15:15:00,2700,,TROT_ATTELE,True,13,1,4
20251108-R1-C5,20251108,VINCENNES,2025-11-08 15:58:00,2700,,TROT_ATTELE,True,16,1,5
20251108-R1-C6,20251108,VINCENNES,2025-11-08 16:33:00,2850,,TROT_ATTELE,True,12,1,6
20251108-R1-C7,20251108,VINCENNES,2025-11-08 17:08:00,2700,,TROT_ATTELE,True,13,1,7
20251108-R1-C8,20251108,VINCENNES,2025-11-08 17:43:00,2700,,TROT_ATTELE,True,13,1,8
20251108-R1-C9,20251108,VINCENNES,2025-11-08 18:18:00,2700,,TROT_ATTELE,True,11,1,9
20251108-R5-C1,20251108,LE CROISE LAROCHE,2025-11-08 18:52:00,2825,,TROT_ATTELE,True,16,5,1
20251108-R5-C2,20251108,LE CROISE LAROCHE,2025-11-08 19:25:00,2825,,TROT_ATTELE,True,12,5,2
20251108-R5-C3,20251108,LE CROISE LAROCHE,2025-11-08 19:55:00,2825,,TROT_ATTELE,True,10,5,3
20251108-R5-C4,20251108,LE CROISE LAROCHE,2025-11-08 20:25:00,2825,,TROT_ATTELE,True,12,5,4
20251108-R5-C5,20251108,LE CROISE LAROCHE,2025-11-08 20:57:00,2700,,TROT_ATTELE,True,16,5,5
20251108-R5-C6,20251108,LE CROISE LAROCHE,2025-11-08 21:25:00,2700,,TROT_ATTELE,True,15,5,6
20251108-R5-C7,20251108,LE CROISE LAROCHE,2025-11-08 21:55:00,2825,,TROT_MONTE,True,13,5,7
20251108-R5-C8,20251108,LE CROISE LAROCHE,2025-11-08 22:25:00,2700,,TROT_ATTELE,True,16,5,8
20251109-R2-C1,20251109,STRAUBING,2025-11-09 10:12:00,1925,,TROT_ATTELE,True,8,2,1
20251109-R2-C2,20251109,STRAUBING,2025-11-09 10:39:00,1925,,TROT_ATTELE,True,8,2,2
20251109-R2-C3,20251109,STRAUBING,2025-11-09 11:07:00,2800,,TROT_ATTELE,True,10,2,3
20251109-R2-C4,20251109,STRAUBING,2025-11-09 11:39:00,2400,,TROT_ATTELE,True,10,2,4
20251109-R2-C5,20251109,STRAUBING,2025-11-09 12:11:00,1925,,TROT_ATTELE,True,14,2,5
20251109-R3-C1,20251109,CHATELAILLON,2025-11-09 11:23:00,2500,,TROT_ATTELE,True,9,3,1
20251109-R3-C2,20251109,CHATELAILLON,2025-11-09 11:55:00,2500,,TROT_ATTELE,True,16,3,2
20251109-R3-C3,20251109,CHATELAILLON,2025-11-09 12:28:00,2625,,TROT_ATTELE,True,15,3,3
20251109-R3-C4,20251109,CHATELAILLON,2025-11-09 13:05:00,2625,,TROT_MONTE,True,11,3,4
20251109-R3-C5,20251109,CHATELAILLON,2025-11-09 13:43:00,2625,,TROT_ATTELE,True,11,3,5
20251109-R3-C6,20251109,CHATELAILLON,2025-11-09 14:18:00,2625,,TROT_ATTELE,True,15,3,6
20251109-R3-C7,20251109,CHATELAILLON,2025-11-09 14:52:00,2500,,TROT_ATTELE,True,13,3,7
20251109-R3-C8,20251109,CHATELAILLON,2025-11-09 15:32:00,2600,,TROT_ATTELE,True,11,3,8
20251109-R4-C1,20251109,MAUQUENCHY,2025-11-09 16:08:00,2150,,TROT_ATTELE,True,16,4,1
20251109-R4-C2,20251109,MAUQUENCHY,2025-11-09 16:42:00,2150,,TROT_ATTELE,True,16,4,2
20251109-R4-C3,20251109,MAUQUENCHY,2025-11-09 17:14:00,2150,,TROT_ATTELE,True,16,4,3
20251109-R4-C4,20251109,MAUQUENCHY,2025-11-09 17:44:00,2150,,TROT_ATTELE,True,16,4,4
20251109-R4-C5,20251109,MAUQUENCHY,2025-11-09 18:16:00,2850,,TROT_MONTE,True,16,4,5
20251109-R4-C6,20251109,MAUQUENCHY,2025-11-09 18:48:00,2850,,TROT_ATTELE,True,10,4,6
20251109-R4-C7,20251109,MAUQUENCHY,2025-11-09 19:20:00,2850,,TROT_MONTE,True,16,4,7
20251109-R4-C8,20251109,MAUQUENCHY,2025-11-09 19:52:00,2150,,TROT_ATTELE,True,16,4,8
20251109-R5-C1,20251109,KRIEAU (VIENNE),2025-11-09 17:28:00,2600,,TROT_ATTELE,True,10,5,1
20251109-R5-C2,20251109,KRIEAU (VIENNE),2025-11-09 18:00:00,2100,,TROT_ATTELE,True,14,5,2
20251109-R5-C3,20251109,KRIEAU (VIENNE),2025-11-09 18:32:00,2100,,TROT_ATTELE,True,9,5,3
20251109-R5-C4,20251109,KRIEAU (VIENNE),2025-11-09 19:04:00,2100,,TROT_ATTELE,True,9,5,4
20251109-R5-C5,20251109,KRIEAU (VIENNE),2025-11-09 19:36:00,2100,,TROT_ATTELE,True,9,5,5
20251109-R5-C6,20251109,KRIEAU (VIENNE),2025-11-09 20:08:00,2100,,TROT_ATTELE,True,7,5,6
20251109-R8-C1,20251109,LYON-PARILLY,2025-11-09 12:30:00,2850,,TROT_MONTE,True,13,8,1
20251109-R8-C2,20251109,LYON-PARILLY,2025-11-09 13:05:00,2850,,TROT_ATTELE,True,12,8,2
20251109-R8-C3,20251109,LYON-PARILLY,2025-11-09 13:34:00,2850,,TROT_ATTELE,True,14,8,3
20251109-R8-C4,20251109,LYON-PARILLY,2025-11-09 14:03:00,2850,,TROT_ATTELE,True,14,8,4
20251109-R8-C5,20251109,LYON-PARILLY,2025-11-09 14:34:00,2850,,TROT_ATTELE,True,16,8,5
20251109-R8-C6,20251109,LYON-PARILLY,2025-11-09 15:04:00,2850,,TROT_ATTELE,True,14,8,6
20251109-R8-C7,20251109,LYON-PARILLY,2025-11-09 15:34:00,2850,,TROT_ATTELE,True,12,8,7
20251109-R8-C8,20251109,LYON-PARILLY,2025-11-09 16:04:00,2850,,TROT_ATTELE,True,15,8,8
20251110-R3-C1,20251110,VINCENNES,2025-11-10 11:45:00,2700,,TROT_MONTE,True,9,3,1
20251110-R3-C2,20251110,VINCENNES,2025-11-10 12:20:00,2700,,TROT_ATTELE,True,14,3,2
20251110-R3-C3,20251110,VINCENNES,2025-11-10 12:55:00,2700,,TROT_MONTE,True,14,3,3
20251110-R3-C4,20251110,VINCENNES,2025-11-10 13:30:00,2700,,TROT_ATTELE,True,10,3,4
20251110-R3-C5,20251110,VINCENNES,2025-11-10 14:12:00,2200,,TROT_ATTELE,True,16,3,5
20251110-R3-C6,20251110,VINCENNES,2025-11-10 14:49:00,2850,,TROT_ATTELE,True,15,3,6
20251110-R3-C7,20251110,VINCENNES,2025-11-10 15:27:00,2200,,TROT_ATTELE,True,10,3,7
20251110-R3-C8,20251110,VINCENNES,2025-11-10 16:02:00,2850,,TROT_MONTE,True,15,3,8
20251110-R4-C1,20251110,REIMS,2025-11-10 16:37:00,2500,,TROT_ATTELE,True,14,4,1
20251110-R4-C2,20251110,REIMS,2025-11-10 17:12:00,2500,,TROT_ATTELE,True,14,4,2
20251110-R4-C3,20251110,REIMS,2025-11-10 17:49:00,2550,,TROT_ATTELE,True,16,4,3
20251110-R4-C4,20251110,REIMS,2025-11-10 18:22:00,2500,,TROT_ATTELE,True,14,4,4
20251110-R4-C5,20251110,REIMS,2025-11-10 18:55:00,2550,,TROT_ATTELE,True,12,4,5
20251110-R4-C6,20251110,REIMS,2025-11-10 19:27:00,2550,,TROT_MONTE,True,9,4,6
20251110-R4-C7,20251110,REIMS,2025-11-10 19:59:00,2550,,TROT_ATTELE,True,10,4,7
20251110-R4-C8,20251110,REIMS,2025-11-10 20:31:00,2550,,TROT_ATTELE,True,12,4,8
20251111-R4-C1,20251111,LYON LA SOIE,2025-11-11 16:11:00,2700,,TROT_ATTELE,True,15,4,1
20251111-R4-C2,20251111,LYON LA SOIE,2025-11-11 16:44:00,2700,,TROT_ATTELE,True,13,4,2
20251111-R4-C3,20251111,LYON LA SOIE,2025-11-11 17:18:00,2700,,TROT_ATTELE,True,16,4,3
20251111-R4-C4,20251111,LYON LA SOIE,2025-11-11 17:56:00,2700,,TROT_ATTELE,True,11,4,4
20251111-R4-C5,20251111,LYON LA SOIE,2025-11-11 18:30:00,2700,,TROT_ATTELE,True,13,4,5
20251111-R4-C6,20251111,LYON LA SOIE,2025-11-11 19:04:00,2700,,TROT_MONTE,True,10,4,6
20251111-R4-C7,20251111,LYON LA SOIE,2025-11-11 19:39:00,2700,,TROT_ATTELE,True,12,4,7
20251111-R4-C8,20251111,LYON LA SOIE,2025-11-11 20:10:00,2700,,TROT_ATTELE,True,14,4,8
20251111-R5-C1,20251111,MONS (GHLIN),2025-11-11 18:48:00,2300,,TROT_ATTELE,True,14,5,1
20251111-R5-C2,20251111,MONS (GHLIN),2025-11-11 19:19:00,2300,,TROT_ATTELE,True,11,5,2
20251111-R5-C3,20251111,MONS (GHLIN),2025-11-11 19:53:00,2300,,TROT_ATTELE,True,13,5,3
20251111-R5-C4,20251111,MONS (GHLIN),2025-11-11 20:35:00,2300,,TROT_ATTELE,True,13,5,4
20251111-R5-C5,20251111,MONS (GHLIN),2025-11-11 20:58:00,2300,,TROT_ATTELE,True,13,5,5
20251111-R5-C6,20251111,MONS (GHLIN),2025-11-11 21:25:00,1750,,TROT_ATTELE,True,9,5,6
20251111-R5-C7,20251111,MONS (GHLIN),2025-11-11 21:55:00,1750,,TROT_ATTELE,True,7,5,7
20251111-R9-C1,20251111,ANGERS,2025-11-11 13:00:00,3125,,TROT_ATTELE,True,14,9,1
20251111-R9-C2,20251111,ANGERS,2025-11-11 13:30:00,3125,,TROT_ATTELE,True,14,9,2
20251111-R9-C4,20251111,ANGERS,2025-11-11 14:30:00,3125,,TROT_ATTELE,True,14,9,4
20251111-R9-C6,20251111,ANGERS,2025-11-11 15:35:00,3125,,TROT_ATTELE,True,14,9,6
20251111-R9-C9,20251111,ANGERS,2025-11-11 17:05:00,3125,,TROT_ATTELE,True,18,9,9
20251112-R1-C1,20251112,LE BOUSCAT,2025-11-12 12:36:00,2650,,TROT_ATTELE,True,12,1,1
20251112-R1-C2,20251112,LE BOUSCAT,2025-11-12 13:13:00,2550,,TROT_ATTELE,True,16,1,2
20251112-R1-C3,20251112,LE BOUSCAT,2025-11-12 13:55:00,2650,,TROT_ATTELE,True,14,1,3
20251112-R1-C4,20251112,LE BOUSCAT,2025-11-12 14:32:00,2550,,TROT_ATTELE,True,16,1,4
20251112-R1-C5,20251112,LE BOUSCAT,2025-11-12 15:06:00,2550,,TROT_ATTELE,True,16,1,5
20251112-R1-C6,20251112,LE BOUSCAT,2025-11-12 15:40:00,2550,,TROT_ATTELE,True,13,1,6
20251112-R1-C7,20251112,LE BOUSCAT,2025-11-12 16:15:00,2650,,TROT_MONTE,True,11,1,7
20251112-R1-C8,20251112,LE BOUSCAT,2025-11-12 16:50:00,2650,,TROT_ATTELE,True,13,1,8
20251112-R2-C1,20251112,SON PARDO,2025-11-12 11:02:00,2650,,TROT_ATTELE,True,11,2,1
20251112-R2-C2,20251112,SON PARDO,2025-11-12 11:29:00,2650,,TROT_ATTELE,True,10,2,2
20251112-R2-C3,20251112,SON PARDO,2025-11-12 12:03:00,2650,,TROT_ATTELE,True,14,2,3
20251112-R5-C1,20251112,MONS (GHLIN),2025-11-12 17:25:00,2840,,TROT_ATTELE,True,11,5,1
20251112-R5-C2,20251112,MONS (GHLIN),2025-11-12 18:03:00,2300,,TROT_ATTELE,True,13,5,2
20251112-R5-C3,20251112,MONS (GHLIN),2025-11-12 18:37:00,2300,,TROT_ATTELE,True,11,5,3
20251112-R5-C4,20251112,MONS (GHLIN),2025-11-12 19:11:00,2300,,TROT_ATTELE,True,12,5,4
20251112-R5-C5,20251112,MONS (GHLIN),2025-11-12 19:45:00,1750,,TROT_ATTELE,True,10,5,5
20251112-R5-C6,20251112,MONS (GHLIN),2025-11-12 20:15:00,2300,,TROT_ATTELE,True,9,5,6
20251112-R5-C7,20251112,MONS (GHLIN),2025-11-12 20:50:00,2300,,TROT_ATTELE,True,8,5,7
20251112-R5-C8,20251112,MONS (GHLIN),2025-11-12 21:17:00,2840,,TROT_ATTELE,True,8,5,8
20251112-R5-C9,20251112,MONS (GHLIN),2025-11-12 21:45:00,2840,,TROT_ATTELE,True,6,5,9
20251112-R5-C10,20251112,MONS (GHLIN),2025-11-12 22:15:00,2300,,TROT_ATTELE,True,9,5,10
20251112-R7-C6,20251112,SOLVALLA,2025-11-12 20:13:00,2140,,TROT_ATTELE,True,8,7,6
20251112-R7-C7,20251112,SOLVALLA,2025-11-12 20:41:00,2140,,TROT_ATTELE,True,12,7,7
20251112-R7-C8,20251112,SOLVALLA,2025-11-12 21:03:00,2140,,TROT_ATTELE,True,12,7,8
20251112-R7-C9,20251112,SOLVALLA,2025-11-12 21:26:00,2140,,TROT_ATTELE,True,12,7,9
20251112-R7-C10,20251112,SOLVALLA,2025-11-12 21:51:00,2140,,TROT_ATTELE,True,12,7,10
20251112-R9-C1,20251112,CAEN,2025-11-12 12:20:00,2450,,TROT_ATTELE,True,14,9,1
20251112-R9-C2,20251112,CAEN,2025-11-12 12:50:00,2450,,TROT_ATTELE,True,14,9,2
20251112-R9-C3,20251112,CAEN,2025-11-12 13:20:00,2450,,TROT_ATTELE,True,14,9,3
20251112-R9-C4,20251112,CAEN,2025-11-12 13:50:00,2450,,TROT_ATTELE,True,14,9,4
20251112-R9-C5,20251112,CAEN,2025-11-12 14:20:00,2450,,TROT_ATTELE,True,16,9,5
20251112-R9-C6,20251112,CAEN,2025-11-12 14:50:00,2450,,TROT_ATTELE,True,16,9,6
20251112-R9-C7,20251112,CAEN,2025-11-12 15:20:00,2450,,TROT_ATTELE,True,16,9,7
20251112-R9-C8,20251112,CAEN,2025-11-12 15:50:00,2450,,TROT_ATTELE,True,16,9,8
20251113-R3-C1,20251113,VINCENNES,2025-11-13 16:35:00,2700,,TROT_ATTELE,True,12,3,1
20251113-R3-C2,20251113,VINCENNES,2025-11-13 17:13:00,2700,,TROT_ATTELE,True,15,3,2
20251113-R3-C3,20251113,VINCENNES,2025-11-13 17:47:00,2850,,TROT_ATTELE,True,11,3,3
20251113-R3-C4,20251113,VINCENNES,2025-11-13 18:20:00,2850,,TROT_MONTE,True,10,3,4
20251113-R3-C5,20251113,VINCENNES,2025-11-13 18:55:00,2700,,TROT_ATTELE,True,14,3,5
20251113-R3-C6,20251113,VINCENNES,2025-11-13 19:32:00,2850,,TROT_ATTELE,True,15,3,6
20251113-R3-C7,20251113,VINCENNES,2025-11-13 20:04:00,2850,,TROT_ATTELE,True,16,3,7
20251113-R3-C8,20251113,VINCENNES,2025-11-13 20:36:00,2200,,TROT_MONTE,True,10,3,8
20251113-R4-C1,20251113,AMIENS,2025-11-13 16:52:00,2400,,TROT_ATTELE,True,14,4,1
20251113-R4-C2,20251113,AMIENS,2025-11-13 17:29:00,2400,,TROT_ATTELE,True,14,4,2
20251113-R4-C3,20251113,AMIENS,2025-11-13 18:03:00,2400,,TROT_ATTELE,True,14,4,3
20251113-R4-C4,20251113,AMIENS,2025-11-13 18:37:00,2400,,TROT_ATTELE,True,14,4,4
20251113-R4-C5,20251113,AMIENS,2025-11-13 19:17:00,2400,,TROT_ATTELE,True,14,4,5
20251113-R4-C6,20251113,AMIENS,2025-11-13 19:49:00,2400,,TROT_ATTELE,True,14,4,6
20251113-R4-C7,20251113,AMIENS,2025-11-13 20:20:00,2400,,TROT_MONTE,True,15,4,7
20251113-R4-C8,20251113,AMIENS,2025-11-13 20:51:00,2400,,TROT_ATTELE,True,14,4,8
20251114-R1-C1,20251114,VINCENNES,2025-11-14 18:26:00,2700,,TROT_ATTELE,True,16,1,1
20251114-R1-C2,20251114,VINCENNES,2025-11-14 18:59:00,2700,,TROT_MONTE,True,15,1,2
20251114-R1-C3,20251114,VINCENNES,2025-11-14 19:35:00,2100,,TROT_ATTELE,True,14,1,3
20251114-R1-C4,20251114,VINCENNES,2025-11-14 20:15:00,2100,,TROT_ATTELE,True,16,1,4
20251114-R1-C5,20251114,VINCENNES,2025-11-14 20:49:00,2100,,TROT_ATTELE,True,13,1,5
20251114-R1-C6,20251114,VINCENNES,2025-11-14 21:18:00,2700,,TROT_MONTE,True,14,1,6
20251114-R1-C7,20251114,VINCENNES,2025-11-14 21:47:00,2700,,TROT_ATTELE,True,13,1,7
20251114-R1-C8,20251114,VINCENNES,2025-11-14 22:12:00,2200,,TROT_MONTE,True,12,1,8
20251114-R2-C1,20251114,BORELY,2025-11-14 11:21:00,2300,,TROT_ATTELE,True,13,2,1
20251114-R2-C2,20251114,BORELY,2025-11-14 11:49:00,2300,,TROT_ATTELE,True,16,2,2
20251114-R2-C3,20251114,BORELY,2025-11-14 12:17:00,3000,,TROT_ATTELE,True,11,2,3
20251114-R2-C4,20251114,BORELY,2025-11-14 12:50:00,3000,,TROT_ATTELE,True,8,2,4
20251114-R2-C5,20251114,BORELY,2025-11-14 13:25:00,3000,,TROT_ATTELE,True,11,2,5
20251114-R2-C6,20251114,BORELY,2025-11-14 14:02:00,3000,,TROT_ATTELE,True,16,2,6
20251114-R2-C7,20251114,BORELY,2025-11-14 14:37:00,2300,,TROT_ATTELE,True,13,2,7
20251114-R2-C8,20251114,BORELY,2025-11-14 15:10:00,3000,,TROT_ATTELE,True,18,2,8
20251114-R4-C1,20251114,LA CEPIERE,2025-11-14 15:45:00,2950,,TROT_ATTELE,True,14,4,1
20251114-R4-C2,20251114,LA CEPIERE,2025-11-14 16:20:00,2950,,TROT_ATTELE,True,16,4,2
20251114-R4-C3,20251114,LA CEPIERE,2025-11-14 16:55:00,2950,,TROT_ATTELE,True,14,4,3
20251114-R4-C4,20251114,LA CEPIERE,2025-11-14 17:30:00,2950,,TROT_ATTELE,True,17,4,4
20251114-R4-C5,20251114,LA CEPIERE,2025-11-14 18:09:00,2950,,TROT_ATTELE,True,14,4,5
20251114-R4-C6,20251114,LA CEPIERE,2025-11-14 18:42:00,2750,,TROT_ATTELE,True,15,4,6
20251114-R4-C7,20251114,LA CEPIERE,2025-11-14 19:15:00,2950,,TROT_MONTE,True,13,4,7
20251114-R4-C8,20251114,LA CEPIERE,2025-11-14 19:50:00,2150,,TROT_ATTELE,True,13,4,8
20251114-R5-C4,20251114,WOLVEGA,2025-11-14 17:13:00,3100,,TROT_ATTELE,True,10,5,4
20251114-R5-C5,20251114,WOLVEGA,2025-11-14 17:48:00,2600,,TROT_ATTELE,True,11,5,5
20251114-R5-C10,20251114,WOLVEGA,2025-11-14 20:33:00,2100,,TROT_ATTELE,True,11,5,10
20251114-R5-C11,20251114,WOLVEGA,2025-11-14 21:03:00,1609,,TROT_ATTELE,True,10,5,11
20251114-R5-C12,20251114,WOLVEGA,2025-11-14 21:30:00,2100,,TROT_ATTELE,True,11,5,12
20251115-R2-C1,20251115,LYON-PARILLY,2025-11-15 11:55:00,2850,,TROT_MONTE,True,12,2,1
20251115-R2-C2,20251115,LYON-PARILLY,2025-11-15 12:35:00,2600,,TROT_ATTELE,True,14,2,2
20251115-R2-C3,20251115,LYON-PARILLY,2025-11-15 13:09:00,2850,,TROT_ATTELE,True,16,2,3
20251115-R2-C4,20251115,LYON-PARILLY,2025-11-15 13:43:00,2850,,TROT_ATTELE,True,11,2,4
20251115-R2-C5,20251115,LYON-PARILLY,2025-11-15 14:16:00,2850,,TROT_ATTELE,True,11,2,5
20251115-R2-C6,20251115,LYON-PARILLY,2025-11-15 14:51:00,2850,,TROT_ATTELE,True,14,2,6
20251115-R2-C7,20251115,LYON-PARILLY,2025-11-15 15:34:00,2600,,TROT_ATTELE,True,12,2,7
20251115-R2-C8,20251115,LYON-PARILLY,2025-11-15 16:16:00,2850,,TROT_ATTELE,True,14,2,8
20251115-R3-C1,20251115,LAVAL,2025-11-15 16:52:00,2850,,TROT_ATTELE,True,10,3,1
20251115-R3-C2,20251115,LAVAL,2025-11-15 17:25:00,2850,,TROT_ATTELE,True,17,3,2
20251115-R3-C3,20251115,LAVAL,2025-11-15 17:58:00,2850,,TROT_ATTELE,True,8,3,3
20251115-R3-C4,20251115,LAVAL,2025-11-15 18:33:00,2850,,TROT_MONTE,True,11,3,4
20251115-R3-C5,20251115,LAVAL,2025-11-15 19:05:00,2850,,TROT_ATTELE,True,8,3,5
20251115-R3-C6,20251115,LAVAL,2025-11-15 19:37:00,2050,,TROT_ATTELE,True,14,3,6
20251115-R3-C7,20251115,LAVAL,2025-11-15 20:09:00,2650,,TROT_ATTELE,True,16,3,7
20251115-R3-C8,20251115,LAVAL,2025-11-15 20:41:00,2850,,TROT_ATTELE,True,16,3,8
20251115-R5-C3,20251115,ESKILSTUNA,2025-11-15 16:10:00,2140,,TROT_ATTELE,True,12,5,3
20251115-R5-C4,20251115,ESKILSTUNA,2025-11-15 16:32:00,2140,,TROT_ATTELE,True,12,5,4
20251115-R5-C6,20251115,ESKILSTUNA,2025-11-15 17:16:00,2140,,TROT_ATTELE,True,12,5,6
20251115-R5-C7,20251115,ESKILSTUNA,2025-11-15 17:38:00,2140,,TROT_ATTELE,True,12,5,7
20251116-R1-C1,20251116,VINCENNES,2025-11-16 13:26:00,2700,,TROT_ATTELE,True,14,1,1
20251116-R1-C2,20251116,VINCENNES,2025-11-16 14:00:00,2850,,TROT_ATTELE,True,13,1,2
20251116-R1-C3,20251116,VINCENNES,2025-11-16 14:37:00,2175,,TROT_MONTE,True,14,1,3
20251116-R1-C4,20251116,VINCENNES,2025-11-16 15:15:00,2700,,TROT_ATTELE,True,18,1,4
20251116-R1-C5,20251116,VINCENNES,2025-11-16 15:50:00,2100,,TROT_ATTELE,True,16,1,5
20251116-R1-C6,20251116,VINCENNES,2025-11-16 16:33:00,2700,,TROT_ATTELE,True,11,1,6
20251116-R1-C7,20251116,VINCENNES,2025-11-16 17:09:00,2100,,TROT_ATTELE,True,14,1,7
20251116-R1-C8,20251116,VINCENNES,2025-11-16 17:39:00,2700,,TROT_ATTELE,True,10,1,8
20251116-R1-C9,20251116,VINCENNES,2025-11-16 18:08:00,2100,,TROT_ATTELE,True,15,1,9
20251116-R1-C10,20251116,VINCENNES,2025-11-16 18:38:00,2700,,TROT_MONTE,True,12,1,10
20251116-R10-C1,20251116,NANTES,2025-11-16 13:15:00,2275,,TROT_ATTELE,True,13,10,1
20251116-R10-C2,20251116,NANTES,2025-11-16 13:45:00,3000,,TROT_ATTELE,True,8,10,2
20251116-R10-C3,20251116,NANTES,2025-11-16 14:15:00,3000,,TROT_ATTELE,True,14,10,3
20251116-R10-C4,20251116,NANTES,2025-11-16 14:45:00,3000,,TROT_ATTELE,True,11,10,4
20251116-R10-C5,20251116,NANTES,2025-11-16 15:15:00,3000,,TROT_MONTE,True,15,10,5
20251116-R10-C6,20251116,NANTES,2025-11-16 15:47:00,3000,,TROT_ATTELE,True,14,10,6
20251116-R10-C7,20251116,NANTES,2025-11-16 16:17:00,3000,,TROT_ATTELE,True,13,10,7
20251117-R1-C1,20251117,VINCENNES,2025-11-17 13:55:00,2700,,TROT_ATTELE,True,16,1,1
20251117-R1-C2,20251117,VINCENNES,2025-11-17 14:30:00,2175,,TROT_MONTE,True,13,1,2
20251117-R1-C3,20251117,VINCENNES,2025-11-17 15:13:00,2100,,TROT_ATTELE,True,15,1,3
20251117-R1-C4,20251117,VINCENNES,2025-11-17 15:47:00,2700,,TROT_MONTE,True,12,1,4
20251117-R1-C5,20251117,VINCENNES,2025-11-17 16:21:00,2700,,TROT_ATTELE,True,12,1,5
20251117-R1-C6,20251117,VINCENNES,2025-11-17 16:54:00,2700,,TROT_MONTE,True,13,1,6
20251117-R1-C7,20251117,VINCENNES,2025-11-17 17:28:00,2700,,TROT_ATTELE,True,13,1,7
20251117-R1-C8,20251117,VINCENNES,2025-11-17 18:08:00,2850,,TROT_ATTELE,True,16,1,8
20251117-R2-C1,20251117,AVENCHES,2025-11-17 11:07:00,2350,,TROT_ATTELE,True,9,2,1
20251117-R2-C2,20251117,AVENCHES,2025-11-17 11:35:00,2350,,TROT_ATTELE,True,8,2,2
20251117-R2-C3,20251117,AVENCHES,2025-11-17 12:07:00,2350,,TROT_ATTELE,True,9,2,3
20251117-R2-C4,20251117,AVENCHES,2025-11-17 12:39:00,2350,,TROT_ATTELE,True,10,2,4
20251117-R2-C5,20251117,AVENCHES,2025-11-17 13:11:00,2350,,TROT_ATTELE,True,10,2,5
20251118-R2-C1,20251118,AGEN LA GARENNE,2025-11-18 11:42:00,2575,,TROT_ATTELE,True,16,2,1
20251118-R2-C2,20251118,AGEN LA GARENNE,2025-11-18 12:17:00,2625,,TROT_ATTELE,True,16,2,2
20251118-R2-C3,20251118,AGEN LA GARENNE,2025-11-18 12:52:00,2625,,TROT_ATTELE,True,18,2,3
20251118-R2-C4,20251118,AGEN LA GARENNE,2025-11-18 13:27:00,2625,,TROT_ATTELE,True,12,2,4
20251118-R2-C5,20251118,AGEN LA GARENNE,2025-11-18 14:12:00,2625,,TROT_ATTELE,True,11,2,5
20251118-R2-C6,20251118,AGEN LA GARENNE,2025-11-18 14:49:00,2625,,TROT_ATTELE,True,14,2,6
20251118-R2-C7,20251118,AGEN LA GARENNE,2025-11-18 15:23:00,2575,,TROT_ATTELE,True,16,2,7
20251118-R2-C8,20251118,AGEN LA GARENNE,2025-11-18 15:57:00,2575,,TROT_ATTELE,True,14,2,8
20251118-R3-C1,20251118,VINCENNES,2025-11-18 16:35:00,2700,,TROT_ATTELE,True,18,3,1
20251118-R3-C2,20251118,VINCENNES,2025-11-18 17:15:00,2175,,TROT_MONTE,True,7,3,2
20251118-R3-C3,20251118,VINCENNES,2025-11-18 17:48:00,2100,,TROT_ATTELE,True,16,3,3
20251118-R3-C4,20251118,VINCENNES,2025-11-18 18:20:00,2700,,TROT_MONTE,True,9,3,4
20251118-R3-C5,20251118,VINCENNES,2025-11-18 18:55:00,2100,,TROT_ATTELE,True,16,3,5
20251118-R3-C6,20251118,VINCENNES,2025-11-18 19:27:00,2100,,TROT_ATTELE,True,14,3,6
20251118-R3-C7,20251118,VINCENNES,2025-11-18 19:59:00,2100,,TROT_ATTELE,True,16,3,7
20251118-R3-C8,20251118,VINCENNES,2025-11-18 20:31:00,2100,,TROT_ATTELE,True,11,3,8
20251119-R1-C1,20251119,MAUQUENCHY,2025-11-19 13:55:00,2850,,TROT_ATTELE,True,16,1,1
20251119-R1-C2,20251119,MAUQUENCHY,2025-11-19 14:30:00,2850,,TROT_ATTELE,True,16,1,2
20251119-R1-C3,20251119,MAUQUENCHY,2025-11-19 15:08:00,2850,,TROT_ATTELE,True,9,1,3
20251119-R1-C4,20251119,MAUQUENCHY,2025-11-19 15:42:00,2850,,TROT_ATTELE,True,13,1,4
20251119-R1-C5,20251119,MAUQUENCHY,2025-11-19 16:22:00,2850,,TROT_MONTE,True,14,1,5
20251119-R1-C6,20251119,MAUQUENCHY,2025-11-19 16:54:00,2850,,TROT_ATTELE,True,8,1,6
20251119-R1-C7,20251119,MAUQUENCHY,2025-11-19 17:32:00,2850,,TROT_ATTELE,True,16,1,7
20251119-R1-C8,20251119,MAUQUENCHY,2025-11-19 18:08:00,2850,,TROT_ATTELE,True,16,1,8
20251119-R6-C6,20251119,SOLVALLA,2025-11-19 20:13:00,2140,,TROT_ATTELE,True,12,6,6
20251119-R6-C7,20251119,SOLVALLA,2025-11-19 20:41:00,2140,,TROT_ATTELE,True,10,6,7
20251119-R6-C8,20251119,SOLVALLA,2025-11-19 21:03:00,2640,,TROT_ATTELE,True,10,6,8
20251119-R6-C9,20251119,SOLVALLA,2025-11-19 21:26:00,1640,,TROT_ATTELE,True,12,6,9
20251119-R6-C10,20251119,SOLVALLA,2025-11-19 21:51:00,2140,,TROT_ATTELE,True,12,6,10
20251119-R6-C11,20251119,SOLVALLA,2025-11-19 22:12:00,2140,,TROT_ATTELE,True,11,6,11
20251120-R1-C1,20251120,VINCENNES,2025-11-20 13:55:00,2850,,TROT_ATTELE,True,15,1,1
20251120-R1-C2,20251120,VINCENNES,2025-11-20 14:32:00,2700,,TROT_MONTE,True,10,1,2
20251120-R1-C3,20251120,VINCENNES,2025-11-20 15:06:00,2700,,TROT_ATTELE,True,13,1,3
20251120-R1-C4,20251120,VINCENNES,2025-11-20 15:40:00,2100,,TROT_ATTELE,True,16,1,4
20251120-R1-C5,20251120,VINCENNES,2025-11-20 16:17:00,2850,,TROT_ATTELE,True,15,1,5
20251120-R1-C6,20251120,VINCENNES,2025-11-20 16:50:00,2850,,TROT_ATTELE,True,16,1,6
20251120-R1-C7,20251120,VINCENNES,2025-11-20 17:25:00,2850,,TROT_MONTE,True,11,1,7
20251120-R1-C8,20251120,VINCENNES,2025-11-20 18:00:00,2850,,TROT_ATTELE,True,14,1,8
20251120-R2-C1,20251120,MUNICH-DAGLFING,2025-11-20 11:03:00,2100,,TROT_ATTELE,True,8,2,1
20251120-R2-C2,20251120,MUNICH-DAGLFING,2025-11-20 11:35:00,2100,,TROT_ATTELE,True,8,2,2
20251120-R2-C3,20251120,MUNICH-DAGLFING,2025-11-20 12:07:00,2625,,TROT_ATTELE,True,10,2,3
20251120-R2-C4,20251120,MUNICH-DAGLFING,2025-11-20 12:39:00,2100,,TROT_ATTELE,True,11,2,4
20251120-R2-C5,20251120,MUNICH-DAGLFING,2025-11-20 13:11:00,2100,,TROT_ATTELE,True,10,2,5
20251120-R4-C1,20251120,GRAIGNES,2025-11-20 16:33:00,2725,,TROT_ATTELE,True,11,4,1
20251120-R4-C2,20251120,GRAIGNES,2025-11-20 17:07:00,2725,,TROT_ATTELE,True,14,4,2
20251120-R4-C3,20251120,GRAIGNES,2025-11-20 17:42:00,2725,,TROT_ATTELE,True,14,4,3
20251120-R4-C4,20251120,GRAIGNES,2025-11-20 18:20:00,2725,,TROT_ATTELE,True,14,4,4
20251120-R4-C5,20251120,GRAIGNES,2025-11-20 18:55:00,2725,,TROT_ATTELE,True,14,4,5
20251120-R4-C6,20251120,GRAIGNES,2025-11-20 19:27:00,2700,,TROT_MONTE,True,11,4,6
20251120-R4-C7,20251120,GRAIGNES,2025-11-20 19:59:00,2700,,TROT_ATTELE,True,12,4,7
20251120-R4-C8,20251120,GRAIGNES,2025-11-20 20:31:00,2700,,TROT_MONTE,True,13,4,8
20251120-R5-C1,20251120,SON PARDO,2025-11-20 18:37:00,2650,,TROT_ATTELE,True,12,5,1
20251120-R5-C2,20251120,SON PARDO,2025-11-20 19:11:00,2650,,TROT_ATTELE,True,12,5,2
20251120-R5-C3,20251120,SON PARDO,2025-11-20 19:43:00,2650,,TROT_ATTELE,True,12,5,3
20251120-R5-C4,20251120,SON PARDO,2025-11-20 20:15:00,2150,,TROT_ATTELE,True,13,5,4
20251120-R5-C5,20251120,SON PARDO,2025-11-20 20:46:00,2150,,TROT_ATTELE,True,16,5,5
20251121-R1-C1,20251121,VINCENNES,2025-11-21 18:25:00,2700,,TROT_ATTELE,True,11,1,1
20251121-R1-C2,20251121,VINCENNES,2025-11-21 18:59:00,2700,,TROT_ATTELE,True,16,1,2
20251121-R1-C3,20251121,VINCENNES,2025-11-21 19:35:00,2700,,TROT_ATTELE,True,15,1,3
20251121-R1-C4,20251121,VINCENNES,2025-11-21 20:17:00,2100,,TROT_ATTELE,True,13,1,4
20251121-R1-C5,20251121,VINCENNES,2025-11-21 20:45:00,2700,,TROT_MONTE,True,12,1,5
20251121-R1-C6,20251121,VINCENNES,2025-11-21 21:13:00,2700,,TROT_ATTELE,True,8,1,6
20251121-R1-C7,20251121,VINCENNES,2025-11-21 21:40:00,2100,,TROT_ATTELE,True,10,1,7
20251121-R1-C8,20251121,VINCENNES,2025-11-21 22:04:00,2850,,TROT_MONTE,True,10,1,8
20251121-R4-C1,20251121,SAINT GALMIER,2025-11-21 15:45:00,2600,,TROT_ATTELE,True,12,4,1
20251121-R4-C2,20251121,SAINT GALMIER,2025-11-21 16:20:00,2000,,TROT_ATTELE,True,11,4,2
20251121-R4-C3,20251121,SAINT GALMIER,2025-11-21 16:55:00,2650,,TROT_ATTELE,True,13,4,3
20251121-R4-C4,20251121,SAINT GALMIER,2025-11-21 17:32:00,2650,,TROT_ATTELE,True,16,4,4
20251121-R4-C5,20251121,SAINT GALMIER,2025-11-21 18:07:00,2650,,TROT_ATTELE,True,16,4,5
20251121-R4-C6,20251121,SAINT GALMIER,2025-11-21 18:41:00,2600,,TROT_ATTELE,True,15,4,6
20251121-R4-C7,20251121,SAINT GALMIER,2025-11-21 19:15:00,2650,,TROT_MONTE,True,17,4,7
20251121-R4-C8,20251121,SAINT GALMIER,2025-11-21 19:51:00,2600,,TROT_ATTELE,True,15,4,8
20251121-R5-C1,20251121,MONS (GHLIN),2025-11-21 17:13:00,2840,,TROT_ATTELE,True,14,5,1
20251121-R5-C2,20251121,MONS (GHLIN),2025-11-21 17:50:00,2300,,TROT_ATTELE,True,15,5,2
20251121-R5-C8,20251121,MONS (GHLIN),2025-11-21 20:33:00,2300,,TROT_ATTELE,True,9,5,8
20251121-R5-C9,20251121,MONS (GHLIN),2025-11-21 21:00:00,2300,,TROT_ATTELE,True,16,5,9
20251121-R5-C10,20251121,MONS (GHLIN),2025-11-21 21:30:00,2275,,TROT_MONTE,True,6,5,10
20251121-R7-C1,20251121,SALON DE PROVENCE,2025-11-21 13:30:00,3000,,TROT_ATTELE,True,13,7,1
20251121-R7-C2,20251121,SALON DE PROVENCE,2025-11-21 14:00:00,3000,,TROT_ATTELE,True,14,7,2
20251121-R7-C3,20251121,SALON DE PROVENCE,2025-11-21 14:30:00,3000,,TROT_ATTELE,True,12,7,3
20251121-R7-C4,20251121,SALON DE PROVENCE,2025-11-21 15:00:00,3000,,TROT_ATTELE,True,14,7,4
20251121-R7-C5,20251121,SALON DE PROVENCE,2025-11-21 15:30:00,3000,,TROT_ATTELE,True,18,7,5
20251121-R7-C6,20251121,SALON DE PROVENCE,2025-11-21 16:00:00,3000,,TROT_ATTELE,True,8,7,6
20251121-R7-C7,20251121,SALON DE PROVENCE,2025-11-21 16:30:00,3000,,TROT_ATTELE,True,11,7,7
20251122-R1-C1,20251122,VINCENNES,2025-11-22 13:23:00,2200,,TROT_ATTELE,True,10,1,1
20251122-R1-C2,20251122,VINCENNES,2025-11-22 13:58:00,2200,,TROT_ATTELE,True,9,1,2
20251122-R1-C3,20251122,VINCENNES,2025-11-22 14:35:00,2700,,TROT_MONTE,True,8,1,3
20251122-R1-C4,20251122,VINCENNES,2025-11-22 15:15:00,2700,,TROT_ATTELE,True,16,1,4
20251122-R1-C5,20251122,VINCENNES,2025-11-22 15:50:00,2100,,TROT_ATTELE,True,13,1,5
20251122-R1-C6,20251122,VINCENNES,2025-11-22 16:20:00,2700,,TROT_ATTELE,True,16,1,6
20251122-R1-C7,20251122,VINCENNES,2025-11-22 16:56:00,2700,,TROT_ATTELE,True,10,1,7
20251122-R1-C8,20251122,VINCENNES,2025-11-22 17:30:00,2700,,TROT_MONTE,True,13,1,8
20251122-R1-C9,20251122,VINCENNES,2025-11-22 18:05:00,2700,,TROT_ATTELE,True,10,1,9
20251123-R3-C1,20251123,BORELY,2025-11-23 11:22:00,3000,,TROT_ATTELE,True,10,3,1
20251123-R3-C2,20251123,BORELY,2025-11-23 11:53:00,3000,,TROT_MONTE,True,10,3,2
20251123-R3-C3,20251123,BORELY,2025-11-23 12:30:00,3000,,TROT_ATTELE,True,14,3,3
20251123-R3-C4,20251123,BORELY,2025-11-23 13:05:00,3000,,TROT_ATTELE,True,13,3,4
20251123-R3-C5,20251123,BORELY,2025-11-23 13:43:00,3000,,TROT_ATTELE,True,16,3,5
20251123-R3-C6,20251123,BORELY,2025-11-23 14:16:00,3000,,TROT_ATTELE,True,11,3,6
20251123-R3-C7,20251123,BORELY,2025-11-23 14:51:00,3000,,TROT_ATTELE,True,12,3,7
20251123-R3-C8,20251123,BORELY,2025-11-23 15:33:00,3000,,TROT_ATTELE,True,14,3,8
20251123-R4-C1,20251123,REIMS,2025-11-23 16:08:00,2500,,TROT_ATTELE,True,14,4,1
20251123-R4-C2,20251123,REIMS,2025-11-23 16:45:00,2550,,TROT_ATTELE,True,16,4,2
20251123-R4-C3,20251123,REIMS,2025-11-23 17:19:00,2500,,TROT_ATTELE,True,13,4,3
20251123-R4-C4,20251123,REIMS,2025-11-23 17:53:00,2550,,TROT_ATTELE,True,16,4,4
20251123-R4-C5,20251123,REIMS,2025-11-23 18:26:00,2500,,TROT_ATTELE,True,14,4,5
20251123-R4-C6,20251123,REIMS,2025-11-23 18:55:00,2550,,TROT_ATTELE,True,12,4,6
20251123-R4-C7,20251123,REIMS,2025-11-23 19:25:00,2550,,TROT_ATTELE,True,12,4,7
20251123-R4-C8,20251123,REIMS,2025-11-23 19:58:00,2550,,TROT_ATTELE,True,12,4,8
20251123-R9-C1,20251123,CHERBOURG,2025-11-23 12:40:00,2625,,TROT_ATTELE,True,12,9,1
20251123-R9-C2,20251123,CHERBOURG,2025-11-23 13:10:00,2625,,TROT_ATTELE,True,14,9,2
20251123-R9-C3,20251123,CHERBOURG,2025-11-23 13:40:00,2625,,TROT_ATTELE,True,14,9,3
20251123-R9-C4,20251123,CHERBOURG,2025-11-23 14:10:00,2625,,TROT_ATTELE,True,14,9,4
20251123-R9-C5,20251123,CHERBOURG,2025-11-23 14:40:00,2625,,TROT_ATTELE,True,12,9,5
20251123-R9-C6,20251123,CHERBOURG,2025-11-23 15:10:00,2625,,TROT_ATTELE,True,18,9,6
20251123-R9-C7,20251123,CHERBOURG,2025-11-23 15:40:00,2625,,TROT_ATTELE,True,18,9,7
20251123-R9-C8,20251123,CHERBOURG,2025-11-23 16:10:00,2625,,TROT_ATTELE,True,18,9,8
20251123-R9-C9,20251123,CHERBOURG,2025-11-23 16:40:00,2625,,TROT_ATTELE,True,16,9,9
20251124-R1-C1,20251124,VINCENNES,2025-11-24 13:55:00,2700,,TROT_ATTELE,True,16,1,1
20251124-R1-C2,20251124,VINCENNES,2025-11-24 14:33:00,2700,,TROT_MONTE,True,10,1,2
20251124-R1-C3,20251124,VINCENNES,2025-11-24 15:12:00,2100,,TROT_ATTELE,True,14,1,3
20251124-R1-C4,20251124,VINCENNES,2025-11-24 15:48:00,2700,,TROT_MONTE,True,10,1,4
20251124-R1-C5,20251124,VINCENNES,2025-11-24 16:22:00,2700,,TROT_ATTELE,True,12,1,5
20251124-R1-C6,20251124,VINCENNES,2025-11-24 16:53:00,2700,,TROT_ATTELE,True,16,1,6
20251124-R1-C7,20251124,VINCENNES,2025-11-24 17:25:00,2100,,TROT_ATTELE,True,14,1,7
20251124-R1-C8,20251124,VINCENNES,2025-11-24 18:00:00,2850,,TROT_ATTELE,True,12,1,8
20251124-R5-C1,20251124,LE CROISE LAROCHE,2025-11-24 18:38:00,2700,,TROT_ATTELE,True,14,5,1
20251124-R5-C2,20251124,LE CROISE LAROCHE,2025-11-24 19:13:00,2825,,TROT_MONTE,True,13,5,2
20251124-R5-C3,20251124,LE CROISE LAROCHE,2025-11-24 19:43:00,2700,,TROT_ATTELE,True,16,5,3
20251124-R5-C4,20251124,LE CROISE LAROCHE,2025-11-24 20:15:00,2700,,TROT_ATTELE,True,13,5,4
20251124-R5-C5,20251124,LE CROISE LAROCHE,2025-11-24 20:42:00,2700,,TROT_ATTELE,True,10,5,5
20251124-R5-C6,20251124,LE CROISE LAROCHE,2025-11-24 21:09:00,2825,,TROT_ATTELE,True,9,5,6
20251124-R5-C7,20251124,LE CROISE LAROCHE,2025-11-24 21:36:00,2700,,TROT_ATTELE,True,16,5,7
20251124-R9-C1,20251124,SALON DE PROVENCE,2025-11-24 10:50:00,3000,,TROT_ATTELE,True,13,9,1
20251124-R9-C2,20251124,SALON DE PROVENCE,2025-11-24 11:00:00,3000,,TROT_ATTELE,True,14,9,2
20251124-R9-C3,20251124,SALON DE PROVENCE,2025-11-24 11:30:00,3000,,TROT_ATTELE,True,12,9,3
20251124-R9-C4,20251124,SALON DE PROVENCE,2025-11-24 12:00:00,3000,,TROT_ATTELE,True,14,9,4
20251124-R9-C5,20251124,SALON DE PROVENCE,2025-11-24 12:30:00,3000,,TROT_ATTELE,True,18,9,5
20251124-R9-C6,20251124,SALON DE PROVENCE,2025-11-24 13:00:00,3000,,TROT_ATTELE,True,8,9,6
20251124-R9-C7,20251124,SALON DE PROVENCE,2025-11-24 13:30:00,3000,,TROT_ATTELE,True,11,9,7
20251125-R2-C1,20251125,MONS (GHLIN),2025-11-25 11:05:00,2300,,TROT_ATTELE,True,16,2,1
20251125-R2-C2,20251125,MONS (GHLIN),2025-11-25 11:35:00,2300,,TROT_ATTELE,True,10,2,2
20251125-R2-C3,20251125,MONS (GHLIN),2025-11-25 12:07:00,2300,,TROT_ATTELE,True,14,2,3
20251125-R2-C4,20251125,MONS (GHLIN),2025-11-25 12:41:00,2300,,TROT_ATTELE,True,12,2,4
20251125-R2-C5,20251125,MONS (GHLIN),2025-11-25 13:12:00,2300,,TROT_ATTELE,True,16,2,5
20251125-R3-C1,20251125,CHARTRES,2025-11-25 11:20:00,2300,,TROT_ATTELE,True,12,3,1
20251125-R3-C2,20251125,CHARTRES,2025-11-25 11:51:00,2800,,TROT_ATTELE,True,10,3,2
20251125-R3-C3,20251125,CHARTRES,2025-11-25 12:23:00,2825,,TROT_MONTE,True,17,3,3
20251125-R3-C4,20251125,CHARTRES,2025-11-25 12:57:00,2800,,TROT_ATTELE,True,12,3,4
20251125-R3-C5,20251125,CHARTRES,2025-11-25 13:29:00,2800,,TROT_MONTE,True,9,3,5
20251125-R3-C6,20251125,CHARTRES,2025-11-25 14:17:00,2800,,TROT_ATTELE,True,14,3,6
20251125-R3-C7,20251125,CHARTRES,2025-11-25 14:48:00,2800,,TROT_ATTELE,True,14,3,7
20251125-R3-C8,20251125,CHARTRES,2025-11-25 15:22:00,2825,,TROT_ATTELE,True,16,3,8
20251125-R4-C1,20251125,VINCENNES,2025-11-25 15:57:00,2100,,TROT_ATTELE,True,16,4,1
20251125-R4-C2,20251125,VINCENNES,2025-11-25 16:32:00,2700,,TROT_ATTELE,True,18,4,2
20251125-R4-C3,20251125,VINCENNES,2025-11-25 17:09:00,2850,,TROT_MONTE,True,11,4,3
20251125-R4-C4,20251125,VINCENNES,2025-11-25 17:43:00,2175,,TROT_ATTELE,True,10,4,4
20251125-R4-C5,20251125,VINCENNES,2025-11-25 18:20:00,2700,,TROT_MONTE,True,14,4,5
20251125-R4-C6,20251125,VINCENNES,2025-11-25 18:57:00,2850,,TROT_ATTELE,True,13,4,6
20251125-R4-C7,20251125,VINCENNES,2025-11-25 19:29:00,2100,,TROT_ATTELE,True,15,4,7
20251125-R4-C8,20251125,VINCENNES,2025-11-25 20:07:00,2200,,TROT_MONTE,True,9,4,8
20251125-R5-C2,20251125,SON PARDO,2025-11-25 18:40:00,2650,,TROT_ATTELE,True,12,5,2
20251125-R5-C3,20251125,SON PARDO,2025-11-25 19:13:00,2650,,TROT_ATTELE,True,12,5,3
20251125-R5-C4,20251125,SON PARDO,2025-11-25 19:51:00,2150,,TROT_ATTELE,True,16,5,4
20251125-R5-C5,20251125,SON PARDO,2025-11-25 20:23:00,2650,,TROT_ATTELE,True,9,5,5
20251125-R5-C6,20251125,SON PARDO,2025-11-25 20:51:00,2650,,TROT_ATTELE,True,10,5,6
20251126-R3-C1,20251126,AMIENS,2025-11-26 11:25:00,2400,,TROT_ATTELE,True,11,3,1
20251126-R3-C2,20251126,AMIENS,2025-11-26 11:55:00,2400,,TROT_ATTELE,True,12,3,2
20251126-R3-C3,20251126,AMIENS,2025-11-26 12:25:00,2400,,TROT_ATTELE,True,12,3,3
20251126-R3-C4,20251126,AMIENS,2025-11-26 12:55:00,2400,,TROT_ATTELE,True,14,3,4
20251126-R3-C5,20251126,AMIENS,2025-11-26 13:27:00,2400,,TROT_ATTELE,True,14,3,5
20251126-R3-C6,20251126,AMIENS,2025-11-26 14:12:00,2400,,TROT_ATTELE,True,14,3,6
20251126-R3-C7,20251126,AMIENS,2025-11-26 14:47:00,2400,,TROT_ATTELE,True,14,3,7
20251126-R3-C8,20251126,AMIENS,2025-11-26 15:23:00,2400,,TROT_ATTELE,True,13,3,8
20251126-R4-C1,20251126,VINCENNES,2025-11-26 15:59:00,2700,,TROT_MONTE,True,15,4,1
20251126-R4-C2,20251126,VINCENNES,2025-11-26 16:34:00,2175,,TROT_ATTELE,True,11,4,2
20251126-R4-C3,20251126,VINCENNES,2025-11-26 17:09:00,2700,,TROT_MONTE,True,15,4,3
20251126-R4-C4,20251126,VINCENNES,2025-11-26 17:45:00,2100,,TROT_ATTELE,True,14,4,4
20251126-R4-C5,20251126,VINCENNES,2025-11-26 18:20:00,2700,,TROT_MONTE,True,11,4,5
20251126-R4-C6,20251126,VINCENNES,2025-11-26 18:48:00,2100,,TROT_ATTELE,True,15,4,6
20251126-R4-C7,20251126,VINCENNES,2025-11-26 19:17:00,2850,,TROT_ATTELE,True,13,4,7
20251126-R4-C8,20251126,VINCENNES,2025-11-26 19:46:00,2850,,TROT_ATTELE,True,16,4,8
20251126-R6-C5,20251126,SOLVALLA,2025-11-26 19:51:00,2140,,TROT_ATTELE,True,9,6,5
20251126-R6-C6,20251126,SOLVALLA,2025-11-26 20:13:00,2140,,TROT_MONTE,True,10,6,6
20251126-R6-C7,20251126,SOLVALLA,2025-11-26 20:41:00,2140,,TROT_ATTELE,True,12,6,7
20251126-R6-C8,20251126,SOLVALLA,2025-11-26 21:03:00,2140,,TROT_ATTELE,True,10,6,8
20251126-R6-C9,20251126,SOLVALLA,2025-11-26 21:26:00,1640,,TROT_ATTELE,True,12,6,9
20251126-R6-C10,20251126,SOLVALLA,2025-11-26 21:51:00,1640,,TROT_ATTELE,True,12,6,10
20251127-R1-C1,20251127,VINCENNES,2025-11-27 13:55:00,2100,,TROT_ATTELE,True,16,1,1
20251127-R1-C2,20251127,VINCENNES,2025-11-27 14:30:00,2200,,TROT_MONTE,True,14,1,2
20251127-R1-C3,20251127,VINCENNES,2025-11-27 15:08:00,2850,,TROT_ATTELE,True,12,1,3
20251127-R1-C4,20251127,VINCENNES,2025-11-27 15:43:00,2700,,TROT_MONTE,True,11,1,4
20251127-R1-C5,20251127,VINCENNES,2025-11-27 16:17:00,2100,,TROT_ATTELE,True,14,1,5
20251127-R1-C6,20251127,VINCENNES,2025-11-27 16:50:00,2700,,TROT_ATTELE,True,11,1,6
20251127-R1-C7,20251127,VINCENNES,2025-11-27 17:25:00,2850,,TROT_MONTE,True,7,1,7
20251127-R1-C8,20251127,VINCENNES,2025-11-27 18:02:00,2700,,TROT_ATTELE,True,16,1,8
20251127-R2-C1,20251127,KARLSHORST,2025-11-27 11:07:00,2000,,TROT_ATTELE,True,8,2,1
20251127-R2-C2,20251127,KARLSHORST,2025-11-27 11:35:00,2000,,TROT_ATTELE,True,10,2,2
20251127-R2-C3,20251127,KARLSHORST,2025-11-27 12:07:00,2000,,TROT_ATTELE,True,11,2,3
20251127-R2-C4,20251127,KARLSHORST,2025-11-27 12:39:00,2000,,TROT_ATTELE,True,10,2,4
20251127-R2-C5,20251127,KARLSHORST,2025-11-27 13:11:00,2000,,TROT_ATTELE,True,10,2,5
20251127-R4-C1,20251127,MAUQUENCHY,2025-11-27 16:34:00,2850,,TROT_MONTE,True,14,4,1
20251127-R4-C2,20251127,MAUQUENCHY,2025-11-27 17:07:00,2850,,TROT_ATTELE,True,16,4,2
20251127-R4-C3,20251127,MAUQUENCHY,2025-11-27 17:43:00,2850,,TROT_ATTELE,True,16,4,3
20251127-R4-C4,20251127,MAUQUENCHY,2025-11-27 18:20:00,2850,,TROT_ATTELE,True,18,4,4
20251127-R4-C5,20251127,MAUQUENCHY,2025-11-27 18:55:00,2850,,TROT_ATTELE,True,14,4,5
20251127-R4-C6,20251127,MAUQUENCHY,2025-11-27 19:27:00,2850,,TROT_ATTELE,True,14,4,6
20251127-R4-C7,20251127,MAUQUENCHY,2025-11-27 20:02:00,2850,,TROT_ATTELE,True,12,4,7
20251127-R4-C8,20251127,MAUQUENCHY,2025-11-27 20:34:00,2850,,TROT_ATTELE,True,11,4,8
20251127-R5-C2,20251127,WOLVEGA,2025-11-27 18:37:00,2600,,TROT_ATTELE,True,14,5,2
20251127-R5-C3,20251127,WOLVEGA,2025-11-27 19:11:00,2100,,TROT_ATTELE,True,11,5,3
20251127-R5-C4,20251127,WOLVEGA,2025-11-27 19:46:00,3100,,TROT_ATTELE,True,9,5,4
20251127-R5-C5,20251127,WOLVEGA,2025-11-27 20:17:00,2100,,TROT_ATTELE,True,8,5,5
20251127-R5-C6,20251127,WOLVEGA,2025-11-27 20:50:00,2100,,TROT_ATTELE,True,8,5,6
20251127-R5-C7,20251127,WOLVEGA,2025-11-27 21:15:00,2100,,TROT_ATTELE,True,10,5,7
20251127-R5-C8,20251127,WOLVEGA,2025-11-27 21:40:00,2100,,TROT_ATTELE,True,8,5,8
20251127-R5-C9,20251127,WOLVEGA,2025-11-27 22:05:00,2100,,TROT_ATTELE,True,7,5,9
20251128-R1-C1,20251128,VINCENNES,2025-11-28 18:23:00,2700,,TROT_ATTELE,True,11,1,1
20251128-R1-C2,20251128,VINCENNES,2025-11-28 18:58:00,2850,,TROT_ATTELE,True,13,1,2
20251128-R1-C3,20251128,VINCENNES,2025-11-28 19:33:00,2850,,TROT_ATTELE,True,13,1,3
20251128-R1-C4,20251128,VINCENNES,2025-11-28 20:15:00,2100,,TROT_ATTELE,True,15,1,4
20251128-R1-C5,20251128,VINCENNES,2025-11-28 20:50:00,2175,,TROT_ATTELE,True,15,1,5
20251128-R1-C6,20251128,VINCENNES,2025-11-28 21:18:00,2175,,TROT_ATTELE,True,9,1,6
20251128-R1-C7,20251128,VINCENNES,2025-11-28 21:46:00,2100,,TROT_ATTELE,True,15,1,7
20251128-R1-C8,20251128,VINCENNES,2025-11-28 22:11:00,2200,,TROT_MONTE,True,11,1,8
20251129-R1-C1,20251129,VINCENNES,2025-11-29 13:24:00,2700,,TROT_MONTE,True,11,1,1
20251129-R1-C2,20251129,VINCENNES,2025-11-29 13:58:00,2700,,TROT_ATTELE,True,9,1,2
20251129-R1-C3,20251129,VINCENNES,2025-11-29 14:33:00,2175,,TROT_MONTE,True,10,1,3
20251129-R1-C4,20251129,VINCENNES,2025-11-29 15:15:00,2850,,TROT_ATTELE,True,16,1,4
20251129-R1-C5,20251129,VINCENNES,2025-11-29 15:50:00,2700,,TROT_ATTELE,True,10,1,5
20251129-R1-C6,20251129,VINCENNES,2025-11-29 16:26:00,2700,,TROT_ATTELE,True,16,1,6
20251129-R1-C7,20251129,VINCENNES,2025-11-29 17:01:00,2700,,TROT_ATTELE,True,11,1,7
20251129-R1-C8,20251129,VINCENNES,2025-11-29 17:39:00,2850,,TROT_ATTELE,True,13,1,8
20251129-R1-C9,20251129,VINCENNES,2025-11-29 18:12:00,2700,,TROT_ATTELE,True,16,1,9
20251129-R5-C1,20251129,PONT DE VIVAUX,2025-11-29 17:45:00,2650,,TROT_ATTELE,True,13,5,1
20251129-R5-C2,20251129,PONT DE VIVAUX,2025-11-29 18:15:00,2650,,TROT_MONTE,True,8,5,2
20251129-R5-C3,20251129,PONT DE VIVAUX,2025-11-29 18:45:00,2650,,TROT_ATTELE,True,14,5,3
20251129-R5-C4,20251129,PONT DE VIVAUX,2025-11-29 19:18:00,2650,,TROT_ATTELE,True,16,5,4
20251129-R5-C5,20251129,PONT DE VIVAUX,2025-11-29 19:50:00,2650,,TROT_ATTELE,True,16,5,5
20251129-R5-C6,20251129,PONT DE VIVAUX,2025-11-29 20:24:00,2650,,TROT_ATTELE,True,15,5,6
20251129-R5-C7,20251129,PONT DE VIVAUX,2025-11-29 20:49:00,2650,,TROT_ATTELE,True,15,5,7
20251130-R1-C1,20251130,VINCENNES,2025-11-30 13:28:00,2850,,TROT_ATTELE,True,16,1,1
20251130-R1-C2,20251130,VINCENNES,2025-11-30 14:02:00,2175,,TROT_MONTE,True,10,1,2
20251130-R1-C3,20251130,VINCENNES,2025-11-30 14:35:00,2850,,TROT_ATTELE,True,10,1,3
20251130-R1-C4,20251130,VINCENNES,2025-11-30 15:15:00,2850,,TROT_ATTELE,True,18,1,4
20251130-R1-C5,20251130,VINCENNES,2025-11-30 15:58:00,2850,,TROT_ATTELE,True,13,1,5
20251130-R1-C6,20251130,VINCENNES,2025-11-30 16:32:00,2850,,TROT_ATTELE,True,13,1,6
20251130-R1-C7,20251130,VINCENNES,2025-11-30 17:06:00,2850,,TROT_ATTELE,True,14,1,7
20251130-R1-C8,20251130,VINCENNES,2025-11-30 17:40:00,2700,,TROT_MONTE,True,12,1,8
20251130-R1-C9,20251130,VINCENNES,2025-11-30 18:15:00,2700,,TROT_ATTELE,True,16,1,9
20251130-R5-C1,20251130,BEAUMONT DE LOMAGNE,2025-11-30 11:26:00,2550,,TROT_MONTE,True,10,5,1
20251130-R5-C2,20251130,BEAUMONT DE LOMAGNE,2025-11-30 11:59:00,2550,,TROT_ATTELE,True,18,5,2
20251130-R5-C3,20251130,BEAUMONT DE LOMAGNE,2025-11-30 12:35:00,2400,,TROT_ATTELE,True,12,5,3
20251130-R5-C4,20251130,BEAUMONT DE LOMAGNE,2025-11-30 13:10:00,2550,,TROT_ATTELE,True,18,5,4
20251130-R5-C5,20251130,BEAUMONT DE LOMAGNE,2025-11-30 13:45:00,2550,,TROT_ATTELE,True,18,5,5
20251130-R5-C6,20251130,BEAUMONT DE LOMAGNE,2025-11-30 14:18:00,2400,,TROT_ATTELE,True,16,5,6
20251130-R5-C7,20251130,BEAUMONT DE LOMAGNE,2025-11-30 14:53:00,2400,,TROT_ATTELE,True,14,5,7
20251130-R5-C8,20251130,BEAUMONT DE LOMAGNE,2025-11-30 15:34:00,2550,,TROT_ATTELE,True,15,5,8
20251130-R10-C1,20251130,LYON-PARILLY,2025-11-30 12:00:00,2100,,TROT_ATTELE,True,12,10,1
20251130-R10-C2,20251130,LYON-PARILLY,2025-11-30 12:30:00,2850,,TROT_ATTELE,True,14,10,2
20251130-R10-C3,20251130,LYON-PARILLY,2025-11-30 13:00:00,2850,,TROT_ATTELE,True,14,10,3
20251130-R10-C4,20251130,LYON-PARILLY,2025-11-30 13:30:00,2600,,TROT_ATTELE,True,11,10,4
20251130-R10-C5,20251130,LYON-PARILLY,2025-11-30 14:00:00,2600,,TROT_ATTELE,True,16,10,5
20251130-R10-C6,20251130,LYON-PARILLY,2025-11-30 14:45:00,2600,,TROT_ATTELE,True,16,10,6
20251130-R10-C7,20251130,LYON-PARILLY,2025-11-30 15:15:00,2850,,TROT_ATTELE,True,8,10,7
20251130-R10-C8,20251130,LYON-PARILLY,2025-11-30 15:45:00,2600,,TROT_ATTELE,True,16,10,8
20251130-R10-C9,20251130,LYON-PARILLY,2025-11-30 16:15:00,2600,,TROT_ATTELE,True,16,10,9
20251201-R1-C1,20251201,VINCENNES,2025-12-01 13:55:00,2100,,TROT_ATTELE,True,16,1,1
20251201-R1-C2,20251201,VINCENNES,2025-12-01 14:25:00,2200,,TROT_MONTE,True,16,1,2
20251201-R1-C3,20251201,VINCENNES,2025-12-01 14:56:00,2700,,TROT_ATTELE,True,11,1,3
20251201-R1-C4,20251201,VINCENNES,2025-12-01 15:26:00,2175,,TROT_MONTE,True,9,1,4
20251201-R1-C5,20251201,VINCENNES,2025-12-01 16:15:00,2700,,TROT_ATTELE,True,16,1,5
20251201-R1-C6,20251201,VINCENNES,2025-12-01 16:50:00,2700,,TROT_ATTELE,True,15,1,6
20251201-R1-C7,20251201,VINCENNES,2025-12-01 17:25:00,2700,,TROT_MONTE,True,10,1,7
20251201-R1-C8,20251201,VINCENNES,2025-12-01 18:02:00,2100,,TROT_ATTELE,True,13,1,8
20251201-R2-C1,20251201,JARLSBERG,2025-12-01 11:08:00,1609,,TROT_ATTELE,True,10,2,1
20251201-R2-C2,20251201,JARLSBERG,2025-12-01 11:35:00,2100,,TROT_ATTELE,True,11,2,2
20251201-R2-C3,20251201,JARLSBERG,2025-12-01 12:07:00,1609,,TROT_ATTELE,True,12,2,3
20251201-R2-C4,20251201,JARLSBERG,2025-12-01 12:39:00,2100,,TROT_ATTELE,True,11,2,4
20251201-R2-C5,20251201,JARLSBERG,2025-12-01 13:11:00,2100,,TROT_ATTELE,True,12,2,5
20251201-R7-C1,20251201,NANTES,2025-12-01 12:45:00,2275,,TROT_ATTELE,True,13,7,1
20251201-R7-C2,20251201,NANTES,2025-12-01 13:15:00,3000,,TROT_ATTELE,True,16,7,2
20251201-R7-C3,20251201,NANTES,2025-12-01 13:45:00,3000,,TROT_MONTE,True,14,7,3
20251201-R7-C4,20251201,NANTES,2025-12-01 14:15:00,3000,,TROT_ATTELE,True,16,7,4
20251201-R7-C5,20251201,NANTES,2025-12-01 14:45:00,3000,,TROT_ATTELE,True,16,7,5
20251201-R7-C6,20251201,NANTES,2025-12-01 15:15:00,3000,,TROT_ATTELE,True,13,7,6
20251201-R7-C7,20251201,NANTES,2025-12-01 15:45:00,3000,,TROT_ATTELE,True,13,7,7
20251201-R7-C8,20251201,NANTES,2025-12-01 16:15:00,3000,,TROT_ATTELE,True,16,7,8
20251202-R2-C1,20251202,SON PARDO,2025-12-02 11:10:00,2650,,TROT_ATTELE,True,11,2,1
20251202-R2-C2,20251202,SON PARDO,2025-12-02 11:41:00,2650,,TROT_ATTELE,True,11,2,2
20251202-R2-C3,20251202,SON PARDO,2025-12-02 12:08:00,2150,,TROT_ATTELE,True,8,2,3
20251202-R2-C4,20251202,SON PARDO,2025-12-02 12:39:00,2150,,TROT_ATTELE,True,12,2,4
20251202-R2-C5,20251202,SON PARDO,2025-12-02 13:11:00,2150,,TROT_ATTELE,True,16,2,5
20251202-R4-C1,20251202,MAUQUENCHY,2025-12-02 16:32:00,2850,,TROT_ATTELE,True,14,4,1
20251202-R4-C2,20251202,MAUQUENCHY,2025-12-02 17:08:00,2850,,TROT_ATTELE,True,18,4,2
20251202-R4-C3,20251202,MAUQUENCHY,2025-12-02 17:42:00,2850,,TROT_ATTELE,True,18,4,3
20251202-R4-C4,20251202,MAUQUENCHY,2025-12-02 18:20:00,2850,,TROT_ATTELE,True,18,4,4
20251202-R4-C5,20251202,MAUQUENCHY,2025-12-02 18:55:00,2850,,TROT_MONTE,True,12,4,5
20251202-R4-C6,20251202,MAUQUENCHY,2025-12-02 19:27:00,2850,,TROT_ATTELE,True,14,4,6
20251202-R4-C7,20251202,MAUQUENCHY,2025-12-02 20:04:00,2850,,TROT_MONTE,True,13,4,7
20251202-R4-C8,20251202,MAUQUENCHY,2025-12-02 20:36:00,2850,,TROT_ATTELE,True,14,4,8
20251202-R5-C2,20251202,MONS (GHLIN),2025-12-02 18:37:00,2300,,TROT_ATTELE,True,15,5,2
20251202-R5-C3,20251202,MONS (GHLIN),2025-12-02 19:11:00,2300,,TROT_ATTELE,True,12,5,3
20251202-R5-C4,20251202,MONS (GHLIN),2025-12-02 19:49:00,2300,,TROT_ATTELE,True,12,5,4
20251202-R5-C5,20251202,MONS (GHLIN),2025-12-02 20:19:00,2840,,TROT_ATTELE,True,11,5,5
20251202-R5-C6,20251202,MONS (GHLIN),2025-12-02 20:52:00,2300,,TROT_ATTELE,True,11,5,6
20251202-R5-C7,20251202,MONS (GHLIN),2025-12-02 21:22:00,2300,,TROT_ATTELE,True,11,5,7
20251202-R5-C8,20251202,MONS (GHLIN),2025-12-02 21:53:00,2300,,TROT_ATTELE,True,9,5,8
20251202-R5-C9,20251202,MONS (GHLIN),2025-12-02 22:20:00,2300,,TROT_ATTELE,True,11,5,9
20251202-R5-C10,20251202,MONS (GHLIN),2025-12-02 22:51:00,1750,,TROT_ATTELE,True,11,5,10
20251203-R1-C1,20251203,VINCENNES,2025-12-03 13:55:00,2100,,TROT_ATTELE,True,16,1,1
20251203-R1-C2,20251203,VINCENNES,2025-12-03 14:30:00,2200,,TROT_ATTELE,True,14,1,2
20251203-R1-C3,20251203,VINCENNES,2025-12-03 15:05:00,2100,,TROT_ATTELE,True,16,1,3
20251203-R1-C4,20251203,VINCENNES,2025-12-03 15:40:00,2200,,TROT_ATTELE,True,14,1,4
20251203-R1-C5,20251203,VINCENNES,2025-12-03 16:15:00,2700,,TROT_ATTELE,True,16,1,5
20251203-R1-C6,20251203,VINCENNES,2025-12-03 16:50:00,2175,,TROT_MONTE,True,13,1,6
20251203-R1-C7,20251203,VINCENNES,2025-12-03 17:25:00,2700,,TROT_ATTELE,True,12,1,7
20251203-R1-C8,20251203,VINCENNES,2025-12-03 18:02:00,2850,,TROT_ATTELE,True,14,1,8
20251203-R6-C1,20251203,SOLVALLA,2025-12-03 18:15:00,2140,,TROT_ATTELE,True,11,6,1
20251203-R6-C2,20251203,SOLVALLA,2025-12-03 18:39:00,2140,,TROT_ATTELE,True,12,6,2
20251203-R6-C3,20251203,SOLVALLA,2025-12-03 19:03:00,2140,,TROT_ATTELE,True,11,6,3
20251203-R6-C4,20251203,SOLVALLA,2025-12-03 19:27:00,2640,,TROT_ATTELE,True,8,6,4
20251203-R6-C5,20251203,SOLVALLA,2025-12-03 19:51:00,2140,,TROT_ATTELE,True,11,6,5
20251203-R6-C6,20251203,SOLVALLA,2025-12-03 20:13:00,2140,,TROT_ATTELE,True,11,6,6
20251203-R6-C7,20251203,SOLVALLA,2025-12-03 20:41:00,2140,,TROT_ATTELE,True,10,6,7
20251203-R6-C8,20251203,SOLVALLA,2025-12-03 21:03:00,2140,,TROT_ATTELE,True,12,6,8
20251203-R6-C9,20251203,SOLVALLA,2025-12-03 21:26:00,1640,,TROT_ATTELE,True,12,6,9
20251203-R6-C10,20251203,SOLVALLA,2025-12-03 21:51:00,2140,,TROT_ATTELE,True,12,6,10
20251204-R1-C1,20251204,VINCENNES,2025-12-04 13:55:00,2100,,TROT_ATTELE,True,13,1,1
20251204-R1-C2,20251204,VINCENNES,2025-12-04 14:33:00,2700,,TROT_ATTELE,True,15,1,2
20251204-R1-C3,20251204,VINCENNES,2025-12-04 15:08:00,2700,,TROT_ATTELE,True,15,1,3
20251204-R1-C4,20251204,VINCENNES,2025-12-04 15:42:00,2700,,TROT_ATTELE,True,15,1,4
20251204-R1-C5,20251204,VINCENNES,2025-12-04 16:20:00,2850,,TROT_ATTELE,True,14,1,5
20251204-R1-C6,20251204,VINCENNES,2025-12-04 16:53:00,2850,,TROT_ATTELE,True,16,1,6
20251204-R1-C7,20251204,VINCENNES,2025-12-04 17:31:00,2100,,TROT_ATTELE,True,15,1,7
20251204-R1-C8,20251204,VINCENNES,2025-12-04 18:05:00,2700,,TROT_MONTE,True,14,1,8
20251204-R2-C1,20251204,MUNICH-DAGLFING,2025-12-04 11:10:00,2100,,TROT_ATTELE,True,10,2,1
20251204-R2-C2,20251204,MUNICH-DAGLFING,2025-12-04 11:35:00,1609,,TROT_ATTELE,True,11,2,2
20251204-R2-C3,20251204,MUNICH-DAGLFING,2025-12-04 12:07:00,2100,,TROT_ATTELE,True,11,2,3
20251204-R2-C4,20251204,MUNICH-DAGLFING,2025-12-04 12:39:00,2600,,TROT_ATTELE,True,9,2,4
20251204-R2-C5,20251204,MUNICH-DAGLFING,2025-12-04 13:11:00,2100,,TROT_ATTELE,True,10,2,5
20251204-R4-C1,20251204,PONT DE VIVAUX,2025-12-04 16:36:00,2650,,TROT_MONTE,True,15,4,1
20251204-R4-C2,20251204,PONT DE VIVAUX,2025-12-04 17:09:00,2650,,TROT_ATTELE,True,15,4,2
20251204-R4-C3,20251204,PONT DE VIVAUX,2025-12-04 17:45:00,2650,,TROT_ATTELE,True,16,4,3
20251204-R4-C4,20251204,PONT DE VIVAUX,2025-12-04 18:21:00,2650,,TROT_ATTELE,True,16,4,4
20251204-R4-C5,20251204,PONT DE VIVAUX,2025-12-04 18:57:00,2650,,TROT_ATTELE,True,16,4,5
20251204-R4-C6,20251204,PONT DE VIVAUX,2025-12-04 19:31:00,2650,,TROT_ATTELE,True,16,4,6
20251204-R4-C7,20251204,PONT DE VIVAUX,2025-12-04 20:05:00,2650,,TROT_ATTELE,True,16,4,7
20251204-R4-C8,20251204,PONT DE VIVAUX,2025-12-04 20:36:00,2650,,TROT_ATTELE,True,10,4,8
20251205-R1-C1,20251205,VINCENNES,2025-12-05 18:23:00,2100,,TROT_ATTELE,True,16,1,1
20251205-R1-C2,20251205,VINCENNES,2025-12-05 18:58:00,2100,,TROT_ATTELE,True,16,1,2
20251205-R1-C3,20251205,VINCENNES,2025-12-05 19:33:00,2700,,TROT_ATTELE,True,16,1,3
20251205-R1-C4,20251205,VINCENNES,2025-12-05 20:15:00,2100,,TROT_ATTELE,True,16,1,4
20251205-R1-C5,20251205,VINCENNES,2025-12-05 20:43:00,2700,,TROT_ATTELE,True,14,1,5
20251205-R1-C6,20251205,VINCENNES,2025-12-05 21:11:00,2700,,TROT_MONTE,True,17,1,6
20251205-R1-C7,20251205,VINCENNES,2025-12-05 21:39:00,2700,,TROT_ATTELE,True,12,1,7
20251205-R1-C8,20251205,VINCENNES,2025-12-05 22:04:00,2175,,TROT_MONTE,True,8,1,8
20251205-R2-C1,20251205,SAINT BRIEUC,2025-12-05 11:46:00,3150,,TROT_ATTELE,True,16,2,1
20251205-R2-C2,20251205,SAINT BRIEUC,2025-12-05 12:19:00,2575,,TROT_ATTELE,True,11,2,2
20251205-R2-C3,20251205,SAINT BRIEUC,2025-12-05 12:52:00,3150,,TROT_MONTE,True,16,2,3
20251205-R2-C4,20251205,SAINT BRIEUC,2025-12-05 13:25:00,3150,,TROT_ATTELE,True,15,2,4
20251205-R2-C5,20251205,SAINT BRIEUC,2025-12-05 14:00:00,3150,,TROT_ATTELE,True,18,2,5
20251205-R2-C6,20251205,SAINT BRIEUC,2025-12-05 14:35:00,3150,,TROT_ATTELE,True,18,2,6
20251205-R2-C7,20251205,SAINT BRIEUC,2025-12-05 15:10:00,3150,,TROT_ATTELE,True,12,2,7
20251205-R2-C8,20251205,SAINT BRIEUC,2025-12-05 15:45:00,3150,,TROT_ATTELE,True,17,2,8
20251206-R1-C1,20251206,VINCENNES,2025-12-06 13:23:00,2700,,TROT_MONTE,True,11,1,1
20251206-R1-C2,20251206,VINCENNES,2025-12-06 13:58:00,2100,,TROT_ATTELE,True,12,1,2
20251206-R1-C3,20251206,VINCENNES,2025-12-06 14:33:00,2100,,TROT_ATTELE,True,16,1,3
20251206-R1-C4,20251206,VINCENNES,2025-12-06 15:15:00,2700,,TROT_ATTELE,True,14,1,4
20251206-R1-C5,20251206,VINCENNES,2025-12-06 15:50:00,2850,,TROT_ATTELE,True,14,1,5
20251206-R1-C6,20251206,VINCENNES,2025-12-06 16:25:00,2700,,TROT_ATTELE,True,13,1,6
20251206-R1-C7,20251206,VINCENNES,2025-12-06 17:00:00,2700,,TROT_ATTELE,True,10,1,7
20251206-R1-C8,20251206,VINCENNES,2025-12-06 17:35:00,2100,,TROT_ATTELE,True,16,1,8
20251206-R1-C9,20251206,VINCENNES,2025-12-06 18:10:00,2175,,TROT_MONTE,True,13,1,9
20251206-R5-C2,20251206,WOLVEGA,2025-12-06 18:44:00,2600,,TROT_ATTELE,True,10,5,2
20251206-R5-C3,20251206,WOLVEGA,2025-12-06 19:18:00,2100,,TROT_ATTELE,True,9,5,3
20251206-R5-C4,20251206,WOLVEGA,2025-12-06 19:50:00,2600,,TROT_ATTELE,True,8,5,4
20251206-R5-C5,20251206,WOLVEGA,2025-12-06 20:22:00,2600,,TROT_ATTELE,True,8,5,5
20251206-R5-C6,20251206,WOLVEGA,2025-12-06 20:52:00,1609,,TROT_ATTELE,True,8,5,6
20251206-R5-C7,20251206,WOLVEGA,2025-12-06 21:23:00,2100,,TROT_ATTELE,True,9,5,7
20251206-R5-C8,20251206,WOLVEGA,2025-12-06 21:45:00,1609,,TROT_ATTELE,True,6,5,8
20251206-R9-C1,20251206,CABOURG,2025-12-06 12:00:00,2750,,TROT_ATTELE,True,12,9,1
20251206-R9-C2,20251206,CABOURG,2025-12-06 12:30:00,2750,,TROT_ATTELE,True,12,9,2
20251206-R9-C3,20251206,CABOURG,2025-12-06 13:00:00,2750,,TROT_ATTELE,True,16,9,3
20251206-R9-C4,20251206,CABOURG,2025-12-06 13:30:00,2750,,TROT_ATTELE,True,16,9,4
20251206-R9-C5,20251206,CABOURG,2025-12-06 14:00:00,2750,,TROT_ATTELE,True,12,9,5
20251206-R9-C6,20251206,CABOURG,2025-12-06 14:30:00,2750,,TROT_ATTELE,True,12,9,6
20251206-R9-C7,20251206,CABOURG,2025-12-06 15:00:00,2750,,TROT_MONTE,True,16,9,7
20251206-R9-C8,20251206,CABOURG,2025-12-06 15:30:00,2750,,TROT_ATTELE,True,16,9,8
20251206-R9-C9,20251206,CABOURG,2025-12-06 16:00:00,2750,,TROT_MONTE,True,16,9,9
20251207-R1-C1,20251207,VINCENNES,2025-12-07 13:24:00,2700,,TROT_MONTE,True,12,1,1
20251207-R1-C2,20251207,VINCENNES,2025-12-07 14:01:00,2700,,TROT_ATTELE,True,14,1,2
20251207-R1-C3,20251207,VINCENNES,2025-12-07 14:38:00,2100,,TROT_ATTELE,True,14,1,3
20251207-R1-C4,20251207,VINCENNES,2025-12-07 15:16:00,2850,,TROT_ATTELE,True,18,1,4
20251207-R1-C5,20251207,VINCENNES,2025-12-07 15:55:00,2850,,TROT_ATTELE,True,13,1,5
20251207-R1-C6,20251207,VINCENNES,2025-12-07 16:30:00,2100,,TROT_ATTELE,True,10,1,6
20251207-R1-C7,20251207,VINCENNES,2025-12-07 17:04:00,2850,,TROT_ATTELE,True,15,1,7
20251207-R1-C8,20251207,VINCENNES,2025-12-07 17:37:00,2700,,TROT_ATTELE,True,10,1,8
20251207-R1-C9,20251207,VINCENNES,2025-12-07 18:10:00,2850,,TROT_MONTE,True,10,1,9
20251207-R10-C1,20251207,LAVAL,2025-12-07 13:55:00,2850,,TROT_MONTE,True,14,10,1
20251207-R10-C2,20251207,LAVAL,2025-12-07 14:27:00,2050,,TROT_ATTELE,True,14,10,2
20251207-R10-C3,20251207,LAVAL,2025-12-07 14:55:00,2850,,TROT_ATTELE,True,16,10,3
20251207-R10-C4,20251207,LAVAL,2025-12-07 15:25:00,2850,,TROT_ATTELE,True,16,10,4
20251207-R10-C5,20251207,LAVAL,2025-12-07 15:55:00,2850,,TROT_ATTELE,True,18,10,5
20251207-R10-C6,20251207,LAVAL,2025-12-07 16:25:00,2050,,TROT_ATTELE,True,16,10,6
20251207-R10-C7,20251207,LAVAL,2025-12-07 16:55:00,2050,,TROT_ATTELE,True,16,10,7
20251208-R2-C1,20251208,ANGERS,2025-12-08 11:42:00,2425,,TROT_MONTE,True,16,2,1
20251208-R2-C2,20251208,ANGERS,2025-12-08 12:18:00,2350,,TROT_ATTELE,True,13,2,2
20251208-R2-C3,20251208,ANGERS,2025-12-08 12:56:00,2350,,TROT_ATTELE,True,16,2,3
20251208-R2-C4,20251208,ANGERS,2025-12-08 13:28:00,2350,,TROT_ATTELE,True,16,2,4
20251208-R2-C5,20251208,ANGERS,2025-12-08 14:15:00,2350,,TROT_ATTELE,True,16,2,5
20251208-R2-C6,20251208,ANGERS,2025-12-08 14:50:00,2350,,TROT_ATTELE,True,16,2,6
20251208-R2-C7,20251208,ANGERS,2025-12-08 15:25:00,2350,,TROT_ATTELE,True,15,2,7
20251208-R2-C8,20251208,ANGERS,2025-12-08 15:58:00,3125,,TROT_ATTELE,True,10,2,8
20251208-R3-C1,20251208,CABOURG,2025-12-08 16:35:00,2750,,TROT_ATTELE,True,16,3,1
20251208-R3-C2,20251208,CABOURG,2025-12-08 17:10:00,2750,,TROT_ATTELE,True,16,3,2
20251208-R3-C3,20251208,CABOURG,2025-12-08 17:45:00,2750,,TROT_MONTE,True,12,3,3
20251208-R3-C4,20251208,CABOURG,2025-12-08 18:20:00,2750,,TROT_ATTELE,True,14,3,4
20251208-R3-C5,20251208,CABOURG,2025-12-08 18:55:00,2750,,TROT_ATTELE,True,16,3,5
20251208-R3-C6,20251208,CABOURG,2025-12-08 19:29:00,2750,,TROT_ATTELE,True,14,3,6
20251208-R3-C7,20251208,CABOURG,2025-12-08 20:03:00,2750,,TROT_ATTELE,True,12,3,7
20251208-R3-C8,20251208,CABOURG,2025-12-08 20:35:00,2750,,TROT_MONTE,True,12,3,8
20251208-R6-C1,20251208,LE BOUSCAT,2025-12-08 13:15:00,2650,,TROT_ATTELE,True,14,6,1
20251208-R6-C2,20251208,LE BOUSCAT,2025-12-08 13:45:00,2550,,TROT_ATTELE,True,16,6,2
20251208-R6-C3,20251208,LE BOUSCAT,2025-12-08 14:15:00,2550,,TROT_ATTELE,True,15,6,3
20251208-R6-C4,20251208,LE BOUSCAT,2025-12-08 14:45:00,2650,,TROT_ATTELE,True,14,6,4
20251208-R6-C5,20251208,LE BOUSCAT,2025-12-08 15:15:00,2650,,TROT_ATTELE,True,17,6,5
20251208-R6-C6,20251208,LE BOUSCAT,2025-12-08 15:55:00,2550,,TROT_ATTELE,True,16,6,6
20251208-R6-C7,20251208,LE BOUSCAT,2025-12-08 16:25:00,2675,,TROT_ATTELE,True,10,6,7
20251208-R7-C1,20251208,LE CROISE LAROCHE,2025-12-08 18:30:00,2700,,TROT_ATTELE,True,13,7,1
20251208-R7-C2,20251208,LE CROISE LAROCHE,2025-12-08 19:00:00,2825,,TROT_MONTE,True,14,7,2
20251208-R7-C3,20251208,LE CROISE LAROCHE,2025-12-08 19:30:00,2700,,TROT_ATTELE,True,16,7,3
20251208-R7-C4,20251208,LE CROISE LAROCHE,2025-12-08 20:00:00,2700,,TROT_ATTELE,True,16,7,4
20251208-R7-C5,20251208,LE CROISE LAROCHE,2025-12-08 20:30:00,2700,,TROT_ATTELE,True,15,7,5
20251208-R7-C6,20251208,LE CROISE LAROCHE,2025-12-08 21:00:00,2700,,TROT_ATTELE,True,16,7,6
20251208-R7-C7,20251208,LE CROISE LAROCHE,2025-12-08 21:30:00,2825,,TROT_ATTELE,True,12,7,7
20251209-R3-C1,20251209,VINCENNES,2025-12-09 16:03:00,2850,,TROT_MONTE,True,11,3,1
20251209-R3-C2,20251209,VINCENNES,2025-12-09 16:41:00,2850,,TROT_ATTELE,True,10,3,2
20251209-R3-C3,20251209,VINCENNES,2025-12-09 17:14:00,2850,,TROT_ATTELE,True,13,3,3
20251209-R3-C4,20251209,VINCENNES,2025-12-09 17:49:00,2100,,TROT_ATTELE,True,17,3,4
20251209-R3-C5,20251209,VINCENNES,2025-12-09 18:23:00,2700,,TROT_MONTE,True,15,3,5
20251209-R3-C6,20251209,VINCENNES,2025-12-09 18:57:00,2850,,TROT_ATTELE,True,14,3,6
20251209-R3-C7,20251209,VINCENNES,2025-12-09 19:29:00,2200,,TROT_MONTE,True,15,3,7
20251209-R3-C8,20251209,VINCENNES,2025-12-09 20:01:00,2200,,TROT_ATTELE,True,13,3,8
20251209-R4-C1,20251209,AMIENS,2025-12-09 16:57:00,2400,,TROT_ATTELE,True,14,4,1
20251209-R4-C2,20251209,AMIENS,2025-12-09 17:32:00,2400,,TROT_ATTELE,True,11,4,2
20251209-R4-C3,20251209,AMIENS,2025-12-09 18:05:00,2400,,TROT_ATTELE,True,8,4,3
20251209-R4-C4,20251209,AMIENS,2025-12-09 18:40:00,2900,,TROT_ATTELE,True,10,4,4
20251209-R4-C5,20251209,AMIENS,2025-12-09 19:13:00,2400,,TROT_ATTELE,True,13,4,5
20251209-R4-C6,20251209,AMIENS,2025-12-09 19:45:00,2400,,TROT_ATTELE,True,13,4,6
20251209-R4-C7,20251209,AMIENS,2025-12-09 20:17:00,2400,,TROT_ATTELE,True,7,4,7
20251209-R4-C8,20251209,AMIENS,2025-12-09 20:40:00,2900,,TROT_ATTELE,True,12,4,8
20251210-R1-C1,20251210,VINCENNES,2025-12-10 13:55:00,2700,,TROT_ATTELE,True,16,1,1
20251210-R1-C2,20251210,VINCENNES,2025-12-10 14:31:00,2175,,TROT_MONTE,True,12,1,2
20251210-R1-C3,20251210,VINCENNES,2025-12-10 15:13:00,2200,,TROT_ATTELE,True,10,1,3
20251210-R1-C4,20251210,VINCENNES,2025-12-10 15:49:00,2200,,TROT_MONTE,True,15,1,4
20251210-R1-C5,20251210,VINCENNES,2025-12-10 16:28:00,2850,,TROT_ATTELE,True,11,1,5
20251210-R1-C6,20251210,VINCENNES,2025-12-10 16:58:00,2100,,TROT_ATTELE,True,15,1,6
20251210-R1-C7,20251210,VINCENNES,2025-12-10 17:30:00,2700,,TROT_MONTE,True,11,1,7
20251210-R1-C8,20251210,VINCENNES,2025-12-10 18:04:00,2100,,TROT_ATTELE,True,14,1,8
20251210-R4-C1,20251210,LYON LA SOIE,2025-12-10 16:43:00,2050,,TROT_ATTELE,True,13,4,1
20251210-R4-C2,20251210,LYON LA SOIE,2025-12-10 17:13:00,2050,,TROT_ATTELE,True,10,4,2
20251210-R4-C3,20251210,LYON LA SOIE,2025-12-10 17:46:00,2050,,TROT_ATTELE,True,13,4,3
20251210-R4-C4,20251210,LYON LA SOIE,2025-12-10 18:21:00,2700,,TROT_ATTELE,True,16,4,4
20251210-R4-C5,20251210,LYON LA SOIE,2025-12-10 18:55:00,2700,,TROT_ATTELE,True,12,4,5
20251210-R4-C6,20251210,LYON LA SOIE,2025-12-10 19:30:00,2700,,TROT_ATTELE,True,16,4,6
20251210-R4-C7,20251210,LYON LA SOIE,2025-12-10 20:05:00,2700,,TROT_ATTELE,True,16,4,7
20251210-R4-C8,20251210,LYON LA SOIE,2025-12-10 20:36:00,2700,,TROT_MONTE,True,12,4,8
20251210-R5-C1,20251210,MONS (GHLIN),2025-12-10 18:37:00,2300,,TROT_ATTELE,True,11,5,1
20251210-R5-C2,20251210,MONS (GHLIN),2025-12-10 19:12:00,2300,,TROT_ATTELE,True,9,5,2
20251210-R5-C3,20251210,MONS (GHLIN),2025-12-10 19:46:00,2300,,TROT_ATTELE,True,16,5,3
20251210-R5-C4,20251210,MONS (GHLIN),2025-12-10 20:20:00,2300,,TROT_ATTELE,True,16,5,4
20251210-R5-C5,20251210,MONS (GHLIN),2025-12-10 20:51:00,2300,,TROT_ATTELE,True,14,5,5
20251210-R5-C6,20251210,MONS (GHLIN),2025-12-10 21:18:00,1750,,TROT_ATTELE,True,9,5,6
20251210-R5-C7,20251210,MONS (GHLIN),2025-12-10 21:45:00,2840,,TROT_ATTELE,True,8,5,7
20251210-R5-C8,20251210,MONS (GHLIN),2025-12-10 22:21:00,2300,,TROT_ATTELE,True,10,5,8
20251210-R5-C9,20251210,MONS (GHLIN),2025-12-10 22:45:00,2300,,TROT_ATTELE,True,7,5,9
20251210-R6-C1,20251210,SOLVALLA,2025-12-10 18:15:00,2140,,TROT_ATTELE,True,14,6,1
20251210-R6-C2,20251210,SOLVALLA,2025-12-10 18:39:00,2140,,TROT_ATTELE,True,12,6,2
20251210-R6-C3,20251210,SOLVALLA,2025-12-10 19:03:00,2140,,TROT_ATTELE,True,11,6,3
20251210-R6-C4,20251210,SOLVALLA,2025-12-10 19:29:00,2140,,TROT_ATTELE,True,15,6,4
20251210-R6-C5,20251210,SOLVALLA,2025-12-10 19:51:00,2140,,TROT_ATTELE,True,7,6,5
20251210-R6-C6,20251210,SOLVALLA,2025-12-10 20:13:00,2140,,TROT_ATTELE,True,12,6,6
20251210-R6-C7,20251210,SOLVALLA,2025-12-10 20:41:00,2140,,TROT_ATTELE,True,9,6,7
20251210-R6-C8,20251210,SOLVALLA,2025-12-10 21:03:00,2140,,TROT_ATTELE,True,12,6,8
20251210-R6-C9,20251210,SOLVALLA,2025-12-10 21:26:00,2140,,TROT_ATTELE,True,9,6,9
20251210-R6-C10,20251210,SOLVALLA,2025-12-10 21:51:00,2140,,TROT_ATTELE,True,12,6,10
20251211-R3-C1,20251211,VINCENNES,2025-12-11 16:02:00,2100,,TROT_ATTELE,True,14,3,1
20251211-R3-C2,20251211,VINCENNES,2025-12-11 16:37:00,2700,,TROT_MONTE,True,17,3,2
20251211-R3-C3,20251211,VINCENNES,2025-12-11 17:11:00,2700,,TROT_ATTELE,True,14,3,3
20251211-R3-C4,20251211,VINCENNES,2025-12-11 17:45:00,2700,,TROT_MONTE,True,16,3,4
20251211-R3-C5,20251211,VINCENNES,2025-12-11 18:20:00,2175,,TROT_ATTELE,True,14,3,5
20251211-R3-C6,20251211,VINCENNES,2025-12-11 18:55:00,2700,,TROT_ATTELE,True,10,3,6
20251211-R3-C7,20251211,VINCENNES,2025-12-11 19:33:00,2850,,TROT_ATTELE,True,12,3,7
20251211-R3-C8,20251211,VINCENNES,2025-12-11 20:04:00,2200,,TROT_MONTE,True,14,3,8
20251211-R4-C1,20251211,PONT DE VIVAUX,2025-12-11 16:54:00,2650,,TROT_MONTE,True,14,4,1
20251211-R4-C2,20251211,PONT DE VIVAUX,2025-12-11 17:27:00,2650,,TROT_ATTELE,True,12,4,2
20251211-R4-C3,20251211,PONT DE VIVAUX,2025-12-11 18:02:00,2650,,TROT_ATTELE,True,16,4,3
20251211-R4-C4,20251211,PONT DE VIVAUX,2025-12-11 18:37:00,2650,,TROT_ATTELE,True,16,4,4
20251211-R4-C5,20251211,PONT DE VIVAUX,2025-12-11 19:12:00,2650,,TROT_ATTELE,True,16,4,5
20251211-R4-C6,20251211,PONT DE VIVAUX,2025-12-11 19:48:00,2650,,TROT_ATTELE,True,12,4,6
20251211-R4-C7,20251211,PONT DE VIVAUX,2025-12-11 20:20:00,2650,,TROT_ATTELE,True,16,4,7
20251211-R4-C8,20251211,PONT DE VIVAUX,2025-12-11 20:45:00,2650,,TROT_ATTELE,True,16,4,8
20251212-R1-C1,20251212,VINCENNES,2025-12-12 16:03:00,2200,,TROT_MONTE,True,10,1,1
20251212-R1-C2,20251212,VINCENNES,2025-12-12 16:38:00,2850,,TROT_ATTELE,True,13,1,2
20251212-R1-C3,20251212,VINCENNES,2025-12-12 17:14:00,2175,,TROT_ATTELE,True,11,1,3
20251212-R1-C4,20251212,VINCENNES,2025-12-12 17:49:00,2700,,TROT_ATTELE,True,15,1,4
20251212-R1-C5,20251212,VINCENNES,2025-12-12 18:23:00,2175,,TROT_ATTELE,True,12,1,5
20251212-R1-C6,20251212,VINCENNES,2025-12-12 18:58:00,2700,,TROT_ATTELE,True,12,1,6
20251212-R1-C7,20251212,VINCENNES,2025-12-12 19:33:00,2700,,TROT_ATTELE,True,12,1,7
20251212-R1-C8,20251212,VINCENNES,2025-12-12 20:15:00,2850,,TROT_ATTELE,True,14,1,8
20251212-R2-C1,20251212,SON PARDO,2025-12-12 11:21:00,2650,,TROT_ATTELE,True,9,2,1
20251212-R2-C2,20251212,SON PARDO,2025-12-12 11:54:00,2150,,TROT_ATTELE,True,9,2,2
20251212-R2-C3,20251212,SON PARDO,2025-12-12 12:24:00,2150,,TROT_ATTELE,True,12,2,3
20251212-R2-C4,20251212,SON PARDO,2025-12-12 13:06:00,2650,,TROT_ATTELE,True,9,2,4
20251212-R2-C5,20251212,SON PARDO,2025-12-12 13:35:00,2150,,TROT_ATTELE,True,13,2,5
20251212-R3-C1,20251212,GRAIGNES,2025-12-12 11:36:00,2700,,TROT_ATTELE,True,11,3,1
20251212-R3-C2,20251212,GRAIGNES,2025-12-12 12:10:00,2700,,TROT_MONTE,True,14,3,2
20251212-R3-C3,20251212,GRAIGNES,2025-12-12 12:40:00,2700,,TROT_ATTELE,True,12,3,3
20251212-R3-C4,20251212,GRAIGNES,2025-12-12 13:20:00,2700,,TROT_ATTELE,True,12,3,4
20251212-R3-C5,20251212,GRAIGNES,2025-12-12 13:50:00,2725,,TROT_ATTELE,True,13,3,5
20251212-R3-C6,20251212,GRAIGNES,2025-12-12 14:23:00,2725,,TROT_ATTELE,True,9,3,6
20251212-R3-C7,20251212,GRAIGNES,2025-12-12 14:56:00,2725,,TROT_ATTELE,True,14,3,7
20251212-R3-C8,20251212,GRAIGNES,2025-12-12 15:28:00,2725,,TROT_ATTELE,True,14,3,8
20251212-R5-C3,20251212,WOLVEGA,2025-12-12 18:40:00,2600,,TROT_ATTELE,True,12,5,3
20251212-R5-C4,20251212,WOLVEGA,2025-12-12 19:15:00,1609,,TROT_ATTELE,True,12,5,4
20251212-R5-C5,20251212,WOLVEGA,2025-12-12 19:50:00,2100,,TROT_ATTELE,True,11,5,5
20251212-R5-C6,20251212,WOLVEGA,2025-12-12 20:20:00,2600,,TROT_ATTELE,True,9,5,6
20251212-R5-C7,20251212,WOLVEGA,2025-12-12 20:45:00,2100,,TROT_ATTELE,True,9,5,7
20251212-R5-C8,20251212,WOLVEGA,2025-12-12 21:10:00,2100,,TROT_MONTE,True,8,5,8
20251212-R5-C9,20251212,WOLVEGA,2025-12-12 21:35:00,2600,,TROT_ATTELE,True,8,5,9
20251212-R5-C10,20251212,WOLVEGA,2025-12-12 22:00:00,2600,,TROT_ATTELE,True,7,5,10
20251213-R1-C1,20251213,VINCENNES,2025-12-13 13:23:00,2700,,TROT_ATTELE,True,15,1,1
20251213-R1-C2,20251213,VINCENNES,2025-12-13 14:03:00,2100,,TROT_ATTELE,True,15,1,2
20251213-R1-C3,20251213,VINCENNES,2025-12-13 14:34:00,2700,,TROT_ATTELE,True,12,1,3
20251213-R1-C4,20251213,VINCENNES,2025-12-13 15:15:00,2100,,TROT_ATTELE,True,16,1,4
20251213-R1-C5,20251213,VINCENNES,2025-12-13 15:53:00,2700,,TROT_MONTE,True,14,1,5
20251213-R1-C6,20251213,VINCENNES,2025-12-13 16:29:00,2100,,TROT_ATTELE,True,16,1,6
20251213-R1-C7,20251213,VINCENNES,2025-12-13 17:05:00,2850,,TROT_MONTE,True,13,1,7
20251213-R1-C8,20251213,VINCENNES,2025-12-13 17:41:00,2700,,TROT_ATTELE,True,13,1,8
20251213-R1-C9,20251213,VINCENNES,2025-12-13 18:15:00,2175,,TROT_ATTELE,True,16,1,9
20251213-R2-C1,20251213,KRIEAU (VIENNE),2025-12-13 10:18:00,2600,,TROT_ATTELE,True,6,2,1
20251213-R2-C2,20251213,KRIEAU (VIENNE),2025-12-13 10:45:00,1600,,TROT_ATTELE,True,10,2,2
20251213-R2-C3,20251213,KRIEAU (VIENNE),2025-12-13 11:12:00,2600,,TROT_ATTELE,True,8,2,3
20251213-R2-C4,20251213,KRIEAU (VIENNE),2025-12-13 11:49:00,2100,,TROT_ATTELE,True,12,2,4
20251213-R2-C5,20251213,KRIEAU (VIENNE),2025-12-13 12:17:00,2100,,TROT_ATTELE,True,11,2,5
20251213-R2-C6,20251213,KRIEAU (VIENNE),2025-12-13 12:47:00,2100,,TROT_ATTELE,True,12,2,6
20251213-R3-C1,20251213,LYON-PARILLY,2025-12-13 11:30:00,2000,,TROT_ATTELE,True,13,3,1
20251213-R3-C2,20251213,LYON-PARILLY,2025-12-13 12:03:00,2100,,TROT_ATTELE,True,9,3,2
20251213-R3-C3,20251213,LYON-PARILLY,2025-12-13 12:33:00,2850,,TROT_ATTELE,True,16,3,3
20251213-R3-C4,20251213,LYON-PARILLY,2025-12-13 13:05:00,2600,,TROT_ATTELE,True,13,3,4
20251213-R3-C5,20251213,LYON-PARILLY,2025-12-13 13:42:00,2100,,TROT_ATTELE,True,14,3,5
20251213-R3-C6,20251213,LYON-PARILLY,2025-12-13 14:17:00,2850,,TROT_MONTE,True,13,3,6
20251213-R3-C7,20251213,LYON-PARILLY,2025-12-13 14:50:00,2000,,TROT_ATTELE,True,16,3,7
20251213-R3-C8,20251213,LYON-PARILLY,2025-12-13 15:35:00,2100,,TROT_ATTELE,True,14,3,8
20251213-R5-C1,20251213,CAGNES/MER,2025-12-13 17:10:00,2925,,TROT_ATTELE,True,16,5,1
20251213-R5-C2,20251213,CAGNES/MER,2025-12-13 17:42:00,2925,,TROT_ATTELE,True,12,5,2
20251213-R5-C3,20251213,CAGNES/MER,2025-12-13 18:13:00,2925,,TROT_ATTELE,True,11,5,3
20251213-R5-C4,20251213,CAGNES/MER,2025-12-13 18:46:00,2925,,TROT_ATTELE,True,15,5,4
20251213-R5-C5,20251213,CAGNES/MER,2025-12-13 19:18:00,2150,,TROT_ATTELE,True,10,5,5
20251213-R5-C6,20251213,CAGNES/MER,2025-12-13 19:50:00,2150,,TROT_ATTELE,True,13,5,6
20251213-R5-C7,20251213,CAGNES/MER,2025-12-13 20:21:00,2925,,TROT_ATTELE,True,13,5,7
20251213-R5-C8,20251213,CAGNES/MER,2025-12-13 20:51:00,2150,,TROT_ATTELE,True,14,5,8
20251214-R1-C1,20251214,VINCENNES,2025-12-14 13:23:00,2850,,TROT_ATTELE,True,11,1,1
20251214-R1-C2,20251214,VINCENNES,2025-12-14 13:59:00,2700,,TROT_ATTELE,True,14,1,2
20251214-R1-C3,20251214,VINCENNES,2025-12-14 14:35:00,2700,,TROT_MONTE,True,13,1,3
20251214-R1-C4,20251214,VINCENNES,2025-12-14 15:15:00,2700,,TROT_ATTELE,True,16,1,4
20251214-R1-C5,20251214,VINCENNES,2025-12-14 15:58:00,2700,,TROT_MONTE,True,13,1,5
20251214-R1-C6,20251214,VINCENNES,2025-12-14 16:35:00,2850,,TROT_ATTELE,True,16,1,6
20251214-R1-C7,20251214,VINCENNES,2025-12-14 17:13:00,2700,,TROT_MONTE,True,13,1,7
20251214-R1-C8,20251214,VINCENNES,2025-12-14 17:46:00,2850,,TROT_ATTELE,True,12,1,8
20251214-R1-C9,20251214,VINCENNES,2025-12-14 18:21:00,2100,,TROT_ATTELE,True,9,1,9
20251214-R9-C1,20251214,ARGENTAN,2025-12-14 12:45:00,2150,,TROT_ATTELE,True,14,9,1
20251214-R9-C2,20251214,ARGENTAN,2025-12-14 13:15:00,2150,,TROT_ATTELE,True,16,9,2
20251214-R9-C3,20251214,ARGENTAN,2025-12-14 13:45:00,2150,,TROT_ATTELE,True,16,9,3
20251214-R9-C4,20251214,ARGENTAN,2025-12-14 14:15:00,2875,,TROT_ATTELE,True,18,9,4
20251214-R9-C5,20251214,ARGENTAN,2025-12-14 14:45:00,2150,,TROT_ATTELE,True,15,9,5
20251214-R9-C6,20251214,ARGENTAN,2025-12-14 15:15:00,2150,,TROT_ATTELE,True,16,9,6
20251214-R9-C7,20251214,ARGENTAN,2025-12-14 15:45:00,2800,,TROT_ATTELE,True,16,9,7
20251214-R9-C8,20251214,ARGENTAN,2025-12-14 16:15:00,2875,,TROT_MONTE,True,13,9,8
20251214-R10-C1,20251214,CORDEMAIS,2025-12-14 12:30:00,2825,,TROT_ATTELE,True,14,10,1
20251214-R10-C2,20251214,CORDEMAIS,2025-12-14 13:00:00,2825,,TROT_ATTELE,True,14,10,2
20251214-R10-C3,20251214,CORDEMAIS,2025-12-14 13:30:00,2825,,TROT_ATTELE,True,14,10,3
20251214-R10-C4,20251214,CORDEMAIS,2025-12-14 14:00:00,2825,,TROT_ATTELE,True,14,10,4
20251214-R10-C5,20251214,CORDEMAIS,2025-12-14 14:30:00,2825,,TROT_ATTELE,True,14,10,5
20251214-R10-C6,20251214,CORDEMAIS,2025-12-14 15:00:00,2825,,TROT_ATTELE,True,14,10,6
20251214-R10-C7,20251214,CORDEMAIS,2025-12-14 15:30:00,2825,,TROT_ATTELE,True,18,10,7
20251214-R10-C8,20251214,CORDEMAIS,2025-12-14 16:00:00,2825,,TROT_ATTELE,True,14,10,8
20251214-R10-C9,20251214,CORDEMAIS,2025-12-14 16:30:00,2825,,TROT_ATTELE,True,16,10,9
20251215-R2-C1,20251215,LE MANS,2025-12-15 11:45:00,2950,,TROT_MONTE,True,18,2,1
20251215-R2-C2,20251215,LE MANS,2025-12-15 12:17:00,2850,,TROT_ATTELE,True,16,2,2
20251215-R2-C3,20251215,LE MANS,2025-12-15 12:52:00,2200,,TROT_ATTELE,True,16,2,3
20251215-R2-C4,20251215,LE MANS,2025-12-15 13:27:00,2200,,TROT_ATTELE,True,11,2,4
20251215-R2-C5,20251215,LE MANS,2025-12-15 14:12:00,2950,,TROT_MONTE,True,17,2,5
20251215-R2-C6,20251215,LE MANS,2025-12-15 14:47:00,2950,,TROT_ATTELE,True,18,2,6
20251215-R2-C7,20251215,LE MANS,2025-12-15 15:22:00,2850,,TROT_ATTELE,True,16,2,7
20251215-R2-C8,20251215,LE MANS,2025-12-15 15:57:00,2950,,TROT_ATTELE,True,18,2,8
20251215-R3-C1,20251215,LE CROISE LAROCHE,2025-12-15 16:37:00,2700,,TROT_ATTELE,True,16,3,1
20251215-R3-C2,20251215,LE CROISE LAROCHE,2025-12-15 17:10:00,2700,,TROT_ATTELE,True,16,3,2
20251215-R3-C3,20251215,LE CROISE LAROCHE,2025-12-15 17:45:00,2825,,TROT_ATTELE,True,16,3,3
20251215-R3-C4,20251215,LE CROISE LAROCHE,2025-12-15 18:20:00,2700,,TROT_ATTELE,True,16,3,4
20251215-R3-C5,20251215,LE CROISE LAROCHE,2025-12-15 18:55:00,2825,,TROT_MONTE,True,8,3,5
20251215-R3-C6,20251215,LE CROISE LAROCHE,2025-12-15 19:27:00,2700,,TROT_ATTELE,True,15,3,6
20251215-R3-C7,20251215,LE CROISE LAROCHE,2025-12-15 20:00:00,2700,,TROT_ATTELE,True,16,3,7
20251215-R3-C8,20251215,LE CROISE LAROCHE,2025-12-15 20:33:00,2700,,TROT_ATTELE,True,14,3,8
20251216-R2-C1,20251216,LE BOUSCAT,2025-12-16 11:42:00,2650,,TROT_ATTELE,True,14,2,1
20251216-R2-C2,20251216,LE BOUSCAT,2025-12-16 12:20:00,2650,,TROT_ATTELE,True,16,2,2
20251216-R2-C3,20251216,LE BOUSCAT,2025-12-16 12:54:00,2550,,TROT_ATTELE,True,16,2,3
20251216-R2-C4,20251216,LE BOUSCAT,2025-12-16 13:27:00,2550,,TROT_ATTELE,True,16,2,4
20251216-R2-C5,20251216,LE BOUSCAT,2025-12-16 14:15:00,2650,,TROT_ATTELE,True,18,2,5
20251216-R2-C6,20251216,LE BOUSCAT,2025-12-16 14:52:00,2550,,TROT_ATTELE,True,14,2,6
20251216-R2-C7,20251216,LE BOUSCAT,2025-12-16 15:24:00,2650,,TROT_ATTELE,True,15,2,7
20251216-R2-C8,20251216,LE BOUSCAT,2025-12-16 15:58:00,2550,,TROT_ATTELE,True,14,2,8
20251216-R3-C1,20251216,CABOURG,2025-12-16 16:35:00,2725,,TROT_ATTELE,True,10,3,1
20251216-R3-C2,20251216,CABOURG,2025-12-16 17:12:00,2725,,TROT_ATTELE,True,14,3,2
20251216-R3-C3,20251216,CABOURG,2025-12-16 17:45:00,2725,,TROT_ATTELE,True,14,3,3
20251216-R3-C4,20251216,CABOURG,2025-12-16 18:22:00,2725,,TROT_ATTELE,True,14,3,4
20251216-R3-C5,20251216,CABOURG,2025-12-16 18:55:00,2750,,TROT_ATTELE,True,11,3,5
20251216-R3-C6,20251216,CABOURG,2025-12-16 19:27:00,2750,,TROT_MONTE,True,15,3,6
20251216-R3-C7,20251216,CABOURG,2025-12-16 19:59:00,2750,,TROT_ATTELE,True,13,3,7
20251216-R3-C8,20251216,CABOURG,2025-12-16 20:33:00,2750,,TROT_MONTE,True,14,3,8
20251216-R6-C1,20251216,NANTES,2025-12-16 12:15:00,2275,,TROT_ATTELE,True,13,6,1
20251216-R6-C2,20251216,NANTES,2025-12-16 12:45:00,3000,,TROT_ATTELE,True,12,6,2
20251216-R6-C3,20251216,NANTES,2025-12-16 13:15:00,3000,,TROT_ATTELE,True,11,6,3
20251216-R6-C4,20251216,NANTES,2025-12-16 13:45:00,3000,,TROT_ATTELE,True,16,6,4
20251216-R6-C5,20251216,NANTES,2025-12-16 14:15:00,3000,,TROT_ATTELE,True,15,6,5
20251216-R6-C6,20251216,NANTES,2025-12-16 14:55:00,3000,,TROT_ATTELE,True,15,6,6
20251216-R6-C7,20251216,NANTES,2025-12-16 15:20:00,3000,,TROT_ATTELE,True,16,6,7
20251216-R6-C8,20251216,NANTES,2025-12-16 15:50:00,3000,,TROT_ATTELE,True,16,6,8
20251216-R6-C9,20251216,NANTES,2025-12-16 16:20:00,3000,,TROT_ATTELE,True,16,6,9
20251217-R1-C1,20251217,VINCENNES,2025-12-17 13:55:00,2850,,TROT_ATTELE,True,16,1,1
20251217-R1-C2,20251217,VINCENNES,2025-12-17 14:32:00,2100,,TROT_ATTELE,True,13,1,2
20251217-R1-C3,20251217,VINCENNES,2025-12-17 15:05:00,2700,,TROT_MONTE,True,10,1,3
20251217-R1-C4,20251217,VINCENNES,2025-12-17 15:40:00,2700,,TROT_ATTELE,True,16,1,4
20251217-R1-C5,20251217,VINCENNES,2025-12-17 16:18:00,2850,,TROT_MONTE,True,16,1,5
20251217-R1-C6,20251217,VINCENNES,2025-12-17 16:53:00,2700,,TROT_ATTELE,True,11,1,6
20251217-R1-C7,20251217,VINCENNES,2025-12-17 17:27:00,2700,,TROT_ATTELE,True,16,1,7
20251217-R1-C8,20251217,VINCENNES,2025-12-17 18:03:00,2700,,TROT_ATTELE,True,16,1,8
20251217-R6-C1,20251217,SOLVALLA,2025-12-17 18:15:00,2140,,TROT_ATTELE,True,12,6,1
20251217-R6-C2,20251217,SOLVALLA,2025-12-17 18:39:00,2140,,TROT_ATTELE,True,12,6,2
20251217-R6-C3,20251217,SOLVALLA,2025-12-17 19:03:00,2140,,TROT_ATTELE,True,12,6,3
20251217-R6-C4,20251217,SOLVALLA,2025-12-17 19:27:00,1640,,TROT_ATTELE,True,12,6,4
20251217-R6-C5,20251217,SOLVALLA,2025-12-17 19:51:00,2140,,TROT_ATTELE,True,9,6,5
20251217-R6-C6,20251217,SOLVALLA,2025-12-17 20:13:00,2140,,TROT_ATTELE,True,12,6,6
20251217-R6-C7,20251217,SOLVALLA,2025-12-17 20:41:00,2140,,TROT_ATTELE,True,11,6,7
20251217-R6-C8,20251217,SOLVALLA,2025-12-17 21:03:00,2140,,TROT_ATTELE,True,12,6,8
20251217-R6-C9,20251217,SOLVALLA,2025-12-17 21:26:00,2140,,TROT_ATTELE,True,12,6,9
20251217-R6-C10,20251217,SOLVALLA,2025-12-17 21:51:00,2140,,TROT_ATTELE,True,12,6,10
20251218-R2-C1,20251218,SON PARDO,2025-12-18 11:08:00,2650,,TROT_ATTELE,True,7,2,1
20251218-R2-C2,20251218,SON PARDO,2025-12-18 11:35:00,2650,,TROT_ATTELE,True,11,2,2
20251218-R2-C3,20251218,SON PARDO,2025-12-18 12:07:00,2150,,TROT_ATTELE,True,16,2,3
20251218-R2-C4,20251218,SON PARDO,2025-12-18 12:39:00,2650,,TROT_ATTELE,True,9,2,4
20251218-R2-C5,20251218,SON PARDO,2025-12-18 13:11:00,2150,,TROT_ATTELE,True,11,2,5
20251218-R3-C1,20251218,MESLAY DU MAINE,2025-12-18 11:51:00,2875,,TROT_MONTE,True,18,3,1
20251218-R3-C2,20251218,MESLAY DU MAINE,2025-12-18 12:23:00,2875,,TROT_ATTELE,True,16,3,2
20251218-R3-C3,20251218,MESLAY DU MAINE,2025-12-18 12:55:00,2875,,TROT_MONTE,True,12,3,3
20251218-R3-C4,20251218,MESLAY DU MAINE,2025-12-18 13:27:00,2600,,TROT_ATTELE,True,16,3,4
20251218-R3-C5,20251218,MESLAY DU MAINE,2025-12-18 14:12:00,2875,,TROT_ATTELE,True,18,3,5
20251218-R3-C6,20251218,MESLAY DU MAINE,2025-12-18 14:47:00,2600,,TROT_ATTELE,True,16,3,6
20251218-R3-C7,20251218,MESLAY DU MAINE,2025-12-18 15:22:00,2600,,TROT_ATTELE,True,16,3,7
20251218-R3-C8,20251218,MESLAY DU MAINE,2025-12-18 15:57:00,2600,,TROT_ATTELE,True,12,3,8
20251218-R4-C1,20251218,CAGNES/MER,2025-12-18 16:32:00,2150,,TROT_ATTELE,True,10,4,1
20251218-R4-C2,20251218,CAGNES/MER,2025-12-18 17:07:00,2150,,TROT_ATTELE,True,15,4,2
20251218-R4-C3,20251218,CAGNES/MER,2025-12-18 17:46:00,2925,,TROT_ATTELE,True,10,4,3
20251218-R4-C4,20251218,CAGNES/MER,2025-12-18 18:18:00,2925,,TROT_ATTELE,True,15,4,4
20251218-R4-C5,20251218,CAGNES/MER,2025-12-18 19:11:00,2150,,TROT_ATTELE,True,16,4,5
20251218-R4-C6,20251218,CAGNES/MER,2025-12-18 19:42:00,2700,,TROT_ATTELE,True,11,4,6
20251218-R4-C7,20251218,CAGNES/MER,2025-12-18 20:12:00,2925,,TROT_ATTELE,True,18,4,7
20251218-R4-C8,20251218,CAGNES/MER,2025-12-18 20:40:00,2925,,TROT_ATTELE,True,14,4,8
20251218-R5-C1,20251218,MONS (GHLIN),2025-12-18 18:54:00,2300,,TROT_ATTELE,True,12,5,1
20251218-R5-C2,20251218,MONS (GHLIN),2025-12-18 19:25:00,2300,,TROT_ATTELE,True,15,5,2
20251218-R5-C3,20251218,MONS (GHLIN),2025-12-18 19:57:00,2300,,TROT_ATTELE,True,15,5,3
20251218-R5-C4,20251218,MONS (GHLIN),2025-12-18 20:26:00,2300,,TROT_ATTELE,True,13,5,4
20251218-R5-C5,20251218,MONS (GHLIN),2025-12-18 20:57:00,2300,,TROT_ATTELE,True,10,5,5
20251218-R5-C6,20251218,MONS (GHLIN),2025-12-18 21:25:00,2300,,TROT_ATTELE,True,10,5,6
20251218-R5-C7,20251218,MONS (GHLIN),2025-12-18 21:48:00,2300,,TROT_ATTELE,True,10,5,7
20251218-R5-C8,20251218,MONS (GHLIN),2025-12-18 22:16:00,1750,,TROT_ATTELE,True,14,5,8
20251219-R1-C1,20251219,VINCENNES,2025-12-19 16:07:00,2200,,TROT_MONTE,True,12,1,1
20251219-R1-C2,20251219,VINCENNES,2025-12-19 16:42:00,2100,,TROT_ATTELE,True,13,1,2
20251219-R1-C3,20251219,VINCENNES,2025-12-19 17:16:00,2700,,TROT_ATTELE,True,16,1,3
20251219-R1-C4,20251219,VINCENNES,2025-12-19 17:50:00,2175,,TROT_ATTELE,True,16,1,4
20251219-R1-C5,20251219,VINCENNES,2025-12-19 18:24:00,2100,,TROT_ATTELE,True,15,1,5
20251219-R1-C6,20251219,VINCENNES,2025-12-19 18:58:00,2700,,TROT_ATTELE,True,13,1,6
20251219-R1-C7,20251219,VINCENNES,2025-12-19 19:33:00,2700,,TROT_MONTE,True,9,1,7
20251219-R1-C8,20251219,VINCENNES,2025-12-19 20:15:00,2700,,TROT_ATTELE,True,16,1,8
20251219-R2-C1,20251219,BEAUMONT DE LOMAGNE,2025-12-19 11:24:00,2400,,TROT_ATTELE,True,12,2,1
20251219-R2-C2,20251219,BEAUMONT DE LOMAGNE,2025-12-19 11:59:00,2550,,TROT_MONTE,True,11,2,2
20251219-R2-C3,20251219,BEAUMONT DE LOMAGNE,2025-12-19 12:32:00,2400,,TROT_ATTELE,True,14,2,3
20251219-R2-C4,20251219,BEAUMONT DE LOMAGNE,2025-12-19 13:07:00,2400,,TROT_ATTELE,True,16,2,4
20251219-R2-C5,20251219,BEAUMONT DE LOMAGNE,2025-12-19 13:43:00,2400,,TROT_ATTELE,True,11,2,5
20251219-R2-C6,20251219,BEAUMONT DE LOMAGNE,2025-12-19 14:18:00,2550,,TROT_ATTELE,True,13,2,6
20251219-R2-C7,20251219,BEAUMONT DE LOMAGNE,2025-12-19 14:57:00,2550,,TROT_ATTELE,True,15,2,7
20251219-R2-C8,20251219,BEAUMONT DE LOMAGNE,2025-12-19 15:32:00,2550,,TROT_ATTELE,True,15,2,8
20251220-R1-C1,20251220,VINCENNES,2025-12-20 13:25:00,2175,,TROT_ATTELE,True,10,1,1
20251220-R1-C2,20251220,VINCENNES,2025-12-20 13:59:00,2700,,TROT_MONTE,True,10,1,2
20251220-R1-C3,20251220,VINCENNES,2025-12-20 14:37:00,2100,,TROT_ATTELE,True,12,1,3
20251220-R1-C4,20251220,VINCENNES,2025-12-20 15:15:00,2700,,TROT_ATTELE,True,16,1,4
20251220-R1-C5,20251220,VINCENNES,2025-12-20 15:50:00,2175,,TROT_ATTELE,True,10,1,5
20251220-R1-C6,20251220,VINCENNES,2025-12-20 16:26:00,2700,,TROT_ATTELE,True,16,1,6
20251220-R1-C7,20251220,VINCENNES,2025-12-20 17:00:00,2175,,TROT_MONTE,True,9,1,7
20251220-R1-C8,20251220,VINCENNES,2025-12-20 17:35:00,2850,,TROT_ATTELE,True,14,1,8
20251220-R1-C9,20251220,VINCENNES,2025-12-20 18:11:00,2100,,TROT_ATTELE,True,12,1,9
20251220-R3-C1,20251220,KRIEAU (VIENNE),2025-12-20 09:50:00,2100,,TROT_ATTELE,True,7,3,1
20251220-R3-C2,20251220,KRIEAU (VIENNE),2025-12-20 10:25:00,2100,,TROT_ATTELE,True,11,3,2
20251220-R3-C3,20251220,KRIEAU (VIENNE),2025-12-20 11:10:00,2100,,TROT_ATTELE,True,12,3,3
20251220-R3-C4,20251220,KRIEAU (VIENNE),2025-12-20 11:43:00,2600,,TROT_ATTELE,True,11,3,4
20251220-R3-C5,20251220,KRIEAU (VIENNE),2025-12-20 12:13:00,2100,,TROT_ATTELE,True,9,3,5
20251220-R3-C6,20251220,KRIEAU (VIENNE),2025-12-20 12:46:00,2100,,TROT_ATTELE,True,11,3,6
20251220-R5-C1,20251220,CAGNES/MER,2025-12-20 16:07:00,2150,,TROT_ATTELE,True,10,5,1
20251220-R5-C2,20251220,CAGNES/MER,2025-12-20 16:42:00,2925,,TROT_ATTELE,True,15,5,2
20251220-R5-C3,20251220,CAGNES/MER,2025-12-20 17:17:00,2925,,TROT_ATTELE,True,15,5,3
20251220-R5-C4,20251220,CAGNES/MER,2025-12-20 17:52:00,2925,,TROT_ATTELE,True,11,5,4
20251220-R5-C5,20251220,CAGNES/MER,2025-12-20 18:27:00,2925,,TROT_ATTELE,True,13,5,5
20251220-R5-C6,20251220,CAGNES/MER,2025-12-20 19:02:00,2925,,TROT_ATTELE,True,10,5,6
20251220-R5-C7,20251220,CAGNES/MER,2025-12-20 19:36:00,2925,,TROT_MONTE,True,13,5,7
20251220-R5-C8,20251220,CAGNES/MER,2025-12-20 20:09:00,2150,,TROT_ATTELE,True,16,5,8
20251220-R6-C3,20251220,WOLVEGA,2025-12-20 18:44:00,2600,,TROT_ATTELE,True,11,6,3
20251220-R6-C4,20251220,WOLVEGA,2025-12-20 19:21:00,2100,,TROT_ATTELE,True,12,6,4
20251220-R6-C5,20251220,WOLVEGA,2025-12-20 19:53:00,2100,,TROT_ATTELE,True,10,6,5
20251220-R6-C6,20251220,WOLVEGA,2025-12-20 20:26:00,2600,,TROT_ATTELE,True,10,6,6
20251220-R6-C7,20251220,WOLVEGA,2025-12-20 20:54:00,2100,,TROT_ATTELE,True,10,6,7
20251220-R6-C8,20251220,WOLVEGA,2025-12-20 21:17:00,2600,,TROT_ATTELE,True,8,6,8
20251220-R6-C9,20251220,WOLVEGA,2025-12-20 21:44:00,2100,,TROT_ATTELE,True,8,6,9
20251221-R1-C1,20251221,VINCENNES,2025-12-21 13:23:00,2700,,TROT_MONTE,True,10,1,1
20251221-R1-C2,20251221,VINCENNES,2025-12-21 13:58:00,2100,,TROT_ATTELE,True,16,1,2
20251221-R1-C3,20251221,VINCENNES,2025-12-21 14:33:00,2700,,TROT_MONTE,True,10,1,3
20251221-R1-C4,20251221,VINCENNES,2025-12-21 15:15:00,2700,,TROT_ATTELE,True,18,1,4
20251221-R1-C5,20251221,VINCENNES,2025-12-21 15:50:00,2700,,TROT_MONTE,True,11,1,5
20251221-R1-C6,20251221,VINCENNES,2025-12-21 16:25:00,2850,,TROT_ATTELE,True,11,1,6
20251221-R1-C7,20251221,VINCENNES,2025-12-21 17:00:00,2100,,TROT_ATTELE,True,17,1,7
20251221-R1-C8,20251221,VINCENNES,2025-12-21 17:35:00,2700,,TROT_ATTELE,True,16,1,8
20251221-R1-C9,20251221,VINCENNES,2025-12-21 18:10:00,2175,,TROT_ATTELE,True,10,1,9
20251221-R2-C1,20251221,MARIENDORF,2025-12-21 10:45:00,1900,,TROT_ATTELE,True,10,2,1
20251221-R2-C2,20251221,MARIENDORF,2025-12-21 11:12:00,2000,,TROT_ATTELE,True,10,2,2
20251221-R2-C3,20251221,MARIENDORF,2025-12-21 11:45:00,1900,,TROT_ATTELE,True,11,2,3
20251221-R2-C4,20251221,MARIENDORF,2025-12-21 12:19:00,1900,,TROT_ATTELE,True,12,2,4
20251221-R2-C5,20251221,MARIENDORF,2025-12-21 12:49:00,1900,,TROT_ATTELE,True,12,2,5
20251221-R3-C1,20251221,PONTCHATEAU,2025-12-21 11:33:00,2200,,TROT_ATTELE,True,14,3,1
20251221-R3-C2,20251221,PONTCHATEAU,2025-12-21 12:07:00,2800,,TROT_MONTE,True,16,3,2
20251221-R3-C3,20251221,PONTCHATEAU,2025-12-21 12:35:00,2800,,TROT_ATTELE,True,16,3,3
20251221-R3-C4,20251221,PONTCHATEAU,2025-12-21 13:07:00,2800,,TROT_MONTE,True,12,3,4
20251221-R3-C5,20251221,PONTCHATEAU,2025-12-21 13:40:00,2800,,TROT_ATTELE,True,14,3,5
20251221-R3-C6,20251221,PONTCHATEAU,2025-12-21 14:15:00,2800,,TROT_ATTELE,True,14,3,6
20251221-R3-C7,20251221,PONTCHATEAU,2025-12-21 14:50:00,2800,,TROT_ATTELE,True,16,3,7
20251221-R3-C8,20251221,PONTCHATEAU,2025-12-21 15:32:00,2800,,TROT_ATTELE,True,18,3,8
20251222-R3-C1,20251222,LE BOUSCAT,2025-12-22 11:52:00,2650,,TROT_ATTELE,True,16,3,1
20251222-R3-C2,20251222,LE BOUSCAT,2025-12-22 12:23:00,2650,,TROT_ATTELE,True,7,3,2
20251222-R3-C3,20251222,LE BOUSCAT,2025-12-22 12:55:00,2650,,TROT_ATTELE,True,12,3,3
20251222-R3-C4,20251222,LE BOUSCAT,2025-12-22 13:27:00,2550,,TROT_ATTELE,True,16,3,4
20251222-R3-C5,20251222,LE BOUSCAT,2025-12-22 14:12:00,2650,,TROT_ATTELE,True,12,3,5
20251222-R3-C6,20251222,LE BOUSCAT,2025-12-22 14:47:00,2650,,TROT_ATTELE,True,14,3,6
20251222-R3-C7,20251222,LE BOUSCAT,2025-12-22 15:22:00,2650,,TROT_ATTELE,True,14,3,7
20251222-R3-C8,20251222,LE BOUSCAT,2025-12-22 15:57:00,2650,,TROT_ATTELE,True,18,3,8
20251222-R4-C1,20251222,CABOURG,2025-12-22 16:32:00,2750,,TROT_ATTELE,True,16,4,1
20251222-R4-C2,20251222,CABOURG,2025-12-22 17:07:00,2750,,TROT_ATTELE,True,16,4,2
20251222-R4-C3,20251222,CABOURG,2025-12-22 17:44:00,2750,,TROT_MONTE,True,14,4,3
20251222-R4-C4,20251222,CABOURG,2025-12-22 18:20:00,2750,,TROT_ATTELE,True,16,4,4
20251222-R4-C5,20251222,CABOURG,2025-12-22 18:59:00,2750,,TROT_ATTELE,True,12,4,5
20251222-R4-C6,20251222,CABOURG,2025-12-22 19:29:00,2750,,TROT_ATTELE,True,16,4,6
20251222-R4-C7,20251222,CABOURG,2025-12-22 20:00:00,2750,,TROT_ATTELE,True,13,4,7
20251222-R4-C8,20251222,CABOURG,2025-12-22 20:31:00,2750,,TROT_MONTE,True,16,4,8
20251223-R2-C1,20251223,SON PARDO,2025-12-23 11:08:00,2650,,TROT_ATTELE,True,8,2,1
20251223-R2-C2,20251223,SON PARDO,2025-12-23 11:35:00,2650,,TROT_ATTELE,True,8,2,2
20251223-R2-C3,20251223,SON PARDO,2025-12-23 12:07:00,2650,,TROT_ATTELE,True,8,2,3
20251223-R2-C4,20251223,SON PARDO,2025-12-23 12:39:00,2650,,TROT_ATTELE,True,12,2,4
20251223-R2-C5,20251223,SON PARDO,2025-12-23 13:11:00,2150,,TROT_ATTELE,True,10,2,5
20251223-R3-C1,20251223,ARGENTAN,2025-12-23 11:51:00,2800,,TROT_ATTELE,True,16,3,1
20251223-R3-C2,20251223,ARGENTAN,2025-12-23 12:23:00,2875,,TROT_ATTELE,True,18,3,2
20251223-R3-C3,20251223,ARGENTAN,2025-12-23 12:55:00,2875,,TROT_ATTELE,True,18,3,3
20251223-R3-C4,20251223,ARGENTAN,2025-12-23 13:27:00,2800,,TROT_ATTELE,True,16,3,4
20251223-R3-C5,20251223,ARGENTAN,2025-12-23 14:12:00,2875,,TROT_ATTELE,True,18,3,5
20251223-R3-C6,20251223,ARGENTAN,2025-12-23 14:47:00,2875,,TROT_MONTE,True,18,3,6
20251223-R3-C7,20251223,ARGENTAN,2025-12-23 15:24:00,2150,,TROT_ATTELE,True,16,3,7
20251223-R3-C8,20251223,ARGENTAN,2025-12-23 15:59:00,2875,,TROT_ATTELE,True,18,3,8
20251223-R4-C1,20251223,CAGNES/MER,2025-12-23 16:32:00,2925,,TROT_ATTELE,True,14,4,1
20251223-R4-C2,20251223,CAGNES/MER,2025-12-23 17:07:00,2925,,TROT_ATTELE,True,14,4,2
20251223-R4-C3,20251223,CAGNES/MER,2025-12-23 17:44:00,2925,,TROT_ATTELE,True,11,4,3
20251223-R4-C4,20251223,CAGNES/MER,2025-12-23 18:21:00,2925,,TROT_ATTELE,True,15,4,4
20251223-R4-C5,20251223,CAGNES/MER,2025-12-23 18:55:00,2925,,TROT_ATTELE,True,14,4,5
20251223-R4-C6,20251223,CAGNES/MER,2025-12-23 19:30:00,2150,,TROT_ATTELE,True,11,4,6
20251223-R4-C7,20251223,CAGNES/MER,2025-12-23 20:04:00,2925,,TROT_MONTE,True,10,4,7
20251223-R4-C8,20251223,CAGNES/MER,2025-12-23 20:37:00,2150,,TROT_ATTELE,True,12,4,8
20251223-R5-C1,20251223,MONS (GHLIN),2025-12-23 18:37:00,2300,,TROT_ATTELE,True,15,5,1
20251223-R5-C2,20251223,MONS (GHLIN),2025-12-23 19:11:00,2300,,TROT_ATTELE,True,11,5,2
20251223-R5-C3,20251223,MONS (GHLIN),2025-12-23 19:48:00,2300,,TROT_ATTELE,True,11,5,3
20251223-R5-C4,20251223,MONS (GHLIN),2025-12-23 20:20:00,2300,,TROT_ATTELE,True,13,5,4
20251223-R5-C5,20251223,MONS (GHLIN),2025-12-23 20:52:00,2300,,TROT_ATTELE,True,10,5,5
20251223-R5-C6,20251223,MONS (GHLIN),2025-12-23 21:24:00,2840,,TROT_ATTELE,True,8,5,6
20251223-R5-C7,20251223,MONS (GHLIN),2025-12-23 21:52:00,2840,,TROT_ATTELE,True,7,5,7
20251223-R5-C8,20251223,MONS (GHLIN),2025-12-23 22:20:00,2300,,TROT_ATTELE,True,6,5,8
20251224-R1-C1,20251224,VINCENNES,2025-12-24 12:10:00,2850,,TROT_ATTELE,True,8,1,1
20251224-R1-C2,20251224,VINCENNES,2025-12-24 12:48:00,2850,,TROT_ATTELE,True,9,1,2
20251224-R1-C3,20251224,VINCENNES,2025-12-24 13:25:00,2700,,TROT_MONTE,True,12,1,3
20251224-R1-C4,20251224,VINCENNES,2025-12-24 13:58:00,2850,,TROT_ATTELE,True,16,1,4
20251224-R1-C5,20251224,VINCENNES,2025-12-24 14:34:00,2175,,TROT_MONTE,True,11,1,5
20251224-R1-C6,20251224,VINCENNES,2025-12-24 15:15:00,2700,,TROT_ATTELE,True,16,1,6
20251224-R1-C7,20251224,VINCENNES,2025-12-24 15:51:00,2700,,TROT_MONTE,True,11,1,7
20251224-R1-C8,20251224,VINCENNES,2025-12-24 16:30:00,2700,,TROT_ATTELE,True,16,1,8
20251224-R1-C9,20251224,VINCENNES,2025-12-24 17:03:00,2700,,TROT_ATTELE,True,12,1,9
20251224-R1-C10,20251224,VINCENNES,2025-12-24 17:39:00,2100,,TROT_ATTELE,True,14,1,10
20251224-R3-C1,20251224,MONS (GHLIN),2025-12-24 16:45:00,2300,,TROT_ATTELE,True,10,3,1
20251224-R3-C2,20251224,MONS (GHLIN),2025-12-24 17:19:00,2300,,TROT_ATTELE,True,9,3,2
20251224-R3-C3,20251224,MONS (GHLIN),2025-12-24 17:55:00,2300,,TROT_ATTELE,True,10,3,3
20251224-R3-C4,20251224,MONS (GHLIN),2025-12-24 18:19:00,2300,,TROT_ATTELE,True,12,3,4
20251224-R3-C5,20251224,MONS (GHLIN),2025-12-24 18:46:00,2300,,TROT_ATTELE,True,12,3,5
20251224-R3-C6,20251224,MONS (GHLIN),2025-12-24 19:13:00,2300,,TROT_ATTELE,True,8,3,6
20251224-R3-C7,20251224,MONS (GHLIN),2025-12-24 19:40:00,2300,,TROT_ATTELE,True,7,3,7
20251224-R3-C8,20251224,MONS (GHLIN),2025-12-24 20:05:00,2300,,TROT_ATTELE,True,8,3,8
20251225-R1-C1,20251225,VINCENNES,2025-12-25 13:23:00,2850,,TROT_ATTELE,True,7,1,1
20251225-R1-C2,20251225,VINCENNES,2025-12-25 14:02:00,2850,,TROT_ATTELE,True,11,1,2
20251225-R1-C3,20251225,VINCENNES,2025-12-25 14:35:00,2700,,TROT_MONTE,True,9,1,3
20251225-R1-C4,20251225,VINCENNES,2025-12-25 15:15:00,2700,,TROT_ATTELE,True,13,1,4
20251225-R1-C5,20251225,VINCENNES,2025-12-25 15:50:00,2700,,TROT_ATTELE,True,16,1,5
20251225-R1-C6,20251225,VINCENNES,2025-12-25 16:28:00,2175,,TROT_MONTE,True,12,1,6
20251225-R1-C7,20251225,VINCENNES,2025-12-25 16:54:00,2700,,TROT_ATTELE,True,11,1,7
20251225-R1-C8,20251225,VINCENNES,2025-12-25 17:19:00,2700,,TROT_ATTELE,True,16,1,8
20251226-R1-C1,20251226,VINCENNES,2025-12-26 16:09:00,2200,,TROT_MONTE,True,9,1,1
20251226-R1-C2,20251226,VINCENNES,2025-12-26 16:43:00,2100,,TROT_ATTELE,True,10,1,2
20251226-R1-C3,20251226,VINCENNES,2025-12-26 17:19:00,2100,,TROT_ATTELE,True,12,1,3
20251226-R1-C4,20251226,VINCENNES,2025-12-26 17:55:00,2700,,TROT_ATTELE,True,12,1,4
20251226-R1-C5,20251226,VINCENNES,2025-12-26 18:30:00,2850,,TROT_ATTELE,True,14,1,5
20251226-R1-C6,20251226,VINCENNES,2025-12-26 19:01:00,2700,,TROT_ATTELE,True,9,1,6
20251226-R1-C7,20251226,VINCENNES,2025-12-26 19:35:00,2175,,TROT_MONTE,True,8,1,7
20251226-R1-C8,20251226,VINCENNES,2025-12-26 20:17:00,2850,,TROT_ATTELE,True,15,1,8
20251226-R2-C1,20251226,LE BOUSCAT,2025-12-26 11:32:00,2650,,TROT_ATTELE,True,13,2,1
20251226-R2-C2,20251226,LE BOUSCAT,2025-12-26 12:04:00,2550,,TROT_ATTELE,True,14,2,2
20251226-R2-C3,20251226,LE BOUSCAT,2025-12-26 12:36:00,2550,,TROT_ATTELE,True,10,2,3
20251226-R2-C4,20251226,LE BOUSCAT,2025-12-26 13:10:00,2550,,TROT_ATTELE,True,12,2,4
20251226-R2-C5,20251226,LE BOUSCAT,2025-12-26 13:46:00,2650,,TROT_ATTELE,True,15,2,5
20251226-R2-C6,20251226,LE BOUSCAT,2025-12-26 14:22:00,2650,,TROT_MONTE,True,9,2,6
20251226-R2-C7,20251226,LE BOUSCAT,2025-12-26 14:55:00,2550,,TROT_ATTELE,True,12,2,7
20251226-R2-C8,20251226,LE BOUSCAT,2025-12-26 15:33:00,2650,,TROT_ATTELE,True,15,2,8
20251227-R1-C1,20251227,VINCENNES,2025-12-27 13:27:00,2175,,TROT_MONTE,True,7,1,1
20251227-R1-C2,20251227,VINCENNES,2025-12-27 14:03:00,2850,,TROT_ATTELE,True,11,1,2
20251227-R1-C3,20251227,VINCENNES,2025-12-27 14:38:00,2175,,TROT_MONTE,True,10,1,3
20251227-R1-C4,20251227,VINCENNES,2025-12-27 15:15:00,2850,,TROT_ATTELE,True,15,1,4
20251227-R1-C5,20251227,VINCENNES,2025-12-27 15:51:00,2100,,TROT_ATTELE,True,11,1,5
20251227-R1-C6,20251227,VINCENNES,2025-12-27 16:26:00,2700,,TROT_ATTELE,True,16,1,6
20251227-R1-C7,20251227,VINCENNES,2025-12-27 17:01:00,2700,,TROT_MONTE,True,16,1,7
20251227-R1-C8,20251227,VINCENNES,2025-12-27 17:37:00,2700,,TROT_ATTELE,True,8,1,8
20251227-R1-C9,20251227,VINCENNES,2025-12-27 18:12:00,2100,,TROT_ATTELE,True,12,1,9
20251227-R3-C1,20251227,SON PARDO,2025-12-27 10:30:00,2650,,TROT_ATTELE,True,8,3,1
20251227-R3-C2,20251227,SON PARDO,2025-12-27 11:02:00,1650,,TROT_ATTELE,True,6,3,2
20251227-R3-C3,20251227,SON PARDO,2025-12-27 11:35:00,2150,,TROT_ATTELE,True,16,3,3
20251227-R3-C4,20251227,SON PARDO,2025-12-27 12:10:00,2650,,TROT_ATTELE,True,15,3,4
20251227-R3-C5,20251227,SON PARDO,2025-12-27 12:45:00,2650,,TROT_ATTELE,True,13,3,5
20251227-R5-C1,20251227,CAGNES/MER,2025-12-27 16:07:00,2150,,TROT_ATTELE,True,8,5,1
20251227-R5-C2,20251227,CAGNES/MER,2025-12-27 16:43:00,2925,,TROT_ATTELE,True,11,5,2
20251227-R5-C3,20251227,CAGNES/MER,2025-12-27 17:20:00,2150,,TROT_ATTELE,True,16,5,3
20251227-R5-C4,20251227,CAGNES/MER,2025-12-27 17:53:00,2925,,TROT_ATTELE,True,15,5,4
20251227-R5-C5,20251227,CAGNES/MER,2025-12-27 18:29:00,2700,,TROT_ATTELE,True,10,5,5
20251227-R5-C6,20251227,CAGNES/MER,2025-12-27 19:02:00,2925,,TROT_ATTELE,True,10,5,6
20251227-R5-C7,20251227,CAGNES/MER,2025-12-27 19:34:00,2925,,TROT_ATTELE,True,13,5,7
20251227-R5-C8,20251227,CAGNES/MER,2025-12-27 20:06:00,2925,,TROT_ATTELE,True,10,5,8
20251228-R1-C1,20251228,VINCENNES,2025-12-28 13:23:00,2100,,TROT_ATTELE,True,16,1,1
20251228-R1-C2,20251228,VINCENNES,2025-12-28 13:58:00,2700,,TROT_MONTE,True,9,1,2
20251228-R1-C3,20251228,VINCENNES,2025-12-28 14:35:00,2700,,TROT_ATTELE,True,10,1,3
20251228-R1-C4,20251228,VINCENNES,2025-12-28 15:17:00,2100,,TROT_ATTELE,True,16,1,4
20251228-R1-C5,20251228,VINCENNES,2025-12-28 15:56:00,2850,,TROT_ATTELE,True,16,1,5
20251228-R1-C6,20251228,VINCENNES,2025-12-28 16:35:00,2700,,TROT_ATTELE,True,16,1,6
20251228-R1-C7,20251228,VINCENNES,2025-12-28 17:08:00,2850,,TROT_MONTE,True,16,1,7
20251228-R1-C8,20251228,VINCENNES,2025-12-28 17:51:00,2700,,TROT_ATTELE,True,16,1,8
20251228-R1-C9,20251228,VINCENNES,2025-12-28 18:21:00,2700,,TROT_MONTE,True,9,1,9
20251229-R3-C1,20251229,VINCENNES,2025-12-29 14:12:00,2200,,TROT_MONTE,True,13,3,1
20251229-R3-C2,20251229,VINCENNES,2025-12-29 14:47:00,2100,,TROT_ATTELE,True,13,3,2
20251229-R3-C3,20251229,VINCENNES,2025-12-29 15:22:00,2700,,TROT_MONTE,True,13,3,3
20251229-R3-C4,20251229,VINCENNES,2025-12-29 15:57:00,2700,,TROT_ATTELE,True,7,3,4
20251229-R3-C5,20251229,VINCENNES,2025-12-29 16:33:00,2700,,TROT_ATTELE,True,9,3,5
20251229-R3-C6,20251229,VINCENNES,2025-12-29 17:10:00,2175,,TROT_ATTELE,True,16,3,6
20251229-R3-C7,20251229,VINCENNES,2025-12-29 17:44:00,2175,,TROT_MONTE,True,11,3,7
20251229-R3-C8,20251229,VINCENNES,2025-12-29 18:18:00,2100,,TROT_ATTELE,True,13,3,8
20251230-R2-C1,20251230,SON PARDO,2025-12-30 11:08:00,2150,,TROT_ATTELE,True,7,2,1
20251230-R2-C2,20251230,SON PARDO,2025-12-30 11:35:00,2650,,TROT_ATTELE,True,9,2,2
20251230-R2-C3,20251230,SON PARDO,2025-12-30 12:07:00,2650,,TROT_ATTELE,True,11,2,3
20251230-R2-C4,20251230,SON PARDO,2025-12-30 12:39:00,2150,,TROT_ATTELE,True,9,2,4
20251230-R2-C5,20251230,SON PARDO,2025-12-30 13:11:00,2650,,TROT_ATTELE,True,11,2,5
20251230-R3-C1,20251230,VINCENNES,2025-12-30 11:51:00,2850,,TROT_MONTE,True,11,3,1
20251230-R3-C2,20251230,VINCENNES,2025-12-30 12:23:00,2100,,TROT_ATTELE,True,11,3,2
20251230-R3-C3,20251230,VINCENNES,2025-12-30 12:55:00,2200,,TROT_MONTE,True,13,3,3
20251230-R3-C4,20251230,VINCENNES,2025-12-30 13:27:00,2700,,TROT_ATTELE,True,12,3,4
20251230-R3-C5,20251230,VINCENNES,2025-12-30 14:12:00,2700,,TROT_MONTE,True,11,3,5
20251230-R3-C6,20251230,VINCENNES,2025-12-30 14:47:00,2850,,TROT_ATTELE,True,16,3,6
20251230-R3-C7,20251230,VINCENNES,2025-12-30 15:22:00,2700,,TROT_ATTELE,True,10,3,7
20251230-R3-C8,20251230,VINCENNES,2025-12-30 15:57:00,2175,,TROT_ATTELE,True,14,3,8
20251230-R4-C1,20251230,GRAIGNES,2025-12-30 16:32:00,2700,,TROT_ATTELE,True,14,4,1
20251230-R4-C2,20251230,GRAIGNES,2025-12-30 17:42:00,2700,,TROT_ATTELE,True,14,4,2
20251230-R4-C3,20251230,GRAIGNES,2025-12-30 18:15:00,2725,,TROT_ATTELE,True,14,4,3
20251230-R4-C4,20251230,GRAIGNES,2025-12-30 18:47:00,2725,,TROT_ATTELE,True,14,4,4
20251230-R4-C5,20251230,GRAIGNES,2025-12-30 19:15:00,2700,,TROT_MONTE,True,14,4,5
20251230-R4-C6,20251230,GRAIGNES,2025-12-30 19:45:00,2725,,TROT_ATTELE,True,14,4,6
20251230-R4-C7,20251230,GRAIGNES,2025-12-30 20:37:00,2700,,TROT_MONTE,True,12,4,7
20251230-R4-C8,20251230,GRAIGNES,2025-12-30 21:10:00,2725,,TROT_ATTELE,True,13,4,8
20251230-R7-C1,20251230,CAGNES/MER,2025-12-30 13:35:00,2925,,TROT_ATTELE,True,14,7,1
20251230-R7-C2,20251230,CAGNES/MER,2025-12-30 14:05:00,2925,,TROT_ATTELE,True,11,7,2
20251230-R7-C3,20251230,CAGNES/MER,2025-12-30 14:35:00,2700,,TROT_ATTELE,True,16,7,3
20251230-R7-C4,20251230,CAGNES/MER,2025-12-30 15:05:00,2925,,TROT_ATTELE,True,13,7,4
20251230-R7-C5,20251230,CAGNES/MER,2025-12-30 15:35:00,2925,,TROT_ATTELE,True,15,7,5
20251230-R7-C6,20251230,CAGNES/MER,2025-12-30 16:05:00,2925,,TROT_ATTELE,True,13,7,6
20251230-R7-C7,20251230,CAGNES/MER,2025-12-30 16:35:00,2150,,TROT_ATTELE,True,8,7,7
20251231-R1-C1,20251231,VINCENNES,2025-12-31 12:08:00,2200,,TROT_MONTE,True,11,1,1
20251231-R1-C2,20251231,VINCENNES,2025-12-31 12:48:00,2850,,TROT_MONTE,True,11,1,2
20251231-R1-C3,20251231,VINCENNES,2025-12-31 13:24:00,2700,,TROT_ATTELE,True,13,1,3
20251231-R1-C4,20251231,VINCENNES,2025-12-31 13:59:00,2700,,TROT_MONTE,True,13,1,4
20251231-R1-C5,20251231,VINCENNES,2025-12-31 14:33:00,2850,,TROT_ATTELE,True,16,1,5
20251231-R1-C6,20251231,VINCENNES,2025-12-31 15:15:00,2700,,TROT_ATTELE,True,15,1,6
20251231-R1-C7,20251231,VINCENNES,2025-12-31 15:53:00,2850,,TROT_ATTELE,True,10,1,7
20251231-R1-C8,20251231,VINCENNES,2025-12-31 16:33:00,2700,,TROT_ATTELE,True,12,1,8
20251231-R1-C9,20251231,VINCENNES,2025-12-31 17:05:00,2700,,TROT_ATTELE,True,14,1,9
20251231-R1-C10,20251231,VINCENNES,2025-12-31 17:41:00,2700,,TROT_ATTELE,True,16,1,10
20251231-R3-C4,20251231,WOLVEGA,2025-12-31 16:49:00,2600,,TROT_ATTELE,True,10,3,4
20251231-R3-C5,20251231,WOLVEGA,2025-12-31 17:22:00,2600,,TROT_ATTELE,True,9,3,5
20251231-R3-C6,20251231,WOLVEGA,2025-12-31 17:57:00,2100,,TROT_ATTELE,True,8,3,6
20251231-R3-C7,20251231,WOLVEGA,2025-12-31 18:27:00,1609,,TROT_ATTELE,True,8,3,7
20251231-R3-C8,20251231,WOLVEGA,2025-12-31 19:02:00,2100,,TROT_ATTELE,True,8,3,8
20251231-R4-C5,20251231,MONS (GHLIN),2025-12-31 18:13:00,2300,,TROT_ATTELE,True,13,4,5
20251231-R4-C6,20251231,MONS (GHLIN),2025-12-31 18:45:00,2300,,TROT_ATTELE,True,11,4,6
20251231-R4-C7,20251231,MONS (GHLIN),2025-12-31 19:20:00,2840,,TROT_ATTELE,True,9,4,7
20260101-R1-C1,20260101,VINCENNES,2026-01-01 12:48:00,2200,,TROT_MONTE,True,9,1,1
20260101-R1-C2,20260101,VINCENNES,2026-01-01 13:23:00,2850,,TROT_MONTE,True,15,1,2
20260101-R1-C3,20260101,VINCENNES,2026-01-01 13:58:00,2100,,TROT_ATTELE,True,11,1,3
20260101-R1-C4,20260101,VINCENNES,2026-01-01 14:33:00,2100,,TROT_ATTELE,True,10,1,4
20260101-R1-C5,20260101,VINCENNES,2026-01-01 15:15:00,2100,,TROT_ATTELE,True,16,1,5
20260101-R1-C6,20260101,VINCENNES,2026-01-01 15:50:00,2850,,TROT_ATTELE,True,16,1,6
20260101-R1-C7,20260101,VINCENNES,2026-01-01 16:25:00,2700,,TROT_ATTELE,True,15,1,7
20260101-R1-C8,20260101,VINCENNES,2026-01-01 17:00:00,2850,,TROT_ATTELE,True,15,1,8
20260101-R3-C3,20260101,GELSENKIRCHEN,2026-01-01 16:07:00,2000,,TROT_ATTELE,True,12,3,3
20260101-R3-C4,20260101,GELSENKIRCHEN,2026-01-01 16:45:00,2000,,TROT_ATTELE,True,11,3,4
20260101-R3-C5,20260101,GELSENKIRCHEN,2026-01-01 17:18:00,2000,,TROT_ATTELE,True,11,3,5
20260101-R3-C6,20260101,GELSENKIRCHEN,2026-01-01 17:48:00,2000,,TROT_ATTELE,True,13,3,6
20260101-R3-C7,20260101,GELSENKIRCHEN,2026-01-01 18:18:00,2000,,TROT_ATTELE,True,11,3,7
20260101-R3-C8,20260101,GELSENKIRCHEN,2026-01-01 18:48:00,2000,,TROT_ATTELE,True,10,3,8
20260101-R3-C9,20260101,GELSENKIRCHEN,2026-01-01 19:18:00,2000,,TROT_ATTELE,True,8,3,9
20260101-R4-C1,20260101,SON PARDO,2026-01-01 17:34:00,2650,,TROT_ATTELE,True,11,4,1
20260101-R4-C2,20260101,SON PARDO,2026-01-01 18:04:00,2650,,TROT_ATTELE,True,11,4,2
20260101-R4-C3,20260101,SON PARDO,2026-01-01 18:33:00,2150,,TROT_ATTELE,True,14,4,3
20260101-R4-C4,20260101,SON PARDO,2026-01-01 19:04:00,2650,,TROT_ATTELE,True,9,4,4
20260101-R4-C5,20260101,SON PARDO,2026-01-01 19:48:00,2150,,TROT_ATTELE,True,8,4,5
20260102-R2-C1,20260102,CABOURG,2026-01-02 11:32:00,2750,,TROT_MONTE,True,13,2,1
20260102-R2-C2,20260102,CABOURG,2026-01-02 12:04:00,2050,,TROT_ATTELE,True,9,2,2
20260102-R2-C3,20260102,CABOURG,2026-01-02 12:36:00,2725,,TROT_ATTELE,True,14,2,3
20260102-R2-C4,20260102,CABOURG,2026-01-02 13:08:00,2725,,TROT_ATTELE,True,13,2,4
20260102-R2-C5,20260102,CABOURG,2026-01-02 13:43:00,2750,,TROT_ATTELE,True,13,2,5
20260102-R2-C6,20260102,CABOURG,2026-01-02 14:20:00,2750,,TROT_MONTE,True,10,2,6
20260102-R2-C7,20260102,CABOURG,2026-01-02 14:54:00,2750,,TROT_ATTELE,True,13,2,7
20260102-R2-C8,20260102,CABOURG,2026-01-02 15:30:00,2725,,TROT_ATTELE,True,14,2,8
20260102-R4-C1,20260102,CAGNES/MER,2026-01-02 15:47:00,2925,,TROT_ATTELE,True,14,4,1
20260102-R4-C2,20260102,CAGNES/MER,2026-01-02 16:20:00,2925,,TROT_ATTELE,True,11,4,2
20260102-R4-C3,20260102,CAGNES/MER,2026-01-02 16:55:00,2925,,TROT_ATTELE,True,8,4,3
20260102-R4-C4,20260102,CAGNES/MER,2026-01-02 17:30:00,2925,,TROT_ATTELE,True,15,4,4
20260102-R4-C5,20260102,CAGNES/MER,2026-01-02 18:05:00,2700,,TROT_ATTELE,True,13,4,5
20260102-R4-C6,20260102,CAGNES/MER,2026-01-02 18:40:00,2925,,TROT_MONTE,True,9,4,6
20260102-R4-C7,20260102,CAGNES/MER,2026-01-02 19:15:00,2925,,TROT_ATTELE,True,16,4,7
20260102-R4-C8,20260102,CAGNES/MER,2026-01-02 19:50:00,2150,,TROT_ATTELE,True,12,4,8
20260103-R1-C1,20260103,VINCENNES,2026-01-03 13:23:00,2700,,TROT_ATTELE,True,10,1,1
20260103-R1-C2,20260103,VINCENNES,2026-01-03 14:00:00,2175,,TROT_ATTELE,True,14,1,2
20260103-R1-C3,20260103,VINCENNES,2026-01-03 14:34:00,2175,,TROT_MONTE,True,12,1,3
20260103-R1-C4,20260103,VINCENNES,2026-01-03 15:15:00,2850,,TROT_ATTELE,True,16,1,4
20260103-R1-C5,20260103,VINCENNES,2026-01-03 15:50:00,2175,,TROT_ATTELE,True,16,1,5
20260103-R1-C6,20260103,VINCENNES,2026-01-03 16:27:00,2100,,TROT_ATTELE,True,16,1,6
20260103-R1-C7,20260103,VINCENNES,2026-01-03 17:01:00,2700,,TROT_MONTE,True,10,1,7
20260103-R1-C8,20260103,VINCENNES,2026-01-03 17:35:00,2100,,TROT_ATTELE,True,16,1,8
20260103-R1-C9,20260103,VINCENNES,2026-01-03 18:10:00,2700,,TROT_ATTELE,True,12,1,9
20260103-R2-C1,20260103,LA CEPIERE,2026-01-03 10:44:00,2325,,TROT_ATTELE,True,14,2,1
20260103-R2-C2,20260103,LA CEPIERE,2026-01-03 11:11:00,2325,,TROT_ATTELE,True,14,2,2
20260103-R2-C3,20260103,LA CEPIERE,2026-01-03 11:44:00,2950,,TROT_ATTELE,True,12,2,3
20260103-R2-C4,20260103,LA CEPIERE,2026-01-03 12:18:00,2750,,TROT_ATTELE,True,16,2,4
20260103-R2-C5,20260103,LA CEPIERE,2026-01-03 12:50:00,2750,,TROT_ATTELE,True,13,2,5
20260103-R2-C6,20260103,LA CEPIERE,2026-01-03 13:17:00,2750,,TROT_ATTELE,True,12,2,6
20260103-R2-C7,20260103,LA CEPIERE,2026-01-03 13:48:00,2325,,TROT_ATTELE,True,14,2,7
20260103-R5-C1,20260103,MONS (GHLIN),2026-01-03 18:44:00,2300,,TROT_ATTELE,True,16,5,1
20260103-R5-C2,20260103,MONS (GHLIN),2026-01-03 19:18:00,2300,,TROT_ATTELE,True,11,5,2
20260103-R5-C3,20260103,MONS (GHLIN),2026-01-03 19:50:00,2300,,TROT_ATTELE,True,15,5,3
20260103-R5-C4,20260103,MONS (GHLIN),2026-01-03 20:22:00,2840,,TROT_ATTELE,True,8,5,4
20260103-R5-C5,20260103,MONS (GHLIN),2026-01-03 21:05:00,2300,,TROT_ATTELE,True,7,5,5
20260103-R5-C6,20260103,MONS (GHLIN),2026-01-03 21:35:00,2840,,TROT_ATTELE,True,8,5,6
20260103-R8-C1,20260103,ARGENTAN,2026-01-03 13:00:00,2875,,TROT_ATTELE,True,12,8,1
20260103-R8-C2,20260103,ARGENTAN,2026-01-03 13:30:00,2875,,TROT_ATTELE,True,12,8,2
20260103-R8-C3,20260103,ARGENTAN,2026-01-03 14:00:00,2875,,TROT_MONTE,True,16,8,3
20260103-R8-C4,20260103,ARGENTAN,2026-01-03 14:30:00,2875,,TROT_ATTELE,True,14,8,4
20260103-R8-C5,20260103,ARGENTAN,2026-01-03 15:00:00,2875,,TROT_ATTELE,True,13,8,5
20260103-R8-C6,20260103,ARGENTAN,2026-01-03 15:30:00,2875,,TROT_ATTELE,True,18,8,6
20260103-R8-C7,20260103,ARGENTAN,2026-01-03 16:00:00,2875,,TROT_ATTELE,True,18,8,7
20260103-R8-C8,20260103,ARGENTAN,2026-01-03 16:30:00,2875,,TROT_ATTELE,True,16,8,8
20260104-R1-C1,20260104,VINCENNES,2026-01-04 13:23:00,2850,,TROT_ATTELE,True,16,1,1
20260104-R1-C2,20260104,VINCENNES,2026-01-04 13:58:00,2175,,TROT_ATTELE,True,12,1,2
20260104-R1-C3,20260104,VINCENNES,2026-01-04 14:35:00,2700,,TROT_MONTE,True,10,1,3
20260104-R1-C4,20260104,VINCENNES,2026-01-04 15:15:00,2100,,TROT_ATTELE,True,16,1,4
20260104-R1-C5,20260104,VINCENNES,2026-01-04 15:50:00,2700,,TROT_ATTELE,True,16,1,5
20260104-R1-C6,20260104,VINCENNES,2026-01-04 16:25:00,2175,,TROT_ATTELE,True,16,1,6
20260104-R1-C7,20260104,VINCENNES,2026-01-04 17:00:00,2850,,TROT_MONTE,True,11,1,7
20260104-R1-C8,20260104,VINCENNES,2026-01-04 17:35:00,2700,,TROT_ATTELE,True,9,1,8
20260104-R1-C9,20260104,VINCENNES,2026-01-04 18:10:00,2850,,TROT_ATTELE,True,13,1,9
20260104-R9-C1,20260104,LE BOUSCAT,2026-01-04 13:15:00,2650,,TROT_ATTELE,True,11,9,1
20260104-R9-C2,20260104,LE BOUSCAT,2026-01-04 13:45:00,2650,,TROT_MONTE,True,11,9,2
20260104-R9-C3,20260104,LE BOUSCAT,2026-01-04 14:15:00,2550,,TROT_ATTELE,True,16,9,3
20260104-R9-C4,20260104,LE BOUSCAT,2026-01-04 14:45:00,2550,,TROT_ATTELE,True,16,9,4
20260104-R9-C5,20260104,LE BOUSCAT,2026-01-04 15:15:00,2550,,TROT_ATTELE,True,16,9,5
20260104-R9-C6,20260104,LE BOUSCAT,2026-01-04 15:45:00,2550,,TROT_ATTELE,True,12,9,6
20260104-R9-C7,20260104,LE BOUSCAT,2026-01-04 16:15:00,2650,,TROT_MONTE,True,10,9,7
20260104-R10-C1,20260104,CORDEMAIS,2026-01-04 13:00:00,2150,,TROT_ATTELE,True,14,10,1
20260104-R10-C2,20260104,CORDEMAIS,2026-01-04 13:35:00,2825,,TROT_ATTELE,True,14,10,2
20260104-R10-C3,20260104,CORDEMAIS,2026-01-04 14:05:00,2825,,TROT_MONTE,True,14,10,3
20260104-R10-C4,20260104,CORDEMAIS,2026-01-04 14:35:00,2825,,TROT_ATTELE,True,14,10,4
20260104-R10-C5,20260104,CORDEMAIS,2026-01-04 15:02:00,2825,,TROT_ATTELE,True,18,10,5
20260104-R10-C6,20260104,CORDEMAIS,2026-01-04 15:35:00,2825,,TROT_MONTE,True,10,10,6
20260104-R10-C7,20260104,CORDEMAIS,2026-01-04 16:00:00,2825,,TROT_ATTELE,True,16,10,7
20260105-R1-C1,20260105,VINCENNES,2026-01-05 13:55:00,2850,,TROT_ATTELE,True,16,1,1
20260105-R1-C2,20260105,VINCENNES,2026-01-05 14:30:00,2200,,TROT_MONTE,True,11,1,2
20260105-R1-C3,20260105,VINCENNES,2026-01-05 15:05:00,2100,,TROT_ATTELE,True,16,1,3
20260105-R1-C4,20260105,VINCENNES,2026-01-05 15:40:00,2700,,TROT_ATTELE,True,11,1,4
20260105-R1-C5,20260105,VINCENNES,2026-01-05 16:15:00,2700,,TROT_ATTELE,True,11,1,5
20260105-R1-C6,20260105,VINCENNES,2026-01-05 16:50:00,2700,,TROT_MONTE,True,12,1,6
20260105-R1-C7,20260105,VINCENNES,2026-01-05 17:25:00,2700,,TROT_ATTELE,True,12,1,7
20260105-R1-C8,20260105,VINCENNES,2026-01-05 18:00:00,2100,,TROT_ATTELE,True,16,1,8
20260105-R3-C1,20260105,CAGNES/MER,2026-01-05 11:51:00,2925,,TROT_ATTELE,True,11,3,1
20260105-R3-C2,20260105,CAGNES/MER,2026-01-05 12:23:00,2925,,TROT_ATTELE,True,8,3,2
20260105-R3-C3,20260105,CAGNES/MER,2026-01-05 12:55:00,2150,,TROT_ATTELE,True,9,3,3
20260105-R3-C4,20260105,CAGNES/MER,2026-01-05 13:27:00,2150,,TROT_ATTELE,True,16,3,4
20260105-R3-C5,20260105,CAGNES/MER,2026-01-05 14:12:00,2150,,TROT_ATTELE,True,16,3,5
20260105-R3-C6,20260105,CAGNES/MER,2026-01-05 14:47:00,2925,,TROT_ATTELE,True,15,3,6
20260105-R3-C7,20260105,CAGNES/MER,2026-01-05 15:22:00,2925,,TROT_ATTELE,True,13,3,7
20260105-R3-C8,20260105,CAGNES/MER,2026-01-05 15:57:00,2925,,TROT_ATTELE,True,8,3,8
20260105-R7-C1,20260105,CHATEAUBRIANT,2026-01-05 13:00:00,3025,,TROT_ATTELE,True,13,7,1
20260105-R7-C2,20260105,CHATEAUBRIANT,2026-01-05 13:30:00,3025,,TROT_ATTELE,True,18,7,2
20260105-R7-C3,20260105,CHATEAUBRIANT,2026-01-05 14:00:00,2400,,TROT_MONTE,True,16,7,3
20260105-R7-C4,20260105,CHATEAUBRIANT,2026-01-05 14:30:00,2400,,TROT_MONTE,True,16,7,4
20260105-R7-C5,20260105,CHATEAUBRIANT,2026-01-05 15:00:00,3000,,TROT_ATTELE,True,14,7,5
20260105-R7-C6,20260105,CHATEAUBRIANT,2026-01-05 15:30:00,3000,,TROT_ATTELE,True,14,7,6
20260105-R7-C7,20260105,CHATEAUBRIANT,2026-01-05 16:00:00,3000,,TROT_ATTELE,True,18,7,7
20260105-R7-C8,20260105,CHATEAUBRIANT,2026-01-05 16:30:00,3000,,TROT_ATTELE,True,12,7,8
20260106-R1-C1,20260106,VINCENNES,2026-01-06 13:55:00,2700,,TROT_ATTELE,True,16,1,1
20260106-R1-C2,20260106,VINCENNES,2026-01-06 14:31:00,2850,,TROT_ATTELE,True,10,1,2
20260106-R1-C3,20260106,VINCENNES,2026-01-06 15:07:00,2200,,TROT_MONTE,True,9,1,3
20260106-R1-C4,20260106,VINCENNES,2026-01-06 15:43:00,2100,,TROT_ATTELE,True,8,1,4
20260106-R1-C5,20260106,VINCENNES,2026-01-06 16:17:00,2850,,TROT_ATTELE,True,12,1,5
20260106-R1-C6,20260106,VINCENNES,2026-01-06 16:50:00,2850,,TROT_ATTELE,True,10,1,6
20260106-R1-C7,20260106,VINCENNES,2026-01-06 17:25:00,2700,,TROT_MONTE,True,9,1,7
20260106-R1-C8,20260106,VINCENNES,2026-01-06 18:00:00,2175,,TROT_ATTELE,True,14,1,8
20260106-R2-C1,20260106,STRAUBING,2026-01-06 11:08:00,2400,,TROT_ATTELE,True,8,2,1
20260106-R2-C2,20260106,STRAUBING,2026-01-06 11:35:00,1925,,TROT_ATTELE,True,9,2,2
20260106-R2-C3,20260106,STRAUBING,2026-01-06 12:07:00,1925,,TROT_ATTELE,True,9,2,3
20260106-R2-C4,20260106,STRAUBING,2026-01-06 12:39:00,1925,,TROT_ATTELE,True,10,2,4
20260106-R2-C5,20260106,STRAUBING,2026-01-06 13:11:00,1925,,TROT_ATTELE,True,11,2,5
20260106-R5-C1,20260106,MONS (GHLIN),2026-01-06 18:37:00,2300,,TROT_ATTELE,True,14,5,1
20260106-R5-C2,20260106,MONS (GHLIN),2026-01-06 19:11:00,1750,,TROT_ATTELE,True,11,5,2
20260106-R5-C3,20260106,MONS (GHLIN),2026-01-06 19:45:00,2300,,TROT_ATTELE,True,12,5,3
20260106-R5-C4,20260106,MONS (GHLIN),2026-01-06 20:18:00,2840,,TROT_ATTELE,True,8,5,4
20260106-R5-C5,20260106,MONS (GHLIN),2026-01-06 20:47:00,2300,,TROT_ATTELE,True,11,5,5
20260106-R5-C6,20260106,MONS (GHLIN),2026-01-06 21:15:00,2300,,TROT_ATTELE,True,9,5,6
20260106-R5-C7,20260106,MONS (GHLIN),2026-01-06 21:45:00,2300,,TROT_ATTELE,True,9,5,7
20260107-R2-C1,20260107,SON PARDO,2026-01-07 11:00:00,2650,,TROT_ATTELE,True,8,2,1
20260107-R2-C2,20260107,SON PARDO,2026-01-07 11:29:00,2650,,TROT_ATTELE,True,8,2,2
20260107-R2-C3,20260107,SON PARDO,2026-01-07 11:55:00,2650,,TROT_ATTELE,True,11,2,3
20260107-R2-C4,20260107,SON PARDO,2026-01-07 12:25:00,2650,,TROT_ATTELE,True,12,2,4
20260107-R3-C1,20260107,ANGERS,2026-01-07 12:55:00,2350,,TROT_ATTELE,True,10,3,1
20260107-R3-C2,20260107,ANGERS,2026-01-07 13:27:00,2350,,TROT_ATTELE,True,13,3,2
20260107-R3-C3,20260107,ANGERS,2026-01-07 14:12:00,3125,,TROT_MONTE,True,12,3,3
20260107-R3-C4,20260107,ANGERS,2026-01-07 14:45:00,2350,,TROT_ATTELE,True,14,3,4
20260107-R3-C5,20260107,ANGERS,2026-01-07 15:18:00,3125,,TROT_ATTELE,True,16,3,5
20260107-R3-C6,20260107,ANGERS,2026-01-07 15:51:00,3125,,TROT_ATTELE,True,14,3,6
20260107-R3-C7,20260107,ANGERS,2026-01-07 16:26:00,3125,,TROT_ATTELE,True,11,3,7
20260107-R3-C8,20260107,ANGERS,2026-01-07 17:01:00,2350,,TROT_ATTELE,True,13,3,8
20260107-R7-C1,20260107,SOLVALLA,2026-01-07 18:40:00,2140,,TROT_ATTELE,True,6,7,1
20260107-R7-C2,20260107,SOLVALLA,2026-01-07 19:03:00,2140,,TROT_ATTELE,True,12,7,2
20260107-R7-C3,20260107,SOLVALLA,2026-01-07 19:27:00,2140,,TROT_ATTELE,True,8,7,3
20260107-R7-C4,20260107,SOLVALLA,2026-01-07 19:51:00,2140,,TROT_ATTELE,True,8,7,4
20260107-R7-C5,20260107,SOLVALLA,2026-01-07 20:13:00,2140,,TROT_ATTELE,True,10,7,5
20260107-R7-C6,20260107,SOLVALLA,2026-01-07 20:41:00,2140,,TROT_ATTELE,True,11,7,6
20260107-R7-C7,20260107,SOLVALLA,2026-01-07 21:03:00,2140,,TROT_ATTELE,True,9,7,7
20260107-R7-C8,20260107,SOLVALLA,2026-01-07 21:26:00,2140,,TROT_ATTELE,True,12,7,8
20260107-R7-C9,20260107,SOLVALLA,2026-01-07 21:51:00,1640,,TROT_ATTELE,True,12,7,9
20260108-R1-C1,20260108,CAGNES/MER,2026-01-08 13:57:00,2900,,TROT_ATTELE,True,16,1,1
20260108-R1-C2,20260108,CAGNES/MER,2026-01-08 14:36:00,2925,,TROT_ATTELE,True,8,1,2
20260108-R1-C3,20260108,CAGNES/MER,2026-01-08 15:09:00,2925,,TROT_ATTELE,True,13,1,3
20260108-R1-C4,20260108,CAGNES/MER,2026-01-08 15:43:00,2925,,TROT_MONTE,True,8,1,4
20260108-R1-C5,20260108,CAGNES/MER,2026-01-08 16:18:00,2925,,TROT_ATTELE,True,14,1,5
20260108-R1-C6,20260108,CAGNES/MER,2026-01-08 16:54:00,2925,,TROT_ATTELE,True,15,1,6
20260108-R1-C7,20260108,CAGNES/MER,2026-01-08 17:29:00,2150,,TROT_ATTELE,True,11,1,7
20260108-R1-C8,20260108,CAGNES/MER,2026-01-08 18:00:00,2700,,TROT_ATTELE,True,13,1,8
20260108-R2-C1,20260108,MONS (GHLIN),2026-01-08 11:09:00,2275,,TROT_MONTE,True,8,2,1
20260108-R2-C2,20260108,MONS (GHLIN),2026-01-08 11:36:00,2300,,TROT_ATTELE,True,11,2,2
20260108-R2-C3,20260108,MONS (GHLIN),2026-01-08 12:09:00,2840,,TROT_ATTELE,True,9,2,3
20260108-R2-C4,20260108,MONS (GHLIN),2026-01-08 12:41:00,2300,,TROT_ATTELE,True,10,2,4
20260108-R2-C5,20260108,MONS (GHLIN),2026-01-08 13:13:00,2300,,TROT_ATTELE,True,12,2,5
20260108-R3-C1,20260108,LE BOUSCAT,2026-01-08 11:53:00,2650,,TROT_MONTE,True,15,3,1
20260108-R3-C2,20260108,LE BOUSCAT,2026-01-08 12:25:00,2550,,TROT_ATTELE,True,14,3,2
20260108-R3-C3,20260108,LE BOUSCAT,2026-01-08 12:57:00,2550,,TROT_ATTELE,True,13,3,3
20260108-R3-C4,20260108,LE BOUSCAT,2026-01-08 13:29:00,2550,,TROT_ATTELE,True,10,3,4
20260108-R3-C5,20260108,LE BOUSCAT,2026-01-08 14:14:00,2650,,TROT_ATTELE,True,15,3,5
20260108-R3-C6,20260108,LE BOUSCAT,2026-01-08 14:52:00,2650,,TROT_ATTELE,True,14,3,6
20260108-R3-C7,20260108,LE BOUSCAT,2026-01-08 15:26:00,2650,,TROT_ATTELE,True,18,3,7
20260108-R3-C8,20260108,LE BOUSCAT,2026-01-08 16:00:00,2650,,TROT_ATTELE,True,13,3,8
20260108-R7-C1,20260108,ARGENTAN,2026-01-08 13:00:00,2875,,TROT_ATTELE,True,10,7,1
20260108-R7-C2,20260108,ARGENTAN,2026-01-08 13:30:00,2875,,TROT_ATTELE,True,12,7,2
20260108-R7-C3,20260108,ARGENTAN,2026-01-08 14:00:00,2875,,TROT_MONTE,True,16,7,3
20260108-R7-C4,20260108,ARGENTAN,2026-01-08 14:30:00,2875,,TROT_ATTELE,True,14,7,4
20260108-R7-C5,20260108,ARGENTAN,2026-01-08 15:00:00,2875,,TROT_ATTELE,True,18,7,5
20260108-R7-C6,20260108,ARGENTAN,2026-01-08 15:30:00,2875,,TROT_ATTELE,True,16,7,6
20260108-R7-C7,20260108,ARGENTAN,2026-01-08 16:00:00,2875,,TROT_ATTELE,True,16,7,7
20260108-R7-C8,20260108,ARGENTAN,2026-01-08 16:30:00,2875,,TROT_ATTELE,True,16,7,8
20260109-R3-C1,20260109,VINCENNES,2026-01-09 14:40:00,2100,,TROT_ATTELE,True,16,3,1
20260109-R3-C2,20260109,VINCENNES,2026-01-09 15:16:00,2100,,TROT_ATTELE,True,8,3,2
20260109-R3-C3,20260109,VINCENNES,2026-01-09 15:50:00,2850,,TROT_ATTELE,True,10,3,3
20260109-R3-C4,20260109,VINCENNES,2026-01-09 16:20:00,2700,,TROT_MONTE,True,7,3,4
20260109-R3-C5,20260109,VINCENNES,2026-01-09 16:55:00,2175,,TROT_ATTELE,True,10,3,5
20260109-R3-C6,20260109,VINCENNES,2026-01-09 17:30:00,2700,,TROT_MONTE,True,10,3,6
20260109-R3-C7,20260109,VINCENNES,2026-01-09 18:05:00,2175,,TROT_ATTELE,True,11,3,7
20260109-R3-C8,20260109,VINCENNES,2026-01-09 18:30:00,2850,,TROT_ATTELE,True,14,3,8
20260109-R4-C1,20260109,LA CEPIERE,2026-01-09 18:40:00,2150,,TROT_ATTELE,True,12,4,1
20260109-R4-C2,20260109,LA CEPIERE,2026-01-09 19:15:00,2150,,TROT_ATTELE,True,9,4,2
20260109-R4-C3,20260109,LA CEPIERE,2026-01-09 19:50:00,2950,,TROT_ATTELE,True,14,4,3
20260109-R4-C4,20260109,LA CEPIERE,2026-01-09 20:32:00,2950,,TROT_ATTELE,True,12,4,4
20260109-R4-C5,20260109,LA CEPIERE,2026-01-09 21:04:00,2950,,TROT_ATTELE,True,18,4,5
20260109-R4-C6,20260109,LA CEPIERE,2026-01-09 21:31:00,2950,,TROT_ATTELE,True,9,4,6
20260109-R4-C7,20260109,LA CEPIERE,2026-01-09 21:58:00,2150,,TROT_ATTELE,True,14,4,7
20260109-R4-C8,20260109,LA CEPIERE,2026-01-09 22:23:00,2950,,TROT_MONTE,True,11,4,8
20260110-R1-C1,20260110,VINCENNES,2026-01-10 13:24:00,2850,,TROT_ATTELE,True,14,1,1
20260110-R1-C2,20260110,VINCENNES,2026-01-10 13:58:00,2700,,TROT_ATTELE,True,9,1,2
20260110-R1-C3,20260110,VINCENNES,2026-01-10 14:34:00,2175,,TROT_ATTELE,True,11,1,3
20260110-R1-C4,20260110,VINCENNES,2026-01-10 15:15:00,2700,,TROT_ATTELE,True,14,1,4
20260110-R1-C5,20260110,VINCENNES,2026-01-10 15:53:00,2700,,TROT_ATTELE,True,12,1,5
20260110-R1-C6,20260110,VINCENNES,2026-01-10 16:29:00,2850,,TROT_ATTELE,True,16,1,6
20260110-R1-C7,20260110,VINCENNES,2026-01-10 17:02:00,2850,,TROT_ATTELE,True,10,1,7
20260110-R1-C8,20260110,VINCENNES,2026-01-10 17:39:00,2700,,TROT_ATTELE,True,14,1,8
20260110-R1-C9,20260110,VINCENNES,2026-01-10 18:12:00,2175,,TROT_MONTE,True,13,1,9
20260110-R2-C1,20260110,GELSENKIRCHEN,2026-01-10 10:36:00,2000,,TROT_ATTELE,True,6,2,1
20260110-R2-C2,20260110,GELSENKIRCHEN,2026-01-10 11:03:00,2000,,TROT_ATTELE,True,8,2,2
20260110-R2-C3,20260110,GELSENKIRCHEN,2026-01-10 11:35:00,2000,,TROT_ATTELE,True,8,2,3
20260110-R2-C4,20260110,GELSENKIRCHEN,2026-01-10 12:10:00,2000,,TROT_ATTELE,True,10,2,4
20260110-R2-C5,20260110,GELSENKIRCHEN,2026-01-10 12:45:00,2000,,TROT_ATTELE,True,11,2,5
20260110-R4-C1,20260110,LYON LA SOIE,2026-01-10 16:09:00,2700,,TROT_ATTELE,True,12,4,1
20260110-R4-C2,20260110,LYON LA SOIE,2026-01-10 16:45:00,2700,,TROT_ATTELE,True,12,4,2
20260110-R4-C3,20260110,LYON LA SOIE,2026-01-10 20:30:00,2700,,TROT_ATTELE,True,11,4,3
20260110-R4-C4,20260110,LYON LA SOIE,2026-01-10 17:54:00,2050,,TROT_ATTELE,True,8,4,4
20260110-R4-C5,20260110,LYON LA SOIE,2026-01-10 18:30:00,2700,,TROT_ATTELE,True,16,4,5
20260110-R4-C6,20260110,LYON LA SOIE,2026-01-10 19:02:00,2700,,TROT_ATTELE,True,16,4,6
20260110-R4-C7,20260110,LYON LA SOIE,2026-01-10 19:34:00,2700,,TROT_ATTELE,True,11,4,7
20260110-R4-C8,20260110,LYON LA SOIE,2026-01-10 20:06:00,2700,,TROT_ATTELE,True,14,4,8
20260110-R5-C1,20260110,WOLVEGA,2026-01-10 18:44:00,2100,,TROT_ATTELE,True,12,5,1
20260110-R5-C2,20260110,WOLVEGA,2026-01-10 19:18:00,2600,,TROT_ATTELE,True,11,5,2
20260110-R5-C3,20260110,WOLVEGA,2026-01-10 19:50:00,2100,,TROT_ATTELE,True,10,5,3
20260110-R5-C4,20260110,WOLVEGA,2026-01-10 20:22:00,2100,,TROT_ATTELE,True,11,5,4
20260110-R5-C5,20260110,WOLVEGA,2026-01-10 20:49:00,2100,,TROT_ATTELE,True,8,5,5
20260110-R5-C6,20260110,WOLVEGA,2026-01-10 21:15:00,2100,,TROT_ATTELE,True,8,5,6
20260110-R8-C1,20260110,ARGENTAN,2026-01-10 13:00:00,2875,,TROT_ATTELE,True,11,8,1
20260110-R8-C2,20260110,ARGENTAN,2026-01-10 13:30:00,2875,,TROT_MONTE,True,14,8,2
20260110-R8-C3,20260110,ARGENTAN,2026-01-10 14:00:00,2875,,TROT_ATTELE,True,14,8,3
20260110-R8-C4,20260110,ARGENTAN,2026-01-10 14:30:00,2875,,TROT_ATTELE,True,18,8,4
20260110-R8-C5,20260110,ARGENTAN,2026-01-10 15:00:00,2875,,TROT_ATTELE,True,17,8,5
20260110-R8-C6,20260110,ARGENTAN,2026-01-10 15:30:00,2875,,TROT_ATTELE,True,16,8,6
20260110-R8-C7,20260110,ARGENTAN,2026-01-10 16:03:00,2875,,TROT_ATTELE,True,18,8,7
20260111-R1-C1,20260111,VINCENNES,2026-01-11 13:23:00,2700,,TROT_ATTELE,True,7,1,1
20260111-R1-C2,20260111,VINCENNES,2026-01-11 13:58:00,2100,,TROT_ATTELE,True,14,1,2
20260111-R1-C3,20260111,VINCENNES,2026-01-11 14:35:00,2700,,TROT_MONTE,True,10,1,3
20260111-R1-C4,20260111,VINCENNES,2026-01-11 15:15:00,2850,,TROT_ATTELE,True,13,1,4
20260111-R1-C5,20260111,VINCENNES,2026-01-11 15:56:00,2100,,TROT_ATTELE,True,14,1,5
20260111-R1-C6,20260111,VINCENNES,2026-01-11 16:29:00,2700,,TROT_ATTELE,True,11,1,6
20260111-R1-C7,20260111,VINCENNES,2026-01-11 17:04:00,2100,,TROT_ATTELE,True,12,1,7
20260111-R1-C8,20260111,VINCENNES,2026-01-11 17:37:00,2700,,TROT_ATTELE,True,9,1,8
20260111-R1-C9,20260111,VINCENNES,2026-01-11 18:12:00,2700,,TROT_MONTE,True,8,1,9
20260111-R3-C1,20260111,KRIEAU (VIENNE),2026-01-11 10:32:00,2100,,TROT_ATTELE,True,6,3,1
20260111-R3-C2,20260111,KRIEAU (VIENNE),2026-01-11 11:10:00,2100,,TROT_ATTELE,True,12,3,2
20260111-R3-C3,20260111,KRIEAU (VIENNE),2026-01-11 11:43:00,2100,,TROT_ATTELE,True,8,3,3
20260111-R3-C4,20260111,KRIEAU (VIENNE),2026-01-11 12:15:00,1600,,TROT_ATTELE,True,14,3,4
20260111-R3-C5,20260111,KRIEAU (VIENNE),2026-01-11 12:47:00,2100,,TROT_ATTELE,True,11,3,5
20260111-R5-C1,20260111,CAGNES/MER,2026-01-11 16:12:00,2925,,TROT_ATTELE,True,16,5,1
20260111-R5-C2,20260111,CAGNES/MER,2026-01-11 16:46:00,2925,,TROT_ATTELE,True,12,5,2
20260111-R5-C3,20260111,CAGNES/MER,2026-01-11 17:20:00,2925,,TROT_ATTELE,True,10,5,3
20260111-R5-C4,20260111,CAGNES/MER,2026-01-11 17:53:00,2925,,TROT_ATTELE,True,13,5,4
20260111-R5-C5,20260111,CAGNES/MER,2026-01-11 18:27:00,2925,,TROT_ATTELE,True,13,5,5
20260111-R5-C6,20260111,CAGNES/MER,2026-01-11 19:04:00,2925,,TROT_MONTE,True,10,5,6
20260111-R5-C7,20260111,CAGNES/MER,2026-01-11 19:36:00,2150,,TROT_ATTELE,True,12,5,7
20260111-R9-C1,20260111,AGEN LA GARENNE,2026-01-11 13:20:00,2050,,TROT_ATTELE,True,16,9,1
20260111-R9-C2,20260111,AGEN LA GARENNE,2026-01-11 13:50:00,2625,,TROT_ATTELE,True,16,9,2
20260111-R9-C3,20260111,AGEN LA GARENNE,2026-01-11 14:20:00,2625,,TROT_ATTELE,True,18,9,3
20260111-R9-C4,20260111,AGEN LA GARENNE,2026-01-11 14:50:00,2575,,TROT_ATTELE,True,16,9,4
20260111-R9-C5,20260111,AGEN LA GARENNE,2026-01-11 15:30:00,2625,,TROT_ATTELE,True,16,9,5
20260111-R9-C6,20260111,AGEN LA GARENNE,2026-01-11 16:00:00,2050,,TROT_ATTELE,True,13,9,6
20260111-R9-C7,20260111,AGEN LA GARENNE,2026-01-11 16:28:00,2625,,TROT_ATTELE,True,13,9,7
20260111-R10-C1,20260111,ANGERS,2026-01-11 13:10:00,2425,,TROT_ATTELE,True,6,10,1
20260111-R10-C2,20260111,ANGERS,2026-01-11 13:40:00,2425,,TROT_ATTELE,True,10,10,2
20260111-R10-C3,20260111,ANGERS,2026-01-11 14:10:00,2425,,TROT_ATTELE,True,13,10,3
20260111-R10-C4,20260111,ANGERS,2026-01-11 14:40:00,2425,,TROT_ATTELE,True,12,10,4
20260111-R10-C5,20260111,ANGERS,2026-01-11 15:10:00,3125,,TROT_ATTELE,True,16,10,5
20260111-R10-C6,20260111,ANGERS,2026-01-11 15:40:00,3125,,TROT_ATTELE,True,13,10,6
20260111-R10-C7,20260111,ANGERS,2026-01-11 16:10:00,3125,,TROT_ATTELE,True,13,10,7
20260111-R11-C1,20260111,GRAIGNES,2026-01-11 13:30:00,2700,,TROT_MONTE,True,10,11,1
20260111-R11-C2,20260111,GRAIGNES,2026-01-11 14:00:00,2700,,TROT_ATTELE,True,11,11,2
20260111-R11-C3,20260111,GRAIGNES,2026-01-11 14:30:00,2700,,TROT_ATTELE,True,8,11,3
20260111-R11-C4,20260111,GRAIGNES,2026-01-11 15:00:00,2700,,TROT_ATTELE,True,14,11,4
20260111-R11-C5,20260111,GRAIGNES,2026-01-11 15:30:00,2700,,TROT_ATTELE,True,16,11,5
20260111-R11-C6,20260111,GRAIGNES,2026-01-11 16:05:00,2700,,TROT_ATTELE,True,16,11,6
20260111-R11-C7,20260111,GRAIGNES,2026-01-11 16:33:00,2700,,TROT_ATTELE,True,11,11,7
20260112-R3-C1,20260112,NANTES,2026-01-12 11:51:00,3000,,TROT_ATTELE,True,13,3,1
20260112-R3-C2,20260112,NANTES,2026-01-12 12:23:00,3000,,TROT_ATTELE,True,10,3,2
20260112-R3-C3,20260112,NANTES,2026-01-12 12:57:00,3000,,TROT_MONTE,True,12,3,3
20260112-R3-C4,20260112,NANTES,2026-01-12 13:29:00,3000,,TROT_ATTELE,True,12,3,4
20260112-R3-C5,20260112,NANTES,2026-01-12 14:13:00,3000,,TROT_ATTELE,True,15,3,5
20260112-R3-C6,20260112,NANTES,2026-01-12 14:54:00,3000,,TROT_ATTELE,True,13,3,6
20260112-R3-C7,20260112,NANTES,2026-01-12 15:27:00,3000,,TROT_ATTELE,True,12,3,7
20260112-R3-C8,20260112,NANTES,2026-01-12 16:01:00,3000,,TROT_ATTELE,True,13,3,8
20260112-R4-C1,20260112,MAUQUENCHY,2026-01-12 16:36:00,2850,,TROT_ATTELE,True,16,4,1
20260112-R4-C2,20260112,MAUQUENCHY,2026-01-12 17:15:00,2850,,TROT_ATTELE,True,13,4,2
20260112-R4-C3,20260112,MAUQUENCHY,2026-01-12 17:43:00,2850,,TROT_ATTELE,True,14,4,3
20260112-R4-C4,20260112,MAUQUENCHY,2026-01-12 18:15:00,2850,,TROT_ATTELE,True,8,4,4
20260112-R4-C5,20260112,MAUQUENCHY,2026-01-12 18:47:00,2850,,TROT_ATTELE,True,9,4,5
20260112-R4-C6,20260112,MAUQUENCHY,2026-01-12 19:15:00,2850,,TROT_MONTE,True,12,4,6
20260112-R4-C7,20260112,MAUQUENCHY,2026-01-12 19:45:00,2850,,TROT_ATTELE,True,7,4,7
20260112-R4-C8,20260112,MAUQUENCHY,2026-01-12 20:15:00,2850,,TROT_ATTELE,True,11,4,8
20260113-R1-C1,20260113,VINCENNES,2026-01-13 13:58:00,2850,,TROT_ATTELE,True,16,1,1
20260113-R1-C2,20260113,VINCENNES,2026-01-13 14:33:00,2700,,TROT_MONTE,True,10,1,2
20260113-R1-C3,20260113,VINCENNES,2026-01-13 15:08:00,2700,,TROT_ATTELE,True,8,1,3
20260113-R1-C4,20260113,VINCENNES,2026-01-13 15:43:00,2700,,TROT_MONTE,True,10,1,4
20260113-R1-C5,20260113,VINCENNES,2026-01-13 16:18:00,2100,,TROT_ATTELE,True,13,1,5
20260113-R1-C6,20260113,VINCENNES,2026-01-13 16:55:00,2700,,TROT_MONTE,True,9,1,6
20260113-R1-C7,20260113,VINCENNES,2026-01-13 17:29:00,2100,,TROT_ATTELE,True,12,1,7
20260113-R1-C8,20260113,VINCENNES,2026-01-13 18:03:00,2700,,TROT_ATTELE,True,16,1,8
20260113-R2-C1,20260113,MONS (GHLIN),2026-01-13 11:31:00,2300,,TROT_ATTELE,True,5,2,1
20260113-R2-C2,20260113,MONS (GHLIN),2026-01-13 12:04:00,2300,,TROT_ATTELE,True,6,2,2
20260113-R2-C3,20260113,MONS (GHLIN),2026-01-13 12:41:00,2300,,TROT_ATTELE,True,8,2,3
20260113-R2-C4,20260113,MONS (GHLIN),2026-01-13 13:15:00,2300,,TROT_ATTELE,True,10,2,4
20260113-R4-C1,20260113,PONT DE VIVAUX,2026-01-13 16:34:00,2650,,TROT_ATTELE,True,9,4,1
20260113-R4-C2,20260113,PONT DE VIVAUX,2026-01-13 17:10:00,2650,,TROT_ATTELE,True,10,4,2
20260113-R4-C3,20260113,PONT DE VIVAUX,2026-01-13 17:45:00,2650,,TROT_ATTELE,True,10,4,3
20260113-R4-C4,20260113,PONT DE VIVAUX,2026-01-13 18:18:00,2650,,TROT_ATTELE,True,13,4,4
20260113-R4-C5,20260113,PONT DE VIVAUX,2026-01-13 18:45:00,2650,,TROT_ATTELE,True,12,4,5
20260113-R4-C6,20260113,PONT DE VIVAUX,2026-01-13 19:15:00,2650,,TROT_ATTELE,True,10,4,6
20260113-R4-C7,20260113,PONT DE VIVAUX,2026-01-13 19:45:00,2650,,TROT_ATTELE,True,11,4,7
20260113-R4-C8,20260113,PONT DE VIVAUX,2026-01-13 20:15:00,2650,,TROT_ATTELE,True,8,4,8
20260114-R2-C1,20260114,SON PARDO,2026-01-14 11:03:00,2150,,TROT_ATTELE,True,11,2,1
20260114-R2-C2,20260114,SON PARDO,2026-01-14 11:35:00,2150,,TROT_ATTELE,True,16,2,2
20260114-R2-C3,20260114,SON PARDO,2026-01-14 12:07:00,2650,,TROT_ATTELE,True,8,2,3
20260114-R2-C4,20260114,SON PARDO,2026-01-14 12:39:00,2650,,TROT_ATTELE,True,12,2,4
20260114-R3-C1,20260114,CORDEMAIS,2026-01-14 11:19:00,2825,,TROT_ATTELE,True,10,3,1
20260114-R3-C2,20260114,CORDEMAIS,2026-01-14 11:51:00,2825,,TROT_MONTE,True,10,3,2
20260114-R3-C3,20260114,CORDEMAIS,2026-01-14 12:23:00,2825,,TROT_ATTELE,True,10,3,3
20260114-R3-C4,20260114,CORDEMAIS,2026-01-14 12:55:00,2825,,TROT_ATTELE,True,14,3,4
20260114-R3-C5,20260114,CORDEMAIS,2026-01-14 13:30:00,2825,,TROT_ATTELE,True,16,3,5
20260114-R3-C6,20260114,CORDEMAIS,2026-01-14 14:05:00,2825,,TROT_ATTELE,True,7,3,6
20260114-R3-C7,20260114,CORDEMAIS,2026-01-14 14:40:00,2825,,TROT_ATTELE,True,5,3,7
20260114-R4-C1,20260114,VINCENNES,2026-01-14 14:12:00,2100,,TROT_ATTELE,True,10,4,1
20260114-R4-C2,20260114,VINCENNES,2026-01-14 14:47:00,2850,,TROT_ATTELE,True,15,4,2
20260114-R4-C3,20260114,VINCENNES,2026-01-14 15:22:00,2700,,TROT_MONTE,True,9,4,3
20260114-R4-C4,20260114,VINCENNES,2026-01-14 15:59:00,2850,,TROT_ATTELE,True,18,4,4
20260114-R4-C5,20260114,VINCENNES,2026-01-14 16:33:00,2175,,TROT_ATTELE,True,10,4,5
20260114-R4-C6,20260114,VINCENNES,2026-01-14 17:08:00,2700,,TROT_ATTELE,True,9,4,6
20260114-R4-C7,20260114,VINCENNES,2026-01-14 17:46:00,2700,,TROT_MONTE,True,9,4,7
20260114-R4-C8,20260114,VINCENNES,2026-01-14 18:20:00,2850,,TROT_ATTELE,True,12,4,8
20260114-R4-C9,20260114,VINCENNES,2026-01-14 18:50:00,2850,,TROT_MONTE,True,15,4,9
20260114-R4-C10,20260114,VINCENNES,2026-01-14 19:18:00,2700,,TROT_ATTELE,True,12,4,10
20260114-R6-C1,20260114,SOLVALLA,2026-01-14 18:40:00,2140,,TROT_ATTELE,True,8,6,1
20260114-R6-C2,20260114,SOLVALLA,2026-01-14 19:03:00,2140,,TROT_ATTELE,True,10,6,2
20260114-R6-C3,20260114,SOLVALLA,2026-01-14 19:27:00,2140,,TROT_ATTELE,True,6,6,3
20260114-R6-C4,20260114,SOLVALLA,2026-01-14 19:51:00,2640,,TROT_ATTELE,True,12,6,4
20260114-R6-C5,20260114,SOLVALLA,2026-01-14 20:13:00,2140,,TROT_ATTELE,True,12,6,5
20260114-R6-C6,20260114,SOLVALLA,2026-01-14 20:41:00,2140,,TROT_ATTELE,True,12,6,6
20260114-R6-C7,20260114,SOLVALLA,2026-01-14 21:03:00,1640,,TROT_ATTELE,True,12,6,7
20260114-R6-C8,20260114,SOLVALLA,2026-01-14 21:26:00,2140,,TROT_ATTELE,True,12,6,8
20260114-R6-C9,20260114,SOLVALLA,2026-01-14 21:51:00,2140,,TROT_ATTELE,True,12,6,9
20260114-R7-C1,20260114,ABY GOTEBORG,2026-01-14 18:27:00,2140,,TROT_ATTELE,True,5,7,1
20260114-R7-C2,20260114,ABY GOTEBORG,2026-01-14 18:51:00,2140,,TROT_ATTELE,True,6,7,2
20260114-R7-C3,20260114,ABY GOTEBORG,2026-01-14 19:15:00,2140,,TROT_ATTELE,True,8,7,3
20260114-R7-C4,20260114,ABY GOTEBORG,2026-01-14 19:39:00,1640,,TROT_ATTELE,True,10,7,4
20260114-R7-C5,20260114,ABY GOTEBORG,2026-01-14 20:02:00,1640,,TROT_MONTE,True,11,7,5
20260114-R7-C6,20260114,ABY GOTEBORG,2026-01-14 20:30:00,2140,,TROT_ATTELE,True,12,7,6
20260114-R7-C7,20260114,ABY GOTEBORG,2026-01-14 20:52:00,2140,,TROT_ATTELE,True,9,7,7
20260114-R7-C8,20260114,ABY GOTEBORG,2026-01-14 21:15:00,2140,,TROT_ATTELE,True,12,7,8
20260114-R7-C9,20260114,ABY GOTEBORG,2026-01-14 21:40:00,2140,,TROT_ATTELE,True,15,7,9
20260115-R1-C1,20260115,VINCENNES,2026-01-15 13:55:00,2100,,TROT_ATTELE,True,16,1,1
20260115-R1-C2,20260115,VINCENNES,2026-01-15 14:30:00,2200,,TROT_MONTE,True,7,1,2
20260115-R1-C3,20260115,VINCENNES,2026-01-15 15:08:00,2175,,TROT_ATTELE,True,8,1,3
20260115-R1-C4,20260115,VINCENNES,2026-01-15 15:41:00,2700,,TROT_MONTE,True,11,1,4
20260115-R1-C5,20260115,VINCENNES,2026-01-15 16:15:00,2700,,TROT_ATTELE,True,14,1,5
20260115-R1-C6,20260115,VINCENNES,2026-01-15 16:50:00,2700,,TROT_ATTELE,True,10,1,6
20260115-R1-C7,20260115,VINCENNES,2026-01-15 17:25:00,2175,,TROT_ATTELE,True,9,1,7
20260115-R1-C8,20260115,VINCENNES,2026-01-15 18:05:00,2850,,TROT_ATTELE,True,13,1,8
20260115-R2-C1,20260115,SON PARDO,2026-01-15 09:30:00,2650,,TROT_ATTELE,True,6,2,1
20260115-R2-C2,20260115,SON PARDO,2026-01-15 09:55:00,2650,,TROT_ATTELE,True,8,2,2
20260115-R2-C3,20260115,SON PARDO,2026-01-15 10:20:00,2650,,TROT_ATTELE,True,9,2,3
20260115-R2-C4,20260115,SON PARDO,2026-01-15 10:48:00,2650,,TROT_ATTELE,True,11,2,4
20260115-R2-C5,20260115,SON PARDO,2026-01-15 11:20:00,2650,,TROT_ATTELE,True,13,2,5
20260115-R3-C1,20260115,ANGERS,2026-01-15 11:05:00,3125,,TROT_ATTELE,True,16,3,1
20260115-R3-C2,20260115,ANGERS,2026-01-15 11:35:00,3125,,TROT_ATTELE,True,14,3,2
20260115-R3-C3,20260115,ANGERS,2026-01-15 12:07:00,3125,,TROT_MONTE,True,11,3,3
20260115-R3-C4,20260115,ANGERS,2026-01-15 12:41:00,3125,,TROT_ATTELE,True,17,3,4
20260115-R3-C5,20260115,ANGERS,2026-01-15 13:13:00,2350,,TROT_ATTELE,True,14,3,5
20260115-R3-C6,20260115,ANGERS,2026-01-15 13:41:00,2350,,TROT_ATTELE,True,12,3,6
20260115-R3-C7,20260115,ANGERS,2026-01-15 14:11:00,2350,,TROT_ATTELE,True,10,3,7
20260115-R3-C8,20260115,ANGERS,2026-01-15 14:41:00,2350,,TROT_ATTELE,True,6,3,8
20260115-R5-C1,20260115,LA CEPIERE,2026-01-15 16:32:00,2325,,TROT_MONTE,True,11,5,1
20260115-R5-C2,20260115,LA CEPIERE,2026-01-15 17:07:00,2950,,TROT_ATTELE,True,7,5,2
20260115-R5-C3,20260115,LA CEPIERE,2026-01-15 17:44:00,2750,,TROT_ATTELE,True,11,5,3
20260115-R5-C4,20260115,LA CEPIERE,2026-01-15 18:25:00,2750,,TROT_ATTELE,True,13,5,4
20260115-R5-C5,20260115,LA CEPIERE,2026-01-15 18:55:00,2950,,TROT_ATTELE,True,13,5,5
20260115-R5-C6,20260115,LA CEPIERE,2026-01-15 19:27:00,2950,,TROT_ATTELE,True,14,5,6
20260115-R5-C7,20260115,LA CEPIERE,2026-01-15 19:59:00,2950,,TROT_ATTELE,True,9,5,7
20260115-R5-C8,20260115,LA CEPIERE,2026-01-15 20:33:00,2150,,TROT_ATTELE,True,10,5,8
20260115-R6-C5,20260115,STRAUBING,2026-01-15 18:37:00,1925,,TROT_ATTELE,True,10,6,5
20260115-R6-C6,20260115,STRAUBING,2026-01-15 19:11:00,1925,,TROT_ATTELE,True,10,6,6
20260115-R6-C7,20260115,STRAUBING,2026-01-15 19:43:00,1925,,TROT_ATTELE,True,8,6,7
20260115-R6-C8,20260115,STRAUBING,2026-01-15 20:15:00,2400,,TROT_ATTELE,True,8,6,8
20260115-R6-C9,20260115,STRAUBING,2026-01-15 21:01:00,2400,,TROT_ATTELE,True,7,6,9
20260116-R3-C1,20260116,NANTES,2026-01-16 11:32:00,2275,,TROT_MONTE,True,13,3,1
20260116-R3-C2,20260116,NANTES,2026-01-16 12:06:00,3000,,TROT_ATTELE,True,8,3,2
20260116-R3-C3,20260116,NANTES,2026-01-16 12:39:00,3000,,TROT_MONTE,True,14,3,3
20260116-R3-C4,20260116,NANTES,2026-01-16 13:13:00,3000,,TROT_ATTELE,True,13,3,4
20260116-R3-C5,20260116,NANTES,2026-01-16 13:47:00,3000,,TROT_ATTELE,True,11,3,5
20260116-R3-C6,20260116,NANTES,2026-01-16 14:21:00,3000,,TROT_ATTELE,True,16,3,6
20260116-R3-C7,20260116,NANTES,2026-01-16 14:54:00,3000,,TROT_ATTELE,True,9,3,7
20260116-R3-C8,20260116,NANTES,2026-01-16 15:28:00,3000,,TROT_ATTELE,True,16,3,8
20260116-R4-C1,20260116,CAGNES/MER,2026-01-16 15:47:00,2150,,TROT_ATTELE,True,8,4,1
20260116-R4-C2,20260116,CAGNES/MER,2026-01-16 16:20:00,2925,,TROT_ATTELE,True,11,4,2
20260116-R4-C3,20260116,CAGNES/MER,2026-01-16 16:55:00,2925,,TROT_ATTELE,True,8,4,3
20260116-R4-C4,20260116,CAGNES/MER,2026-01-16 17:30:00,2700,,TROT_ATTELE,True,16,4,4
20260116-R4-C5,20260116,CAGNES/MER,2026-01-16 18:05:00,2925,,TROT_ATTELE,True,9,4,5
20260116-R4-C6,20260116,CAGNES/MER,2026-01-16 18:40:00,2700,,TROT_ATTELE,True,9,4,6
20260116-R4-C7,20260116,CAGNES/MER,2026-01-16 19:15:00,2925,,TROT_ATTELE,True,8,4,7
20260116-R4-C8,20260116,CAGNES/MER,2026-01-16 19:50:00,2700,,TROT_ATTELE,True,9,4,8
20260117-R1-C1,20260117,VINCENNES,2026-01-17 13:25:00,2700,,TROT_ATTELE,True,10,1,1
20260117-R1-C2,20260117,VINCENNES,2026-01-17 13:59:00,2700,,TROT_ATTELE,True,10,1,2
20260117-R1-C3,20260117,VINCENNES,2026-01-17 14:33:00,2175,,TROT_MONTE,True,10,1,3
20260117-R1-C4,20260117,VINCENNES,2026-01-17 15:15:00,2700,,TROT_ATTELE,True,14,1,4
20260117-R1-C5,20260117,VINCENNES,2026-01-17 15:51:00,2175,,TROT_ATTELE,True,14,1,5
20260117-R1-C6,20260117,VINCENNES,2026-01-17 16:28:00,2850,,TROT_ATTELE,True,13,1,6
20260117-R1-C7,20260117,VINCENNES,2026-01-17 17:02:00,2850,,TROT_MONTE,True,13,1,7
20260117-R1-C8,20260117,VINCENNES,2026-01-17 17:37:00,2850,,TROT_ATTELE,True,11,1,8
20260117-R1-C9,20260117,VINCENNES,2026-01-17 18:12:00,2700,,TROT_ATTELE,True,10,1,9
20260117-R2-C1,20260117,AGEN LA GARENNE,2026-01-17 10:45:00,2575,,TROT_ATTELE,True,14,2,1
20260117-R2-C2,20260117,AGEN LA GARENNE,2026-01-17 11:22:00,2575,,TROT_ATTELE,True,10,2,2
20260117-R2-C3,20260117,AGEN LA GARENNE,2026-01-17 11:49:00,2575,,TROT_ATTELE,True,10,2,3
20260117-R2-C4,20260117,AGEN LA GARENNE,2026-01-17 12:19:00,2575,,TROT_ATTELE,True,12,2,4
20260117-R2-C5,20260117,AGEN LA GARENNE,2026-01-17 12:52:00,2625,,TROT_ATTELE,True,18,2,5
20260117-R2-C6,20260117,AGEN LA GARENNE,2026-01-17 13:35:00,2625,,TROT_ATTELE,True,9,2,6
20260117-R2-C7,20260117,AGEN LA GARENNE,2026-01-17 14:05:00,2625,,TROT_ATTELE,True,11,2,7
20260117-R4-C1,20260117,LYON LA SOIE,2026-01-17 16:09:00,2050,,TROT_ATTELE,True,11,4,1
20260117-R4-C2,20260117,LYON LA SOIE,2026-01-17 16:45:00,2050,,TROT_ATTELE,True,11,4,2
20260117-R4-C3,20260117,LYON LA SOIE,2026-01-17 17:19:00,2050,,TROT_ATTELE,True,7,4,3
20260117-R4-C4,20260117,LYON LA SOIE,2026-01-17 17:54:00,2700,,TROT_ATTELE,True,11,4,4
20260117-R4-C5,20260117,LYON LA SOIE,2026-01-17 18:29:00,2050,,TROT_ATTELE,True,14,4,5
20260117-R4-C6,20260117,LYON LA SOIE,2026-01-17 19:02:00,2700,,TROT_ATTELE,True,16,4,6
20260117-R4-C7,20260117,LYON LA SOIE,2026-01-17 19:34:00,2700,,TROT_ATTELE,True,11,4,7
20260117-R4-C8,20260117,LYON LA SOIE,2026-01-17 20:06:00,2050,,TROT_ATTELE,True,6,4,8
20260117-R5-C2,20260117,WOLVEGA,2026-01-17 18:44:00,2600,,TROT_ATTELE,True,9,5,2
20260117-R5-C3,20260117,WOLVEGA,2026-01-17 19:18:00,2600,,TROT_ATTELE,True,8,5,3
20260117-R5-C4,20260117,WOLVEGA,2026-01-17 19:50:00,2100,,TROT_ATTELE,True,9,5,4
20260117-R5-C5,20260117,WOLVEGA,2026-01-17 20:22:00,2600,,TROT_ATTELE,True,8,5,5
20260117-R5-C6,20260117,WOLVEGA,2026-01-17 20:55:00,2600,,TROT_ATTELE,True,7,5,6
20260117-R5-C7,20260117,WOLVEGA,2026-01-17 21:25:00,2100,,TROT_ATTELE,True,7,5,7
20260117-R8-C1,20260117,ARGENTAN,2026-01-17 13:00:00,2875,,TROT_MONTE,True,7,8,1
20260117-R8-C2,20260117,ARGENTAN,2026-01-17 13:30:00,2875,,TROT_ATTELE,True,10,8,2
20260117-R8-C3,20260117,ARGENTAN,2026-01-17 14:00:00,2875,,TROT_ATTELE,True,12,8,3
20260117-R8-C4,20260117,ARGENTAN,2026-01-17 14:30:00,2875,,TROT_ATTELE,True,18,8,4
20260117-R8-C5,20260117,ARGENTAN,2026-01-17 15:00:00,2875,,TROT_ATTELE,True,12,8,5
20260117-R8-C6,20260117,ARGENTAN,2026-01-17 15:32:00,2875,,TROT_ATTELE,True,12,8,6
20260117-R8-C7,20260117,ARGENTAN,2026-01-17 16:00:00,2875,,TROT_ATTELE,True,15,8,7
20260117-R8-C8,20260117,ARGENTAN,2026-01-17 16:30:00,2875,,TROT_ATTELE,True,18,8,8
20260118-R1-C1,20260118,VINCENNES,2026-01-18 13:23:00,2850,,TROT_ATTELE,True,12,1,1
20260118-R1-C2,20260118,VINCENNES,2026-01-18 13:58:00,2700,,TROT_ATTELE,True,8,1,2
20260118-R1-C3,20260118,VINCENNES,2026-01-18 14:33:00,2100,,TROT_ATTELE,True,9,1,3
20260118-R1-C4,20260118,VINCENNES,2026-01-18 15:15:00,2700,,TROT_MONTE,True,18,1,4
20260118-R1-C5,20260118,VINCENNES,2026-01-18 15:54:00,2700,,TROT_ATTELE,True,16,1,5
20260118-R1-C6,20260118,VINCENNES,2026-01-18 16:31:00,2175,,TROT_MONTE,True,10,1,6
20260118-R1-C7,20260118,VINCENNES,2026-01-18 17:07:00,2175,,TROT_ATTELE,True,13,1,7
20260118-R1-C8,20260118,VINCENNES,2026-01-18 17:42:00,2700,,TROT_ATTELE,True,10,1,8
20260118-R1-C9,20260118,VINCENNES,2026-01-18 18:16:00,2700,,TROT_ATTELE,True,8,1,9
20260118-R5-C1,20260118,PONT DE VIVAUX,2026-01-18 16:17:00,2650,,TROT_ATTELE,True,8,5,1
20260118-R5-C2,20260118,PONT DE VIVAUX,2026-01-18 16:52:00,2650,,TROT_MONTE,True,7,5,2
20260118-R5-C3,20260118,PONT DE VIVAUX,2026-01-18 17:24:00,2650,,TROT_ATTELE,True,8,5,3
20260118-R5-C4,20260118,PONT DE VIVAUX,2026-01-18 17:59:00,2650,,TROT_ATTELE,True,14,5,4
20260118-R5-C5,20260118,PONT DE VIVAUX,2026-01-18 18:34:00,2650,,TROT_ATTELE,True,14,5,5
20260118-R5-C6,20260118,PONT DE VIVAUX,2026-01-18 19:05:00,2650,,TROT_ATTELE,True,14,5,6
20260118-R5-C7,20260118,PONT DE VIVAUX,2026-01-18 19:37:00,2650,,TROT_ATTELE,True,8,5,7
20260118-R5-C8,20260118,PONT DE VIVAUX,2026-01-18 20:09:00,2650,,TROT_ATTELE,True,9,5,8
20260118-R9-C1,20260118,LE BOUSCAT,2026-01-18 13:20:00,2650,,TROT_ATTELE,True,9,9,1
20260118-R9-C2,20260118,LE BOUSCAT,2026-01-18 13:50:00,2650,,TROT_ATTELE,True,14,9,2
20260118-R9-C3,20260118,LE BOUSCAT,2026-01-18 14:20:00,2650,,TROT_ATTELE,True,14,9,3
20260118-R9-C4,20260118,LE BOUSCAT,2026-01-18 14:53:00,2650,,TROT_ATTELE,True,15,9,4
20260118-R9-C5,20260118,LE BOUSCAT,2026-01-18 15:30:00,2650,,TROT_ATTELE,True,15,9,5
20260118-R9-C6,20260118,LE BOUSCAT,2026-01-18 15:58:00,2550,,TROT_ATTELE,True,14,9,6
20260118-R9-C7,20260118,LE BOUSCAT,2026-01-18 16:30:00,2650,,TROT_ATTELE,True,15,9,7
20260118-R10-C1,20260118,SAINT GALMIER,2026-01-18 14:15:00,2025,,TROT_ATTELE,True,11,10,1
20260118-R10-C2,20260118,SAINT GALMIER,2026-01-18 14:50:00,2650,,TROT_ATTELE,True,14,10,2
20260118-R10-C3,20260118,SAINT GALMIER,2026-01-18 15:25:00,2650,,TROT_ATTELE,True,14,10,3
20260118-R10-C4,20260118,SAINT GALMIER,2026-01-18 15:58:00,2650,,TROT_ATTELE,True,14,10,4
20260118-R10-C5,20260118,SAINT GALMIER,2026-01-18 16:25:00,2650,,TROT_ATTELE,True,16,10,5
20260118-R10-C6,20260118,SAINT GALMIER,2026-01-18 16:55:00,2650,,TROT_ATTELE,True,14,10,6
20260118-R10-C7,20260118,SAINT GALMIER,2026-01-18 17:25:00,2650,,TROT_ATTELE,True,14,10,7
20260118-R11-C1,20260118,CHATEAUBRIANT,2026-01-18 13:30:00,2400,,TROT_ATTELE,True,9,11,1
20260118-R11-C2,20260118,CHATEAUBRIANT,2026-01-18 14:00:00,2400,,TROT_ATTELE,True,12,11,2
20260118-R11-C3,20260118,CHATEAUBRIANT,2026-01-18 14:30:00,2400,,TROT_ATTELE,True,14,11,3
20260118-R11-C4,20260118,CHATEAUBRIANT,2026-01-18 15:00:00,2400,,TROT_ATTELE,True,13,11,4
20260118-R11-C5,20260118,CHATEAUBRIANT,2026-01-18 15:35:00,3000,,TROT_MONTE,True,14,11,5
20260118-R11-C6,20260118,CHATEAUBRIANT,2026-01-18 16:10:00,3000,,TROT_ATTELE,True,12,11,6
20260118-R11-C7,20260118,CHATEAUBRIANT,2026-01-18 16:42:00,3000,,TROT_ATTELE,True,16,11,7
20260119-R2-C1,20260119,VINCENNES,2026-01-19 12:17:00,2200,,TROT_MONTE,True,8,2,1
20260119-R2-C2,20260119,VINCENNES,2026-01-19 12:52:00,2850,,TROT_ATTELE,True,11,2,2
20260119-R2-C3,20260119,VINCENNES,2026-01-19 13:27:00,2850,,TROT_ATTELE,True,16,2,3
20260119-R2-C4,20260119,VINCENNES,2026-01-19 14:12:00,2100,,TROT_ATTELE,True,11,2,4
20260119-R2-C5,20260119,VINCENNES,2026-01-19 14:47:00,2700,,TROT_MONTE,True,8,2,5
20260119-R2-C6,20260119,VINCENNES,2026-01-19 15:22:00,2875,,TROT_ATTELE,True,11,2,6
20260119-R2-C7,20260119,VINCENNES,2026-01-19 15:57:00,2700,,TROT_MONTE,True,8,2,7
20260119-R2-C8,20260119,VINCENNES,2026-01-19 16:35:00,2850,,TROT_ATTELE,True,10,2,8
20260119-R3-C1,20260119,LYON LA SOIE,2026-01-19 17:10:00,2050,,TROT_ATTELE,True,9,3,1
20260119-R3-C2,20260119,LYON LA SOIE,2026-01-19 17:45:00,2700,,TROT_ATTELE,True,12,3,2
20260119-R3-C3,20260119,LYON LA SOIE,2026-01-19 18:20:00,2700,,TROT_ATTELE,True,13,3,3
20260119-R3-C4,20260119,LYON LA SOIE,2026-01-19 18:57:00,2700,,TROT_ATTELE,True,11,3,4
20260119-R3-C5,20260119,LYON LA SOIE,2026-01-19 19:31:00,2700,,TROT_ATTELE,True,14,3,5
20260119-R3-C6,20260119,LYON LA SOIE,2026-01-19 20:03:00,2050,,TROT_ATTELE,True,8,3,6
20260119-R3-C7,20260119,LYON LA SOIE,2026-01-19 20:37:00,2050,,TROT_ATTELE,True,12,3,7
20260119-R3-C8,20260119,LYON LA SOIE,2026-01-19 21:09:00,2050,,TROT_ATTELE,True,5,3,8
20260119-R7-C1,20260119,NANTES,2026-01-19 13:00:00,2275,,TROT_ATTELE,True,9,7,1
20260119-R7-C2,20260119,NANTES,2026-01-19 13:30:00,3000,,TROT_ATTELE,True,13,7,2
20260119-R7-C3,20260119,NANTES,2026-01-19 14:00:00,3000,,TROT_MONTE,True,9,7,3
20260119-R7-C4,20260119,NANTES,2026-01-19 14:30:00,3000,,TROT_ATTELE,True,16,7,4
20260119-R7-C5,20260119,NANTES,2026-01-19 15:00:00,3000,,TROT_ATTELE,True,11,7,5
20260119-R7-C6,20260119,NANTES,2026-01-19 15:30:00,2275,,TROT_MONTE,True,13,7,6
20260119-R7-C7,20260119,NANTES,2026-01-19 16:00:00,3000,,TROT_ATTELE,True,10,7,7
20260120-R2-C1,20260120,SON PARDO,2026-01-20 11:08:00,2150,,TROT_ATTELE,True,9,2,1
20260120-R2-C2,20260120,SON PARDO,2026-01-20 11:35:00,2650,,TROT_ATTELE,True,10,2,2
20260120-R2-C3,20260120,SON PARDO,2026-01-20 12:07:00,1650,,TROT_ATTELE,True,9,2,3
20260120-R2-C4,20260120,SON PARDO,2026-01-20 12:39:00,2650,,TROT_ATTELE,True,13,2,4
20260120-R4-C1,20260120,VINCENNES,2026-01-20 16:32:00,3525,,TROT_ATTELE,True,16,4,1
20260120-R4-C2,20260120,VINCENNES,2026-01-20 17:08:00,2850,,TROT_ATTELE,True,10,4,2
20260120-R4-C3,20260120,VINCENNES,2026-01-20 17:46:00,2700,,TROT_ATTELE,True,12,4,3
20260120-R4-C4,20260120,VINCENNES,2026-01-20 18:22:00,2700,,TROT_ATTELE,True,12,4,4
20260120-R4-C5,20260120,VINCENNES,2026-01-20 18:56:00,2175,,TROT_ATTELE,True,8,4,5
20260120-R4-C6,20260120,VINCENNES,2026-01-20 19:30:00,2700,,TROT_MONTE,True,8,4,6
20260120-R4-C7,20260120,VINCENNES,2026-01-20 20:02:00,2700,,TROT_ATTELE,True,13,4,7
20260120-R4-C8,20260120,VINCENNES,2026-01-20 20:34:00,2700,,TROT_MONTE,True,10,4,8
20260120-R5-C1,20260120,MONS (GHLIN),2026-01-20 18:03:00,2300,,TROT_ATTELE,True,12,5,1
20260120-R5-C2,20260120,MONS (GHLIN),2026-01-20 18:39:00,2300,,TROT_ATTELE,True,12,5,2
20260120-R5-C3,20260120,MONS (GHLIN),2026-01-20 19:13:00,1750,,TROT_ATTELE,True,12,5,3
20260120-R5-C4,20260120,MONS (GHLIN),2026-01-20 19:45:00,2300,,TROT_ATTELE,True,14,5,4
20260120-R5-C5,20260120,MONS (GHLIN),2026-01-20 20:18:00,1750,,TROT_ATTELE,True,7,5,5
20260120-R5-C6,20260120,MONS (GHLIN),2026-01-20 20:49:00,2300,,TROT_ATTELE,True,9,5,6
20260120-R5-C7,20260120,MONS (GHLIN),2026-01-20 21:20:00,2300,,TROT_ATTELE,True,8,5,7
20260120-R5-C8,20260120,MONS (GHLIN),2026-01-20 21:49:00,2840,,TROT_ATTELE,True,8,5,8
20260121-R1-C1,20260121,CAGNES/MER,2026-01-21 13:55:00,2925,,TROT_ATTELE,True,14,1,1
20260121-R1-C2,20260121,CAGNES/MER,2026-01-21 14:30:00,2925,,TROT_ATTELE,True,7,1,2
20260121-R1-C3,20260121,CAGNES/MER,2026-01-21 15:07:00,2150,,TROT_ATTELE,True,10,1,3
20260121-R1-C4,20260121,CAGNES/MER,2026-01-21 15:40:00,2150,,TROT_ATTELE,True,8,1,4
20260121-R1-C5,20260121,CAGNES/MER,2026-01-21 16:15:00,2150,,TROT_ATTELE,True,10,1,5
20260121-R1-C6,20260121,CAGNES/MER,2026-01-21 16:50:00,2150,,TROT_ATTELE,True,16,1,6
20260121-R1-C7,20260121,CAGNES/MER,2026-01-21 17:25:00,2150,,TROT_ATTELE,True,7,1,7
20260121-R1-C8,20260121,CAGNES/MER,2026-01-21 18:00:00,2925,,TROT_ATTELE,True,13,1,8
20260121-R2-C1,20260121,MAUQUENCHY,2026-01-21 10:57:00,2150,,TROT_ATTELE,True,16,2,1
20260121-R2-C2,20260121,MAUQUENCHY,2026-01-21 11:24:00,2150,,TROT_ATTELE,True,15,2,2
20260121-R2-C3,20260121,MAUQUENCHY,2026-01-21 11:59:00,2850,,TROT_ATTELE,True,12,2,3
20260121-R2-C4,20260121,MAUQUENCHY,2026-01-21 12:34:00,2850,,TROT_ATTELE,True,16,2,4
20260121-R2-C5,20260121,MAUQUENCHY,2026-01-21 13:09:00,2150,,TROT_ATTELE,True,14,2,5
20260121-R2-C6,20260121,MAUQUENCHY,2026-01-21 13:44:00,2850,,TROT_MONTE,True,9,2,6
20260121-R2-C7,20260121,MAUQUENCHY,2026-01-21 14:19:00,2150,,TROT_ATTELE,True,11,2,7
20260121-R2-C8,20260121,MAUQUENCHY,2026-01-21 14:50:00,2150,,TROT_ATTELE,True,14,2,8
20260121-R6-C4,20260121,GELSENKIRCHEN,2026-01-21 20:45:00,2000,,TROT_ATTELE,True,11,6,4
20260121-R6-C5,20260121,GELSENKIRCHEN,2026-01-21 21:15:00,2000,,TROT_ATTELE,True,10,6,5
20260121-R6-C6,20260121,GELSENKIRCHEN,2026-01-21 21:42:00,2000,,TROT_ATTELE,True,10,6,6
20260121-R6-C7,20260121,GELSENKIRCHEN,2026-01-21 22:09:00,2000,,TROT_ATTELE,True,10,6,7
20260121-R6-C8,20260121,GELSENKIRCHEN,2026-01-21 22:36:00,2000,,TROT_ATTELE,True,10,6,8
20260121-R8-C1,20260121,SOLVALLA,2026-01-21 18:40:00,2140,,TROT_ATTELE,True,12,8,1
20260121-R8-C2,20260121,SOLVALLA,2026-01-21 19:03:00,2140,,TROT_ATTELE,True,12,8,2
20260121-R8-C3,20260121,SOLVALLA,2026-01-21 19:27:00,1640,,TROT_ATTELE,True,9,8,3
20260121-R8-C4,20260121,SOLVALLA,2026-01-21 19:51:00,2140,,TROT_MONTE,True,8,8,4
20260121-R8-C5,20260121,SOLVALLA,2026-01-21 20:13:00,2140,,TROT_ATTELE,True,10,8,5
20260121-R8-C6,20260121,SOLVALLA,2026-01-21 20:41:00,2140,,TROT_ATTELE,True,12,8,6
20260121-R8-C7,20260121,SOLVALLA,2026-01-21 21:03:00,2140,,TROT_ATTELE,True,10,8,7
20260121-R8-C8,20260121,SOLVALLA,2026-01-21 21:26:00,2140,,TROT_ATTELE,True,15,8,8
20260121-R8-C9,20260121,SOLVALLA,2026-01-21 21:51:00,2140,,TROT_ATTELE,True,10,8,9
20260121-R11-C1,20260121,ANGERS,2026-01-21 13:00:00,2425,,TROT_ATTELE,True,10,11,1
20260121-R11-C2,20260121,ANGERS,2026-01-21 13:30:00,2425,,TROT_MONTE,True,9,11,2
20260121-R11-C3,20260121,ANGERS,2026-01-21 14:00:00,2425,,TROT_ATTELE,True,9,11,3
20260121-R11-C4,20260121,ANGERS,2026-01-21 14:30:00,2425,,TROT_ATTELE,True,14,11,4
20260121-R11-C5,20260121,ANGERS,2026-01-21 15:00:00,3125,,TROT_ATTELE,True,16,11,5
20260121-R11-C6,20260121,ANGERS,2026-01-21 15:30:00,2425,,TROT_ATTELE,True,14,11,6
20260121-R11-C7,20260121,ANGERS,2026-01-21 16:00:00,2425,,TROT_ATTELE,True,10,11,7
20260122-R1-C1,20260122,VINCENNES,2026-01-22 13:18:00,2700,,TROT_MONTE,True,6,1,1
20260122-R1-C2,20260122,VINCENNES,2026-01-22 13:57:00,2850,,TROT_ATTELE,True,16,1,2
20260122-R1-C3,20260122,VINCENNES,2026-01-22 14:36:00,2700,,TROT_ATTELE,True,15,1,3
20260122-R1-C4,20260122,VINCENNES,2026-01-22 15:11:00,2100,,TROT_ATTELE,True,16,1,4
20260122-R1-C5,20260122,VINCENNES,2026-01-22 15:45:00,2175,,TROT_ATTELE,True,11,1,5
20260122-R1-C6,20260122,VINCENNES,2026-01-22 16:17:00,2175,,TROT_ATTELE,True,15,1,6
20260122-R1-C7,20260122,VINCENNES,2026-01-22 16:52:00,2700,,TROT_ATTELE,True,12,1,7
20260122-R1-C8,20260122,VINCENNES,2026-01-22 17:25:00,2700,,TROT_ATTELE,True,16,1,8
20260122-R1-C9,20260122,VINCENNES,2026-01-22 18:00:00,2100,,TROT_ATTELE,True,16,1,9
20260122-R2-C1,20260122,MONS (GHLIN),2026-01-22 10:51:00,2300,,TROT_ATTELE,True,7,2,1
20260122-R2-C2,20260122,MONS (GHLIN),2026-01-22 11:19:00,2300,,TROT_ATTELE,True,8,2,2
20260122-R2-C3,20260122,MONS (GHLIN),2026-01-22 11:45:00,2300,,TROT_ATTELE,True,8,2,3
20260122-R2-C4,20260122,MONS (GHLIN),2026-01-22 12:19:00,2300,,TROT_ATTELE,True,13,2,4
20260122-R2-C5,20260122,MONS (GHLIN),2026-01-22 12:50:00,2840,,TROT_ATTELE,True,12,2,5
20260122-R3-C1,20260122,LA CEPIERE,2026-01-22 12:02:00,2750,,TROT_ATTELE,True,10,3,1
20260122-R3-C2,20260122,LA CEPIERE,2026-01-22 12:34:00,2750,,TROT_ATTELE,True,14,3,2
20260122-R3-C3,20260122,LA CEPIERE,2026-01-22 13:03:00,2150,,TROT_ATTELE,True,9,3,3
20260122-R3-C4,20260122,LA CEPIERE,2026-01-22 13:33:00,2750,,TROT_ATTELE,True,15,3,4
20260122-R3-C5,20260122,LA CEPIERE,2026-01-22 14:16:00,2150,,TROT_ATTELE,True,16,3,5
20260122-R3-C6,20260122,LA CEPIERE,2026-01-22 14:52:00,2950,,TROT_MONTE,True,9,3,6
20260122-R3-C7,20260122,LA CEPIERE,2026-01-22 15:27:00,2950,,TROT_ATTELE,True,9,3,7
20260122-R3-C8,20260122,LA CEPIERE,2026-01-22 15:59:00,2150,,TROT_ATTELE,True,8,3,8
20260123-R3-C1,20260123,SAINT BRIEUC,2026-01-23 11:04:00,2575,,TROT_ATTELE,True,7,3,1
20260123-R3-C2,20260123,SAINT BRIEUC,2026-01-23 11:38:00,2575,,TROT_ATTELE,True,13,3,2
20260123-R3-C3,20260123,SAINT BRIEUC,2026-01-23 12:08:00,2575,,TROT_ATTELE,True,8,3,3
20260123-R3-C4,20260123,SAINT BRIEUC,2026-01-23 12:41:00,3150,,TROT_ATTELE,True,12,3,4
20260123-R3-C5,20260123,SAINT BRIEUC,2026-01-23 13:15:00,3150,,TROT_ATTELE,True,12,3,5
20260123-R3-C6,20260123,SAINT BRIEUC,2026-01-23 13:50:00,3150,,TROT_ATTELE,True,11,3,6
20260123-R3-C7,20260123,SAINT BRIEUC,2026-01-23 14:21:00,3150,,TROT_ATTELE,True,13,3,7
20260123-R3-C8,20260123,SAINT BRIEUC,2026-01-23 14:53:00,3150,,TROT_ATTELE,True,12,3,8
20260123-R4-C1,20260123,CAGNES/MER,2026-01-23 15:26:00,2150,,TROT_ATTELE,True,12,4,1
20260123-R4-C2,20260123,CAGNES/MER,2026-01-23 15:56:00,2925,,TROT_ATTELE,True,10,4,2
20260123-R4-C3,20260123,CAGNES/MER,2026-01-23 16:28:00,2925,,TROT_ATTELE,True,9,4,3
20260123-R4-C4,20260123,CAGNES/MER,2026-01-23 16:58:00,2925,,TROT_ATTELE,True,11,4,4
20260123-R4-C5,20260123,CAGNES/MER,2026-01-23 17:42:00,2925,,TROT_ATTELE,True,12,4,5
20260123-R4-C6,20260123,CAGNES/MER,2026-01-23 18:18:00,2925,,TROT_MONTE,True,8,4,6
20260123-R4-C7,20260123,CAGNES/MER,2026-01-23 18:53:00,2925,,TROT_ATTELE,True,11,4,7
20260123-R4-C8,20260123,CAGNES/MER,2026-01-23 19:28:00,2150,,TROT_ATTELE,True,8,4,8
20260124-R1-C1,20260124,VINCENNES,2026-01-24 13:23:00,2700,,TROT_ATTELE,True,11,1,1
20260124-R1-C2,20260124,VINCENNES,2026-01-24 13:58:00,2175,,TROT_MONTE,True,13,1,2
20260124-R1-C3,20260124,VINCENNES,2026-01-24 14:33:00,2700,,TROT_ATTELE,True,13,1,3
20260124-R1-C4,20260124,VINCENNES,2026-01-24 15:15:00,2100,,TROT_ATTELE,True,15,1,4
20260124-R1-C5,20260124,VINCENNES,2026-01-24 15:50:00,2700,,TROT_ATTELE,True,16,1,5
20260124-R1-C6,20260124,VINCENNES,2026-01-24 16:26:00,2700,,TROT_ATTELE,True,12,1,6
20260124-R1-C7,20260124,VINCENNES,2026-01-24 17:08:00,2700,,TROT_ATTELE,True,14,1,7
20260124-R1-C8,20260124,VINCENNES,2026-01-24 17:45:00,2700,,TROT_ATTELE,True,13,1,8
20260124-R1-C9,20260124,VINCENNES,2026-01-24 18:18:00,2100,,TROT_ATTELE,True,14,1,9
20260124-R1-C10,20260124,VINCENNES,2026-01-24 18:51:00,2700,,TROT_ATTELE,True,13,1,10
20260124-R2-C1,20260124,WOLVEGA,2026-01-24 10:45:00,3100,,TROT_ATTELE,True,8,2,1
20260124-R2-C2,20260124,WOLVEGA,2026-01-24 11:12:00,2100,,TROT_ATTELE,True,10,2,2
20260124-R2-C3,20260124,WOLVEGA,2026-01-24 11:43:00,2100,,TROT_ATTELE,True,9,2,3
20260124-R2-C4,20260124,WOLVEGA,2026-01-24 12:15:00,2100,,TROT_ATTELE,True,10,2,4
20260124-R2-C5,20260124,WOLVEGA,2026-01-24 12:47:00,2600,,TROT_ATTELE,True,9,2,5
20260124-R5-C1,20260124,SAINT GALMIER,2026-01-24 17:45:00,2650,,TROT_MONTE,True,15,5,1
20260124-R5-C2,20260124,SAINT GALMIER,2026-01-24 18:15:00,2650,,TROT_ATTELE,True,10,5,2
20260124-R5-C3,20260124,SAINT GALMIER,2026-01-24 18:44:00,2650,,TROT_ATTELE,True,14,5,3
20260124-R5-C4,20260124,SAINT GALMIER,2026-01-24 19:23:00,2025,,TROT_ATTELE,True,14,5,4
20260124-R5-C5,20260124,SAINT GALMIER,2026-01-24 19:56:00,2650,,TROT_ATTELE,True,11,5,5
20260124-R5-C6,20260124,SAINT GALMIER,2026-01-24 20:26:00,2650,,TROT_ATTELE,True,11,5,6
20260124-R5-C7,20260124,SAINT GALMIER,2026-01-24 20:51:00,2650,,TROT_ATTELE,True,12,5,7
20260124-R5-C8,20260124,SAINT GALMIER,2026-01-24 21:16:00,2650,,TROT_ATTELE,True,14,5,8
20260124-R9-C1,20260124,ARGENTAN,2026-01-24 13:00:00,2875,,TROT_ATTELE,True,12,9,1
20260124-R9-C2,20260124,ARGENTAN,2026-01-24 13:30:00,2150,,TROT_ATTELE,True,16,9,2
20260124-R9-C3,20260124,ARGENTAN,2026-01-24 14:00:00,2150,,TROT_ATTELE,True,16,9,3
20260124-R9-C4,20260124,ARGENTAN,2026-01-24 14:30:00,2875,,TROT_ATTELE,True,13,9,4
20260124-R9-C5,20260124,ARGENTAN,2026-01-24 15:00:00,2875,,TROT_ATTELE,True,12,9,5
20260124-R9-C6,20260124,ARGENTAN,2026-01-24 15:30:00,2800,,TROT_ATTELE,True,16,9,6
20260124-R9-C7,20260124,ARGENTAN,2026-01-24 16:08:00,2800,,TROT_ATTELE,True,16,9,7
20260124-R9-C8,20260124,ARGENTAN,2026-01-24 16:39:00,2800,,TROT_ATTELE,True,16,9,8
20260125-R1-C1,20260125,VINCENNES,2026-01-25 11:59:00,2100,,TROT_ATTELE,True,12,1,1
20260125-R1-C2,20260125,VINCENNES,2026-01-25 12:37:00,2700,,TROT_MONTE,True,15,1,2
20260125-R1-C3,20260125,VINCENNES,2026-01-25 14:25:00,2700,,TROT_ATTELE,True,14,1,3
20260125-R1-C4,20260125,VINCENNES,2026-01-25 15:00:00,2100,,TROT_ATTELE,True,13,1,4
20260125-R1-C5,20260125,VINCENNES,2026-01-25 15:35:00,2175,,TROT_MONTE,True,10,1,5
20260125-R1-C6,20260125,VINCENNES,2026-01-25 16:20:00,2700,,TROT_ATTELE,True,18,1,6
20260125-R1-C7,20260125,VINCENNES,2026-01-25 17:05:00,2100,,TROT_ATTELE,True,15,1,7
20260125-R1-C8,20260125,VINCENNES,2026-01-25 17:35:00,2850,,TROT_MONTE,True,15,1,8
20260125-R1-C9,20260125,VINCENNES,2026-01-25 18:05:00,2100,,TROT_ATTELE,True,16,1,9
20260125-R1-C10,20260125,VINCENNES,2026-01-25 18:32:00,2700,,TROT_ATTELE,True,11,1,10
20260125-R2-C1,20260125,NANTES,2026-01-25 10:35:00,2275,,TROT_ATTELE,True,11,2,1
20260125-R2-C2,20260125,NANTES,2026-01-25 11:05:00,2275,,TROT_ATTELE,True,13,2,2
20260125-R2-C3,20260125,NANTES,2026-01-25 11:35:00,2275,,TROT_MONTE,True,10,2,3
20260125-R2-C4,20260125,NANTES,2026-01-25 12:17:00,3000,,TROT_ATTELE,True,9,2,4
20260125-R2-C5,20260125,NANTES,2026-01-25 12:57:00,3000,,TROT_ATTELE,True,15,2,5
20260125-R2-C6,20260125,NANTES,2026-01-25 13:23:00,3000,,TROT_ATTELE,True,15,2,6
20260125-R2-C7,20260125,NANTES,2026-01-25 13:50:00,3000,,TROT_ATTELE,True,16,2,7
20260125-R5-C1,20260125,CAGNES/MER,2026-01-25 13:30:00,2150,,TROT_ATTELE,True,10,5,1
20260125-R5-C2,20260125,CAGNES/MER,2026-01-25 14:00:00,2150,,TROT_ATTELE,True,12,5,2
20260125-R5-C3,20260125,CAGNES/MER,2026-01-25 14:30:00,2925,,TROT_ATTELE,True,7,5,3
20260125-R5-C4,20260125,CAGNES/MER,2026-01-25 15:00:00,2925,,TROT_ATTELE,True,9,5,4
20260125-R5-C5,20260125,CAGNES/MER,2026-01-25 15:30:00,2925,,TROT_ATTELE,True,7,5,5
20260125-R5-C6,20260125,CAGNES/MER,2026-01-25 16:00:00,2925,,TROT_ATTELE,True,8,5,6
20260125-R5-C7,20260125,CAGNES/MER,2026-01-25 16:35:00,2925,,TROT_ATTELE,True,6,5,7
20260125-R6-C1,20260125,LYON LA SOIE,2026-01-25 13:20:00,2700,,TROT_ATTELE,True,9,6,1
20260125-R6-C2,20260125,LYON LA SOIE,2026-01-25 13:45:00,2700,,TROT_MONTE,True,10,6,2
20260125-R6-C3,20260125,LYON LA SOIE,2026-01-25 14:10:00,2700,,TROT_ATTELE,True,12,6,3
20260125-R6-C4,20260125,LYON LA SOIE,2026-01-25 14:35:00,2700,,TROT_ATTELE,True,12,6,4
20260125-R6-C5,20260125,LYON LA SOIE,2026-01-25 15:00:00,2725,,TROT_ATTELE,True,13,6,5
20260125-R6-C6,20260125,LYON LA SOIE,2026-01-25 15:25:00,2700,,TROT_ATTELE,True,12,6,6
20260125-R6-C7,20260125,LYON LA SOIE,2026-01-25 15:50:00,2700,,TROT_MONTE,True,9,6,7
20260125-R6-C8,20260125,LYON LA SOIE,2026-01-25 16:10:00,2700,,TROT_ATTELE,True,15,6,8
20260126-R3-C1,20260126,LE BOUSCAT,2026-01-26 11:51:00,2650,,TROT_ATTELE,True,9,3,1
20260126-R3-C2,20260126,LE BOUSCAT,2026-01-26 12:23:00,2650,,TROT_MONTE,True,10,3,2
20260126-R3-C3,20260126,LE BOUSCAT,2026-01-26 12:55:00,2650,,TROT_ATTELE,True,11,3,3
20260126-R3-C4,20260126,LE BOUSCAT,2026-01-26 13:27:00,2550,,TROT_ATTELE,True,9,3,4
20260126-R3-C5,20260126,LE BOUSCAT,2026-01-26 14:12:00,2550,,TROT_ATTELE,True,10,3,5
20260126-R3-C6,20260126,LE BOUSCAT,2026-01-26 14:47:00,2550,,TROT_ATTELE,True,14,3,6
20260126-R3-C7,20260126,LE BOUSCAT,2026-01-26 15:22:00,2650,,TROT_ATTELE,True,10,3,7
20260126-R3-C8,20260126,LE BOUSCAT,2026-01-26 15:58:00,2650,,TROT_ATTELE,True,13,3,8
20260126-R4-C1,20260126,MAUQUENCHY,2026-01-26 16:32:00,2850,,TROT_ATTELE,True,12,4,1
20260126-R4-C2,20260126,MAUQUENCHY,2026-01-26 17:10:00,2850,,TROT_ATTELE,True,18,4,2
20260126-R4-C3,20260126,MAUQUENCHY,2026-01-26 17:45:00,2850,,TROT_ATTELE,True,13,4,3
20260126-R4-C4,20260126,MAUQUENCHY,2026-01-26 18:15:00,2850,,TROT_ATTELE,True,11,4,4
20260126-R4-C5,20260126,MAUQUENCHY,2026-01-26 18:45:00,2850,,TROT_ATTELE,True,10,4,5
20260126-R4-C6,20260126,MAUQUENCHY,2026-01-26 19:15:00,2850,,TROT_ATTELE,True,14,4,6
20260126-R4-C7,20260126,MAUQUENCHY,2026-01-26 19:45:00,2850,,TROT_MONTE,True,8,4,7
20260126-R4-C8,20260126,MAUQUENCHY,2026-01-26 20:15:00,2850,,TROT_ATTELE,True,11,4,8
20260127-R1-C1,20260127,VINCENNES,2026-01-27 13:55:00,2850,,TROT_ATTELE,True,16,1,1
20260127-R1-C2,20260127,VINCENNES,2026-01-27 14:31:00,2200,,TROT_ATTELE,True,10,1,2
20260127-R1-C3,20260127,VINCENNES,2026-01-27 15:08:00,2200,,TROT_MONTE,True,11,1,3
20260127-R1-C4,20260127,VINCENNES,2026-01-27 15:42:00,2100,,TROT_ATTELE,True,16,1,4
20260127-R1-C5,20260127,VINCENNES,2026-01-27 16:18:00,2850,,TROT_ATTELE,True,13,1,5
20260127-R1-C6,20260127,VINCENNES,2026-01-27 16:50:00,2700,,TROT_MONTE,True,10,1,6
20260127-R1-C7,20260127,VINCENNES,2026-01-27 17:26:00,2700,,TROT_ATTELE,True,16,1,7
20260127-R1-C8,20260127,VINCENNES,2026-01-27 18:01:00,2100,,TROT_ATTELE,True,12,1,8
20260127-R2-C1,20260127,SON PARDO,2026-01-27 11:08:00,2650,,TROT_ATTELE,True,6,2,1
20260127-R2-C2,20260127,SON PARDO,2026-01-27 11:35:00,2150,,TROT_ATTELE,True,8,2,2
20260127-R2-C3,20260127,SON PARDO,2026-01-27 12:07:00,2650,,TROT_ATTELE,True,12,2,3
20260127-R2-C4,20260127,SON PARDO,2026-01-27 12:39:00,2150,,TROT_ATTELE,True,12,2,4
20260127-R2-C5,20260127,SON PARDO,2026-01-27 13:11:00,2650,,TROT_ATTELE,True,11,2,5
20260127-R5-C1,20260127,MONS (GHLIN),2026-01-27 18:37:00,2300,,TROT_ATTELE,True,13,5,1
20260127-R5-C2,20260127,MONS (GHLIN),2026-01-27 19:11:00,2840,,TROT_ATTELE,True,9,5,2
20260127-R5-C3,20260127,MONS (GHLIN),2026-01-27 19:43:00,2300,,TROT_ATTELE,True,9,5,3
20260127-R5-C4,20260127,MONS (GHLIN),2026-01-27 20:15:00,1750,,TROT_ATTELE,True,8,5,4
20260127-R5-C5,20260127,MONS (GHLIN),2026-01-27 20:45:00,2300,,TROT_ATTELE,True,7,5,5
20260127-R5-C6,20260127,MONS (GHLIN),2026-01-27 21:20:00,2840,,TROT_ATTELE,True,7,5,6
20260127-R5-C7,20260127,MONS (GHLIN),2026-01-27 21:49:00,1750,,TROT_ATTELE,True,8,5,7
20260128-R2-C1,20260128,ANGERS,2026-01-28 11:55:00,3125,,TROT_ATTELE,True,12,2,1
20260128-R2-C2,20260128,ANGERS,2026-01-28 12:25:00,2425,,TROT_MONTE,True,16,2,2
20260128-R2-C3,20260128,ANGERS,2026-01-28 12:55:00,2425,,TROT_ATTELE,True,8,2,3
20260128-R2-C4,20260128,ANGERS,2026-01-28 13:27:00,2350,,TROT_ATTELE,True,12,2,4
20260128-R2-C5,20260128,ANGERS,2026-01-28 14:15:00,3125,,TROT_ATTELE,True,15,2,5
20260128-R2-C6,20260128,ANGERS,2026-01-28 14:54:00,3125,,TROT_MONTE,True,13,2,6
20260128-R2-C7,20260128,ANGERS,2026-01-28 15:26:00,3125,,TROT_ATTELE,True,8,2,7
20260128-R2-C8,20260128,ANGERS,2026-01-28 15:59:00,3125,,TROT_ATTELE,True,12,2,8
20260128-R4-C1,20260128,CAGNES/MER,2026-01-28 16:30:00,2700,,TROT_ATTELE,True,16,4,1
20260128-R4-C2,20260128,CAGNES/MER,2026-01-28 17:03:00,2925,,TROT_ATTELE,True,15,4,2
20260128-R4-C3,20260128,CAGNES/MER,2026-01-28 17:36:00,2925,,TROT_ATTELE,True,10,4,3
20260128-R4-C4,20260128,CAGNES/MER,2026-01-28 18:16:00,2925,,TROT_ATTELE,True,15,4,4
20260128-R4-C5,20260128,CAGNES/MER,2026-01-28 18:46:00,2925,,TROT_ATTELE,True,9,4,5
20260128-R4-C6,20260128,CAGNES/MER,2026-01-28 19:15:00,2925,,TROT_ATTELE,True,9,4,6
20260128-R4-C7,20260128,CAGNES/MER,2026-01-28 19:45:00,2150,,TROT_ATTELE,True,9,4,7
20260128-R4-C8,20260128,CAGNES/MER,2026-01-28 20:17:00,2150,,TROT_ATTELE,True,12,4,8
20260128-R6-C1,20260128,SOLVALLA,2026-01-28 18:40:00,2140,,TROT_ATTELE,True,7,6,1
20260128-R6-C2,20260128,SOLVALLA,2026-01-28 19:03:00,2140,,TROT_ATTELE,True,11,6,2
20260128-R6-C3,20260128,SOLVALLA,2026-01-28 19:27:00,2140,,TROT_ATTELE,True,6,6,3
20260128-R6-C4,20260128,SOLVALLA,2026-01-28 19:51:00,1640,,TROT_ATTELE,True,12,6,4
20260128-R6-C5,20260128,SOLVALLA,2026-01-28 20:13:00,2140,,TROT_ATTELE,True,6,6,5
20260128-R6-C6,20260128,SOLVALLA,2026-01-28 20:41:00,3140,,TROT_ATTELE,True,8,6,6
20260128-R6-C7,20260128,SOLVALLA,2026-01-28 21:03:00,2140,,TROT_ATTELE,True,10,6,7
20260128-R6-C8,20260128,SOLVALLA,2026-01-28 21:26:00,2140,,TROT_ATTELE,True,11,6,8
20260128-R6-C9,20260128,SOLVALLA,2026-01-28 21:51:00,2140,,TROT_ATTELE,True,12,6,9
20260129-R1-C1,20260129,VINCENNES,2026-01-29 13:55:00,2850,,TROT_ATTELE,True,16,1,1
20260129-R1-C2,20260129,VINCENNES,2026-01-29 14:30:00,2100,,TROT_ATTELE,True,8,1,2
20260129-R1-C3,20260129,VINCENNES,2026-01-29 15:05:00,2200,,TROT_ATTELE,True,10,1,3
20260129-R1-C4,20260129,VINCENNES,2026-01-29 15:40:00,2700,,TROT_MONTE,True,7,1,4
20260129-R1-C5,20260129,VINCENNES,2026-01-29 16:19:00,2850,,TROT_ATTELE,True,16,1,5
20260129-R1-C6,20260129,VINCENNES,2026-01-29 16:53:00,2850,,TROT_ATTELE,True,10,1,6
20260129-R1-C7,20260129,VINCENNES,2026-01-29 17:27:00,2175,,TROT_ATTELE,True,12,1,7
20260129-R1-C8,20260129,VINCENNES,2026-01-29 18:02:00,2700,,TROT_ATTELE,True,16,1,8
20260129-R2-C1,20260129,STRAUBING,2026-01-29 11:08:00,1925,,TROT_ATTELE,True,8,2,1
20260129-R2-C2,20260129,STRAUBING,2026-01-29 11:35:00,2400,,TROT_ATTELE,True,8,2,2
20260129-R2-C3,20260129,STRAUBING,2026-01-29 12:07:00,1925,,TROT_ATTELE,True,8,2,3
20260129-R2-C4,20260129,STRAUBING,2026-01-29 12:39:00,1925,,TROT_ATTELE,True,10,2,4
20260129-R2-C5,20260129,STRAUBING,2026-01-29 13:11:00,1925,,TROT_ATTELE,True,10,2,5
20260129-R3-C1,20260129,LYON LA SOIE,2026-01-29 11:51:00,2700,,TROT_ATTELE,True,7,3,1
20260129-R3-C2,20260129,LYON LA SOIE,2026-01-29 12:23:00,2050,,TROT_ATTELE,True,13,3,2
20260129-R3-C3,20260129,LYON LA SOIE,2026-01-29 12:55:00,2050,,TROT_ATTELE,True,13,3,3
20260129-R3-C4,20260129,LYON LA SOIE,2026-01-29 13:27:00,2050,,TROT_ATTELE,True,13,3,4
20260129-R3-C5,20260129,LYON LA SOIE,2026-01-29 14:12:00,2700,,TROT_ATTELE,True,16,3,5
20260129-R3-C6,20260129,LYON LA SOIE,2026-01-29 14:47:00,2700,,TROT_ATTELE,True,10,3,6
20260129-R3-C7,20260129,LYON LA SOIE,2026-01-29 15:22:00,2700,,TROT_ATTELE,True,16,3,7
20260129-R3-C8,20260129,LYON LA SOIE,2026-01-29 15:57:00,2050,,TROT_ATTELE,True,14,3,8
20260130-R3-C1,20260130,VINCENNES,2026-01-30 11:48:00,2850,,TROT_ATTELE,True,15,3,1
20260130-R3-C2,20260130,VINCENNES,2026-01-30 12:25:00,2700,,TROT_MONTE,True,8,3,2
20260130-R3-C3,20260130,VINCENNES,2026-01-30 12:56:00,2100,,TROT_ATTELE,True,11,3,3
20260130-R3-C4,20260130,VINCENNES,2026-01-30 13:28:00,2175,,TROT_MONTE,True,9,3,4
20260130-R3-C5,20260130,VINCENNES,2026-01-30 14:02:00,2700,,TROT_ATTELE,True,11,3,5
20260130-R3-C6,20260130,VINCENNES,2026-01-30 14:36:00,2200,,TROT_MONTE,True,9,3,6
20260130-R3-C7,20260130,VINCENNES,2026-01-30 15:11:00,2100,,TROT_ATTELE,True,9,3,7
20260130-R3-C8,20260130,VINCENNES,2026-01-30 15:45:00,2200,,TROT_MONTE,True,9,3,8
20260130-R4-C1,20260130,LA CEPIERE,2026-01-30 16:20:00,2325,,TROT_MONTE,True,13,4,1
20260130-R4-C2,20260130,LA CEPIERE,2026-01-30 16:55:00,2750,,TROT_ATTELE,True,10,4,2
20260130-R4-C3,20260130,LA CEPIERE,2026-01-30 17:30:00,2750,,TROT_ATTELE,True,11,4,3
20260130-R4-C4,20260130,LA CEPIERE,2026-01-30 18:05:00,2950,,TROT_ATTELE,True,12,4,4
20260130-R4-C5,20260130,LA CEPIERE,2026-01-30 18:40:00,2750,,TROT_ATTELE,True,11,4,5
20260130-R4-C6,20260130,LA CEPIERE,2026-01-30 19:15:00,2150,,TROT_ATTELE,True,11,4,6
20260130-R4-C7,20260130,LA CEPIERE,2026-01-30 20:45:00,2150,,TROT_ATTELE,True,11,4,7
20260130-R4-C8,20260130,LA CEPIERE,2026-01-30 21:15:00,2750,,TROT_ATTELE,True,9,4,8
20260131-R1-C1,20260131,VINCENNES,2026-01-31 13:23:00,2700,,TROT_MONTE,True,9,1,1
20260131-R1-C2,20260131,VINCENNES,2026-01-31 13:58:00,2175,,TROT_ATTELE,True,12,1,2
20260131-R1-C3,20260131,VINCENNES,2026-01-31 14:33:00,2700,,TROT_MONTE,True,17,1,3
20260131-R1-C4,20260131,VINCENNES,2026-01-31 15:15:00,2850,,TROT_ATTELE,True,16,1,4
20260131-R1-C5,20260131,VINCENNES,2026-01-31 15:50:00,2100,,TROT_ATTELE,True,14,1,5
20260131-R1-C6,20260131,VINCENNES,2026-01-31 16:25:00,2700,,TROT_ATTELE,True,11,1,6
20260131-R1-C7,20260131,VINCENNES,2026-01-31 17:00:00,2700,,TROT_MONTE,True,14,1,7
20260131-R1-C8,20260131,VINCENNES,2026-01-31 17:38:00,2850,,TROT_ATTELE,True,13,1,8
20260131-R1-C9,20260131,VINCENNES,2026-01-31 18:10:00,2700,,TROT_ATTELE,True,12,1,9
20260131-R2-C1,20260131,SON PARDO,2026-01-31 10:33:00,2150,,TROT_ATTELE,True,16,2,1
20260131-R2-C2,20260131,SON PARDO,2026-01-31 11:01:00,2150,,TROT_ATTELE,True,11,2,2
20260131-R2-C3,20260131,SON PARDO,2026-01-31 11:36:00,2650,,TROT_ATTELE,True,12,2,3
20260131-R2-C4,20260131,SON PARDO,2026-01-31 12:11:00,2650,,TROT_ATTELE,True,13,2,4
20260131-R2-C5,20260131,SON PARDO,2026-01-31 12:46:00,2650,,TROT_ATTELE,True,16,2,5
20260131-R4-C1,20260131,CAGNES/MER,2026-01-31 16:07:00,2700,,TROT_ATTELE,True,16,4,1
20260131-R4-C2,20260131,CAGNES/MER,2026-01-31 16:42:00,2925,,TROT_ATTELE,True,13,4,2
20260131-R4-C3,20260131,CAGNES/MER,2026-01-31 17:17:00,2700,,TROT_ATTELE,True,15,4,3
20260131-R4-C4,20260131,CAGNES/MER,2026-01-31 17:54:00,2150,,TROT_ATTELE,True,13,4,4
20260131-R4-C5,20260131,CAGNES/MER,2026-01-31 18:27:00,2150,,TROT_ATTELE,True,11,4,5
20260131-R4-C6,20260131,CAGNES/MER,2026-01-31 19:02:00,2925,,TROT_ATTELE,True,9,4,6
20260131-R4-C7,20260131,CAGNES/MER,2026-01-31 19:34:00,2925,,TROT_ATTELE,True,8,4,7
20260131-R4-C8,20260131,CAGNES/MER,2026-01-31 20:06:00,2925,,TROT_ATTELE,True,9,4,8
20260131-R5-C1,20260131,WOLVEGA,2026-01-31 18:44:00,2600,,TROT_ATTELE,True,9,5,1
20260131-R5-C2,20260131,WOLVEGA,2026-01-31 19:18:00,2100,,TROT_MONTE,True,7,5,2
20260131-R5-C3,20260131,WOLVEGA,2026-01-31 19:50:00,2100,,TROT_ATTELE,True,6,5,3
20260131-R5-C4,20260131,WOLVEGA,2026-01-31 20:24:00,1609,,TROT_ATTELE,True,6,5,4
20260131-R5-C5,20260131,WOLVEGA,2026-01-31 20:55:00,2100,,TROT_ATTELE,True,5,5,5
20260201-R1-C1,20260201,VINCENNES,2026-02-01 13:23:00,2700,,TROT_ATTELE,True,16,1,1
20260201-R1-C2,20260201,VINCENNES,2026-02-01 13:58:00,2175,,TROT_MONTE,True,11,1,2
20260201-R1-C3,20260201,VINCENNES,2026-02-01 14:33:00,2175,,TROT_ATTELE,True,10,1,3
20260201-R1-C4,20260201,VINCENNES,2026-02-01 15:15:00,2175,,TROT_MONTE,True,15,1,4
20260201-R1-C5,20260201,VINCENNES,2026-02-01 15:53:00,2700,,TROT_ATTELE,True,16,1,5
20260201-R1-C6,20260201,VINCENNES,2026-02-01 16:25:00,2700,,TROT_ATTELE,True,10,1,6
20260201-R1-C7,20260201,VINCENNES,2026-02-01 17:00:00,2100,,TROT_ATTELE,True,16,1,7
20260201-R1-C8,20260201,VINCENNES,2026-02-01 17:35:00,2700,,TROT_ATTELE,True,11,1,8
20260201-R1-C9,20260201,VINCENNES,2026-02-01 18:10:00,2700,,TROT_ATTELE,True,11,1,9
20260201-R5-C1,20260201,SAINT GALMIER,2026-02-01 16:09:00,2650,,TROT_MONTE,True,10,5,1
20260201-R5-C2,20260201,SAINT GALMIER,2026-02-01 16:42:00,2650,,TROT_ATTELE,True,13,5,2
20260201-R5-C3,20260201,SAINT GALMIER,2026-02-01 17:17:00,2650,,TROT_ATTELE,True,10,5,3
20260201-R5-C4,20260201,SAINT GALMIER,2026-02-01 17:52:00,2650,,TROT_ATTELE,True,14,5,4
20260201-R5-C5,20260201,SAINT GALMIER,2026-02-01 18:29:00,2650,,TROT_ATTELE,True,14,5,5
20260201-R5-C6,20260201,SAINT GALMIER,2026-02-01 19:07:00,2650,,TROT_ATTELE,True,11,5,6
20260201-R5-C7,20260201,SAINT GALMIER,2026-02-01 19:37:00,2025,,TROT_ATTELE,True,8,5,7
20260201-R10-C1,20260201,AGEN LA GARENNE,2026-02-01 13:20:00,2625,,TROT_ATTELE,True,10,10,1
20260201-R10-C2,20260201,AGEN LA GARENNE,2026-02-01 13:50:00,2575,,TROT_ATTELE,True,16,10,2
20260201-R10-C3,20260201,AGEN LA GARENNE,2026-02-01 14:20:00,2625,,TROT_ATTELE,True,14,10,3
20260201-R10-C4,20260201,AGEN LA GARENNE,2026-02-01 14:50:00,2625,,TROT_ATTELE,True,13,10,4
20260201-R10-C5,20260201,AGEN LA GARENNE,2026-02-01 15:20:00,2575,,TROT_ATTELE,True,16,10,5
20260201-R10-C6,20260201,AGEN LA GARENNE,2026-02-01 15:50:00,2625,,TROT_ATTELE,True,14,10,6
20260201-R10-C7,20260201,AGEN LA GARENNE,2026-02-01 16:20:00,2575,,TROT_ATTELE,True,12,10,7
20260201-R10-C8,20260201,AGEN LA GARENNE,2026-02-01 16:50:00,2625,,TROT_ATTELE,True,16,10,8
20260201-R11-C1,20260201,CHERBOURG,2026-02-01 14:00:00,2625,,TROT_ATTELE,True,10,11,1
20260201-R11-C2,20260201,CHERBOURG,2026-02-01 14:30:00,2625,,TROT_ATTELE,True,16,11,2
20260201-R11-C3,20260201,CHERBOURG,2026-02-01 15:00:00,2625,,TROT_ATTELE,True,14,11,3
20260201-R11-C4,20260201,CHERBOURG,2026-02-01 15:40:00,2625,,TROT_MONTE,True,6,11,4
20260201-R11-C5,20260201,CHERBOURG,2026-02-01 16:20:00,2625,,TROT_ATTELE,True,12,11,5
20260201-R11-C6,20260201,CHERBOURG,2026-02-01 16:50:00,2625,,TROT_ATTELE,True,16,11,6
20260201-R11-C7,20260201,CHERBOURG,2026-02-01 17:20:00,2625,,TROT_ATTELE,True,14,11,7
20260201-R12-C1,20260201,SAINT BRIEUC,2026-02-01 13:45:00,2575,,TROT_ATTELE,True,9,12,1
20260201-R12-C2,20260201,SAINT BRIEUC,2026-02-01 14:15:00,2575,,TROT_ATTELE,True,14,12,2
20260201-R12-C3,20260201,SAINT BRIEUC,2026-02-01 14:45:00,2575,,TROT_ATTELE,True,12,12,3
20260201-R12-C4,20260201,SAINT BRIEUC,2026-02-01 15:15:00,3150,,TROT_MONTE,True,11,12,4
20260201-R12-C5,20260201,SAINT BRIEUC,2026-02-01 15:45:00,3150,,TROT_ATTELE,True,12,12,5
20260201-R12-C6,20260201,SAINT BRIEUC,2026-02-01 16:20:00,3150,,TROT_ATTELE,True,11,12,6
20260201-R12-C7,20260201,SAINT BRIEUC,2026-02-01 16:50:00,2575,,TROT_ATTELE,True,16,12,7
20260202-R3-C1,20260202,MAURE DE BRETAGNE,2026-02-02 11:51:00,2850,,TROT_MONTE,True,10,3,1
20260202-R3-C2,20260202,MAURE DE BRETAGNE,2026-02-02 12:28:00,2850,,TROT_ATTELE,True,9,3,2
20260202-R3-C3,20260202,MAURE DE BRETAGNE,2026-02-02 12:55:00,2850,,TROT_MONTE,True,10,3,3
20260202-R3-C4,20260202,MAURE DE BRETAGNE,2026-02-02 13:27:00,2850,,TROT_ATTELE,True,8,3,4
20260202-R3-C5,20260202,MAURE DE BRETAGNE,2026-02-02 14:12:00,2850,,TROT_ATTELE,True,12,3,5
20260202-R3-C6,20260202,MAURE DE BRETAGNE,2026-02-02 14:47:00,2850,,TROT_ATTELE,True,9,3,6
20260202-R3-C7,20260202,MAURE DE BRETAGNE,2026-02-02 15:22:00,2850,,TROT_ATTELE,True,10,3,7
20260202-R3-C8,20260202,MAURE DE BRETAGNE,2026-02-02 15:57:00,2850,,TROT_ATTELE,True,18,3,8
20260202-R4-C1,20260202,GRAIGNES,2026-02-02 16:32:00,2725,,TROT_ATTELE,True,10,4,1
20260202-R4-C2,20260202,GRAIGNES,2026-02-02 17:07:00,2725,,TROT_ATTELE,True,12,4,2
20260202-R4-C3,20260202,GRAIGNES,2026-02-02 17:43:00,2725,,TROT_ATTELE,True,14,4,3
20260202-R4-C4,20260202,GRAIGNES,2026-02-02 18:20:00,2725,,TROT_ATTELE,True,14,4,4
20260202-R4-C5,20260202,GRAIGNES,2026-02-02 18:55:00,2700,,TROT_MONTE,True,8,4,5
20260202-R4-C6,20260202,GRAIGNES,2026-02-02 19:29:00,2725,,TROT_ATTELE,True,12,4,6
20260202-R4-C7,20260202,GRAIGNES,2026-02-02 19:59:00,2725,,TROT_ATTELE,True,8,4,7
20260202-R4-C8,20260202,GRAIGNES,2026-02-02 20:33:00,2700,,TROT_ATTELE,True,10,4,8
20260203-R1-C1,20260203,VINCENNES,2026-02-03 13:55:00,2100,,TROT_ATTELE,True,14,1,1
20260203-R1-C2,20260203,VINCENNES,2026-02-03 14:30:00,2175,,TROT_MONTE,True,10,1,2
20260203-R1-C3,20260203,VINCENNES,2026-02-03 15:05:00,2700,,TROT_ATTELE,True,8,1,3
20260203-R1-C4,20260203,VINCENNES,2026-02-03 15:40:00,2175,,TROT_MONTE,True,10,1,4
20260203-R1-C5,20260203,VINCENNES,2026-02-03 16:15:00,2700,,TROT_ATTELE,True,11,1,5
20260203-R1-C6,20260203,VINCENNES,2026-02-03 16:50:00,2100,,TROT_ATTELE,True,10,1,6
20260203-R1-C7,20260203,VINCENNES,2026-02-03 17:25:00,2700,,TROT_ATTELE,True,9,1,7
20260203-R1-C8,20260203,VINCENNES,2026-02-03 18:00:00,2175,,TROT_MONTE,True,14,1,8
20260203-R2-C1,20260203,SON PARDO,2026-02-03 11:11:00,2650,,TROT_ATTELE,True,8,2,1
20260203-R2-C2,20260203,SON PARDO,2026-02-03 11:37:00,2150,,TROT_ATTELE,True,13,2,2
20260203-R2-C3,20260203,SON PARDO,2026-02-03 12:08:00,1650,,TROT_ATTELE,True,9,2,3
20260203-R2-C4,20260203,SON PARDO,2026-02-03 12:42:00,2650,,TROT_ATTELE,True,11,2,4
20260203-R2-C5,20260203,SON PARDO,2026-02-03 13:13:00,2650,,TROT_ATTELE,True,10,2,5
20260203-R4-C1,20260203,CAGNES/MER,2026-02-03 16:32:00,2700,,TROT_ATTELE,True,10,4,1
20260203-R4-C2,20260203,CAGNES/MER,2026-02-03 17:07:00,2150,,TROT_ATTELE,True,9,4,2
20260203-R4-C3,20260203,CAGNES/MER,2026-02-03 17:42:00,2150,,TROT_ATTELE,True,12,4,3
20260203-R4-C4,20260203,CAGNES/MER,2026-02-03 18:20:00,2925,,TROT_ATTELE,True,16,4,4
20260203-R4-C5,20260203,CAGNES/MER,2026-02-03 18:55:00,2150,,TROT_ATTELE,True,10,4,5
20260203-R4-C6,20260203,CAGNES/MER,2026-02-03 19:27:00,2925,,TROT_ATTELE,True,11,4,6
20260203-R4-C7,20260203,CAGNES/MER,2026-02-03 19:59:00,2150,,TROT_ATTELE,True,10,4,7
20260203-R4-C8,20260203,CAGNES/MER,2026-02-03 20:31:00,2925,,TROT_ATTELE,True,11,4,8
20260203-R5-C1,20260203,MONS (GHLIN),2026-02-03 18:37:00,2840,,TROT_ATTELE,True,12,5,1
20260203-R5-C2,20260203,MONS (GHLIN),2026-02-03 19:11:00,2300,,TROT_ATTELE,True,14,5,2
20260203-R5-C3,20260203,MONS (GHLIN),2026-02-03 19:43:00,2300,,TROT_ATTELE,True,16,5,3
20260203-R5-C4,20260203,MONS (GHLIN),2026-02-03 20:15:00,2300,,TROT_ATTELE,True,12,5,4
20260203-R5-C5,20260203,MONS (GHLIN),2026-02-03 20:47:00,2275,,TROT_MONTE,True,9,5,5
20260203-R5-C6,20260203,MONS (GHLIN),2026-02-03 21:22:00,2840,,TROT_ATTELE,True,6,5,6
20260203-R5-C7,20260203,MONS (GHLIN),2026-02-03 21:50:00,2275,,TROT_ATTELE,True,6,5,7
20260204-R2-C1,20260204,GELSENKIRCHEN,2026-02-04 11:08:00,2000,,TROT_ATTELE,True,11,2,1
20260204-R2-C2,20260204,GELSENKIRCHEN,2026-02-04 11:35:00,2000,,TROT_ATTELE,True,10,2,2
20260204-R2-C3,20260204,GELSENKIRCHEN,2026-02-04 12:07:00,2000,,TROT_ATTELE,True,11,2,3
20260204-R2-C4,20260204,GELSENKIRCHEN,2026-02-04 12:39:00,2000,,TROT_ATTELE,True,14,2,4
20260204-R3-C1,20260204,MAUQUENCHY,2026-02-04 11:51:00,2150,,TROT_ATTELE,True,12,3,1
20260204-R3-C2,20260204,MAUQUENCHY,2026-02-04 12:23:00,2850,,TROT_ATTELE,True,10,3,2
20260204-R3-C3,20260204,MAUQUENCHY,2026-02-04 12:55:00,2150,,TROT_ATTELE,True,13,3,3
20260204-R3-C4,20260204,MAUQUENCHY,2026-02-04 13:27:00,2150,,TROT_ATTELE,True,10,3,4
20260204-R3-C5,20260204,MAUQUENCHY,2026-02-04 14:12:00,2850,,TROT_MONTE,True,12,3,5
20260204-R3-C6,20260204,MAUQUENCHY,2026-02-04 14:50:00,2150,,TROT_ATTELE,True,13,3,6
20260204-R3-C7,20260204,MAUQUENCHY,2026-02-04 15:26:00,2150,,TROT_ATTELE,True,14,3,7
20260204-R3-C8,20260204,MAUQUENCHY,2026-02-04 16:01:00,2150,,TROT_ATTELE,True,12,3,8
20260204-R4-C1,20260204,LAVAL,2026-02-04 16:34:00,2850,,TROT_ATTELE,True,9,4,1
20260204-R4-C2,20260204,LAVAL,2026-02-04 17:10:00,2850,,TROT_ATTELE,True,17,4,2
20260204-R4-C3,20260204,LAVAL,2026-02-04 17:45:00,2850,,TROT_ATTELE,True,14,4,3
20260204-R4-C4,20260204,LAVAL,2026-02-04 18:15:00,2850,,TROT_ATTELE,True,10,4,4
20260204-R4-C5,20260204,LAVAL,2026-02-04 18:45:00,2850,,TROT_MONTE,True,12,4,5
20260204-R4-C6,20260204,LAVAL,2026-02-04 19:15:00,2850,,TROT_ATTELE,True,10,4,6
20260204-R4-C7,20260204,LAVAL,2026-02-04 19:45:00,2850,,TROT_ATTELE,True,10,4,7
20260204-R4-C8,20260204,LAVAL,2026-02-04 20:15:00,2850,,TROT_ATTELE,True,8,4,8
20260204-R7-C1,20260204,SOLVALLA,2026-02-04 18:40:00,2140,,TROT_ATTELE,True,11,7,1
20260204-R7-C2,20260204,SOLVALLA,2026-02-04 19:03:00,2140,,TROT_ATTELE,True,7,7,2
20260204-R7-C3,20260204,SOLVALLA,2026-02-04 19:27:00,2140,,TROT_ATTELE,True,12,7,3
20260204-R7-C4,20260204,SOLVALLA,2026-02-04 19:51:00,2140,,TROT_ATTELE,True,7,7,4
20260204-R7-C5,20260204,SOLVALLA,2026-02-04 20:13:00,2140,,TROT_ATTELE,True,9,7,5
20260204-R7-C6,20260204,SOLVALLA,2026-02-04 20:43:00,2140,,TROT_ATTELE,True,11,7,6
20260204-R7-C7,20260204,SOLVALLA,2026-02-04 21:03:00,2140,,TROT_ATTELE,True,12,7,7
20260204-R7-C8,20260204,SOLVALLA,2026-02-04 21:26:00,2140,,TROT_ATTELE,True,12,7,8
20260204-R7-C9,20260204,SOLVALLA,2026-02-04 21:51:00,1640,,TROT_ATTELE,True,12,7,9
20260205-R1-C1,20260205,VINCENNES,2026-02-05 13:55:00,2100,,TROT_ATTELE,True,16,1,1
20260205-R1-C2,20260205,VINCENNES,2026-02-05 14:30:00,2175,,TROT_MONTE,True,10,1,2
20260205-R1-C3,20260205,VINCENNES,2026-02-05 15:05:00,2100,,TROT_ATTELE,True,15,1,3
20260205-R1-C4,20260205,VINCENNES,2026-02-05 15:40:00,2700,,TROT_MONTE,True,11,1,4
20260205-R1-C5,20260205,VINCENNES,2026-02-05 16:15:00,2100,,TROT_ATTELE,True,16,1,5
20260205-R1-C6,20260205,VINCENNES,2026-02-05 16:50:00,2700,,TROT_ATTELE,True,12,1,6
20260205-R1-C7,20260205,VINCENNES,2026-02-05 17:25:00,2700,,TROT_MONTE,True,11,1,7
20260205-R1-C8,20260205,VINCENNES,2026-02-05 18:00:00,2100,,TROT_ATTELE,True,14,1,8
20260205-R2-C1,20260205,MONS (GHLIN),2026-02-05 11:05:00,2300,,TROT_ATTELE,True,9,2,1
20260205-R2-C2,20260205,MONS (GHLIN),2026-02-05 11:32:00,2300,,TROT_ATTELE,True,12,2,2
20260205-R2-C3,20260205,MONS (GHLIN),2026-02-05 11:59:00,2300,,TROT_ATTELE,True,16,2,3
20260205-R2-C4,20260205,MONS (GHLIN),2026-02-05 12:34:00,2300,,TROT_ATTELE,True,14,2,4
20260205-R2-C5,20260205,MONS (GHLIN),2026-02-05 13:09:00,2840,,TROT_ATTELE,True,12,2,5
20260206-R1-C1,20260206,VINCENNES,2026-02-06 16:03:00,2100,,TROT_ATTELE,True,9,1,1
20260206-R1-C2,20260206,VINCENNES,2026-02-06 16:38:00,2700,,TROT_MONTE,True,12,1,2
20260206-R1-C3,20260206,VINCENNES,2026-02-06 17:13:00,2100,,TROT_ATTELE,True,16,1,3
20260206-R1-C4,20260206,VINCENNES,2026-02-06 17:50:00,2700,,TROT_MONTE,True,16,1,4
20260206-R1-C5,20260206,VINCENNES,2026-02-06 18:25:00,2700,,TROT_ATTELE,True,12,1,5
20260206-R1-C6,20260206,VINCENNES,2026-02-06 18:58:00,2700,,TROT_ATTELE,True,12,1,6
20260206-R1-C7,20260206,VINCENNES,2026-02-06 19:34:00,2175,,TROT_MONTE,True,9,1,7
20260206-R1-C8,20260206,VINCENNES,2026-02-06 20:15:00,2850,,TROT_ATTELE,True,16,1,8
20260206-R2-C1,20260206,ARGENTAN,2026-02-06 11:16:00,2150,,TROT_ATTELE,True,14,2,1
20260206-R2-C2,20260206,ARGENTAN,2026-02-06 11:49:00,2800,,TROT_ATTELE,True,14,2,2
20260206-R2-C3,20260206,ARGENTAN,2026-02-06 12:22:00,2800,,TROT_ATTELE,True,13,2,3
20260206-R2-C4,20260206,ARGENTAN,2026-02-06 12:55:00,2875,,TROT_ATTELE,True,18,2,4
20260206-R2-C5,20260206,ARGENTAN,2026-02-06 13:28:00,2875,,TROT_ATTELE,True,17,2,5
20260206-R2-C6,20260206,ARGENTAN,2026-02-06 14:03:00,2150,,TROT_ATTELE,True,14,2,6
20260206-R2-C7,20260206,ARGENTAN,2026-02-06 14:35:00,2150,,TROT_ATTELE,True,16,2,7
20260206-R2-C8,20260206,ARGENTAN,2026-02-06 15:11:00,2875,,TROT_ATTELE,True,17,2,8
20260207-R1-C1,20260207,VINCENNES,2026-02-07 13:23:00,2175,,TROT_MONTE,True,8,1,1
20260207-R1-C2,20260207,VINCENNES,2026-02-07 13:58:00,2700,,TROT_ATTELE,True,9,1,2
20260207-R1-C3,20260207,VINCENNES,2026-02-07 14:33:00,2100,,TROT_ATTELE,True,13,1,3
20260207-R1-C4,20260207,VINCENNES,2026-02-07 15:15:00,2100,,TROT_ATTELE,True,16,1,4
20260207-R1-C5,20260207,VINCENNES,2026-02-07 15:50:00,2700,,TROT_ATTELE,True,12,1,5
20260207-R1-C6,20260207,VINCENNES,2026-02-07 16:25:00,2100,,TROT_ATTELE,True,12,1,6
20260207-R1-C7,20260207,VINCENNES,2026-02-07 17:00:00,2850,,TROT_ATTELE,True,10,1,7
20260207-R1-C8,20260207,VINCENNES,2026-02-07 17:35:00,2850,,TROT_MONTE,True,11,1,8
20260207-R1-C9,20260207,VINCENNES,2026-02-07 18:12:00,2100,,TROT_ATTELE,True,14,1,9
20260207-R2-C1,20260207,KRIEAU (VIENNE),2026-02-07 10:42:00,2100,,TROT_ATTELE,True,9,2,1
20260207-R2-C2,20260207,KRIEAU (VIENNE),2026-02-07 11:12:00,2100,,TROT_ATTELE,True,10,2,2
20260207-R2-C3,20260207,KRIEAU (VIENNE),2026-02-07 11:43:00,1600,,TROT_ATTELE,True,8,2,3
20260207-R2-C4,20260207,KRIEAU (VIENNE),2026-02-07 12:15:00,2100,,TROT_ATTELE,True,10,2,4
20260207-R2-C5,20260207,KRIEAU (VIENNE),2026-02-07 12:47:00,1600,,TROT_ATTELE,True,10,2,5
20260207-R3-C1,20260207,LA CEPIERE,2026-02-07 10:57:00,2750,,TROT_ATTELE,True,12,3,1
20260207-R3-C2,20260207,LA CEPIERE,2026-02-07 11:27:00,2950,,TROT_ATTELE,True,16,3,2
20260207-R3-C3,20260207,LA CEPIERE,2026-02-07 11:59:00,2750,,TROT_ATTELE,True,13,3,3
20260207-R3-C4,20260207,LA CEPIERE,2026-02-07 12:31:00,2750,,TROT_ATTELE,True,12,3,4
20260207-R3-C5,20260207,LA CEPIERE,2026-02-07 13:03:00,2950,,TROT_ATTELE,True,10,3,5
20260207-R3-C6,20260207,LA CEPIERE,2026-02-07 13:35:00,2750,,TROT_ATTELE,True,11,3,6
20260207-R3-C7,20260207,LA CEPIERE,2026-02-07 14:07:00,2150,,TROT_ATTELE,True,10,3,7
20260207-R5-C1,20260207,CAGNES/MER,2026-02-07 17:20:00,2150,,TROT_ATTELE,True,9,5,1
20260207-R5-C2,20260207,CAGNES/MER,2026-02-07 17:55:00,2925,,TROT_ATTELE,True,11,5,2
20260207-R5-C3,20260207,CAGNES/MER,2026-02-07 18:29:00,2925,,TROT_ATTELE,True,15,5,3
20260207-R5-C4,20260207,CAGNES/MER,2026-02-07 19:03:00,2150,,TROT_ATTELE,True,11,5,4
20260207-R5-C5,20260207,CAGNES/MER,2026-02-07 19:35:00,2925,,TROT_ATTELE,True,9,5,5
20260207-R5-C6,20260207,CAGNES/MER,2026-02-07 20:07:00,2700,,TROT_ATTELE,True,10,5,6
20260207-R5-C7,20260207,CAGNES/MER,2026-02-07 20:39:00,2925,,TROT_ATTELE,True,9,5,7
20260207-R6-C2,20260207,WOLVEGA,2026-02-07 18:47:00,2100,,TROT_ATTELE,True,10,6,2
20260207-R6-C3,20260207,WOLVEGA,2026-02-07 19:20:00,2100,,TROT_ATTELE,True,9,6,3
20260207-R6-C4,20260207,WOLVEGA,2026-02-07 19:51:00,2100,,TROT_ATTELE,True,9,6,4
20260207-R6-C5,20260207,WOLVEGA,2026-02-07 20:23:00,2100,,TROT_ATTELE,True,8,6,5
20260207-R6-C6,20260207,WOLVEGA,2026-02-07 20:50:00,2100,,TROT_ATTELE,True,8,6,6
20260207-R6-C7,20260207,WOLVEGA,2026-02-07 21:15:00,2100,,TROT_ATTELE,True,8,6,7
20260207-R6-C8,20260207,WOLVEGA,2026-02-07 21:40:00,2100,,TROT_ATTELE,True,6,6,8
20260207-R6-C9,20260207,WOLVEGA,2026-02-07 22:05:00,2100,,TROT_ATTELE,True,6,6,9
20260207-R8-C1,20260207,ANGERS,2026-02-07 13:00:00,2425,,TROT_ATTELE,True,11,8,1
20260207-R8-C2,20260207,ANGERS,2026-02-07 13:30:00,2425,,TROT_ATTELE,True,14,8,2
20260207-R8-C3,20260207,ANGERS,2026-02-07 14:00:00,2425,,TROT_ATTELE,True,10,8,3
20260207-R8-C4,20260207,ANGERS,2026-02-07 14:30:00,3125,,TROT_ATTELE,True,16,8,4
20260207-R8-C5,20260207,ANGERS,2026-02-07 15:00:00,3125,,TROT_ATTELE,True,16,8,5
20260207-R8-C6,20260207,ANGERS,2026-02-07 15:30:00,3125,,TROT_ATTELE,True,15,8,6
20260207-R8-C7,20260207,ANGERS,2026-02-07 16:00:00,3125,,TROT_ATTELE,True,14,8,7
20260207-R8-C8,20260207,ANGERS,2026-02-07 16:30:00,3125,,TROT_ATTELE,True,16,8,8
20260208-R1-C1,20260208,VINCENNES,2026-02-08 13:23:00,2700,,TROT_ATTELE,True,13,1,1
20260208-R1-C2,20260208,VINCENNES,2026-02-08 13:58:00,2850,,TROT_MONTE,True,10,1,2
20260208-R1-C3,20260208,VINCENNES,2026-02-08 14:34:00,2100,,TROT_ATTELE,True,16,1,3
20260208-R1-C4,20260208,VINCENNES,2026-02-08 15:15:00,2100,,TROT_ATTELE,True,13,1,4
20260208-R1-C5,20260208,VINCENNES,2026-02-08 15:53:00,2850,,TROT_ATTELE,True,12,1,5
20260208-R1-C6,20260208,VINCENNES,2026-02-08 16:28:00,2700,,TROT_ATTELE,True,10,1,6
20260208-R1-C7,20260208,VINCENNES,2026-02-08 17:05:00,2850,,TROT_ATTELE,True,13,1,7
20260208-R1-C8,20260208,VINCENNES,2026-02-08 18:17:00,2175,,TROT_MONTE,True,15,1,8
20260208-R1-C9,20260208,VINCENNES,2026-02-08 18:50:00,2175,,TROT_ATTELE,True,13,1,9
20260208-R3-C1,20260208,LE BOUSCAT,2026-02-08 10:30:00,2550,,TROT_ATTELE,True,13,3,1
20260208-R3-C2,20260208,LE BOUSCAT,2026-02-08 11:04:00,2550,,TROT_ATTELE,True,15,3,2
20260208-R3-C3,20260208,LE BOUSCAT,2026-02-08 11:38:00,2650,,TROT_ATTELE,True,9,3,3
20260208-R3-C4,20260208,LE BOUSCAT,2026-02-08 12:12:00,2650,,TROT_ATTELE,True,16,3,4
20260208-R3-C5,20260208,LE BOUSCAT,2026-02-08 12:46:00,2550,,TROT_ATTELE,True,12,3,5
20260208-R3-C6,20260208,LE BOUSCAT,2026-02-08 13:19:00,2650,,TROT_MONTE,True,9,3,6
20260208-R3-C7,20260208,LE BOUSCAT,2026-02-08 13:51:00,2650,,TROT_ATTELE,True,11,3,7
20260208-R6-C4,20260208,STRAUBING,2026-02-08 18:53:00,1925,,TROT_ATTELE,True,10,6,4
20260208-R6-C5,20260208,STRAUBING,2026-02-08 19:17:00,1925,,TROT_ATTELE,True,10,6,5
20260208-R6-C6,20260208,STRAUBING,2026-02-08 19:49:00,2425,,TROT_ATTELE,True,8,6,6
20260208-R6-C7,20260208,STRAUBING,2026-02-08 20:21:00,2400,,TROT_ATTELE,True,8,6,7
20260208-R10-C1,20260208,HYERES,2026-02-08 13:45:00,2050,,TROT_ATTELE,True,10,10,1
20260208-R10-C2,20260208,HYERES,2026-02-08 14:15:00,2650,,TROT_ATTELE,True,10,10,2
20260208-R10-C3,20260208,HYERES,2026-02-08 14:45:00,2650,,TROT_ATTELE,True,9,10,3
20260208-R10-C4,20260208,HYERES,2026-02-08 15:15:00,2650,,TROT_ATTELE,True,10,10,4
20260208-R10-C5,20260208,HYERES,2026-02-08 15:45:00,2650,,TROT_ATTELE,True,12,10,5
20260208-R10-C6,20260208,HYERES,2026-02-08 16:15:00,2850,,TROT_ATTELE,True,11,10,6
20260208-R10-C7,20260208,HYERES,2026-02-08 16:45:00,2850,,TROT_ATTELE,True,15,10,7
20260208-R11-C1,20260208,LYON LA SOIE,2026-02-08 12:30:00,2700,,TROT_MONTE,True,11,11,1
20260208-R11-C2,20260208,LYON LA SOIE,2026-02-08 13:00:00,2050,,TROT_ATTELE,True,9,11,2
20260208-R11-C3,20260208,LYON LA SOIE,2026-02-08 13:30:00,2050,,TROT_ATTELE,True,12,11,3
20260208-R11-C4,20260208,LYON LA SOIE,2026-02-08 14:00:00,2050,,TROT_ATTELE,True,12,11,4
20260208-R11-C5,20260208,LYON LA SOIE,2026-02-08 14:30:00,2700,,TROT_MONTE,True,14,11,5
20260208-R11-C6,20260208,LYON LA SOIE,2026-02-08 15:00:00,2700,,TROT_ATTELE,True,12,11,6
20260208-R11-C7,20260208,LYON LA SOIE,2026-02-08 15:30:00,2700,,TROT_ATTELE,True,12,11,7
20260208-R11-C8,20260208,LYON LA SOIE,2026-02-08 16:00:00,2700,,TROT_ATTELE,True,16,11,8
20260208-R12-C2,20260208,MAURE DE BRETAGNE,2026-02-08 13:50:00,2850,,TROT_ATTELE,True,10,12,2
20260208-R12-C4,20260208,MAURE DE BRETAGNE,2026-02-08 14:50:00,2850,,TROT_ATTELE,True,13,12,4
20260208-R12-C6,20260208,MAURE DE BRETAGNE,2026-02-08 15:58:00,2850,,TROT_ATTELE,True,13,12,6
20260208-R13-C1,20260208,VIRE,2026-02-08 13:10:00,2225,,TROT_ATTELE,True,11,13,1
20260208-R13-C2,20260208,VIRE,2026-02-08 13:40:00,2800,,TROT_ATTELE,True,13,13,2
20260208-R13-C3,20260208,VIRE,2026-02-08 14:10:00,2800,,TROT_ATTELE,True,15,13,3
20260208-R13-C4,20260208,VIRE,2026-02-08 14:40:00,2800,,TROT_ATTELE,True,12,13,4
20260208-R13-C5,20260208,VIRE,2026-02-08 15:10:00,2800,,TROT_ATTELE,True,12,13,5
20260208-R13-C6,20260208,VIRE,2026-02-08 15:40:00,2800,,TROT_MONTE,True,13,13,6
20260208-R13-C7,20260208,VIRE,2026-02-08 16:10:00,2800,,TROT_ATTELE,True,16,13,7
20260208-R13-C8,20260208,VIRE,2026-02-08 16:40:00,2800,,TROT_ATTELE,True,16,13,8
20260209-R3-C1,20260209,AGEN LA GARENNE,2026-02-09 11:54:00,2575,,TROT_ATTELE,True,9,3,1
20260209-R3-C2,20260209,AGEN LA GARENNE,2026-02-09 12:26:00,2625,,TROT_MONTE,True,10,3,2
20260209-R3-C3,20260209,AGEN LA GARENNE,2026-02-09 13:01:00,2575,,TROT_ATTELE,True,10,3,3
20260209-R3-C4,20260209,AGEN LA GARENNE,2026-02-09 13:31:00,2575,,TROT_ATTELE,True,14,3,4
20260209-R3-C5,20260209,AGEN LA GARENNE,2026-02-09 14:14:00,2050,,TROT_ATTELE,True,13,3,5
20260209-R3-C6,20260209,AGEN LA GARENNE,2026-02-09 14:49:00,2625,,TROT_ATTELE,True,11,3,6
20260209-R3-C7,20260209,AGEN LA GARENNE,2026-02-09 15:22:00,2625,,TROT_ATTELE,True,12,3,7
20260209-R3-C8,20260209,AGEN LA GARENNE,2026-02-09 15:57:00,2625,,TROT_ATTELE,True,12,3,8
20260209-R4-C1,20260209,GRAIGNES,2026-02-09 16:32:00,2725,,TROT_ATTELE,True,13,4,1
20260209-R4-C2,20260209,GRAIGNES,2026-02-09 17:08:00,2725,,TROT_ATTELE,True,12,4,2
20260209-R4-C3,20260209,GRAIGNES,2026-02-09 17:45:00,2725,,TROT_ATTELE,True,11,4,3
20260209-R4-C4,20260209,GRAIGNES,2026-02-09 18:15:00,2725,,TROT_ATTELE,True,14,4,4
20260209-R4-C5,20260209,GRAIGNES,2026-02-09 18:45:00,2700,,TROT_ATTELE,True,10,4,5
20260209-R4-C6,20260209,GRAIGNES,2026-02-09 19:15:00,2700,,TROT_ATTELE,True,9,4,6
20260209-R4-C7,20260209,GRAIGNES,2026-02-09 19:45:00,2725,,TROT_ATTELE,True,11,4,7
20260209-R4-C8,20260209,GRAIGNES,2026-02-09 20:15:00,2700,,TROT_MONTE,True,11,4,8
20260210-R1-C1,20260210,VINCENNES,2026-02-10 13:59:00,2700,,TROT_ATTELE,True,13,1,1
20260210-R1-C2,20260210,VINCENNES,2026-02-10 14:33:00,2850,,TROT_ATTELE,True,8,1,2
20260210-R1-C3,20260210,VINCENNES,2026-02-10 15:08:00,2200,,TROT_MONTE,True,10,1,3
20260210-R1-C4,20260210,VINCENNES,2026-02-10 15:42:00,2100,,TROT_ATTELE,True,11,1,4
20260210-R1-C5,20260210,VINCENNES,2026-02-10 16:18:00,2175,,TROT_ATTELE,True,15,1,5
20260210-R1-C6,20260210,VINCENNES,2026-02-10 16:54:00,2700,,TROT_ATTELE,True,16,1,6
20260210-R1-C7,20260210,VINCENNES,2026-02-10 17:26:00,2700,,TROT_ATTELE,True,8,1,7
20260210-R1-C8,20260210,VINCENNES,2026-02-10 18:00:00,2100,,TROT_ATTELE,True,12,1,8
20260210-R1-C9,20260210,VINCENNES,2026-02-10 18:35:00,2175,,TROT_MONTE,True,12,1,9
20260210-R4-C1,20260210,CAGNES/MER,2026-02-10 16:37:00,2150,,TROT_ATTELE,True,11,4,1
20260210-R4-C2,20260210,CAGNES/MER,2026-02-10 17:10:00,2925,,TROT_ATTELE,True,9,4,2
20260210-R4-C3,20260210,CAGNES/MER,2026-02-10 17:42:00,2700,,TROT_ATTELE,True,12,4,3
20260210-R4-C4,20260210,CAGNES/MER,2026-02-10 18:17:00,2925,,TROT_ATTELE,True,12,4,4
20260210-R4-C5,20260210,CAGNES/MER,2026-02-10 18:52:00,2925,,TROT_ATTELE,True,11,4,5
20260210-R4-C6,20260210,CAGNES/MER,2026-02-10 19:24:00,2925,,TROT_ATTELE,True,8,4,6
20260210-R4-C7,20260210,CAGNES/MER,2026-02-10 19:56:00,2150,,TROT_ATTELE,True,9,4,7
20260210-R4-C8,20260210,CAGNES/MER,2026-02-10 20:28:00,2150,,TROT_ATTELE,True,10,4,8
20260210-R5-C1,20260210,MONS (GHLIN),2026-02-10 19:08:00,2300,,TROT_ATTELE,True,14,5,1
20260210-R5-C2,20260210,MONS (GHLIN),2026-02-10 19:40:00,2300,,TROT_ATTELE,True,13,5,2
20260210-R5-C3,20260210,MONS (GHLIN),2026-02-10 20:12:00,2300,,TROT_ATTELE,True,11,5,3
20260210-R5-C4,20260210,MONS (GHLIN),2026-02-10 20:44:00,2840,,TROT_ATTELE,True,11,5,4
20260210-R5-C5,20260210,MONS (GHLIN),2026-02-10 21:11:00,2300,,TROT_ATTELE,True,14,5,5
20260210-R5-C6,20260210,MONS (GHLIN),2026-02-10 21:48:00,2300,,TROT_ATTELE,True,8,5,6
20260210-R5-C7,20260210,MONS (GHLIN),2026-02-10 22:15:00,2300,,TROT_ATTELE,True,11,5,7
20260211-R1-C1,20260211,VINCENNES,2026-02-11 13:55:00,2700,,TROT_ATTELE,True,16,1,1
20260211-R1-C2,20260211,VINCENNES,2026-02-11 14:30:00,2200,,TROT_MONTE,True,10,1,2
20260211-R1-C3,20260211,VINCENNES,2026-02-11 15:05:00,2100,,TROT_ATTELE,True,14,1,3
20260211-R1-C4,20260211,VINCENNES,2026-02-11 15:40:00,2100,,TROT_ATTELE,True,8,1,4
20260211-R1-C5,20260211,VINCENNES,2026-02-11 16:15:00,2700,,TROT_ATTELE,True,16,1,5
20260211-R1-C6,20260211,VINCENNES,2026-02-11 16:50:00,2700,,TROT_MONTE,True,11,1,6
20260211-R1-C7,20260211,VINCENNES,2026-02-11 17:25:00,2700,,TROT_ATTELE,True,10,1,7
20260211-R1-C8,20260211,VINCENNES,2026-02-11 18:02:00,2100,,TROT_ATTELE,True,11,1,8
20260211-R4-C1,20260211,LYON LA SOIE,2026-02-11 16:32:00,2700,,TROT_ATTELE,True,11,4,1
20260211-R4-C2,20260211,LYON LA SOIE,2026-02-11 17:07:00,2700,,TROT_ATTELE,True,12,4,2
20260211-R4-C3,20260211,LYON LA SOIE,2026-02-11 17:42:00,2700,,TROT_ATTELE,True,12,4,3
20260211-R4-C4,20260211,LYON LA SOIE,2026-02-11 18:20:00,2700,,TROT_ATTELE,True,16,4,4
20260211-R4-C5,20260211,LYON LA SOIE,2026-02-11 18:55:00,2700,,TROT_ATTELE,True,16,4,5
20260211-R4-C6,20260211,LYON LA SOIE,2026-02-11 19:25:00,2700,,TROT_ATTELE,True,16,4,6
20260211-R4-C7,20260211,LYON LA SOIE,2026-02-11 19:59:00,2700,,TROT_ATTELE,True,15,4,7
20260211-R4-C8,20260211,LYON LA SOIE,2026-02-11 20:25:00,2700,,TROT_ATTELE,True,15,4,8
20260211-R6-C1,20260211,SOLVALLA,2026-02-11 19:00:00,2140,,TROT_ATTELE,True,11,6,1
20260211-R6-C2,20260211,SOLVALLA,2026-02-11 19:25:00,2140,,TROT_ATTELE,True,10,6,2
20260211-R6-C3,20260211,SOLVALLA,2026-02-11 19:51:00,1640,,TROT_ATTELE,True,11,6,3
20260211-R6-C4,20260211,SOLVALLA,2026-02-11 20:13:00,2140,,TROT_ATTELE,True,9,6,4
20260211-R6-C5,20260211,SOLVALLA,2026-02-11 20:41:00,2140,,TROT_ATTELE,True,12,6,5
20260211-R6-C6,20260211,SOLVALLA,2026-02-11 21:03:00,2140,,TROT_ATTELE,True,9,6,6
20260211-R6-C7,20260211,SOLVALLA,2026-02-11 21:26:00,2140,,TROT_ATTELE,True,11,6,7
20260211-R6-C8,20260211,SOLVALLA,2026-02-11 21:51:00,1640,,TROT_ATTELE,True,12,6,8
20260212-R1-C1,20260212,CAGNES/MER,2026-02-12 13:55:00,2925,,TROT_ATTELE,True,15,1,1
20260212-R1-C2,20260212,CAGNES/MER,2026-02-12 14:34:00,2925,,TROT_MONTE,True,10,1,2
20260212-R1-C3,20260212,CAGNES/MER,2026-02-12 15:06:00,2925,,TROT_ATTELE,True,8,1,3
20260212-R1-C4,20260212,CAGNES/MER,2026-02-12 15:40:00,2925,,TROT_ATTELE,True,9,1,4
20260212-R1-C5,20260212,CAGNES/MER,2026-02-12 16:16:00,2925,,TROT_ATTELE,True,12,1,5
20260212-R1-C6,20260212,CAGNES/MER,2026-02-12 16:51:00,2925,,TROT_ATTELE,True,13,1,6
20260212-R1-C7,20260212,CAGNES/MER,2026-02-12 17:25:00,2150,,TROT_ATTELE,True,8,1,7
20260212-R1-C8,20260212,CAGNES/MER,2026-02-12 18:01:00,2700,,TROT_ATTELE,True,14,1,8
20260212-R4-C1,20260212,MAUQUENCHY,2026-02-12 16:32:00,2850,,TROT_ATTELE,True,8,4,1
20260212-R4-C2,20260212,MAUQUENCHY,2026-02-12 17:07:00,2850,,TROT_ATTELE,True,18,4,2
20260212-R4-C3,20260212,MAUQUENCHY,2026-02-12 17:43:00,2850,,TROT_ATTELE,True,18,4,3
20260212-R4-C4,20260212,MAUQUENCHY,2026-02-12 18:20:00,2850,,TROT_ATTELE,True,17,4,4
20260212-R4-C5,20260212,MAUQUENCHY,2026-02-12 19:27:00,2850,,TROT_ATTELE,True,10,4,5
20260212-R4-C6,20260212,MAUQUENCHY,2026-02-12 19:59:00,2225,,TROT_ATTELE,True,12,4,6
20260212-R4-C7,20260212,MAUQUENCHY,2026-02-12 20:31:00,2850,,TROT_MONTE,True,13,4,7
20260212-R4-C8,20260212,MAUQUENCHY,2026-02-12 21:00:00,2850,,TROT_ATTELE,True,16,4,8
20260213-R1-C1,20260213,VINCENNES,2026-02-13 16:05:00,2200,,TROT_MONTE,True,10,1,1
20260213-R1-C2,20260213,VINCENNES,2026-02-13 16:38:00,2200,,TROT_ATTELE,True,11,1,2
20260213-R1-C3,20260213,VINCENNES,2026-02-13 17:13:00,2200,,TROT_MONTE,True,10,1,3
20260213-R1-C4,20260213,VINCENNES,2026-02-13 17:48:00,2700,,TROT_ATTELE,True,13,1,4
20260213-R1-C5,20260213,VINCENNES,2026-02-13 18:23:00,2700,,TROT_MONTE,True,9,1,5
20260213-R1-C6,20260213,VINCENNES,2026-02-13 18:58:00,2700,,TROT_ATTELE,True,16,1,6
20260213-R1-C7,20260213,VINCENNES,2026-02-13 19:33:00,2100,,TROT_ATTELE,True,12,1,7
20260213-R1-C8,20260213,VINCENNES,2026-02-13 20:15:00,2700,,TROT_ATTELE,True,16,1,8
20260213-R2-C1,20260213,NANTES,2026-02-13 11:05:00,2275,,TROT_ATTELE,True,11,2,1
20260213-R2-C2,20260213,NANTES,2026-02-13 11:40:00,2275,,TROT_ATTELE,True,13,2,2
20260213-R2-C3,20260213,NANTES,2026-02-13 12:15:00,2275,,TROT_ATTELE,True,9,2,3
20260213-R2-C4,20260213,NANTES,2026-02-13 12:50:00,2275,,TROT_ATTELE,True,10,2,4
20260213-R2-C5,20260213,NANTES,2026-02-13 13:25:00,3000,,TROT_ATTELE,True,15,2,5
20260213-R2-C6,20260213,NANTES,2026-02-13 14:00:00,3000,,TROT_ATTELE,True,15,2,6
20260213-R2-C7,20260213,NANTES,2026-02-13 14:39:00,3000,,TROT_ATTELE,True,16,2,7
20260213-R2-C8,20260213,NANTES,2026-02-13 15:14:00,3000,,TROT_ATTELE,True,13,2,8
20260213-R4-C1,20260213,PONT DE VIVAUX,2026-02-13 15:48:00,2650,,TROT_ATTELE,True,9,4,1
20260213-R4-C2,20260213,PONT DE VIVAUX,2026-02-13 16:21:00,2650,,TROT_ATTELE,True,16,4,2
20260213-R4-C3,20260213,PONT DE VIVAUX,2026-02-13 16:55:00,2650,,TROT_ATTELE,True,14,4,3
20260213-R4-C4,20260213,PONT DE VIVAUX,2026-02-13 17:30:00,2650,,TROT_ATTELE,True,8,4,4
20260213-R4-C5,20260213,PONT DE VIVAUX,2026-02-13 18:05:00,2650,,TROT_ATTELE,True,10,4,5
20260213-R4-C6,20260213,PONT DE VIVAUX,2026-02-13 18:40:00,2650,,TROT_ATTELE,True,10,4,6
20260213-R4-C7,20260213,PONT DE VIVAUX,2026-02-13 19:15:00,2650,,TROT_ATTELE,True,10,4,7
20260213-R4-C8,20260213,PONT DE VIVAUX,2026-02-13 19:50:00,2650,,TROT_ATTELE,True,9,4,8
20260214-R3-C1,20260214,SON PARDO,2026-02-14 10:46:00,2150,,TROT_ATTELE,True,10,3,1
20260214-R3-C2,20260214,SON PARDO,2026-02-14 11:21:00,2650,,TROT_ATTELE,True,13,3,2
20260214-R3-C3,20260214,SON PARDO,2026-02-14 11:45:00,2650,,TROT_ATTELE,True,16,3,3
20260214-R3-C4,20260214,SON PARDO,2026-02-14 12:17:00,2650,,TROT_ATTELE,True,16,3,4
20260214-R3-C5,20260214,SON PARDO,2026-02-14 12:49:00,2650,,TROT_ATTELE,True,12,3,5
20260214-R4-C1,20260214,AGEN LA GARENNE,2026-02-14 11:35:00,2575,,TROT_ATTELE,True,10,4,1
20260214-R4-C2,20260214,AGEN LA GARENNE,2026-02-14 12:04:00,2575,,TROT_ATTELE,True,12,4,2
20260214-R4-C3,20260214,AGEN LA GARENNE,2026-02-14 12:34:00,2625,,TROT_MONTE,True,8,4,3
20260214-R4-C4,20260214,AGEN LA GARENNE,2026-02-14 13:05:00,2050,,TROT_ATTELE,True,8,4,4
20260214-R4-C5,20260214,AGEN LA GARENNE,2026-02-14 13:40:00,2575,,TROT_ATTELE,True,11,4,5
20260214-R4-C6,20260214,AGEN LA GARENNE,2026-02-14 14:15:00,2625,,TROT_ATTELE,True,11,4,6
20260214-R4-C7,20260214,AGEN LA GARENNE,2026-02-14 14:50:00,2575,,TROT_ATTELE,True,13,4,7
20260214-R4-C8,20260214,AGEN LA GARENNE,2026-02-14 15:32:00,2625,,TROT_ATTELE,True,13,4,8
20260214-R6-C1,20260214,WOLVEGA,2026-02-14 18:12:00,2600,,TROT_ATTELE,True,10,6,1
20260214-R6-C2,20260214,WOLVEGA,2026-02-14 18:57:00,2600,,TROT_ATTELE,True,9,6,2
20260214-R6-C3,20260214,WOLVEGA,2026-02-14 19:27:00,2600,,TROT_ATTELE,True,8,6,3
20260214-R6-C4,20260214,WOLVEGA,2026-02-14 19:59:00,2100,,TROT_ATTELE,True,7,6,4
20260214-R6-C5,20260214,WOLVEGA,2026-02-14 20:35:00,2100,,TROT_ATTELE,True,6,6,5
20260215-R1-C1,20260215,VINCENNES,2026-02-15 12:49:00,2700,,TROT_MONTE,True,8,1,1
20260215-R1-C2,20260215,VINCENNES,2026-02-15 13:24:00,2700,,TROT_ATTELE,True,15,1,2
20260215-R1-C3,20260215,VINCENNES,2026-02-15 13:58:00,2850,,TROT_ATTELE,True,12,1,3
20260215-R1-C4,20260215,VINCENNES,2026-02-15 14:33:00,2700,,TROT_ATTELE,True,14,1,4
20260215-R1-C5,20260215,VINCENNES,2026-02-15 15:15:00,2700,,TROT_ATTELE,True,15,1,5
20260215-R1-C6,20260215,VINCENNES,2026-02-15 15:50:00,2700,,TROT_ATTELE,True,14,1,6
20260215-R1-C7,20260215,VINCENNES,2026-02-15 16:29:00,2850,,TROT_ATTELE,True,16,1,7
20260215-R1-C8,20260215,VINCENNES,2026-02-15 17:02:00,2850,,TROT_ATTELE,True,13,1,8
20260215-R1-C9,20260215,VINCENNES,2026-02-15 17:35:00,2175,,TROT_MONTE,True,9,1,9
20260215-R1-C10,20260215,VINCENNES,2026-02-15 18:10:00,2175,,TROT_ATTELE,True,10,1,10
20260215-R2-C1,20260215,PONTCHATEAU,2026-02-15 10:30:00,2800,,TROT_ATTELE,True,13,2,1
20260215-R2-C2,20260215,PONTCHATEAU,2026-02-15 11:02:00,2800,,TROT_MONTE,True,13,2,2
20260215-R2-C3,20260215,PONTCHATEAU,2026-02-15 11:32:00,2800,,TROT_ATTELE,True,18,2,3
20260215-R2-C4,20260215,PONTCHATEAU,2026-02-15 12:02:00,2800,,TROT_ATTELE,True,15,2,4
20260215-R2-C5,20260215,PONTCHATEAU,2026-02-15 12:31:00,2800,,TROT_ATTELE,True,15,2,5
20260215-R2-C6,20260215,PONTCHATEAU,2026-02-15 13:10:00,2200,,TROT_ATTELE,True,13,2,6
20260215-R2-C7,20260215,PONTCHATEAU,2026-02-15 13:40:00,2800,,TROT_ATTELE,True,14,2,7
20260215-R3-C1,20260215,MARIENDORF,2026-02-15 10:45:00,2520,,TROT_ATTELE,True,6,3,1
20260215-R3-C2,20260215,MARIENDORF,2026-02-15 11:15:00,1900,,TROT_ATTELE,True,7,3,2
20260215-R3-C3,20260215,MARIENDORF,2026-02-15 11:45:00,1900,,TROT_ATTELE,True,8,3,3
20260215-R3-C4,20260215,MARIENDORF,2026-02-15 12:15:00,1900,,TROT_ATTELE,True,8,3,4
20260215-R5-C5,20260215,KRIEAU (VIENNE),2026-02-15 17:52:00,2100,,TROT_ATTELE,True,10,5,5
20260215-R5-C6,20260215,KRIEAU (VIENNE),2026-02-15 18:25:00,2600,,TROT_ATTELE,True,8,5,6
20260215-R5-C7,20260215,KRIEAU (VIENNE),2026-02-15 18:55:00,2100,,TROT_ATTELE,True,9,5,7
20260215-R5-C8,20260215,KRIEAU (VIENNE),2026-02-15 19:25:00,2100,,TROT_ATTELE,True,9,5,8
20260215-R5-C9,20260215,KRIEAU (VIENNE),2026-02-15 19:55:00,2100,,TROT_ATTELE,True,7,5,9
20260215-R5-C10,20260215,KRIEAU (VIENNE),2026-02-15 20:25:00,2100,,TROT_ATTELE,True,6,5,10
20260215-R7-C1,20260215,LE MONT SAINT MICHEL,2026-02-15 13:30:00,2675,,TROT_MONTE,True,13,7,1
20260215-R7-C2,20260215,LE MONT SAINT MICHEL,2026-02-15 14:00:00,2675,,TROT_ATTELE,True,12,7,2
20260215-R7-C3,20260215,LE MONT SAINT MICHEL,2026-02-15 14:30:00,2675,,TROT_ATTELE,True,14,7,3
20260215-R7-C4,20260215,LE MONT SAINT MICHEL,2026-02-15 15:00:00,2675,,TROT_ATTELE,True,16,7,4
20260215-R7-C5,20260215,LE MONT SAINT MICHEL,2026-02-15 15:30:00,2675,,TROT_ATTELE,True,18,7,5
20260215-R7-C6,20260215,LE MONT SAINT MICHEL,2026-02-15 16:00:00,2675,,TROT_ATTELE,True,14,7,6
20260215-R7-C7,20260215,LE MONT SAINT MICHEL,2026-02-15 16:30:00,2675,,TROT_ATTELE,True,14,7,7
20260215-R7-C8,20260215,LE MONT SAINT MICHEL,2026-02-15 17:00:00,2675,,TROT_ATTELE,True,18,7,8
20260215-R8-C1,20260215,SAINT BRIEUC,2026-02-15 13:55:00,2575,,TROT_ATTELE,True,14,8,1
20260215-R8-C3,20260215,SAINT BRIEUC,2026-02-15 15:10:00,2575,,TROT_ATTELE,True,14,8,3
20260215-R8-C5,20260215,SAINT BRIEUC,2026-02-15 16:05:00,3150,,TROT_ATTELE,True,14,8,5
20260216-R1-C1,20260216,VINCENNES,2026-02-16 13:55:00,2850,,TROT_ATTELE,True,16,1,1
20260216-R1-C2,20260216,VINCENNES,2026-02-16 14:30:00,2700,,TROT_MONTE,True,8,1,2
20260216-R1-C3,20260216,VINCENNES,2026-02-16 15:05:00,2700,,TROT_ATTELE,True,14,1,3
20260216-R1-C4,20260216,VINCENNES,2026-02-16 15:43:00,2700,,TROT_MONTE,True,13,1,4
20260216-R1-C5,20260216,VINCENNES,2026-02-16 16:20:00,2700,,TROT_ATTELE,True,15,1,5
20260216-R1-C6,20260216,VINCENNES,2026-02-16 16:53:00,2700,,TROT_ATTELE,True,10,1,6
20260216-R1-C7,20260216,VINCENNES,2026-02-16 17:28:00,2100,,TROT_ATTELE,True,11,1,7
20260216-R1-C8,20260216,VINCENNES,2026-02-16 18:04:00,2850,,TROT_ATTELE,True,11,1,8
20260216-R4-C1,20260216,SAINT GALMIER,2026-02-16 16:36:00,2600,,TROT_ATTELE,True,9,4,1
20260216-R4-C2,20260216,SAINT GALMIER,2026-02-16 17:10:00,2600,,TROT_ATTELE,True,12,4,2
20260216-R4-C3,20260216,SAINT GALMIER,2026-02-16 17:46:00,2600,,TROT_ATTELE,True,9,4,3
20260216-R4-C4,20260216,SAINT GALMIER,2026-02-16 18:19:00,2650,,TROT_ATTELE,True,16,4,4
20260216-R4-C5,20260216,SAINT GALMIER,2026-02-16 18:47:00,2650,,TROT_ATTELE,True,10,4,5
20260216-R4-C6,20260216,SAINT GALMIER,2026-02-16 19:15:00,2650,,TROT_ATTELE,True,16,4,6
20260216-R4-C7,20260216,SAINT GALMIER,2026-02-16 19:45:00,2650,,TROT_MONTE,True,10,4,7
20260216-R4-C8,20260216,SAINT GALMIER,2026-02-16 20:15:00,2000,,TROT_ATTELE,True,14,4,8
20260217-R1-C1,20260217,VINCENNES,2026-02-17 13:55:00,2850,,TROT_ATTELE,True,16,1,1
20260217-R1-C2,20260217,VINCENNES,2026-02-17 14:30:00,2200,,TROT_ATTELE,True,11,1,2
20260217-R1-C3,20260217,VINCENNES,2026-02-17 15:05:00,2700,,TROT_ATTELE,True,12,1,3
20260217-R1-C4,20260217,VINCENNES,2026-02-17 15:40:00,2100,,TROT_ATTELE,True,13,1,4
20260217-R1-C5,20260217,VINCENNES,2026-02-17 16:24:00,2850,,TROT_MONTE,True,13,1,5
20260217-R1-C6,20260217,VINCENNES,2026-02-17 16:56:00,2700,,TROT_ATTELE,True,16,1,6
20260217-R1-C7,20260217,VINCENNES,2026-02-17 17:33:00,2700,,TROT_MONTE,True,10,1,7
20260217-R1-C8,20260217,VINCENNES,2026-02-17 18:10:00,2100,,TROT_ATTELE,True,11,1,8
20260217-R2-C1,20260217,SON PARDO,2026-02-17 11:08:00,2650,,TROT_ATTELE,True,7,2,1
20260217-R2-C2,20260217,SON PARDO,2026-02-17 11:35:00,2150,,TROT_ATTELE,True,10,2,2
20260217-R2-C3,20260217,SON PARDO,2026-02-17 12:07:00,2650,,TROT_ATTELE,True,13,2,3
20260217-R2-C4,20260217,SON PARDO,2026-02-17 12:39:00,2650,,TROT_ATTELE,True,10,2,4
20260217-R2-C5,20260217,SON PARDO,2026-02-17 13:14:00,2150,,TROT_ATTELE,True,14,2,5
20260217-R4-C1,20260217,CAGNES/MER,2026-02-17 16:40:00,2150,,TROT_ATTELE,True,10,4,1
20260217-R4-C2,20260217,CAGNES/MER,2026-02-17 17:13:00,2150,,TROT_ATTELE,True,10,4,2
20260217-R4-C3,20260217,CAGNES/MER,2026-02-17 17:50:00,2700,,TROT_ATTELE,True,13,4,3
20260217-R4-C4,20260217,CAGNES/MER,2026-02-17 18:27:00,2925,,TROT_ATTELE,True,10,4,4
20260217-R4-C5,20260217,CAGNES/MER,2026-02-17 19:03:00,2925,,TROT_ATTELE,True,7,4,5
20260217-R4-C6,20260217,CAGNES/MER,2026-02-17 19:34:00,2700,,TROT_ATTELE,True,14,4,6
20260217-R4-C7,20260217,CAGNES/MER,2026-02-17 20:06:00,2925,,TROT_MONTE,True,9,4,7
20260217-R4-C8,20260217,CAGNES/MER,2026-02-17 20:40:00,2925,,TROT_ATTELE,True,11,4,8
20260217-R5-C1,20260217,MONS (GHLIN),2026-02-17 18:43:00,2300,,TROT_ATTELE,True,15,5,1
20260217-R5-C2,20260217,MONS (GHLIN),2026-02-17 19:18:00,2300,,TROT_ATTELE,True,16,5,2
20260217-R5-C3,20260217,MONS (GHLIN),2026-02-17 19:50:00,2300,,TROT_ATTELE,True,14,5,3
20260217-R5-C4,20260217,MONS (GHLIN),2026-02-17 20:21:00,2300,,TROT_ATTELE,True,14,5,4
20260217-R5-C5,20260217,MONS (GHLIN),2026-02-17 20:55:00,2300,,TROT_ATTELE,True,10,5,5
20260217-R5-C6,20260217,MONS (GHLIN),2026-02-17 21:22:00,2300,,TROT_ATTELE,True,7,5,6
20260217-R5-C7,20260217,MONS (GHLIN),2026-02-17 21:50:00,2840,,TROT_ATTELE,True,10,5,7
20260217-R5-C8,20260217,MONS (GHLIN),2026-02-17 22:18:00,1750,,TROT_ATTELE,True,7,5,8
20260218-R2-C1,20260218,LYON LA SOIE,2026-02-18 11:42:00,2700,,TROT_MONTE,True,10,2,1
20260218-R2-C2,20260218,LYON LA SOIE,2026-02-18 12:20:00,2700,,TROT_ATTELE,True,14,2,2
20260218-R2-C3,20260218,LYON LA SOIE,2026-02-18 12:53:00,2700,,TROT_ATTELE,True,10,2,3
20260218-R2-C4,20260218,LYON LA SOIE,2026-02-18 13:27:00,2700,,TROT_ATTELE,True,6,2,4
20260218-R2-C5,20260218,LYON LA SOIE,2026-02-18 14:14:00,2700,,TROT_ATTELE,True,15,2,5
20260218-R2-C6,20260218,LYON LA SOIE,2026-02-18 14:47:00,2700,,TROT_ATTELE,True,12,2,6
20260218-R2-C7,20260218,LYON LA SOIE,2026-02-18 15:22:00,2700,,TROT_ATTELE,True,7,2,7
20260218-R2-C8,20260218,LYON LA SOIE,2026-02-18 15:57:00,2700,,TROT_ATTELE,True,12,2,8
20260218-R3-C1,20260218,LAVAL,2026-02-18 16:35:00,2850,,TROT_ATTELE,True,13,3,1
20260218-R3-C2,20260218,LAVAL,2026-02-18 17:10:00,2850,,TROT_ATTELE,True,16,3,2
20260218-R3-C3,20260218,LAVAL,2026-02-18 17:45:00,2850,,TROT_ATTELE,True,16,3,3
20260218-R3-C4,20260218,LAVAL,2026-02-18 18:20:00,2850,,TROT_ATTELE,True,16,3,4
20260218-R3-C5,20260218,LAVAL,2026-02-18 18:55:00,2850,,TROT_MONTE,True,14,3,5
20260218-R3-C6,20260218,LAVAL,2026-02-18 19:27:00,2850,,TROT_ATTELE,True,9,3,6
20260218-R3-C7,20260218,LAVAL,2026-02-18 20:00:00,2850,,TROT_ATTELE,True,16,3,7
20260218-R3-C8,20260218,LAVAL,2026-02-18 20:33:00,2850,,TROT_ATTELE,True,12,3,8
20260218-R5-C1,20260218,SOLVALLA,2026-02-18 18:15:00,2140,,TROT_ATTELE,True,8,5,1
20260218-R5-C2,20260218,SOLVALLA,2026-02-18 18:39:00,2140,,TROT_ATTELE,True,11,5,2
20260218-R5-C3,20260218,SOLVALLA,2026-02-18 19:03:00,2140,,TROT_ATTELE,True,8,5,3
20260218-R5-C4,20260218,SOLVALLA,2026-02-18 19:27:00,2140,,TROT_ATTELE,True,12,5,4
20260218-R5-C5,20260218,SOLVALLA,2026-02-18 19:51:00,1640,,TROT_ATTELE,True,9,5,5
20260218-R5-C6,20260218,SOLVALLA,2026-02-18 20:13:00,2140,,TROT_MONTE,True,7,5,6
20260218-R5-C7,20260218,SOLVALLA,2026-02-18 20:41:00,1640,,TROT_ATTELE,True,8,5,7
20260218-R5-C8,20260218,SOLVALLA,2026-02-18 21:03:00,2140,,TROT_ATTELE,True,11,5,8
20260218-R5-C9,20260218,SOLVALLA,2026-02-18 21:26:00,2140,,TROT_ATTELE,True,10,5,9
20260218-R5-C10,20260218,SOLVALLA,2026-02-18 21:51:00,2140,,TROT_ATTELE,True,11,5,10
20260219-R1-C1,20260219,VINCENNES,2026-02-19 13:55:00,2850,,TROT_ATTELE,True,16,1,1
20260219-R1-C2,20260219,VINCENNES,2026-02-19 14:30:00,2700,,TROT_ATTELE,True,14,1,2
20260219-R1-C3,20260219,VINCENNES,2026-02-19 15:05:00,2700,,TROT_ATTELE,True,11,1,3
20260219-R1-C4,20260219,VINCENNES,2026-02-19 15:40:00,2700,,TROT_ATTELE,True,9,1,4
20260219-R1-C5,20260219,VINCENNES,2026-02-19 16:15:00,2850,,TROT_ATTELE,True,12,1,5
20260219-R1-C6,20260219,VINCENNES,2026-02-19 16:50:00,2700,,TROT_ATTELE,True,14,1,6
20260219-R1-C7,20260219,VINCENNES,2026-02-19 17:27:00,2850,,TROT_MONTE,True,14,1,7
20260219-R1-C8,20260219,VINCENNES,2026-02-19 18:00:00,2100,,TROT_ATTELE,True,14,1,8
20260219-R3-C1,20260219,STRAUBING,2026-02-19 11:02:00,1925,,TROT_ATTELE,True,9,3,1
20260219-R3-C2,20260219,STRAUBING,2026-02-19 11:31:00,2400,,TROT_ATTELE,True,10,3,2
20260219-R3-C3,20260219,STRAUBING,2026-02-19 11:59:00,1925,,TROT_ATTELE,True,10,3,3
20260219-R3-C4,20260219,STRAUBING,2026-02-19 12:34:00,2400,,TROT_ATTELE,True,10,3,4
20260219-R3-C5,20260219,STRAUBING,2026-02-19 13:09:00,1925,,TROT_ATTELE,True,10,3,5
20260219-R5-C1,20260219,LA CEPIERE,2026-02-19 16:32:00,2750,,TROT_ATTELE,True,12,5,1
20260219-R5-C2,20260219,LA CEPIERE,2026-02-19 17:07:00,2150,,TROT_ATTELE,True,12,5,2
20260219-R5-C3,20260219,LA CEPIERE,2026-02-19 17:42:00,2750,,TROT_ATTELE,True,13,5,3
20260219-R5-C4,20260219,LA CEPIERE,2026-02-19 18:15:00,2750,,TROT_ATTELE,True,9,5,4
20260219-R5-C5,20260219,LA CEPIERE,2026-02-19 18:45:00,2950,,TROT_ATTELE,True,12,5,5
20260219-R5-C6,20260219,LA CEPIERE,2026-02-19 19:15:00,2950,,TROT_ATTELE,True,9,5,6
20260219-R5-C7,20260219,LA CEPIERE,2026-02-19 19:45:00,2950,,TROT_MONTE,True,10,5,7
20260219-R5-C8,20260219,LA CEPIERE,2026-02-19 20:15:00,2950,,TROT_ATTELE,True,10,5,8
20260220-R1-C1,20260220,VINCENNES,2026-02-20 16:07:00,2850,,TROT_ATTELE,True,14,1,1
20260220-R1-C2,20260220,VINCENNES,2026-02-20 16:43:00,2100,,TROT_ATTELE,True,11,1,2
20260220-R1-C3,20260220,VINCENNES,2026-02-20 17:16:00,2100,,TROT_ATTELE,True,14,1,3
20260220-R1-C4,20260220,VINCENNES,2026-02-20 17:50:00,2700,,TROT_MONTE,True,15,1,4
20260220-R1-C5,20260220,VINCENNES,2026-02-20 18:24:00,2850,,TROT_ATTELE,True,15,1,5
20260220-R1-C6,20260220,VINCENNES,2026-02-20 18:58:00,2700,,TROT_ATTELE,True,9,1,6
20260220-R1-C7,20260220,VINCENNES,2026-02-20 19:33:00,2700,,TROT_MONTE,True,11,1,7
20260220-R1-C8,20260220,VINCENNES,2026-02-20 20:17:00,2100,,TROT_ATTELE,True,14,1,8
20260220-R3-C1,20260220,GELSENKIRCHEN,2026-02-20 11:18:00,2000,,TROT_ATTELE,True,8,3,1
20260220-R3-C2,20260220,GELSENKIRCHEN,2026-02-20 11:50:00,2000,,TROT_ATTELE,True,10,3,2
20260220-R3-C3,20260220,GELSENKIRCHEN,2026-02-20 12:22:00,2000,,TROT_ATTELE,True,11,3,3
20260220-R3-C4,20260220,GELSENKIRCHEN,2026-02-20 12:54:00,2000,,TROT_ATTELE,True,12,3,4
20260220-R5-C1,20260220,CAGNES/MER,2026-02-20 18:06:00,2150,,TROT_ATTELE,True,12,5,1
20260220-R5-C2,20260220,CAGNES/MER,2026-02-20 18:40:00,2150,,TROT_ATTELE,True,12,5,2
20260220-R5-C3,20260220,CAGNES/MER,2026-02-20 19:15:00,2925,,TROT_ATTELE,True,13,5,3
20260220-R5-C4,20260220,CAGNES/MER,2026-02-20 19:50:00,2150,,TROT_ATTELE,True,13,5,4
20260220-R5-C5,20260220,CAGNES/MER,2026-02-20 20:34:00,2925,,TROT_ATTELE,True,15,5,5
20260220-R5-C6,20260220,CAGNES/MER,2026-02-20 21:02:00,2150,,TROT_ATTELE,True,6,5,6
20260220-R5-C7,20260220,CAGNES/MER,2026-02-20 21:30:00,2925,,TROT_ATTELE,True,9,5,7
20260220-R5-C8,20260220,CAGNES/MER,2026-02-20 21:56:00,2925,,TROT_ATTELE,True,14,5,8
20260221-R2-C1,20260221,NANTES,2026-02-21 10:45:00,3000,,TROT_ATTELE,True,12,2,1
20260221-R2-C2,20260221,NANTES,2026-02-21 11:12:00,3000,,TROT_ATTELE,True,14,2,2
20260221-R2-C3,20260221,NANTES,2026-02-21 11:49:00,3000,,TROT_ATTELE,True,13,2,3
20260221-R2-C4,20260221,NANTES,2026-02-21 12:21:00,3000,,TROT_ATTELE,True,16,2,4
20260221-R2-C5,20260221,NANTES,2026-02-21 12:53:00,3000,,TROT_ATTELE,True,16,2,5
20260221-R2-C6,20260221,NANTES,2026-02-21 13:22:00,3000,,TROT_ATTELE,True,14,2,6
20260221-R2-C7,20260221,NANTES,2026-02-21 13:51:00,2275,,TROT_ATTELE,True,9,2,7
20260221-R4-C1,20260221,AMIENS,2026-02-21 16:07:00,2400,,TROT_ATTELE,True,14,4,1
20260221-R4-C2,20260221,AMIENS,2026-02-21 16:43:00,2900,,TROT_ATTELE,True,16,4,2
20260221-R4-C3,20260221,AMIENS,2026-02-21 17:17:00,2400,,TROT_ATTELE,True,14,4,3
20260221-R4-C4,20260221,AMIENS,2026-02-21 17:52:00,2400,,TROT_ATTELE,True,14,4,4
20260221-R4-C5,20260221,AMIENS,2026-02-21 18:27:00,2400,,TROT_ATTELE,True,14,4,5
20260221-R4-C6,20260221,AMIENS,2026-02-21 19:02:00,2400,,TROT_ATTELE,True,12,4,6
20260221-R4-C7,20260221,AMIENS,2026-02-21 19:34:00,2400,,TROT_ATTELE,True,12,4,7
20260221-R4-C8,20260221,AMIENS,2026-02-21 20:06:00,2900,,TROT_ATTELE,True,13,4,8
20260221-R5-C1,20260221,WOLVEGA,2026-02-21 18:09:00,2600,,TROT_ATTELE,True,12,5,1
20260221-R5-C2,20260221,WOLVEGA,2026-02-21 18:44:00,2100,,TROT_ATTELE,True,11,5,2
20260221-R5-C3,20260221,WOLVEGA,2026-02-21 19:18:00,2100,,TROT_ATTELE,True,9,5,3
20260221-R5-C4,20260221,WOLVEGA,2026-02-21 19:50:00,2100,,TROT_ATTELE,True,9,5,4
20260221-R5-C5,20260221,WOLVEGA,2026-02-21 20:22:00,2600,,TROT_ATTELE,True,8,5,5
20260221-R5-C6,20260221,WOLVEGA,2026-02-21 20:59:00,2100,,TROT_ATTELE,True,9,5,6
20260221-R5-C7,20260221,WOLVEGA,2026-02-21 21:25:00,2100,,TROT_ATTELE,True,7,5,7
20260221-R5-C8,20260221,WOLVEGA,2026-02-21 21:50:00,2100,,TROT_ATTELE,True,6,5,8
20260222-R1-C1,20260222,VINCENNES,2026-02-22 13:25:00,2700,,TROT_ATTELE,True,15,1,1
20260222-R1-C2,20260222,VINCENNES,2026-02-22 13:58:00,2700,,TROT_ATTELE,True,11,1,2
20260222-R1-C3,20260222,VINCENNES,2026-02-22 14:35:00,2700,,TROT_ATTELE,True,15,1,3
20260222-R1-C4,20260222,VINCENNES,2026-02-22 15:15:00,4150,,TROT_ATTELE,True,14,1,4
20260222-R1-C5,20260222,VINCENNES,2026-02-22 15:52:00,2700,,TROT_ATTELE,True,16,1,5
20260222-R1-C6,20260222,VINCENNES,2026-02-22 16:26:00,2700,,TROT_MONTE,True,12,1,6
20260222-R1-C7,20260222,VINCENNES,2026-02-22 17:02:00,2100,,TROT_ATTELE,True,12,1,7
20260222-R1-C8,20260222,VINCENNES,2026-02-22 17:35:00,2700,,TROT_ATTELE,True,14,1,8
20260222-R1-C9,20260222,VINCENNES,2026-02-22 18:12:00,2700,,TROT_ATTELE,True,10,1,9
20260222-R6-C8,20260222,KRIEAU (VIENNE),2026-02-22 18:27:00,2100,,TROT_ATTELE,True,10,6,8
20260222-R6-C9,20260222,KRIEAU (VIENNE),2026-02-22 19:01:00,2100,,TROT_ATTELE,True,8,6,9
20260222-R6-C10,20260222,KRIEAU (VIENNE),2026-02-22 19:33:00,2100,,TROT_ATTELE,True,7,6,10
20260222-R6-C11,20260222,KRIEAU (VIENNE),2026-02-22 20:05:00,2600,,TROT_ATTELE,True,7,6,11
20260222-R6-C12,20260222,KRIEAU (VIENNE),2026-02-22 20:37:00,2620,,TROT_ATTELE,True,7,6,12
20260222-R10-C1,20260222,LE BOUSCAT,2026-02-22 13:20:00,2650,,TROT_ATTELE,True,11,10,1
20260222-R10-C2,20260222,LE BOUSCAT,2026-02-22 13:50:00,2550,,TROT_ATTELE,True,14,10,2
20260222-R10-C3,20260222,LE BOUSCAT,2026-02-22 14:28:00,2650,,TROT_ATTELE,True,14,10,3
20260222-R10-C4,20260222,LE BOUSCAT,2026-02-22 14:55:00,2650,,TROT_ATTELE,True,14,10,4
20260222-R10-C5,20260222,LE BOUSCAT,2026-02-22 15:30:00,2550,,TROT_ATTELE,True,15,10,5
20260222-R10-C6,20260222,LE BOUSCAT,2026-02-22 15:55:00,2550,,TROT_ATTELE,True,15,10,6
20260222-R10-C7,20260222,LE BOUSCAT,2026-02-22 16:20:00,2550,,TROT_ATTELE,True,15,10,7
20260222-R11-C7,20260222,PARAY LE MONIAL,2026-02-22 16:33:00,2625,,TROT_ATTELE,True,16,11,7
20260222-R12-C1,20260222,GRAIGNES,2026-02-22 13:40:00,2700,,TROT_ATTELE,True,12,12,1
20260222-R12-C2,20260222,GRAIGNES,2026-02-22 14:10:00,2700,,TROT_MONTE,True,16,12,2
20260222-R12-C3,20260222,GRAIGNES,2026-02-22 14:40:00,2700,,TROT_ATTELE,True,12,12,3
20260222-R12-C4,20260222,GRAIGNES,2026-02-22 15:10:00,2700,,TROT_ATTELE,True,14,12,4
20260222-R12-C5,20260222,GRAIGNES,2026-02-22 15:40:00,2700,,TROT_ATTELE,True,14,12,5
20260222-R12-C6,20260222,GRAIGNES,2026-02-22 16:10:00,2700,,TROT_ATTELE,True,13,12,6
20260222-R12-C7,20260222,GRAIGNES,2026-02-22 16:40:00,2700,,TROT_ATTELE,True,16,12,7
20260222-R12-C8,20260222,GRAIGNES,2026-02-22 17:10:00,2700,,TROT_ATTELE,True,15,12,8
20260222-R13-C1,20260222,MAURE DE BRETAGNE,2026-02-22 13:00:00,2850,,TROT_ATTELE,True,14,13,1
20260222-R13-C3,20260222,MAURE DE BRETAGNE,2026-02-22 14:10:00,2850,,TROT_ATTELE,True,14,13,3
20260222-R13-C5,20260222,MAURE DE BRETAGNE,2026-02-22 15:10:00,2850,,TROT_ATTELE,True,14,13,5
20260222-R13-C7,20260222,MAURE DE BRETAGNE,2026-02-22 16:05:00,2850,,TROT_ATTELE,True,13,13,7
20260222-R13-C9,20260222,MAURE DE BRETAGNE,2026-02-22 17:05:00,2850,,TROT_ATTELE,True,14,13,9
20260223-R2-C1,20260223,VARIG ORKLA NORVEGE,2026-02-23 11:10:00,1800,,TROT_ATTELE,True,11,2,1
20260223-R2-C2,20260223,VARIG ORKLA NORVEGE,2026-02-23 12:07:00,1800,,TROT_ATTELE,True,11,2,2
20260223-R2-C3,20260223,VARIG ORKLA NORVEGE,2026-02-23 12:39:00,1800,,TROT_ATTELE,True,12,2,3
20260223-R2-C4,20260223,VARIG ORKLA NORVEGE,2026-02-23 13:11:00,1800,,TROT_ATTELE,True,12,2,4
20260223-R2-C5,20260223,VARIG ORKLA NORVEGE,2026-02-23 13:40:00,1800,,TROT_ATTELE,True,12,2,5
20260223-R4-C1,20260223,LE CROISE LAROCHE,2026-02-23 16:34:00,2700,,TROT_ATTELE,True,12,4,1
20260223-R4-C2,20260223,LE CROISE LAROCHE,2026-02-23 17:09:00,2700,,TROT_ATTELE,True,14,4,2
20260223-R4-C3,20260223,LE CROISE LAROCHE,2026-02-23 17:43:00,2700,,TROT_ATTELE,True,16,4,3
20260223-R4-C4,20260223,LE CROISE LAROCHE,2026-02-23 18:21:00,2700,,TROT_ATTELE,True,16,4,4
20260223-R4-C5,20260223,LE CROISE LAROCHE,2026-02-23 18:57:00,2825,,TROT_ATTELE,True,12,4,5
20260223-R4-C6,20260223,LE CROISE LAROCHE,2026-02-23 19:30:00,2825,,TROT_ATTELE,True,11,4,6
20260223-R4-C7,20260223,LE CROISE LAROCHE,2026-02-23 20:01:00,2825,,TROT_MONTE,True,11,4,7
20260223-R4-C8,20260223,LE CROISE LAROCHE,2026-02-23 20:35:00,2825,,TROT_ATTELE,True,10,4,8
20260223-R5-C1,20260223,MONS (GHLIN),2026-02-23 18:37:00,2300,,TROT_ATTELE,True,13,5,1
20260223-R5-C2,20260223,MONS (GHLIN),2026-02-23 19:13:00,2300,,TROT_ATTELE,True,14,5,2
20260223-R5-C3,20260223,MONS (GHLIN),2026-02-23 19:45:00,2300,,TROT_ATTELE,True,16,5,3
20260223-R5-C4,20260223,MONS (GHLIN),2026-02-23 20:18:00,2300,,TROT_ATTELE,True,12,5,4
20260223-R5-C5,20260223,MONS (GHLIN),2026-02-23 20:50:00,2840,,TROT_ATTELE,True,10,5,5
20260223-R5-C6,20260223,MONS (GHLIN),2026-02-23 21:20:00,2300,,TROT_ATTELE,True,9,5,6
20260223-R5-C7,20260223,MONS (GHLIN),2026-02-23 21:50:00,2300,,TROT_ATTELE,True,6,5,7
20260223-R5-C8,20260223,MONS (GHLIN),2026-02-23 22:23:00,2300,,TROT_ATTELE,True,12,5,8
20260223-R5-C9,20260223,MONS (GHLIN),2026-02-23 22:48:00,2275,,TROT_MONTE,True,6,5,9
20260224-R3-C1,20260224,MAUQUENCHY,2026-02-24 15:58:00,2850,,TROT_ATTELE,True,11,3,1
20260224-R3-C2,20260224,MAUQUENCHY,2026-02-24 16:35:00,2850,,TROT_ATTELE,True,14,3,2
20260224-R3-C3,20260224,MAUQUENCHY,2026-02-24 17:13:00,2850,,TROT_ATTELE,True,18,3,3
20260224-R3-C4,20260224,MAUQUENCHY,2026-02-24 17:46:00,2850,,TROT_ATTELE,True,18,3,4
20260224-R3-C5,20260224,MAUQUENCHY,2026-02-24 18:20:00,2850,,TROT_ATTELE,True,14,3,5
20260224-R3-C6,20260224,MAUQUENCHY,2026-02-24 18:55:00,2850,,TROT_MONTE,True,13,3,6
20260224-R3-C7,20260224,MAUQUENCHY,2026-02-24 19:25:00,2850,,TROT_ATTELE,True,10,3,7
20260224-R3-C8,20260224,MAUQUENCHY,2026-02-24 19:57:00,2850,,TROT_ATTELE,True,13,3,8
20260225-R1-C1,20260225,VINCENNES,2026-02-25 13:55:00,2100,,TROT_ATTELE,True,15,1,1
20260225-R1-C2,20260225,VINCENNES,2026-02-25 14:30:00,2200,,TROT_ATTELE,True,14,1,2
20260225-R1-C3,20260225,VINCENNES,2026-02-25 15:05:00,2700,,TROT_ATTELE,True,13,1,3
20260225-R1-C4,20260225,VINCENNES,2026-02-25 15:40:00,2175,,TROT_MONTE,True,12,1,4
20260225-R1-C5,20260225,VINCENNES,2026-02-25 16:16:00,2700,,TROT_ATTELE,True,15,1,5
20260225-R1-C6,20260225,VINCENNES,2026-02-25 16:52:00,2700,,TROT_ATTELE,True,13,1,6
20260225-R1-C7,20260225,VINCENNES,2026-02-25 17:30:00,2850,,TROT_ATTELE,True,10,1,7
20260225-R1-C8,20260225,VINCENNES,2026-02-25 18:04:00,2700,,TROT_ATTELE,True,16,1,8
20260225-R4-C1,20260225,CAGNES/MER,2026-02-25 16:34:00,2925,,TROT_ATTELE,True,10,4,1
20260225-R4-C2,20260225,CAGNES/MER,2026-02-25 17:09:00,2700,,TROT_ATTELE,True,15,4,2
20260225-R4-C3,20260225,CAGNES/MER,2026-02-25 17:46:00,2700,,TROT_ATTELE,True,16,4,3
20260225-R4-C4,20260225,CAGNES/MER,2026-02-25 18:23:00,2925,,TROT_ATTELE,True,18,4,4
20260225-R4-C5,20260225,CAGNES/MER,2026-02-25 18:55:00,2925,,TROT_ATTELE,True,12,4,5
20260225-R4-C6,20260225,CAGNES/MER,2026-02-25 19:25:00,2925,,TROT_ATTELE,True,11,4,6
20260225-R4-C7,20260225,CAGNES/MER,2026-02-25 19:55:00,2950,,TROT_ATTELE,True,11,4,7
20260225-R4-C8,20260225,CAGNES/MER,2026-02-25 20:25:00,2925,,TROT_MONTE,True,13,4,8
20260225-R6-C1,20260225,SOLVALLA,2026-02-25 18:40:00,2140,,TROT_ATTELE,True,12,6,1
20260225-R6-C2,20260225,SOLVALLA,2026-02-25 19:03:00,2140,,TROT_ATTELE,True,8,6,2
20260225-R6-C3,20260225,SOLVALLA,2026-02-25 19:27:00,2140,,TROT_ATTELE,True,11,6,3
20260225-R6-C4,20260225,SOLVALLA,2026-02-25 19:51:00,2140,,TROT_ATTELE,True,9,6,4
20260225-R6-C5,20260225,SOLVALLA,2026-02-25 20:13:00,2140,,TROT_ATTELE,True,6,6,5
20260225-R6-C6,20260225,SOLVALLA,2026-02-25 20:41:00,2140,,TROT_ATTELE,True,10,6,6
20260225-R6-C7,20260225,SOLVALLA,2026-02-25 21:03:00,2640,,TROT_ATTELE,True,10,6,7
20260225-R6-C8,20260225,SOLVALLA,2026-02-25 21:26:00,2140,,TROT_ATTELE,True,13,6,8
20260225-R6-C9,20260225,SOLVALLA,2026-02-25 21:51:00,2140,,TROT_ATTELE,True,12,6,9
20260226-R1-C1,20260226,CAGNES/MER,2026-02-26 14:01:00,2925,,TROT_ATTELE,True,14,1,1
20260226-R1-C2,20260226,CAGNES/MER,2026-02-26 14:36:00,2700,,TROT_ATTELE,True,11,1,2
20260226-R1-C3,20260226,CAGNES/MER,2026-02-26 15:10:00,2925,,TROT_ATTELE,True,8,1,3
20260226-R1-C4,20260226,CAGNES/MER,2026-02-26 15:45:00,2925,,TROT_ATTELE,True,14,1,4
20260226-R1-C5,20260226,CAGNES/MER,2026-02-26 16:19:00,2150,,TROT_ATTELE,True,11,1,5
20260226-R1-C6,20260226,CAGNES/MER,2026-02-26 16:53:00,2925,,TROT_ATTELE,True,14,1,6
20260226-R1-C7,20260226,CAGNES/MER,2026-02-26 17:28:00,2925,,TROT_ATTELE,True,15,1,7
20260226-R1-C8,20260226,CAGNES/MER,2026-02-26 18:06:00,2925,,TROT_ATTELE,True,12,1,8
20260226-R2-C1,20260226,MONCHENGLADBACH,2026-02-26 11:08:00,2100,,TROT_ATTELE,True,8,2,1
20260226-R2-C2,20260226,MONCHENGLADBACH,2026-02-26 11:35:00,2100,,TROT_ATTELE,True,8,2,2
20260226-R2-C3,20260226,MONCHENGLADBACH,2026-02-26 12:07:00,2100,,TROT_ATTELE,True,8,2,3
20260226-R2-C4,20260226,MONCHENGLADBACH,2026-02-26 12:39:00,2100,,TROT_ATTELE,True,9,2,4
20260226-R2-C5,20260226,MONCHENGLADBACH,2026-02-26 13:11:00,2100,,TROT_ATTELE,True,10,2,5
20260226-R4-C1,20260226,LAVAL,2026-02-26 16:02:00,2850,,TROT_ATTELE,True,16,4,1
20260226-R4-C2,20260226,LAVAL,2026-02-26 16:36:00,2850,,TROT_ATTELE,True,18,4,2
20260226-R4-C3,20260226,LAVAL,2026-02-26 17:10:00,2850,,TROT_MONTE,True,14,4,3
20260226-R4-C4,20260226,LAVAL,2026-02-26 17:50:00,2850,,TROT_ATTELE,True,15,4,4
20260226-R4-C5,20260226,LAVAL,2026-02-26 18:23:00,2850,,TROT_ATTELE,True,16,4,5
20260226-R4-C6,20260226,LAVAL,2026-02-26 18:55:00,2850,,TROT_ATTELE,True,10,4,6
20260226-R4-C7,20260226,LAVAL,2026-02-26 19:27:00,2850,,TROT_MONTE,True,13,4,7
20260226-R4-C8,20260226,LAVAL,2026-02-26 19:59:00,2850,,TROT_ATTELE,True,16,4,8
20260226-R5-C1,20260226,SON PARDO,2026-02-26 18:37:00,2150,,TROT_ATTELE,True,15,5,1
20260226-R5-C2,20260226,SON PARDO,2026-02-26 19:11:00,2650,,TROT_ATTELE,True,10,5,2
20260226-R5-C3,20260226,SON PARDO,2026-02-26 19:43:00,2150,,TROT_ATTELE,True,15,5,3
20260226-R5-C4,20260226,SON PARDO,2026-02-26 20:15:00,2650,,TROT_ATTELE,True,11,5,4
20260226-R5-C5,20260226,SON PARDO,2026-02-26 20:44:00,2650,,TROT_ATTELE,True,9,5,5
20260226-R7-C1,20260226,LYON LA SOIE,2026-02-26 12:40:00,2700,,TROT_MONTE,True,14,7,1
20260226-R7-C2,20260226,LYON LA SOIE,2026-02-26 13:10:00,2700,,TROT_ATTELE,True,10,7,2
20260226-R7-C3,20260226,LYON LA SOIE,2026-02-26 13:40:00,2050,,TROT_ATTELE,True,14,7,3
20260226-R7-C4,20260226,LYON LA SOIE,2026-02-26 14:15:00,2050,,TROT_ATTELE,True,14,7,4
20260226-R7-C5,20260226,LYON LA SOIE,2026-02-26 14:45:00,2725,,TROT_ATTELE,True,13,7,5
20260226-R7-C6,20260226,LYON LA SOIE,2026-02-26 15:15:00,2700,,TROT_ATTELE,True,16,7,6
20260226-R7-C7,20260226,LYON LA SOIE,2026-02-26 15:45:00,2700,,TROT_MONTE,True,14,7,7
20260227-R1-C1,20260227,VINCENNES,2026-02-27 15:31:00,2200,,TROT_MONTE,True,13,1,1
20260227-R1-C2,20260227,VINCENNES,2026-02-27 16:06:00,2700,,TROT_ATTELE,True,14,1,2
20260227-R1-C3,20260227,VINCENNES,2026-02-27 16:42:00,2700,,TROT_ATTELE,True,14,1,3
20260227-R1-C4,20260227,VINCENNES,2026-02-27 17:15:00,2700,,TROT_MONTE,True,10,1,4
20260227-R1-C5,20260227,VINCENNES,2026-02-27 17:50:00,2175,,TROT_ATTELE,True,15,1,5
20260227-R1-C6,20260227,VINCENNES,2026-02-27 18:24:00,2850,,TROT_ATTELE,True,16,1,6
20260227-R1-C7,20260227,VINCENNES,2026-02-27 18:58:00,2700,,TROT_MONTE,True,12,1,7
20260227-R1-C8,20260227,VINCENNES,2026-02-27 19:33:00,2700,,TROT_ATTELE,True,15,1,8
20260227-R1-C9,20260227,VINCENNES,2026-02-27 20:15:00,2700,,TROT_ATTELE,True,16,1,9
20260227-R2-C1,20260227,CORDEMAIS,2026-02-27 10:56:00,2825,,TROT_MONTE,True,16,2,1
20260227-R2-C2,20260227,CORDEMAIS,2026-02-27 11:23:00,2825,,TROT_ATTELE,True,8,2,2
20260227-R2-C3,20260227,CORDEMAIS,2026-02-27 11:57:00,2825,,TROT_MONTE,True,12,2,3
20260227-R2-C4,20260227,CORDEMAIS,2026-02-27 12:32:00,2825,,TROT_ATTELE,True,14,2,4
20260227-R2-C5,20260227,CORDEMAIS,2026-02-27 13:07:00,2825,,TROT_ATTELE,True,11,2,5
20260227-R2-C6,20260227,CORDEMAIS,2026-02-27 13:42:00,2825,,TROT_ATTELE,True,10,2,6
20260227-R2-C7,20260227,CORDEMAIS,2026-02-27 14:17:00,2825,,TROT_ATTELE,True,14,2,7
20260227-R2-C8,20260227,CORDEMAIS,2026-02-27 14:55:00,2825,,TROT_ATTELE,True,12,2,8
20260227-R7-C1,20260227,LA CEPIERE,2026-02-27 18:30:00,2325,,TROT_ATTELE,True,9,7,1
20260227-R7-C2,20260227,LA CEPIERE,2026-02-27 19:00:00,2750,,TROT_ATTELE,True,10,7,2
20260227-R7-C3,20260227,LA CEPIERE,2026-02-27 19:30:00,2950,,TROT_ATTELE,True,14,7,3
20260227-R7-C4,20260227,LA CEPIERE,2026-02-27 20:00:00,2950,,TROT_ATTELE,True,11,7,4
20260227-R7-C5,20260227,LA CEPIERE,2026-02-27 20:30:00,2750,,TROT_ATTELE,True,14,7,5
20260227-R7-C6,20260227,LA CEPIERE,2026-02-27 21:00:00,2950,,TROT_ATTELE,True,14,7,6
20260227-R7-C7,20260227,LA CEPIERE,2026-02-27 21:30:00,2950,,TROT_ATTELE,True,5,7,7
20260228-R1-C1,20260228,VINCENNES,2026-02-28 12:53:00,2100,,TROT_ATTELE,True,16,1,1
20260228-R1-C2,20260228,VINCENNES,2026-02-28 13:30:00,2700,,TROT_ATTELE,True,15,1,2
20260228-R1-C3,20260228,VINCENNES,2026-02-28 14:09:00,2100,,TROT_ATTELE,True,16,1,3
20260228-R1-C4,20260228,VINCENNES,2026-02-28 14:42:00,2100,,TROT_ATTELE,True,14,1,4
20260228-R1-C5,20260228,VINCENNES,2026-02-28 15:17:00,2700,,TROT_ATTELE,True,13,1,5
20260228-R1-C6,20260228,VINCENNES,2026-02-28 15:57:00,2850,,TROT_MONTE,True,10,1,6
20260228-R1-C7,20260228,VINCENNES,2026-02-28 16:33:00,2700,,TROT_ATTELE,True,14,1,7
20260228-R1-C8,20260228,VINCENNES,2026-02-28 17:18:00,2200,,TROT_ATTELE,True,9,1,8
20260228-R1-C9,20260228,VINCENNES,2026-02-28 17:53:00,2200,,TROT_MONTE,True,12,1,9
20260228-R1-C10,20260228,VINCENNES,2026-02-28 18:28:00,2850,,TROT_ATTELE,True,15,1,10
20260228-R4-C1,20260228,CAGNES/MER,2026-02-28 16:15:00,2925,,TROT_ATTELE,True,13,4,1
20260228-R4-C2,20260228,CAGNES/MER,2026-02-28 16:50:00,2925,,TROT_ATTELE,True,14,4,2
20260228-R4-C3,20260228,CAGNES/MER,2026-02-28 17:35:00,2150,,TROT_ATTELE,True,12,4,3
20260228-R4-C4,20260228,CAGNES/MER,2026-02-28 18:10:00,2150,,TROT_ATTELE,True,12,4,4
20260228-R4-C5,20260228,CAGNES/MER,2026-02-28 18:45:00,2925,,TROT_ATTELE,True,11,4,5
20260228-R4-C6,20260228,CAGNES/MER,2026-02-28 19:20:00,2700,,TROT_ATTELE,True,12,4,6
20260228-R4-C7,20260228,CAGNES/MER,2026-02-28 19:55:00,2925,,TROT_ATTELE,True,9,4,7
20260228-R4-C8,20260228,CAGNES/MER,2026-02-28 20:30:00,2925,,TROT_ATTELE,True,14,4,8
20260228-R5-C1,20260228,WOLVEGA,2026-02-28 19:02:00,1609,,TROT_ATTELE,True,10,5,1
20260228-R5-C2,20260228,WOLVEGA,2026-02-28 19:37:00,2600,,TROT_ATTELE,True,9,5,2
20260228-R5-C3,20260228,WOLVEGA,2026-02-28 20:12:00,3100,,TROT_ATTELE,True,8,5,3
20260228-R5-C4,20260228,WOLVEGA,2026-02-28 20:47:00,2100,,TROT_ATTELE,True,7,5,4
20260228-R5-C5,20260228,WOLVEGA,2026-02-28 21:17:00,2100,,TROT_ATTELE,True,6,5,5
20260301-R3-C1,20260301,SON PARDO,2026-03-01 11:14:00,2650,,TROT_ATTELE,True,9,3,1
20260301-R3-C2,20260301,SON PARDO,2026-03-01 11:46:00,2150,,TROT_ATTELE,True,14,3,2
20260301-R3-C3,20260301,SON PARDO,2026-03-01 12:18:00,2150,,TROT_ATTELE,True,7,3,3
20260301-R3-C4,20260301,SON PARDO,2026-03-01 12:50:00,2650,,TROT_ATTELE,True,10,3,4
20260301-R3-C5,20260301,SON PARDO,2026-03-01 13:22:00,2150,,TROT_ATTELE,True,14,3,5
20260301-R4-C1,20260301,VIRE,2026-03-01 11:30:00,2150,,TROT_ATTELE,True,8,4,1
20260301-R4-C2,20260301,VIRE,2026-03-01 12:02:00,2800,,TROT_MONTE,True,9,4,2
20260301-R4-C3,20260301,VIRE,2026-03-01 12:34:00,2700,,TROT_ATTELE,True,16,4,3
20260301-R4-C4,20260301,VIRE,2026-03-01 13:06:00,2700,,TROT_ATTELE,True,13,4,4
20260301-R4-C5,20260301,VIRE,2026-03-01 13:38:00,2800,,TROT_ATTELE,True,18,4,5
20260301-R4-C6,20260301,VIRE,2026-03-01 14:15:00,2800,,TROT_ATTELE,True,18,4,6
20260301-R4-C7,20260301,VIRE,2026-03-01 14:50:00,2700,,TROT_ATTELE,True,12,4,7
20260301-R4-C8,20260301,VIRE,2026-03-01 15:34:00,2800,,TROT_ATTELE,True,18,4,8
20260301-R6-C4,20260301,KRIEAU (VIENNE),2026-03-01 18:47:00,2100,,TROT_ATTELE,True,9,6,4
20260301-R6-C5,20260301,KRIEAU (VIENNE),2026-03-01 19:18:00,2100,,TROT_ATTELE,True,13,6,5
20260301-R6-C6,20260301,KRIEAU (VIENNE),2026-03-01 19:50:00,2100,,TROT_ATTELE,True,8,6,6
20260301-R6-C7,20260301,KRIEAU (VIENNE),2026-03-01 20:24:00,2600,,TROT_ATTELE,True,8,6,7
20260301-R10-C1,20260301,AGEN LA GARENNE,2026-03-01 13:55:00,2575,,TROT_ATTELE,True,15,10,1
20260301-R10-C2,20260301,AGEN LA GARENNE,2026-03-01 14:25:00,2625,,TROT_ATTELE,True,16,10,2
20260301-R10-C3,20260301,AGEN LA GARENNE,2026-03-01 14:55:00,2625,,TROT_ATTELE,True,16,10,3
20260301-R10-C4,20260301,AGEN LA GARENNE,2026-03-01 15:25:00,2625,,TROT_ATTELE,True,10,10,4
20260301-R10-C5,20260301,AGEN LA GARENNE,2026-03-01 15:55:00,2625,,TROT_ATTELE,True,14,10,5
20260301-R10-C6,20260301,AGEN LA GARENNE,2026-03-01 16:25:00,2575,,TROT_ATTELE,True,14,10,6
20260301-R10-C7,20260301,AGEN LA GARENNE,2026-03-01 16:55:00,2575,,TROT_ATTELE,True,9,10,7
20260301-R11-C3,20260301,CAVAILLON,2026-03-01 14:55:00,2600,,TROT_ATTELE,True,16,11,3
20260301-R11-C5,20260301,CAVAILLON,2026-03-01 15:50:00,2600,,TROT_ATTELE,True,11,11,5
20260301-R11-C7,20260301,CAVAILLON,2026-03-01 16:50:00,2600,,TROT_ATTELE,True,15,11,7
20260301-R11-C8,20260301,CAVAILLON,2026-03-01 17:15:00,2600,,TROT_ATTELE,True,16,11,8
20260301-R12-C8,20260301,CHATILLON/CHALARONNE,2026-03-01 17:15:00,2675,,TROT_ATTELE,True,16,12,8
20260301-R13-C1,20260301,REIMS,2026-03-01 14:00:00,2550,,TROT_MONTE,True,15,13,1
20260301-R13-C2,20260301,REIMS,2026-03-01 14:30:00,2550,,TROT_ATTELE,True,10,13,2
20260301-R13-C3,20260301,REIMS,2026-03-01 15:00:00,2550,,TROT_ATTELE,True,13,13,3
20260301-R13-C4,20260301,REIMS,2026-03-01 15:30:00,2500,,TROT_ATTELE,True,9,13,4
20260301-R13-C5,20260301,REIMS,2026-03-01 16:00:00,2500,,TROT_ATTELE,True,10,13,5
20260301-R13-C6,20260301,REIMS,2026-03-01 16:30:00,2500,,TROT_ATTELE,True,11,13,6
20260301-R13-C7,20260301,REIMS,2026-03-01 17:00:00,2500,,TROT_ATTELE,True,12,13,7
20260301-R15-C1,20260301,CHARTRES,2026-03-01 14:00:00,2300,,TROT_ATTELE,True,12,15,1
20260301-R15-C2,20260301,CHARTRES,2026-03-01 14:30:00,2800,,TROT_MONTE,True,11,15,2
20260301-R15-C3,20260301,CHARTRES,2026-03-01 15:00:00,2800,,TROT_ATTELE,True,14,15,3
20260301-R15-C4,20260301,CHARTRES,2026-03-01 15:30:00,2825,,TROT_ATTELE,True,14,15,4
20260301-R15-C5,20260301,CHARTRES,2026-03-01 16:15:00,2800,,TROT_ATTELE,True,12,15,5
20260301-R15-C6,20260301,CHARTRES,2026-03-01 16:45:00,2800,,TROT_ATTELE,True,10,15,6
20260301-R15-C7,20260301,CHARTRES,2026-03-01 17:15:00,2800,,TROT_ATTELE,True,14,15,7
20260301-R16-C1,20260301,CHERBOURG,2026-03-01 14:00:00,2625,,TROT_ATTELE,True,12,16,1
20260301-R16-C2,20260301,CHERBOURG,2026-03-01 14:30:00,2625,,TROT_ATTELE,True,18,16,2
20260301-R16-C3,20260301,CHERBOURG,2026-03-01 15:05:00,2625,,TROT_MONTE,True,10,16,3
20260301-R16-C4,20260301,CHERBOURG,2026-03-01 15:34:00,2625,,TROT_ATTELE,True,16,16,4
20260301-R16-C5,20260301,CHERBOURG,2026-03-01 16:07:00,2625,,TROT_ATTELE,True,18,16,5
20260301-R16-C6,20260301,CHERBOURG,2026-03-01 16:39:00,2625,,TROT_ATTELE,True,14,16,6
20260301-R16-C7,20260301,CHERBOURG,2026-03-01 17:09:00,2625,,TROT_ATTELE,True,16,16,7
20260302-R1-C1,20260302,CAEN,2026-03-02 13:55:00,2450,,TROT_ATTELE,True,14,1,1
20260302-R1-C2,20260302,CAEN,2026-03-02 14:30:00,2450,,TROT_MONTE,True,14,1,2
20260302-R1-C3,20260302,CAEN,2026-03-02 15:05:00,2450,,TROT_ATTELE,True,10,1,3
20260302-R1-C4,20260302,CAEN,2026-03-02 15:40:00,2200,,TROT_ATTELE,True,13,1,4
20260302-R1-C5,20260302,CAEN,2026-03-02 16:17:00,2450,,TROT_ATTELE,True,16,1,5
20260302-R1-C6,20260302,CAEN,2026-03-02 16:50:00,2200,,TROT_ATTELE,True,16,1,6
20260302-R1-C7,20260302,CAEN,2026-03-02 17:25:00,2450,,TROT_MONTE,True,13,1,7
20260302-R1-C8,20260302,CAEN,2026-03-02 18:00:00,2450,,TROT_ATTELE,True,12,1,8
20260302-R5-C1,20260302,LE CROISE LAROCHE,2026-03-02 18:37:00,2700,,TROT_ATTELE,True,13,5,1
20260302-R5-C2,20260302,LE CROISE LAROCHE,2026-03-02 19:11:00,2825,,TROT_ATTELE,True,14,5,2
20260302-R5-C3,20260302,LE CROISE LAROCHE,2026-03-02 19:43:00,2700,,TROT_ATTELE,True,16,5,3
20260302-R5-C4,20260302,LE CROISE LAROCHE,2026-03-02 20:15:00,2700,,TROT_ATTELE,True,10,5,4
20260302-R5-C5,20260302,LE CROISE LAROCHE,2026-03-02 20:43:00,2825,,TROT_MONTE,True,9,5,5
20260302-R5-C6,20260302,LE CROISE LAROCHE,2026-03-02 21:13:00,2700,,TROT_ATTELE,True,10,5,6
20260302-R5-C7,20260302,LE CROISE LAROCHE,2026-03-02 21:36:00,2825,,TROT_ATTELE,True,11,5,7
20260303-R2-C1,20260303,SON PARDO,2026-03-03 10:45:00,2650,,TROT_ATTELE,True,7,2,1
20260303-R2-C2,20260303,SON PARDO,2026-03-03 11:10:00,2150,,TROT_ATTELE,True,10,2,2
20260303-R2-C3,20260303,SON PARDO,2026-03-03 11:35:00,2650,,TROT_ATTELE,True,10,2,3
20260303-R2-C4,20260303,SON PARDO,2026-03-03 12:07:00,2650,,TROT_ATTELE,True,11,2,4
20260303-R2-C5,20260303,SON PARDO,2026-03-03 12:39:00,2650,,TROT_ATTELE,True,12,2,5
20260303-R3-C1,20260303,AGEN LA GARENNE,2026-03-03 11:51:00,2575,,TROT_ATTELE,True,14,3,1
20260303-R3-C2,20260303,AGEN LA GARENNE,2026-03-03 12:23:00,2625,,TROT_MONTE,True,10,3,2
20260303-R3-C3,20260303,AGEN LA GARENNE,2026-03-03 12:57:00,2625,,TROT_ATTELE,True,11,3,3
20260303-R3-C4,20260303,AGEN LA GARENNE,2026-03-03 13:28:00,2575,,TROT_ATTELE,True,11,3,4
20260303-R3-C5,20260303,AGEN LA GARENNE,2026-03-03 14:12:00,2625,,TROT_ATTELE,True,15,3,5
20260303-R3-C6,20260303,AGEN LA GARENNE,2026-03-03 14:47:00,2625,,TROT_ATTELE,True,14,3,6
20260303-R3-C7,20260303,AGEN LA GARENNE,2026-03-03 15:22:00,2050,,TROT_ATTELE,True,8,3,7
20260303-R3-C8,20260303,AGEN LA GARENNE,2026-03-03 15:57:00,2625,,TROT_ATTELE,True,14,3,8
20260303-R4-C1,20260303,CAGNES/MER,2026-03-03 16:32:00,2925,,TROT_ATTELE,True,13,4,1
20260303-R4-C2,20260303,CAGNES/MER,2026-03-03 17:07:00,2925,,TROT_ATTELE,True,9,4,2
20260303-R4-C3,20260303,CAGNES/MER,2026-03-03 17:42:00,2925,,TROT_ATTELE,True,7,4,3
20260303-R4-C4,20260303,CAGNES/MER,2026-03-03 18:20:00,2925,,TROT_ATTELE,True,11,4,4
20260303-R4-C5,20260303,CAGNES/MER,2026-03-03 18:55:00,2150,,TROT_ATTELE,True,10,4,5
20260303-R4-C6,20260303,CAGNES/MER,2026-03-03 19:34:00,2925,,TROT_ATTELE,True,7,4,6
20260303-R4-C7,20260303,CAGNES/MER,2026-03-03 20:04:00,2925,,TROT_ATTELE,True,12,4,7
20260303-R4-C8,20260303,CAGNES/MER,2026-03-03 20:39:00,2150,,TROT_ATTELE,True,11,4,8
20260303-R5-C1,20260303,MONS (GHLIN),2026-03-03 18:37:00,2300,,TROT_ATTELE,True,16,5,1
20260303-R5-C2,20260303,MONS (GHLIN),2026-03-03 19:19:00,2300,,TROT_ATTELE,True,14,5,2
20260303-R5-C3,20260303,MONS (GHLIN),2026-03-03 19:49:00,2300,,TROT_ATTELE,True,13,5,3
20260303-R5-C4,20260303,MONS (GHLIN),2026-03-03 20:20:00,2840,,TROT_ATTELE,True,9,5,4
20260303-R5-C5,20260303,MONS (GHLIN),2026-03-03 20:55:00,2300,,TROT_ATTELE,True,10,5,5
20260303-R5-C6,20260303,MONS (GHLIN),2026-03-03 21:20:00,1750,,TROT_ATTELE,True,9,5,6
20260303-R5-C7,20260303,MONS (GHLIN),2026-03-03 21:51:00,2300,,TROT_ATTELE,True,9,5,7
20260303-R5-C8,20260303,MONS (GHLIN),2026-03-03 22:19:00,2840,,TROT_ATTELE,True,7,5,8
20260303-R5-C9,20260303,MONS (GHLIN),2026-03-03 22:49:00,1750,,TROT_ATTELE,True,6,5,9
20260304-R1-C1,20260304,AMIENS,2026-03-04 13:57:00,2900,,TROT_ATTELE,True,16,1,1
20260304-R1-C2,20260304,AMIENS,2026-03-04 14:33:00,2900,,TROT_ATTELE,True,16,1,2
20260304-R1-C3,20260304,AMIENS,2026-03-04 15:07:00,2400,,TROT_ATTELE,True,12,1,3
20260304-R1-C4,20260304,AMIENS,2026-03-04 15:42:00,2400,,TROT_ATTELE,True,8,1,4
20260304-R1-C5,20260304,AMIENS,2026-03-04 16:17:00,2400,,TROT_ATTELE,True,12,1,5
20260304-R1-C6,20260304,AMIENS,2026-03-04 16:52:00,2900,,TROT_MONTE,True,10,1,6
20260304-R1-C7,20260304,AMIENS,2026-03-04 17:26:00,2400,,TROT_ATTELE,True,10,1,7
20260304-R1-C8,20260304,AMIENS,2026-03-04 18:01:00,2400,,TROT_ATTELE,True,13,1,8
20260304-R6-C1,20260304,SOLVALLA,2026-03-04 18:40:00,2140,,TROT_ATTELE,True,11,6,1
20260304-R6-C2,20260304,SOLVALLA,2026-03-04 19:03:00,2140,,TROT_ATTELE,True,7,6,2
20260304-R6-C3,20260304,SOLVALLA,2026-03-04 19:27:00,2140,,TROT_ATTELE,True,8,6,3
20260304-R6-C4,20260304,SOLVALLA,2026-03-04 19:51:00,2140,,TROT_ATTELE,True,10,6,4
20260304-R6-C5,20260304,SOLVALLA,2026-03-04 20:13:00,2640,,TROT_ATTELE,True,8,6,5
20260304-R6-C6,20260304,SOLVALLA,2026-03-04 20:41:00,2140,,TROT_ATTELE,True,11,6,6
20260304-R6-C7,20260304,SOLVALLA,2026-03-04 21:03:00,2140,,TROT_ATTELE,True,10,6,7
20260304-R6-C8,20260304,SOLVALLA,2026-03-04 21:26:00,2140,,TROT_ATTELE,True,10,6,8
20260304-R6-C9,20260304,SOLVALLA,2026-03-04 21:51:00,2140,,TROT_ATTELE,True,11,6,9
20260305-R2-C1,20260305,AVENCHES,2026-03-05 11:08:00,2350,,TROT_ATTELE,True,7,2,1
20260305-R2-C2,20260305,AVENCHES,2026-03-05 11:35:00,2350,,TROT_ATTELE,True,9,2,2
20260305-R2-C3,20260305,AVENCHES,2026-03-05 12:07:00,2350,,TROT_ATTELE,True,9,2,3
20260305-R2-C4,20260305,AVENCHES,2026-03-05 12:39:00,2350,,TROT_ATTELE,True,8,2,4
20260305-R2-C5,20260305,AVENCHES,2026-03-05 13:11:00,2350,,TROT_ATTELE,True,10,2,5
20260305-R3-C1,20260305,CAEN,2026-03-05 11:51:00,2200,,TROT_ATTELE,True,12,3,1
20260305-R3-C2,20260305,CAEN,2026-03-05 12:23:00,2450,,TROT_MONTE,True,15,3,2
20260305-R3-C3,20260305,CAEN,2026-03-05 12:55:00,2450,,TROT_ATTELE,True,14,3,3
20260305-R3-C4,20260305,CAEN,2026-03-05 13:27:00,2200,,TROT_ATTELE,True,12,3,4
20260305-R3-C5,20260305,CAEN,2026-03-05 14:11:00,2450,,TROT_MONTE,True,15,3,5
20260305-R3-C6,20260305,CAEN,2026-03-05 14:44:00,2200,,TROT_ATTELE,True,18,3,6
20260305-R3-C7,20260305,CAEN,2026-03-05 15:19:00,2450,,TROT_ATTELE,True,15,3,7
20260305-R3-C8,20260305,CAEN,2026-03-05 15:50:00,2450,,TROT_ATTELE,True,18,3,8
20260305-R4-C1,20260305,LAVAL,2026-03-05 16:27:00,2650,,TROT_ATTELE,True,13,4,1
20260305-R4-C2,20260305,LAVAL,2026-03-05 17:00:00,2650,,TROT_ATTELE,True,9,4,2
20260305-R4-C3,20260305,LAVAL,2026-03-05 17:31:00,2850,,TROT_ATTELE,True,15,4,3
20260305-R4-C4,20260305,LAVAL,2026-03-05 18:04:00,2850,,TROT_ATTELE,True,18,4,4
20260305-R4-C5,20260305,LAVAL,2026-03-05 18:45:00,2650,,TROT_ATTELE,True,11,4,5
20260305-R4-C6,20260305,LAVAL,2026-03-05 19:15:00,2650,,TROT_ATTELE,True,12,4,6
20260305-R4-C7,20260305,LAVAL,2026-03-05 19:45:00,2850,,TROT_MONTE,True,12,4,7
20260305-R4-C8,20260305,LAVAL,2026-03-05 20:15:00,2850,,TROT_ATTELE,True,12,4,8
20260306-R1-C1,20260306,ENGHIEN,2026-03-06 16:06:00,2875,,TROT_MONTE,True,11,1,1
20260306-R1-C2,20260306,ENGHIEN,2026-03-06 16:40:00,2875,,TROT_ATTELE,True,16,1,2
20260306-R1-C3,20260306,ENGHIEN,2026-03-06 17:13:00,2875,,TROT_ATTELE,True,13,1,3
20260306-R1-C4,20260306,ENGHIEN,2026-03-06 17:47:00,2875,,TROT_MONTE,True,11,1,4
20260306-R1-C5,20260306,ENGHIEN,2026-03-06 18:26:00,2150,,TROT_ATTELE,True,16,1,5
20260306-R1-C6,20260306,ENGHIEN,2026-03-06 18:58:00,2150,,TROT_ATTELE,True,9,1,6
20260306-R1-C7,20260306,ENGHIEN,2026-03-06 19:33:00,2250,,TROT_MONTE,True,10,1,7
20260306-R1-C8,20260306,ENGHIEN,2026-03-06 20:15:00,2150,,TROT_ATTELE,True,13,1,8
20260306-R3-C1,20260306,PONTCHATEAU,2026-03-06 11:37:00,2800,,TROT_ATTELE,True,16,3,1
20260306-R3-C2,20260306,PONTCHATEAU,2026-03-06 12:10:00,2800,,TROT_MONTE,True,11,3,2
20260306-R3-C3,20260306,PONTCHATEAU,2026-03-06 12:41:00,2800,,TROT_ATTELE,True,9,3,3
20260306-R3-C4,20260306,PONTCHATEAU,2026-03-06 13:15:00,2800,,TROT_ATTELE,True,12,3,4
20260306-R3-C5,20260306,PONTCHATEAU,2026-03-06 13:48:00,2800,,TROT_MONTE,True,13,3,5
20260306-R3-C6,20260306,PONTCHATEAU,2026-03-06 14:19:00,2800,,TROT_ATTELE,True,10,3,6
20260306-R3-C7,20260306,PONTCHATEAU,2026-03-06 14:52:00,2800,,TROT_ATTELE,True,14,3,7
20260306-R3-C8,20260306,PONTCHATEAU,2026-03-06 15:28:00,2800,,TROT_ATTELE,True,13,3,8
20260306-R5-C1,20260306,WOLVEGA,2026-03-06 18:40:00,2600,,TROT_ATTELE,True,10,5,1
20260306-R5-C2,20260306,WOLVEGA,2026-03-06 19:15:00,2100,,TROT_ATTELE,True,9,5,2
20260306-R5-C3,20260306,WOLVEGA,2026-03-06 19:50:00,2100,,TROT_ATTELE,True,8,5,3
20260306-R5-C4,20260306,WOLVEGA,2026-03-06 20:34:00,2100,,TROT_ATTELE,True,8,5,4
20260306-R5-C5,20260306,WOLVEGA,2026-03-06 20:57:00,2100,,TROT_ATTELE,True,9,5,5
20260306-R5-C6,20260306,WOLVEGA,2026-03-06 21:25:00,2100,,TROT_ATTELE,True,6,5,6
20260306-R5-C7,20260306,WOLVEGA,2026-03-06 21:50:00,2600,,TROT_ATTELE,True,5,5,7
20260307-R3-C1,20260307,LE BOUSCAT,2026-03-07 11:30:00,2650,,TROT_ATTELE,True,9,3,1
20260307-R3-C2,20260307,LE BOUSCAT,2026-03-07 12:03:00,2650,,TROT_ATTELE,True,14,3,2
20260307-R3-C3,20260307,LE BOUSCAT,2026-03-07 12:37:00,2650,,TROT_ATTELE,True,12,3,3
20260307-R3-C4,20260307,LE BOUSCAT,2026-03-07 13:10:00,2650,,TROT_MONTE,True,9,3,4
20260307-R3-C5,20260307,LE BOUSCAT,2026-03-07 13:44:00,2650,,TROT_ATTELE,True,13,3,5
20260307-R3-C6,20260307,LE BOUSCAT,2026-03-07 14:20:00,2650,,TROT_ATTELE,True,13,3,6
20260307-R3-C7,20260307,LE BOUSCAT,2026-03-07 14:53:00,2550,,TROT_ATTELE,True,10,3,7
20260307-R3-C8,20260307,LE BOUSCAT,2026-03-07 15:34:00,2650,,TROT_ATTELE,True,12,3,8
20260307-R4-C1,20260307,LE CROISE LAROCHE,2026-03-07 16:17:00,2700,,TROT_ATTELE,True,12,4,1
20260307-R4-C2,20260307,LE CROISE LAROCHE,2026-03-07 16:52:00,2825,,TROT_ATTELE,True,13,4,2
20260307-R4-C3,20260307,LE CROISE LAROCHE,2026-03-07 17:25:00,2825,,TROT_ATTELE,True,16,4,3
20260307-R4-C4,20260307,LE CROISE LAROCHE,2026-03-07 17:57:00,2700,,TROT_ATTELE,True,14,4,4
20260307-R4-C5,20260307,LE CROISE LAROCHE,2026-03-07 18:31:00,2700,,TROT_ATTELE,True,9,4,5
20260307-R4-C6,20260307,LE CROISE LAROCHE,2026-03-07 19:05:00,2700,,TROT_ATTELE,True,15,4,6
20260307-R4-C7,20260307,LE CROISE LAROCHE,2026-03-07 19:35:00,2825,,TROT_ATTELE,True,8,4,7
20260307-R4-C8,20260307,LE CROISE LAROCHE,2026-03-07 20:06:00,2700,,TROT_ATTELE,True,11,4,8
20260307-R5-C1,20260307,CAGNES/MER,2026-03-07 18:49:00,2925,,TROT_ATTELE,True,9,5,1
20260307-R5-C2,20260307,CAGNES/MER,2026-03-07 19:20:00,2925,,TROT_ATTELE,True,13,5,2
20260307-R5-C3,20260307,CAGNES/MER,2026-03-07 19:50:00,2150,,TROT_ATTELE,True,9,5,3
20260307-R5-C4,20260307,CAGNES/MER,2026-03-07 20:22:00,2150,,TROT_ATTELE,True,11,5,4
20260307-R5-C5,20260307,CAGNES/MER,2026-03-07 20:52:00,2925,,TROT_ATTELE,True,12,5,5
20260307-R5-C6,20260307,CAGNES/MER,2026-03-07 21:28:00,2925,,TROT_ATTELE,True,7,5,6
20260307-R5-C7,20260307,CAGNES/MER,2026-03-07 21:55:00,2925,,TROT_ATTELE,True,13,5,7
20260307-R5-C8,20260307,CAGNES/MER,2026-03-07 22:25:00,2150,,TROT_ATTELE,True,8,5,8
20260308-R1-C1,20260308,CAGNES/MER,2026-03-08 13:30:00,2925,,TROT_ATTELE,True,13,1,1
20260308-R1-C2,20260308,CAGNES/MER,2026-03-08 14:01:00,2700,,TROT_ATTELE,True,11,1,2
20260308-R1-C3,20260308,CAGNES/MER,2026-03-08 14:33:00,2700,,TROT_ATTELE,True,10,1,3
20260308-R1-C4,20260308,CAGNES/MER,2026-03-08 15:17:00,1609,,TROT_ATTELE,True,13,1,4
20260308-R1-C5,20260308,CAGNES/MER,2026-03-08 15:51:00,2925,,TROT_ATTELE,True,13,1,5
20260308-R1-C6,20260308,CAGNES/MER,2026-03-08 16:27:00,2925,,TROT_ATTELE,True,15,1,6
20260308-R1-C7,20260308,CAGNES/MER,2026-03-08 17:02:00,2925,,TROT_ATTELE,True,8,1,7
20260308-R1-C8,20260308,CAGNES/MER,2026-03-08 17:43:00,2150,,TROT_ATTELE,True,15,1,8
20260308-R1-C9,20260308,CAGNES/MER,2026-03-08 18:16:00,2925,,TROT_MONTE,True,8,1,9
20260308-R4-C1,20260308,CORDEMAIS,2026-03-08 11:03:00,2825,,TROT_ATTELE,True,11,4,1
20260308-R4-C2,20260308,CORDEMAIS,2026-03-08 11:34:00,2825,,TROT_ATTELE,True,10,4,2
20260308-R4-C3,20260308,CORDEMAIS,2026-03-08 12:07:00,2825,,TROT_ATTELE,True,9,4,3
20260308-R4-C4,20260308,CORDEMAIS,2026-03-08 12:37:00,2825,,TROT_ATTELE,True,13,4,4
20260308-R4-C5,20260308,CORDEMAIS,2026-03-08 13:15:00,2825,,TROT_ATTELE,True,16,4,5
20260308-R4-C6,20260308,CORDEMAIS,2026-03-08 13:43:00,2825,,TROT_MONTE,True,10,4,6
20260308-R4-C7,20260308,CORDEMAIS,2026-03-08 14:10:00,2825,,TROT_ATTELE,True,16,4,7
20260308-R6-C6,20260308,KRIEAU (VIENNE),2026-03-08 18:27:00,1600,,TROT_ATTELE,True,12,6,6
20260308-R6-C7,20260308,KRIEAU (VIENNE),2026-03-08 19:01:00,2100,,TROT_ATTELE,True,13,6,7
20260308-R6-C8,20260308,KRIEAU (VIENNE),2026-03-08 19:33:00,1600,,TROT_ATTELE,True,8,6,8
20260308-R6-C9,20260308,KRIEAU (VIENNE),2026-03-08 20:05:00,2100,,TROT_ATTELE,True,9,6,9
20260308-R6-C10,20260308,KRIEAU (VIENNE),2026-03-08 20:37:00,2100,,TROT_ATTELE,True,8,6,10
20260308-R10-C1,20260308,FEURS,2026-03-08 13:30:00,2225,,TROT_MONTE,True,14,10,1
20260308-R10-C2,20260308,FEURS,2026-03-08 14:00:00,2225,,TROT_ATTELE,True,12,10,2
20260308-R10-C3,20260308,FEURS,2026-03-08 14:30:00,2850,,TROT_ATTELE,True,12,10,3
20260308-R10-C4,20260308,FEURS,2026-03-08 15:00:00,2850,,TROT_ATTELE,True,12,10,4
20260308-R10-C5,20260308,FEURS,2026-03-08 15:30:00,2850,,TROT_ATTELE,True,16,10,5
20260308-R10-C6,20260308,FEURS,2026-03-08 16:15:00,2850,,TROT_ATTELE,True,12,10,6
20260308-R10-C7,20260308,FEURS,2026-03-08 16:45:00,2850,,TROT_ATTELE,True,16,10,7
20260308-R10-C8,20260308,FEURS,2026-03-08 17:20:00,2850,,TROT_ATTELE,True,14,10,8
20260308-R11-C1,20260308,LA CAPELLE,2026-03-08 13:40:00,2750,,TROT_MONTE,True,10,11,1
20260308-R11-C2,20260308,LA CAPELLE,2026-03-08 14:10:00,2750,,TROT_ATTELE,True,14,11,2
20260308-R11-C3,20260308,LA CAPELLE,2026-03-08 14:40:00,2750,,TROT_ATTELE,True,14,11,3
20260308-R11-C4,20260308,LA CAPELLE,2026-03-08 15:10:00,2750,,TROT_ATTELE,True,14,11,4
20260308-R11-C5,20260308,LA CAPELLE,2026-03-08 15:45:00,2750,,TROT_ATTELE,True,12,11,5
20260308-R11-C6,20260308,LA CAPELLE,2026-03-08 16:15:00,2750,,TROT_ATTELE,True,14,11,6
20260308-R12-C1,20260308,LE MONT SAINT MICHEL,2026-03-08 13:25:00,2675,,TROT_ATTELE,True,12,12,1
20260308-R12-C2,20260308,LE MONT SAINT MICHEL,2026-03-08 13:55:00,2675,,TROT_ATTELE,True,14,12,2
20260308-R12-C3,20260308,LE MONT SAINT MICHEL,2026-03-08 14:25:00,2675,,TROT_ATTELE,True,14,12,3
20260308-R12-C4,20260308,LE MONT SAINT MICHEL,2026-03-08 15:05:00,2675,,TROT_ATTELE,True,14,12,4
20260308-R12-C5,20260308,LE MONT SAINT MICHEL,2026-03-08 15:35:00,2675,,TROT_ATTELE,True,14,12,5
20260308-R12-C6,20260308,LE MONT SAINT MICHEL,2026-03-08 16:05:00,2675,,TROT_ATTELE,True,14,12,6
20260308-R12-C7,20260308,LE MONT SAINT MICHEL,2026-03-08 16:35:00,2675,,TROT_ATTELE,True,16,12,7
20260308-R12-C8,20260308,LE MONT SAINT MICHEL,2026-03-08 17:05:00,2675,,TROT_ATTELE,True,12,12,8
20260308-R12-C9,20260308,LE MONT SAINT MICHEL,2026-03-08 17:35:00,2675,,TROT_ATTELE,True,18,12,9
20260308-R13-C1,20260308,STRASBOURG,2026-03-08 14:20:00,2200,,TROT_ATTELE,True,12,13,1
20260308-R13-C2,20260308,STRASBOURG,2026-03-08 14:50:00,2800,,TROT_ATTELE,True,11,13,2
20260308-R13-C3,20260308,STRASBOURG,2026-03-08 15:20:00,2800,,TROT_ATTELE,True,12,13,3
20260308-R13-C4,20260308,STRASBOURG,2026-03-08 15:50:00,2825,,TROT_ATTELE,True,15,13,4
20260308-R13-C5,20260308,STRASBOURG,2026-03-08 16:20:00,2800,,TROT_ATTELE,True,9,13,5
20260308-R13-C6,20260308,STRASBOURG,2026-03-08 16:50:00,2800,,TROT_ATTELE,True,11,13,6
20260308-R13-C7,20260308,STRASBOURG,2026-03-08 17:20:00,2800,,TROT_ATTELE,True,10,13,7
20260309-R1-C1,20260309,CAEN,2026-03-09 12:00:00,2450,,TROT_MONTE,True,11,1,1
20260309-R1-C2,20260309,CAEN,2026-03-09 12:37:00,2450,,TROT_ATTELE,True,13,1,2
20260309-R1-C3,20260309,CAEN,2026-03-09 13:12:00,2200,,TROT_ATTELE,True,15,1,3
20260309-R1-C4,20260309,CAEN,2026-03-09 13:55:00,2450,,TROT_ATTELE,True,16,1,4
20260309-R1-C5,20260309,CAEN,2026-03-09 14:30:00,2200,,TROT_ATTELE,True,16,1,5
20260309-R1-C6,20260309,CAEN,2026-03-09 15:05:00,2450,,TROT_ATTELE,True,15,1,6
20260309-R1-C7,20260309,CAEN,2026-03-09 15:44:00,2450,,TROT_ATTELE,True,15,1,7
20260309-R1-C8,20260309,CAEN,2026-03-09 16:18:00,2450,,TROT_ATTELE,True,16,1,8
20260309-R4-C1,20260309,LYON LA SOIE,2026-03-09 16:53:00,2700,,TROT_ATTELE,True,13,4,1
20260309-R4-C2,20260309,LYON LA SOIE,2026-03-09 17:28:00,2050,,TROT_ATTELE,True,14,4,2
20260309-R4-C3,20260309,LYON LA SOIE,2026-03-09 18:03:00,2050,,TROT_ATTELE,True,13,4,3
20260309-R4-C4,20260309,LYON LA SOIE,2026-03-09 18:38:00,2050,,TROT_ATTELE,True,13,4,4
20260309-R4-C5,20260309,LYON LA SOIE,2026-03-09 19:11:00,2050,,TROT_ATTELE,True,12,4,5
20260309-R4-C6,20260309,LYON LA SOIE,2026-03-09 19:43:00,2700,,TROT_ATTELE,True,8,4,6
20260309-R4-C7,20260309,LYON LA SOIE,2026-03-09 20:15:00,2700,,TROT_MONTE,True,12,4,7
20260309-R4-C8,20260309,LYON LA SOIE,2026-03-09 20:42:00,2050,,TROT_ATTELE,True,13,4,8
20260310-R2-C1,20260310,SON PARDO,2026-03-10 11:00:00,2650,,TROT_ATTELE,True,8,2,1
20260310-R2-C2,20260310,SON PARDO,2026-03-10 11:35:00,2150,,TROT_ATTELE,True,12,2,2
20260310-R2-C3,20260310,SON PARDO,2026-03-10 12:07:00,2650,,TROT_ATTELE,True,10,2,3
20260310-R2-C4,20260310,SON PARDO,2026-03-10 12:39:00,2650,,TROT_ATTELE,True,13,2,4
20260310-R2-C5,20260310,SON PARDO,2026-03-10 13:11:00,2650,,TROT_ATTELE,True,12,2,5
20260310-R4-C1,20260310,ENGHIEN,2026-03-10 16:13:00,2875,,TROT_ATTELE,True,16,4,1
20260310-R4-C2,20260310,ENGHIEN,2026-03-10 16:49:00,2875,,TROT_ATTELE,True,16,4,2
20260310-R4-C3,20260310,ENGHIEN,2026-03-10 17:38:00,2875,,TROT_MONTE,True,13,4,3
20260310-R4-C4,20260310,ENGHIEN,2026-03-10 18:14:00,2150,,TROT_ATTELE,True,16,4,4
20260310-R4-C5,20260310,ENGHIEN,2026-03-10 18:46:00,2875,,TROT_MONTE,True,12,4,5
20260310-R4-C6,20260310,ENGHIEN,2026-03-10 19:19:00,2875,,TROT_ATTELE,True,14,4,6
20260310-R4-C7,20260310,ENGHIEN,2026-03-10 20:05:00,2875,,TROT_ATTELE,True,14,4,7
20260310-R4-C8,20260310,ENGHIEN,2026-03-10 20:41:00,2150,,TROT_ATTELE,True,11,4,8
20260310-R5-C1,20260310,MONS (GHLIN),2026-03-10 19:03:00,2300,,TROT_ATTELE,True,16,5,1
20260310-R5-C2,20260310,MONS (GHLIN),2026-03-10 19:49:00,2840,,TROT_ATTELE,True,12,5,2
20260310-R5-C3,20260310,MONS (GHLIN),2026-03-10 20:27:00,1750,,TROT_ATTELE,True,12,5,3
20260310-R5-C4,20260310,MONS (GHLIN),2026-03-10 21:15:00,2300,,TROT_ATTELE,True,10,5,4
20260310-R5-C5,20260310,MONS (GHLIN),2026-03-10 21:47:00,2300,,TROT_ATTELE,True,13,5,5
20260310-R5-C6,20260310,MONS (GHLIN),2026-03-10 22:26:00,2300,,TROT_ATTELE,True,10,5,6
20260310-R5-C7,20260310,MONS (GHLIN),2026-03-10 22:45:00,2840,,TROT_ATTELE,True,6,5,7
20260310-R5-C8,20260310,MONS (GHLIN),2026-03-10 23:15:00,2840,,TROT_ATTELE,True,6,5,8
20260310-R8-C1,20260310,CAGNES/MER,2026-03-10 19:30:00,2925,,TROT_ATTELE,True,14,8,1
20260310-R8-C2,20260310,CAGNES/MER,2026-03-10 20:00:00,2950,,TROT_ATTELE,True,10,8,2
20260310-R8-C3,20260310,CAGNES/MER,2026-03-10 20:30:00,2150,,TROT_ATTELE,True,16,8,3
20260310-R8-C4,20260310,CAGNES/MER,2026-03-10 21:00:00,2925,,TROT_ATTELE,True,13,8,4
20260310-R8-C5,20260310,CAGNES/MER,2026-03-10 21:31:00,2150,,TROT_ATTELE,True,8,8,5
20260310-R8-C6,20260310,CAGNES/MER,2026-03-10 22:00:00,2925,,TROT_ATTELE,True,10,8,6
20260310-R8-C7,20260310,CAGNES/MER,2026-03-10 22:39:00,2150,,TROT_ATTELE,True,10,8,7
20260311-R1-C1,20260311,LAVAL,2026-03-11 13:55:00,2850,,TROT_ATTELE,True,13,1,1
20260311-R1-C2,20260311,LAVAL,2026-03-11 14:30:00,2850,,TROT_ATTELE,True,16,1,2
20260311-R1-C3,20260311,LAVAL,2026-03-11 15:18:00,2850,,TROT_ATTELE,True,11,1,3
20260311-R1-C4,20260311,LAVAL,2026-03-11 15:55:00,2850,,TROT_MONTE,True,14,1,4
20260311-R1-C5,20260311,LAVAL,2026-03-11 16:32:00,2850,,TROT_ATTELE,True,13,1,5
20260311-R1-C6,20260311,LAVAL,2026-03-11 17:18:00,2850,,TROT_ATTELE,True,16,1,6
20260311-R1-C7,20260311,LAVAL,2026-03-11 17:53:00,2850,,TROT_MONTE,True,8,1,7
20260311-R1-C8,20260311,LAVAL,2026-03-11 18:28:00,2850,,TROT_ATTELE,True,12,1,8
20260311-R7-C1,20260311,SOLVALLA,2026-03-11 18:40:00,2140,,TROT_ATTELE,True,8,7,1
20260311-R7-C2,20260311,SOLVALLA,2026-03-11 19:03:00,2140,,TROT_ATTELE,True,6,7,2
20260311-R7-C3,20260311,SOLVALLA,2026-03-11 19:27:00,2140,,TROT_MONTE,True,8,7,3
20260311-R7-C4,20260311,SOLVALLA,2026-03-11 19:51:00,2140,,TROT_ATTELE,True,10,7,4
20260311-R7-C5,20260311,SOLVALLA,2026-03-11 20:13:00,2140,,TROT_ATTELE,True,9,7,5
20260311-R7-C6,20260311,SOLVALLA,2026-03-11 20:41:00,1640,,TROT_ATTELE,True,12,7,6
20260311-R7-C7,20260311,SOLVALLA,2026-03-11 21:03:00,2140,,TROT_ATTELE,True,8,7,7
20260311-R7-C8,20260311,SOLVALLA,2026-03-11 21:26:00,2140,,TROT_ATTELE,True,15,7,8
20260311-R7-C9,20260311,SOLVALLA,2026-03-11 21:51:00,2140,,TROT_ATTELE,True,12,7,9
