course,off_time,race_name,pattern,distance_round,race_class,age_band,rating_band,prize,field_size,name,age,sex,number,draw,trainer,jockey,headgear,headgear_first,lbs,ofr,rpr,ts,last_run,form,comment,spotlight,quotes,stable_tour,trainer_rtf,handicap,stats_jockey_ovr_wins_pct,distance,stats_trainer_last_14_wins,prev_trainers,dob,breeder_id,jockey_id,stats_horse_going,distance_y,trainer_14_days_runs,wind_surgery_first,breeder,damsire_id,stats_trainer_ovr_wins_pct,course_detail,reserve,trainer_14_days_percent,silk_url,race_id,stats_jockey_last_14_wins_pct,stats_trainer_ovr_profit,stats_trainer_last_14_wins_pct,region,stats_trainer_last_14_runs,href,profile,owner_id,trainer_location,stats_jockey_last_14_runs,stats_jockey_ovr_profit,race_type,course_id,damsire,horse_id,medical,sire_region,stats_jockey_ovr_runs,surface,date,sire_id,stats_horse_distance,stats_trainer_ovr_runs,colour,stats_jockey_last_14_profit,distance_f,dam_region,damsire_region,claim,dam_id,prev_owners,wind_surgery_second,sex_code,sire,non_runner,dam,stats_jockey_last_14_wins,trainer_id,stats_trainer_ovr_wins,stats_trainer_last_14_profit,silk_path,jockey_allowance,gelding_first_time,going,trainer_14_days_wins,stats_horse_course,stats_jockey_ovr_wins,owner
Leopardstown,14:10,Look De Vega At Ballylinch Stud Fillies Maiden,,1m,,3yo,,"€10,013",16,Beatific,3,filly,1,4,Donnacha Aidan OBrien,Gavin Ryan,,False,129,,,,,,Frankel filly for whom market best guide on debut,"Frankel homebred half-sister to 7f winner Yuzu (RPR 74); dam German 7.5f AW/1m Listed winner (100), half-sister to German Listed winners Diatribe (6f 2yo/7f) and Daktani (1m); market best guide on debut.",,,40,False,5%,1m,2,[],2023-03-29,1080589,96343,"{'runs': '0', 'wins': '0'}",1760,16,False,Flaxman Stables Ireland Ltd,107700,10%,,False,19,,917348,10%,-25.90,13%,IRE,15,https://www.racingpost.com/racecards/187/leopardstown/2026-04-12/917348,9083749/beatific,211003,"Ballyroe, Co Tipperary",10,-52.65,Flat,187,Pivotal,9083749,[],GB,123,Turf,2026-04-12,763453,"{'runs': '0', 'wins': '0'}",86,B,-7.80,8,GER,GB,,1508534,,False,F,Frankel,False,Diaphora,1,36806,9,-10.70,,,False,Good To Yielding,3,"{'runs': '0', 'wins': '0'}",6,Flaxman Stables Ireland Ltd
Leopardstown,14:10,Look De Vega At Ballylinch Stud Fillies Maiden,,1m,,3yo,,"€10,013",16,Cromac Quay,3,filly,2,11,Mrs John Harrington,Scott McCullagh,,False,129,,,,,,Night Of Thunder filly; another for market likely best guide on debut,"Night Of Thunder filly is closely related to Japanese 6f turf winner Irifi (inc 2yo); dam 1m 2yo/1m2f Listed winner (RPR 105), closely related to 1m Listed winner Mooharib, family of 1m2f/1m4f Group 1 winners Rewilding and Dar Re Mi; another for market likely best guide on debut.",,,33.33,False,2%,1m,0,[],2023-03-06,1131943,96054,"{'runs': '0', 'wins': '0'}",1760,21,False,Stonethorn Stud Farm Ltd,506927,11%,,False,0,,917348,0%,-57.83,0%,IRE,18,https://www.racingpost.com/racecards/187/leopardstown/2026-04-12/917348,8214881/cromac-quay,45537,"Moone, Co Kildare",1,-40.00,Flat,187,Invincible Spirit,8214881,[],IRE,47,Turf,2026-04-12,839502,"{'runs': '0', 'wins': '0'}",250,CH,-1.00,8,GB,IRE,,2084899,,False,F,Night Of Thunder,False,Trethias,0,1285,28,-18.00,,,False,Good To Yielding,0,"{'runs': '0', 'wins': '0'}",1,Stonethorn Stud Farms Limited
Leopardstown,14:10,Look De Vega At Ballylinch Stud Fillies Maiden,,1m,,3yo,,"€10,013",16,Elmakaya,3,filly,3,14,D K Weld,Chris Hayes,,False,129,,,,,,Wootton Bassett filly and Irish Oaks entry; yard won this last year with a debutante,"Wootton Bassett filly; second foal of a 1m winner (RPR 90), a half-sister to winners Edelmira (1m4f Group 3) and Elishpour (useful 10.5f-2m), top family of Group 1 mid-distance/staying winners Ebadiyla, Enzeli and Estimate; Irish Oaks entry has to be worth a close look on debut but this trip could be on the short side; yard won this last year with a debutante.",,,28.57,False,11%,1m,0,[],2023-02-28,22522,83482,"{'runs': '0', 'wins': '0'}",1760,7,False,His Highness The Aga Khans Studs S C,733304,15%,,False,0,,917348,7%,-25.35,0%,IRE,7,https://www.racingpost.com/racecards/187/leopardstown/2026-04-12/917348,8375323/elmakaya,355319,"Curragh, Co Kildare",28,-55.76,Flat,187,Siyouni,8375323,[],GB,243,Turf,2026-04-12,749478,"{'runs': '0', 'wins': '0'}",143,B,-14.90,8,IRE,FR,,2855844,,False,F,Wootton Bassett,False,Eldama,2,1010,22,-7.00,,,False,Good To Yielding,0,"{'runs': '0', 'wins': '0'}",27,Exors Of The Late H H Aga Khan
Leopardstown,14:10,Look De Vega At Ballylinch Stud Fillies Maiden,,1m,,3yo,,"€10,013",16,Forty Six A,3,filly,4,12,J S Bolger,Seamie Heffernan,,False,129,,87,87,13,42,Navan second encouraging; back to 1m here in what appears a stronger maiden,"Some debut promise at the Curragh last month, much better 15 days later at Navan, running a bit in snatches, weakening late when second in 1m2f median auction maiden; back to 1m here in what is probably a stronger maiden so will need to improve again.",,,75,False,8%,1m,0,[],2023-05-26,3150,7605,"{'runs': '0', 'wins': '0'}",1760,7,False,J S Bolger,649434,8%,,False,0,,917348,5%,-89.84,0%,IRE,4,https://www.racingpost.com/racecards/187/leopardstown/2026-04-12/917348,8940444/forty-six-a,186401,"Coolcullen, Co Carlow",22,-68.77,Flat,187,Teofilo,8940444,[],IRE,207,Turf,2026-04-12,806738,"{'runs': '0', 'wins': '0'}",179,B,-19.38,8,IRE,IRE,,856814,,False,F,Dawn Approach,False,Alertness,1,995,15,-4.00,,,False,Good To Yielding,0,"{'runs': '0', 'wins': '0'}",17,Mrs J S Bolger
Leopardstown,14:10,Look De Vega At Ballylinch Stud Fillies Maiden,,1m,,3yo,,"€10,013",16,Gimme Energy,3,filly,5,2,John S ODonoghue,Andrew Slattery,,False,129,,63,18,156,80-,Major improvement needed on 2yo form to play a role on seasonal return,Blue Point filly ran okay on Naas debut in September but took a backward step on Dundalk AW two months later; probably best watched on return.,,,25,False,7%,1m,0,[],2023-03-19,100800,97030,"{'runs': '0', 'wins': '0'}",1760,4,False,Mrs Mary Gallagher,104011,0%,,False,0,,917348,6%,-15.00,0%,IRE,4,https://www.racingpost.com/racecards/187/leopardstown/2026-04-12/917348,8120529/gimme-energy,362040,"Curragh, Co Kildare",17,-40.17,Flat,187,Danehill Dancer,8120529,[],IRE,69,Turf,2026-04-12,1025027,"{'runs': '0', 'wins': '0'}",15,GR,-12.50,8,IRE,IRE,,864270,,False,F,Blue Point,False,Crystal Snowflake,1,39079,0,-4.00,,,False,Good To Yielding,0,"{'runs': '0', 'wins': '0'}",5,Callanan Family Partnership
Leopardstown,14:10,Look De Vega At Ballylinch Stud Fillies Maiden,,1m,,3yo,,"€10,013",16,Grey Intentions,3,filly,6,1,Eddie & Patrick Harty,Jamie Powell,,False,129,,70,63,195,07-,Mildly encouraging run on second juvenile start but looks a more likely type for handicaps,Mildly encouraging run on second juvenile start but looks a more likely type for handicaps.,,,0,False,10%,1m,0,[],2023-03-22,1037015,99788,"{'runs': '1', 'wins': '0'}",1760,10,False,Klawervlei Stud,684715,0%,,False,0,,917348,0%,-28.00,0%,IRE,5,https://www.racingpost.com/racecards/187/leopardstown/2026-04-12/917348,7856880/grey-intentions,370854,"Curragh, Co Kildare",10,+6.50,Flat,187,Thewayyouare,7856880,[],FR,84,Turf,2026-04-12,2177988,"{'runs': '0', 'wins': '0'}",28,GR,-10.00,8,USA,USA,,848569,Brian P Whelan & Thomas J Quinn (2026-04-10),False,F,Sottsass,False,Hug And A Kiss,0,38507,0,-5.00,,,False,Good To Yielding,0,"{'runs': '0', 'wins': '0'}",8,Thomas J Quinn & Brian P Whelan
Leopardstown,14:10,Look De Vega At Ballylinch Stud Fillies Maiden,,1m,,3yo,,"€10,013",16,Hiltons Pass,3,filly,7,10,John S ODonoghue,David Egan,,False,129,,,,15,00,Twice soundly beaten in Curragh maidens last month at huge odds; easily passed over,Twice soundly beaten in Curragh maidens last month at huge odds; easily passed over now.,,,25,False,15%,1m,0,[],2023-04-24,1105142,95388,"{'runs': '0', 'wins': '0'}",1760,4,False,Miss Francesca Turri,659996,0%,,False,0,,917348,16%,-15.00,0%,IRE,4,https://www.racingpost.com/racecards/187/leopardstown/2026-04-12/917348,8940440/hiltons-pass,199199,"Curragh, Co Kildare",25,+16.50,Flat,187,Duke Of Marmalade,8940440,[],USA,13,Turf,2026-04-12,682732,"{'runs': '0', 'wins': '0'}",15,B,-7.02,8,IRE,IRE,,8940439,,False,F,Ravens Pass,False,In Pigiama,4,39079,0,-4.00,,,False,Good To Yielding,0,"{'runs': '0', 'wins': '0'}",2,PM Partnership
Leopardstown,14:10,Look De Vega At Ballylinch Stud Fillies Maiden,,1m,,3yo,,"€10,013",16,Indomiknow,3,filly,8,6,Henry De Bromhead,Ronan Whelan,,False,129,,79,,123,54-,Okay efforts on both late-season juvenile runs at Dundalk; may want more time,Invincible Spirit filly; okay efforts on both late-season juvenile runs at Dundalk without landing a blow; may want more time.,,,38.46,False,10%,1m,1,[],2023-02-26,8236,88563,"{'runs': '0', 'wins': '0'}",1760,53,False,Irish National Stud,107700,9%,,False,9,,917348,7%,-21.00,8%,IRE,12,https://www.racingpost.com/racecards/187/leopardstown/2026-04-12/917348,8362135/indomiknow,118633,"Knockeen, Co Waterford",15,-27.93,Flat,187,Pivotal,8362135,[],IRE,142,Turf,2026-04-12,506927,"{'runs': '1', 'wins': '0'}",45,B,+14.00,8,IRE,GB,,1407519,,False,F,Invincible Spirit,False,Knowing You,1,1249,4,+17.00,,,False,Good To Yielding,5,"{'runs': '0', 'wins': '0'}",14,Mrs Heather de Bromhead
Leopardstown,14:10,Look De Vega At Ballylinch Stud Fillies Maiden,,1m,,3yo,,"€10,013",16,Institute,3,filly,9,8,A P OBrien,Wayne Lordan,,False,129,82,87,46,163,722-,Juvenile form at sprint trips but bred to appreciate this longer trip,"Frankel filly out of a smart sprinting 2yo; twice runner-up in sprint maidens in October when racing prominently, at Naas and when keen at Dundalk in first-time tongue-tie, clear second to a long odds-on shot; upped in trip here and tongue-tie left off (Irish 1,000 Guineas entry).",,,58.82,False,16%,1m,3,[],2023-04-19,1110697,76602,"{'runs': '0', 'wins': '0'}",1760,23,False,Coolmore,662598,23%,,False,17,,917348,13%,-41.08,18%,IRE,17,https://www.racingpost.com/racecards/187/leopardstown/2026-04-12/917348,7780515/institute,145061,"Cashel, Co Tipperary",15,-40.49,Flat,187,Scat Daddy,7780515,[],GB,146,Turf,2026-04-12,763453,"{'runs': '0', 'wins': '0'}",362,B,-10.09,8,USA,USA,,892167,,False,F,Frankel,False,Acapulco,2,7978,82,-10.52,,,False,Good To Yielding,4,"{'runs': '0', 'wins': '0'}",23,Derrick Smith & Mrs John Magnier & Michael Tabor
Leopardstown,14:10,Look De Vega At Ballylinch Stud Fillies Maiden,,1m,,3yo,,"€10,013",16,Justiciar,3,filly,10,16,G M Lyons,Gary Carroll,,False,129,,92,65,246,37-,Promising Curragh maiden debut no built on afterwards; should stay 1m,"Wootton Bassett filly shaped well on debut on Derby weekend at the Curragh, staying on nicely from off the pace to finish third in 7f fillies maiden; disappointing favourite however in similar contest in August, fading tamely inside final 2f; should stay 1m; Irish 1,000 Guineas entry remains of interest.",,,50,False,5%,1m,2,[],2023-04-14,1060442,86848,"{'runs': '0', 'wins': '0'}",1760,9,False,Newtown Anner Stud,756093,13%,,False,22,,917348,6%,-74.78,25%,IRE,8,https://www.racingpost.com/racecards/187/leopardstown/2026-04-12/917348,7739774/justiciar,159428,"Dunsany, Co Meath",16,-91.90,Flat,187,Zoffany,7739774,[],GB,143,Turf,2026-04-12,749478,"{'runs': '0', 'wins': '0'}",214,B,-1.00,8,IRE,IRE,,2740993,,False,F,Wootton Bassett,False,Soul Search,1,8567,27,-0.93,,,False,Good To Yielding,2,"{'runs': '0', 'wins': '0'}",7,Newtown Anner Stud Farm Ltd
Leopardstown,14:10,Look De Vega At Ballylinch Stud Fillies Maiden,,1m,,3yo,,"€10,013",16,Lamberella,3,filly,11,13,David Marnane,Luke McAteer,,False,129,,40,32,194,0-,Gleneagles filly finished last of 16 on Cork debut in September; can only be watched,Gleneagles filly finished last of 16 on Cork debut in September; can only be watched for now.,,,66.67,False,10%,1m,3,[],2023-03-29,1134752,96569,"{'runs': '0', 'wins': '0'}",1760,10,False,Lambari Partnership,528206,4%,,False,30,,917348,11%,-42.50,33%,IRE,9,https://www.racingpost.com/racecards/187/leopardstown/2026-04-12/917348,8183827/lamberella,316116,"Bansha, Co Tipperary",27,-38.22,Flat,187,Medicean,8183827,[],IRE,97,Turf,2026-04-12,859275,"{'runs': '1', 'wins': '0'}",55,CH,+2.50,8,FR,GB,,1576276,,False,F,Gleneagles,False,Lambari,3,17308,2,+20.50,,,False,Good To Yielding,3,"{'runs': '0', 'wins': '0'}",10,MRC International
Leopardstown,14:10,Look De Vega At Ballylinch Stud Fillies Maiden,,1m,,3yo,,"€10,013",16,Purely,3,filly,12,15,A P OBrien,Ryan Moore,b,True,129,,74,24,165,77-,Plenty of improvement needed on two juvenile runs; blinkers tried,Siyouni filly didn't count on Naas debut in October and later in month made plenty of use of when favourite at Dundalk but faded tamely over 7f; blinkers fitted for seasonal return and upped in trip.,,,58.82,False,34%,1m,3,[],2023-04-07,1110697,79202,"{'runs': '0', 'wins': '0'}",1760,23,False,Coolmore,531769,23%,,False,17,,917348,11%,-41.08,18%,IRE,17,https://www.racingpost.com/racecards/187/leopardstown/2026-04-12/917348,8170208/purely,143761,"Cashel, Co Tipperary",9,-12.18,Flat,187,Galileo,8170208,[],FR,105,Turf,2026-04-12,733304,"{'runs': '0', 'wins': '0'}",362,B,-7.43,8,GB,IRE,,862653,,False,F,Siyouni,False,Curvy,1,7978,82,-10.52,,,False,Good To Yielding,4,"{'runs': '0', 'wins': '0'}",36,Michael Tabor & Derrick Smith & Mrs John Magnier
Leopardstown,14:10,Look De Vega At Ballylinch Stud Fillies Maiden,,1m,,3yo,,"€10,013",16,Rodeo Blues,3,filly,13,7,Joseph Patrick OBrien,Declan McDonogh,,False,129,,,,,,Seemingly the lesser likely of Joseph O'Brien's pair but worth a look for future reference,"Blue Point filly cost 75,000euros as a yearling; first foal; dam maiden half-sister to winners Royal Julius (1m1f Group 2) and Hooflepuff (prolific 8.6f-1m4f AW), out of unraced half-sister to 1m2f 2yo Group 1 winner Goldamix; newcomer seemingly the lesser likely of Joseph O'Brien's pair but worth a look for future reference.",,,53.06,False,10%,1m,6,[],2023-03-02,1139488,13203,"{'runs': '0', 'wins': '0'}",1760,52,False,Mr & Mrs Reddy Coffey & Claire Fitzsimon,855564,12%,,False,15,,917348,4%,-78.85,14%,IRE,42,https://www.racingpost.com/racecards/187/leopardstown/2026-04-12/917348,7900549/rodeo-blues,336451,"Owning Hill, Co Kilkenny",27,-41.33,Flat,187,Kodi Bear,7900549,[],IRE,174,Turf,2026-04-12,1025027,"{'runs': '0', 'wins': '0'}",302,BB,-22.50,8,IRE,IRE,,3244615,,False,F,Blue Point,False,Rodeo Drive,1,32145,37,+24.50,,,False,Good To Yielding,8,"{'runs': '0', 'wins': '0'}",17,Annus Mirabilis Synd/Sean ODriscoll/Middle Cow Umlimited
Leopardstown,14:10,Look De Vega At Ballylinch Stud Fillies Maiden,,1m,,3yo,,"€10,013",16,Sands Castle,3,filly,14,3,Adrian Sexton,Yudish Geerdharry,,False,129,,17,,161,00-,Soundly beaten in both late-season maidens at big odds; easily overlooked now,Sands Of Mali filly soundly beaten in both late-season maidens at big odds; easily overlooked now.,,,0,False,8%,1m,0,[],2023-03-02,1103495,102090,"{'runs': '0', 'wins': '0'}",1760,5,False,Alan & Elaine Strain,806738,0%,,False,0,,917348,50%,-4.00,0%,IRE,2,https://www.racingpost.com/racecards/187/leopardstown/2026-04-12/917348,8268287/sands-castle,118327,"Athy, Co Kildare",2,-4.00,Flat,187,Dawn Approach,8268287,[],FR,12,Turf,2026-04-12,1540372,"{'runs': '1', 'wins': '0'}",4,B,+13.00,8,IRE,IRE,7,4425859,,False,F,Sands Of Mali,False,Light At Dawn,1,17956,0,-2.00,,7,False,Good To Yielding,0,"{'runs': '0', 'wins': '0'}",1,Vincent Kelly
Leopardstown,14:10,Look De Vega At Ballylinch Stud Fillies Maiden,,1m,,3yo,,"€10,013",16,Skydance,3,filly,15,9,W McCreery,W J Lee,,False,129,106,109,92,210,33265-,"Highly-tried maiden last season; Irish 1,000 Guineas entry could stay  1m+; big player","Maiden tried at Group level on final four starts last season, showing smart level of form when second in Silver Flash Stakes here and final start when beaten under 4l in Group 1 Moyglare Stud Stakes at the Curragh; Irish 1,000 Guineas entry could well stay beyond 1m; big player.",,,44.44,False,12%,1m,0,[],2023-03-20,1066733,81425,"{'runs': '1', 'wins': '0'}",1760,12,False,Skymarc Farm Inc And Ecurie Des Monceaux,855467,10%,,False,0,,917348,6%,+4.03,0%,GB,9,https://www.racingpost.com/racecards/187/leopardstown/2026-04-12/917348,7601613/skydance,317708,"Rathbride, Co Kildare",35,+18.04,Flat,187,Muhaarar,7601613,[],IRE,193,Turf,2026-04-12,839502,"{'runs': '0', 'wins': '0'}",87,B,-26.92,8,IRE,GB,,3094449,,False,F,Night Of Thunder,False,Paix,2,20409,9,-9.00,,,False,Good To Yielding,0,"{'runs': '1', 'wins': '0'}",23,Al Shiraaa Racing Limited
Leopardstown,14:10,Look De Vega At Ballylinch Stud Fillies Maiden,,1m,,3yo,,"€10,013",16,Thundering On,3,filly,16,5,Joseph Patrick OBrien,J M Sheridan,,False,129,,105,99,173,42-,Group 3 second last October; could prove the one to beat if handling this better ground,"Frankel filly, whose dam won the 1m2f Pretty Polly for this stable; both juvenile runs came at the Curragh in October on testing ground, on second occasion staying on well into a clear second in Group 3 Staffordstown Stud Stakes over this trip; will thrive over mid-distances in time but can make her mark at 1m; could prove the one to beat if handling this better ground.",,,53.06,False,6%,1m,6,[],2023-01-17,1142393,99171,"{'runs': '0', 'wins': '0'}",1760,52,False,Shapoor Mistry,839502,12%,,False,15,,917348,17%,-78.85,14%,GB,42,https://www.racingpost.com/racecards/187/leopardstown/2026-04-12/917348,8188004/thundering-on,184685,"Owning Hill, Co Kilkenny",30,-48.50,Flat,187,Night Of Thunder,8188004,[],GB,81,Turf,2026-04-12,763453,"{'runs': '1', 'wins': '0'}",302,CH,+32.00,8,IRE,IRE,,2852534,,False,F,Frankel,False,Thundering Nights,5,32145,37,+24.50,,,False,Good To Yielding,8,"{'runs': '0', 'wins': '0'}",5,Shapoor Mistry
Leopardstown,14:45,Sunday 10th May Leopardstown Family Day Handicap,,1m,,3yo+,0-60,"€7,068",20,Land Of The Giants,4,gelding,1,15,Adrian McGuinness,Ronan Whelan,h,False,142,60,62,29,23,7-3600,"Maiden who has done most of his racing at Dundalk, career-low mark, still hard to fancy",Maiden who has done most of his racing at Dundalk; career-low mark; still hard to fancy; stable has two other runners.,,,25,True,10%,1m,2,"[{'trainer': 'Miss Natalia Lupini', 'trainer_id': 30945, 'change_date': '2025-10-14'}]",2022-05-13,1136136,88563,"{'runs': '0', 'wins': '0'}",1760,23,False,Mr Jack Devaney,503034,5%,,False,9,,917349,7%,-49.00,11%,IRE,19,https://www.racingpost.com/racecards/187/leopardstown/2026-04-12/917349,6465137/land-of-the-giants,363309,"Lusk, Co Dublin",15,-27.93,Flat,187,Montjeu,6465137,[],GB,142,Turf,2026-04-12,2031533,"{'runs': '5', 'wins': '0'}",146,CH,+14.00,8,IRE,IRE,,813753,Ben Dalton/Bryan Cooper/C.G. Bryson (2025-10-14)||Ben Dalton & Bryan Cooper & C G Bryson (2025-08-19)||Ben Dalton (2025-07-31),False,G,Calyx,False,Silky,1,14088,7,-4.50,,,False,Good To Yielding,2,"{'runs': '2', 'wins': '0'}",14,Mark Devlin & Nigel OHare & Philip Smith & Bart OSullivan
Leopardstown,14:45,Sunday 10th May Leopardstown Family Day Handicap,,1m,,3yo+,0-60,"€7,068",20,Rampage,7,gelding,2,2,T G McCourt,James Ryan,tv,False,142,60,65,7,15,030-70,"Ran respectably on the first of two Curragh outings last month, others preferred","Four-time winner, including twice on turf early in his career; won at Dundalk during a busy 2025 campaign; ran respectably on the first of two Curragh outings last month; others preferred","2023-09-12 | Rampage | 4318855 | James P. Cunningham Electrical Handicap | 849249 | Galway | 183 | 8.5 | 1883 | The stiffer track suited Rampage today. We were a bit worried about the ground but he showed us he is well able for it. We took a while to get to know him but he seems to be in a good vein of form. He was due his head in front again. It opened up well for me, he got the splits at the right time and when he gets there he just does enough - James Ryan, jockey.",,42.86,True,6%,1m,1,"[{'trainer': 'Daniel & Claire Kubler', 'trainer_id': 37637, 'change_date': '2023-03-21'}]",2019-04-14,289,101012,"{'runs': '3', 'wins': '0'}",1760,9,False,Ennistown Stud,506927,4%,,False,11,,917349,20%,-54.50,17%,IRE,6,https://www.racingpost.com/racecards/187/leopardstown/2026-04-12/917349,4318855/rampage,333402,"Stamullen, Co Meath",10,-60.50,Flat,187,Invincible Spirit,4318855,[],GB,120,Turf,2026-04-12,872425,"{'runs': '34', 'wins': '2'}",71,B,+18.00,8,IRE,IRE,,675901,Mrs Pauline McCourt/Whytes Stamullen Syndicate (2023-07-25)||Mrs P McCourt (2023-04-06)||D Blunt & G Middlebrook (2023-03-21),False,G,New Bay,False,Hall Hee,2,4244,3,0.00,,,False,Good To Yielding,1,"{'runs': '12', 'wins': '1'}",7,Mrs P McCourt/Whytes Stamullen Syndicate/S Sweeney
Leopardstown,14:45,Sunday 10th May Leopardstown Family Day Handicap,,1m,,3yo+,0-60,"€7,068",20,Comfort Line,9,gelding,3,14,Adrian McGuinness,Gabriella Hill,v,False,140,58,62,,11,605204,"Has a better strike rate on AW, one of three runners for the stable, hard to be confident",Six-time Dundalk winner with his last win coming over C&D this time last year off 72; one of three runners for the stable; hard to be confident given his modest turf win record (3-70).,"2024-07-12 | Comfort Line | 2863058 | Gift & Art Gallery Dundalk Handicap (Div II) | 872539 | Dundalk (AW) | 1138 | 8 | 1760 | Comfort Line ate up this morning, did a half-hour on the beach this morning and we decided we had nothing to lose. He's solid and a good fun horse, when he comes back down to this sort of grade he wins - Ado McGuinness, trainer.||2022-08-25 | Comfort Line | 2863058 | www.navanracecourse.ie Handicap | 819938 | Navan | 193 | 8 | 1760 | The handicapper gave Comfort Line a bit of a chance by dropping him a few pounds. I was a bit disappointed at Galway when he had an outside draw and didn't get a chance. He was coming back to form and, all being well, he'll run in the Cambridgeshire in a couple of days. I used the cheekpieces on him (when second) in the Lincoln earlier this year and had been kind of saving them until he was back where I thought he'd be - Mick Mulvany, trainer.||2020-10-21 | Comfort Line | 2863058 | PWC Kilkenny Handicap | 769690 | Gowran Park | 184 | 7 | 1540 | He's a horse I always thought would make up into a nice horse and I think he'll make a far better four-year-old. He's very big and he's filling into his frame. The Irish Lincoln is the plan for him. You'd be hopeful he'll turn into a Lincoln horse - Mick Mulvany, trainer||2020-07-17 | Comfort Line | 2863058 | LimerickRaces.ie Maiden (Div I) | 762814 | Limerick | 188 | 8 | 1760 | Leigh Roche came in the last day and said he just didn't stay the mile and a quarter. I always thought he'd be a nice horse and still think he'll get a mile and two furlongs, but he's still only maturing into a horse. He's a big frame of a horse and the breed of them only get better as they get older. You'd be hoping he'll develop into the type of horse we think he is. We'll probably go to Galway after this for a three-year-old race. I'd blame myself for the last few runs and last time we found out for sure he didn't stay a mile and a quarter yet. Gary [Carroll] said today that he felt the horse was idling in front so hopefully he can keep progressing - Mick Mulvany, trainer of Comfort Line",,25,True,13%,1m,2,"[{'trainer': 'Denis Gerard Hogan', 'trainer_id': 21879, 'change_date': '2026-02-09'}, {'trainer': 'Adrian McGuinness', 'trainer_id': 14088, 'change_date': '2026-01-08'}, {'trainer': 'Michael Mulvany', 'trainer_id': 17940, 'change_date': '2023-03-14'}]",2017-05-12,26248,102996,"{'runs': '5', 'wins': '0'}",1760,23,False,Thomas G Cooke,455293,5%,,False,9,,917349,0%,-49.00,11%,IRE,19,https://www.racingpost.com/racecards/187/leopardstown/2026-04-12/917349,2863058/comfort-line,116369,"Lusk, Co Dublin",2,-5.63,Flat,187,Peintre Celebre,2863058,[],IRE,8,Turf,2026-04-12,805266,"{'runs': '44', 'wins': '5'}",146,GR,-2.00,8,IRE,USA,7,580988,James McAuley (2026-02-09)||Dooley Thoroughbreds & Martin W White (2026-01-08)||L Mulvany (2023-03-14),False,G,Alhebayeb,False,Begin The Beguine,0,14088,7,-4.50,,7,False,Good To Yielding,2,"{'runs': '8', 'wins': '0'}",1,Adrian McGuinness
Leopardstown,14:45,Sunday 10th May Leopardstown Family Day Handicap,,1m,,3yo+,0-60,"€7,068",20,Sedro Woolley,4,gelding,4,4,W McCreery,W J Lee,v,True,140,58,60,46,60,5-56,"Qualified for a mark with two AW runs, one of the less exposed runners, worth considering","Finished fifth in a decent Limerick maiden on debut last April (7f, soft); has qualified for a mark with two AW runs; one of the less exposed runners; worth considering.",,,44.44,True,12%,1m,0,[],2022-02-25,1033227,81425,"{'runs': '0', 'wins': '0'}",1760,12,False,South House Stud,589690,10%,,False,0,,917349,6%,+4.03,0%,IRE,9,https://www.racingpost.com/racecards/187/leopardstown/2026-04-12/917349,7457870/sedro-woolley,357518,"Rathbride, Co Kildare",35,+18.04,Flat,187,Dubawi,7457870,[],IRE,193,Turf,2026-04-12,1025027,"{'runs': '0', 'wins': '0'}",87,B,-26.92,8,GB,IRE,,1927323,,False,G,Blue Point,False,Asoof,2,20409,9,-9.00,,,False,Good To Yielding,0,"{'runs': '0', 'wins': '0'}",23,South House StudEstate of Noel Murphy
Leopardstown,14:45,Sunday 10th May Leopardstown Family Day Handicap,,1m,,3yo+,0-60,"€7,068",20,Chavajod,8,gelding,5,23,D P Coakley,Ross Coakley,p,False,136,54,64,64,37,0000-0,Capable in this grade when on song but out of form at Dundalk during the winter campaign,Inconsistent on turf last season; capable in this grade when on song but out of form at Dundalk during the winter campaign.,"2025-04-25 | Chavajod | 3173506 | Munster Suite @ Limerick Handicap (Div II) | 894233 | Limerick | 188 | 8 | 1810 | Chavajod is the only horse we have so we have only one shot at it and I ride him out on his own everyday. Anytime he's run on soft ground before he's been tailed off but he handled it here. We might go back to Killarney with him in the summer - Denis Coakley, trainer, speaking on Racing TV.",,,True,0%,1m,0,"[{'trainer': 'J P Murtagh', 'trainer_id': 28180, 'change_date': '2023-05-15'}, {'trainer': 'M D OCallaghan', 'trainer_id': 26727, 'change_date': '2022-11-14'}]",2018-03-17,12934,89973,"{'runs': '3', 'wins': '0'}",1760,0,False,The National Stud,639504,9%,,False,,,917349,33%,+30.00,-,GB,0,https://www.racingpost.com/racecards/187/leopardstown/2026-04-12/917349,3173506/chavajod,331007,"Kildare, Co Kildare",3,-23.00,Flat,187,Aussie Rules,3173506,[],IRE,23,Turf,2026-04-12,800174,"{'runs': '26', 'wins': '4'}",11,GR,+1.50,8,IRE,USA,,759214,Padraic Joyce (2023-05-15),False,G,Toronado,False,Deire Na Sli,1,33570,1,0.00,,,False,Good To Yielding,0,"{'runs': '9', 'wins': '1'}",0,D P Coakley & J F Costello & A Connick & P Coakley
Leopardstown,14:45,Sunday 10th May Leopardstown Family Day Handicap,,1m,,3yo+,0-60,"€7,068",20,Searcog,4,filly,6,13,Patrick Magee,J M Sheridan,t,True,136,54,63,59,186,69124-,"Fair hurdles form apart from a poor handicap run last time, probably best over further","Won off lowly mark (42) at Punchestown last September; made the frame on her final two starts before being switched to hurdling; fair form in that sphere, apart from a poor handicap run last time; probably best over further; tongue-tie added now.",,,20,True,6%,1m,0,[],2022-03-23,1033187,99171,"{'runs': '2', 'wins': '1'}",1760,9,False,Joseph G Reid,659998,5%,,False,11,,917349,17%,-8.00,0%,IRE,4,https://www.racingpost.com/racecards/187/leopardstown/2026-04-12/917349,5933560/searcog,128965,"Shercock, Co Cavan",30,-48.50,Flat,187,Haatef,5933560,[],IRE,81,Turf,2026-04-12,1214440,"{'runs': '1', 'wins': '0'}",20,B,+32.00,8,IRE,USA,,815201,,False,F,Inns Of Court,False,Good Speech,5,36851,1,-4.00,,,False,Good To Yielding,1,"{'runs': '1', 'wins': '0'}",5,Eleven Apostles Syndicate
Leopardstown,14:45,Sunday 10th May Leopardstown Family Day Handicap,,1m,,3yo+,0-60,"€7,068",20,Believeth,4,filly,7,11,J A Stack,Seamie Heffernan,,False,135,53,62,,60,8/05,"Ran once in 2024, two Dundalk runs this year, could be a dark horse on handicap debut",Hinted at ability when midfield in a strong Curragh maiden on debut (6f) in August 2024; well beaten in two Dundalk runs this year; could be a dark horse on handicap debut,,,50,True,8%,1m,1,[],2022-03-01,340,7605,"{'runs': '0', 'wins': '0'}",1760,8,False,Rathbarry Stud,647498,0%,,False,13,,917349,5%,-27.00,13%,IRE,8,https://www.racingpost.com/racecards/187/leopardstown/2026-04-12/917349,6238176/believeth,370717,"Golden, Co. Tipperary",22,-68.77,Flat,187,Champs Elysees,6238176,[],GB,207,Turf,2026-04-12,541314,"{'runs': '1', 'wins': '0'}",27,B,-19.38,8,GB,GB,,2707537,Michael Akers (2026-04-08),False,F,Acclamation,False,Treeline,1,33059,0,-5.38,,,False,Good To Yielding,1,"{'runs': '0', 'wins': '0'}",17,Michael Akers & J A Stack
Leopardstown,14:45,Sunday 10th May Leopardstown Family Day Handicap,,1m,,3yo+,0-60,"€7,068",20,Heart Of Darkness,5,mare,8,8,Adrian McGuinness,Adam Caffrey,v,False,133,51,64,48,37,9-2005,"Uneven form at Dundalk during the winter, 0-9 turf record is negative",Sole win from 20 starts came in a 6f maiden on AW in 2024; 0-9 turf record is negative.,,,25,True,6%,1m,2,"[{'trainer': 'P Twomey', 'trainer_id': 26547, 'change_date': '2025-01-13'}]",2021-02-15,23869,100877,"{'runs': '0', 'wins': '0'}",1760,23,False,Llety Farms,707662,5%,,False,9,,917349,6%,-49.00,11%,GB,19,https://www.racingpost.com/racecards/187/leopardstown/2026-04-12/917349,5092906/heart-of-darkness,355895,"Lusk, Co Dublin",16,-16.50,Flat,187,Sayif,5092906,[],IRE,85,Turf,2026-04-12,1004665,"{'runs': '7', 'wins': '0'}",146,B,-11.50,8,GB,IRE,,2048820,Bart OSullivan & Des Whyte & Diarmuid McHugh (2025-03-11)||Adrian McGuinness (2025-01-15)||Exors of the Late Lady OReilly (2025-01-13)||Lady OReilly (2023-09-15),False,M,Mehmas,False,One Kiss,1,14088,7,-4.50,,,False,Good To Yielding,2,"{'runs': '0', 'wins': '0'}",5,B OSullivan & D Whyte & D McHugh & M OLoghlen
Leopardstown,14:45,Sunday 10th May Leopardstown Family Day Handicap,,1m,,3yo+,0-60,"€7,068",20,Launch Time,4,gelding,9,17,Cian Hughes,Robbie Colgan,p,True,131,49,67,58,121,03348-,"Capable of making his presence felt based on late-season 2025 form, cheekpieces may help",Can be rated one of the leading contenders on his autumn turf form; third in two races over 1m2f at Navan; arguably better when fourth of 22 over this trip at the Curragh; cheekpieces may help.,,,100,True,3%,1m,0,[],2022-03-16,1119821,75609,"{'runs': '0', 'wins': '0'}",1760,2,False,Francesca Archibald & Alison Jackson,107700,0%,,False,0,,917349,13%,-4.00,-,GB,0,https://www.racingpost.com/racecards/187/leopardstown/2026-04-12/917349,6546351/launch-time,147043,"Newcastle, Co. Dublin",8,-56.00,Flat,187,Pivotal,6546351,[],GB,101,Turf,2026-04-12,851134,"{'runs': '4', 'wins': '0'}",4,B,-3.00,8,GB,GB,,3217851,,False,G,Time Test,False,Blondikova,1,41495,0,0.00,,,False,Good To Yielding,0,"{'runs': '0', 'wins': '0'}",3,Noel Flanagan
Leopardstown,14:45,Sunday 10th May Leopardstown Family Day Handicap,,1m,,3yo+,0-60,"€7,068",20,Cleopatras Needle,8,mare,10,1,H Rogers,Chris Hayes,h,True,130,48,65,40,276,66520-,"Flat strike rate of 1-29 is a worry, hurdles form shows that she has plenty of ability","Flat strike rate of 1-29 is a worry; however, her hurdles form shows that she has plenty of ability; won a competitive mares' handicap hurdle at the Galway festival on her final 2025 outing; hooded for the first time.","2025-07-30 | Cleopatras Needle | 3538652 | Tote, #5,000 Guaranteed Jackpot Irish EBF Mares Handicap Hurdle | 900394 | Galway | 183 | 16.5 | 3630 | I had a nice position the whole way. Harry just said get her to relax and creep away. Cleopatra's Needle relaxed and I crept away, she was good at the line. I just thought I'd keep it simple, I got all the gaps and it worked - Patrick M O'Brien, jockey.||2024-10-12 | Cleopatras Needle | 3538652 | Frank Lynch & Co Chartered Certified Accountants Supporting Louth GAA Handicap Hurdle | 878847 | Fairyhouse | 182 | 16 | 3520 | It was Cleopatra's Needle's first run in a handicap and Sean was very good on her. He put her to sleep and was the last one to get into it. She's not a bad filly and she likes jumping. She showed a bit early on on the Flat and she was unlucky not to win three in a row. Then things just went wrong with her, she's a hard mare to keep right - Harry Rogers, trainer.||2024-05-07 | Cleopatras Needle | 3538652 | Book Your Navan Summer BBQ Packages Handicap (Div I) | 867622 | Navan | 193 | 10 | 2200 | Cleopatra's Needle worked very well last week but she always did work well and is a well-bred mare. She loves top of the ground and she's going jumping as she has schooled over hurdles. Robbie Power had her for a while, schooling her, and said she had plenty of scope - Harry Rogers, trainer.",,50,True,11%,1m,0,"[{'trainer': 'W McCreery', 'trainer_id': 20409, 'change_date': '2022-04-14'}]",2018-04-25,24598,83482,"{'runs': '2', 'wins': '0'}",1760,6,False,Godolphin,304746,0%,,False,0,,917349,7%,-20.00,0%,IRE,4,https://www.racingpost.com/racecards/187/leopardstown/2026-04-12/917349,3538652/cleopatras-needle,150736,"Ardee, Co. Louth",28,-55.76,Flat,187,Seeking The Gold,3538652,[],AUS,243,Turf,2026-04-12,779353,"{'runs': '2', 'wins': '0'}",20,CH,-14.90,8,USA,USA,,636823,Godolphin (2022-04-14),False,M,Helmet,False,Philae,2,13130,0,-4.00,,,False,Good To Yielding,0,"{'runs': '8', 'wins': '0'}",27,Nap Racing Syndicate
Leopardstown,14:45,Sunday 10th May Leopardstown Family Day Handicap,,1m,,3yo+,0-60,"€7,068",20,Gobi Star,8,gelding,11,21,James M Barcoe,Ben Coen,tb,False,129,47,59,,60,/0-070,"Very weak form (turf/AW) since last July, sole turf win was in a 5f maiden in 2022",Very weak form (turf/AW) since last July; sole turf win was in a 5f maiden in 2022; not an obvious contender.,"2023-11-22 | Gobi Star | 4219781 | Dundalk Stadium Gift Vouchers Available Online Handicap (Div II) | 855041 | Dundalk (AW) | 1138 | 7 | 1540 | Gobi Star was very impressive today. He's been a bit frustrating but it worked out lovely today, he quickened up nicely. He likes it at 7f but he can always go back to six, he travels well - Jack Kearney, jockey, talking to Racing TV.",,33.33,True,8%,1m,0,"[{'trainer': 'Sean Davis', 'trainer_id': 40375, 'change_date': '2024-07-16'}, {'trainer': 'Patrick Martin', 'trainer_id': 1080, 'change_date': '2024-02-26'}, {'trainer': 'Edward Lynam', 'trainer_id': 3238, 'change_date': '2022-12-05'}]",2018-03-06,1095043,97031,"{'runs': '1', 'wins': '0'}",1760,4,False,Mr Edward Lynam,527373,0%,,False,0,,917349,6%,-8.00,0%,IRE,2,https://www.racingpost.com/racecards/187/leopardstown/2026-04-12/917349,4219781/gobi-star,365713,"Gowran, Co. Kilkenny",35,-93.55,Flat,187,Kyllachy,4219781,[],AUS,228,Turf,2026-04-12,726295,"{'runs': '1', 'wins': '0'}",8,B,-25.00,8,IRE,GB,,737315,Ms Yvonne Hennessy (2025-12-15)||Paul A Davis (2024-07-16)||Michael Cawley & Martin P Lynch (2024-02-26)||N W T Dalzell (2022-12-05),False,G,Starspangledbanner,False,Good To Follow,2,28247,0,-2.00,,,False,Good To Yielding,0,"{'runs': '1', 'wins': '0'}",18,Patrick J Digan & Ms Yvonne Hennessy
Leopardstown,14:45,Sunday 10th May Leopardstown Family Day Handicap,,1m,,3yo+,0-60,"€7,068",20,Alto Sax,5,gelding,12,19,Peter Fahey,Nicola Burns,b,False,127,45,63,74,11,07-001,"Out of form at Dundalk until winning there 11 days ago, won two claimers on turf in 2024","Two wins in claimers on turf in 2024; out of form at Dundalk until winning an apprentice handicap there 11 days ago; Nicola Burns was unable to claim on that occasion, and her valuable 5lb allowance is in play this time.",,,40,True,5%,1m,1,"[{'trainer': 'G M Lyons', 'trainer_id': 8567, 'change_date': '2024-07-24'}]",2021-04-12,1123130,103948,"{'runs': '2', 'wins': '0'}",1760,5,False,Mr D Spratt,597314,0%,,False,20,,917349,14%,-15.00,100%,IRE,1,https://www.racingpost.com/racecards/187/leopardstown/2026-04-12/917349,5198196/alto-sax,305736,"MonasterevIn, Co. Kildare",7,-14.00,Flat,187,Cacique,5198196,[],JPN,21,Turf,2026-04-12,1588345,"{'runs': '10', 'wins': '1'}",15,B,+6.00,8,GB,IRE,5,4047394,David Spratt & Kevin McMunigal (2024-07-24),False,G,Saxon Warrior,False,Full Credit,1,22959,0,+12.00,,5,False,Good To Yielding,1,"{'runs': '1', 'wins': '0'}",1,Normal People Partnership
Leopardstown,14:45,Sunday 10th May Leopardstown Family Day Handicap,,1m,,3yo+,0-60,"€7,068",20,Moonlight Molly,3,filly,13,3,J G Coogan,Reese Holohan,,False,127,60,55,45,246,009-,"Out of her depth in maidens last year, no apparent chance but good 7lb claimer booked",Out of her depth in maidens last year; no apparent chance but good 7lb claimer booked.,,,0,True,-,1m,0,[],2023-04-23,1138952,104676,"{'runs': '0', 'wins': '0'}",1760,2,False,Mr Conor OMeara,826250,0%,,False,0,,917349,14%,-7.00,0%,IRE,1,https://www.racingpost.com/racecards/187/leopardstown/2026-04-12/917349,7583036/moonlight-molly,358553,"Friarstown, Co Kildare",7,0.00,Flat,187,Free Eagle,7583036,[],GB,0,Turf,2026-04-12,861262,"{'runs': '0', 'wins': '0'}",7,CH,0.00,8,GB,IRE,7,7583035,,False,F,Cotai Glory,False,Gallygaskins,1,4078,0,-1.00,,7,False,Good To Yielding,0,"{'runs': '1', 'wins': '0'}",0,Redzone Diamond Syndicate
Leopardstown,14:45,Sunday 10th May Leopardstown Family Day Handicap,,1m,,3yo+,0-60,"€7,068",20,Bel Espoir,4,filly,14,16,James M Barcoe,Luke McAteer,,False,126,44,52,19,267,7/90-,"Finished in front of only a few rivals in maidens, impossible to make a solid case for her","Finished in front of only a few rivals in maidens,; impossible to make a solid case for her.",,,33.33,True,10%,1m,0,[],2022-03-01,1127423,96569,"{'runs': '0', 'wins': '0'}",1760,4,False,Irish Emerald Stud,602045,0%,,False,0,,917349,11%,-8.00,0%,IRE,2,https://www.racingpost.com/racecards/187/leopardstown/2026-04-12/917349,6640601/bel-espoir,342126,"Gowran, Co. Kilkenny",27,-38.22,Flat,187,Shamardal,6640601,[],GB,97,Turf,2026-04-12,582877,"{'runs': '0', 'wins': '0'}",8,B,+2.50,8,IRE,USA,,1542171,,False,F,Kodiac,False,Hope Lake,3,28247,0,-2.00,,,False,Good To Yielding,0,"{'runs': '0', 'wins': '0'}",10,Ms Yvonne Hennessy & Ms S ONeill
Leopardstown,14:45,Sunday 10th May Leopardstown Family Day Handicap,,1m,,3yo+,0-60,"€7,068",20,Hale Bopp,8,gelding,15,10,R Donohoe,Jack Cleary,,False,125,43,62,39,51,24-540,"Well below best on most recent Dundalk run, better judged on the balance of winter AW form",Well below best on most recent Dundalk run; some sort of chance on the balance of winter AW form,"2022-05-15 | Hale Bopp | 3102127 | Tote Always SP Or Better Handicap | 812290 | Naas | 192 | 8 | 1760 | Hale Bopp, like Bucky Larson is a nice horse to have around the place. Colin said there's a big one in him and he could hit it or miss it depending on the luck of the day - he's that type of horse. I think he's rock solid and could get a mile and two furlongs. He's learning after being immature - Ger Lyons, trainer.",,,True,12%,1m,0,"[{'trainer': 'G M Lyons', 'trainer_id': 8567, 'change_date': '2022-12-12'}]",2018-03-06,1075680,100369,"{'runs': '3', 'wins': '0'}",1760,0,False,Ringfort Stud,657462,6%,,False,,,917349,0%,-11.00,-,IRE,0,https://www.racingpost.com/racecards/187/leopardstown/2026-04-12/917349,3102127/hale-bopp,205986,"Gowran, Co Kilkenny",7,-20.46,Flat,187,Holy Roman Emperor,3102127,[],IRE,58,Turf,2026-04-12,859649,"{'runs': '29', 'wins': '3'}",16,B,-7.00,8,IRE,IRE,5,786578,Mrs Lynne Lyons & Sean Jones & David Spratt (2022-12-12),False,G,Belardo,False,Emperors Pearl,0,12052,1,0.00,,5,False,Good To Yielding,0,"{'runs': '6', 'wins': '0'}",7,P Sweeney
Leopardstown,14:45,Sunday 10th May Leopardstown Family Day Handicap,,1m,,3yo+,0-60,"€7,068",20,Clifftop,10,gelding,16,20,H Rogers,Siobhan Rutledge,,False,123,41,62,,13,0/49/8,"Out of the handicap at Naas on seasonal debut, this is a more realistic task","Three-time Flat winner; had a run in a novice chase before competing from out of the handicap at Naas on return to the Flat; this is a more realistic task, but trainer may have a better chance with Cleopatra's Needle.","2021-07-08 | Clifftop | 2089902 | Foxrock Handicap | 788695 | Leopardstown | 187 | 9 | 1980 | Clifftop got a good ride from Chris who knows him well. He might go to Navan on Saturday and go back over hurdles after that. He jumps well - Harry Rogers, trainer.||2019-08-28 | Clifftop | 2089902 | P&M Green Energy Cottages Handicap (Div I) | 738506 | Bellewstown | 176 | 8 | 1708 | Clifftop got a lovely ride from Charlie and he might win another one somewhere. He could go to Listowel - Harry Rogers, trainer.",,50,True,3%,1m,0,[],2016-04-22,1035774,98517,"{'runs': '2', 'wins': '1'}",1760,6,False,J M Beever,682732,0%,,False,0,,917349,10%,-20.00,0%,GB,4,https://www.racingpost.com/racecards/187/leopardstown/2026-04-12/917349,2089902/clifftop,264805,"Ardee, Co. Louth",10,-40.50,Flat,187,Ravens Pass,2089902,[],IRE,58,Turf,2026-04-12,732354,"{'runs': '0', 'wins': '0'}",20,B,-2.50,8,IRE,USA,3,826896,,False,G,Canford Cliffs,False,Scallywag,1,13130,0,-4.00,,3,False,Good To Yielding,0,"{'runs': '1', 'wins': '0'}",2,O B P Carroll & Ralph Kelly & Thomas Cox
Leopardstown,14:45,Sunday 10th May Leopardstown Family Day Handicap,,1m,,3yo+,0-60,"€7,068",20,Miss Americana,4,filly,17,18,Charles OBrien,Declan McDonogh,,False,123,41,62,50,3,2446-2,Major chance if no ill-effects after a much-improved display at Gowran on Thursday,Showed some ability at a modest level last season; major chance if no ill-effects after a much-improved display at Gowran on Thursday; beaten only a short head and in line for a rise in the ratings.,,,100,True,10%,1m,0,[],2022-02-24,8090,13203,"{'runs': '1', 'wins': '0'}",1760,2,False,Fittocks Stud,589690,0%,,False,50,,917349,4%,-7.00,0%,GB,1,https://www.racingpost.com/racecards/187/leopardstown/2026-04-12/917349,6671048/miss-americana,99534,"Straffan, Co Kildare",27,-41.33,Flat,187,Dubawi,6671048,[],GER,174,Turf,2026-04-12,846783,"{'runs': '2', 'wins': '0'}",7,B,-22.50,8,GB,IRE,,2245146,,False,F,Sea The Moon,False,Swansdown,1,7660,0,-1.00,,,False,Good To Yielding,1,"{'runs': '1', 'wins': '0'}",17,Painestown Syndicate
Leopardstown,14:45,Sunday 10th May Leopardstown Family Day Handicap,,1m,,3yo+,0-60,"€7,068",20,My Girl Robyn,4,filly,18,9,Andrew Slattery,Andrew Slattery,,False,123,41,61,48,198,0000-,"Big price when in rear at Dundalk on handicap debut, stable's good form offers some hope",Big price when in rear at Dundalk on handicap debut; stable's strong current form offers some hope; perhaps worth a look in the market.,,,56.52,True,7%,1m,3,[],2022-04-30,1059376,97030,"{'runs': '1', 'wins': '0'}",1760,23,False,Messrs W Neville & J Carroll,582877,9%,,False,17,,917349,6%,-32.67,15%,IRE,20,https://www.racingpost.com/racecards/187/leopardstown/2026-04-12/917349,7926347/my-girl-robyn,90414,"Thurles, Co Tipperary",17,-40.17,Flat,187,Kodiac,7926347,[],FR,69,Turf,2026-04-12,861213,"{'runs': '2', 'wins': '0'}",79,B,-12.50,8,IRE,GB,,1112038,,False,F,Vadamos,False,Kissing Bubbles,1,10588,7,+0.25,,,False,Good To Yielding,4,"{'runs': '0', 'wins': '0'}",5,J F Carroll
Leopardstown,14:45,Sunday 10th May Leopardstown Family Day Handicap,,1m,,3yo+,0-60,"€7,068",20,Darwins Angel,3,filly,19,6,S M Duffy,Jimmy Dalton,p,False,122,55,63,44,15,4470-0,"Twice finished fourth at a modest level last year, out of her depth in a maiden on return",Twice finished fourth at a modest level last year; out of her depth in a maiden on return; this is more realistic but hard to fancy all the same.,,,,True,0%,1m,0,"[{'trainer': 'Stephen Thorne', 'trainer_id': 41787, 'change_date': '2025-11-27'}]",2023-02-19,1126354,103884,"{'runs': '1', 'wins': '0'}",1760,1,False,Paul & Jim McCartan,589184,0%,,False,0,,917349,40%,-12.00,-,IRE,0,https://www.racingpost.com/racecards/187/leopardstown/2026-04-12/917349,7722822/darwins-angel,257406,"Errill, Co. Laois",5,-7.00,Flat,187,Sleeping Indian,7722822,[],IRE,7,Turf,2026-04-12,1022474,"{'runs': '2', 'wins': '0'}",12,B,+79.75,8,GB,GB,7,4251653,John M Keogh (2026-03-26)||Shamrock Thoroughbreds (2025-11-27),False,F,Ardad,False,Lydia Becker,2,20679,0,0.00,,7,False,Good To Yielding,0,"{'runs': '0', 'wins': '0'}",0,David Duffy Partnership
Leopardstown,14:45,Sunday 10th May Leopardstown Family Day Handicap,,1m,,3yo+,0-60,"€7,068",20,Swift Charm,3,filly,20,12,W R Crawford,Wayne Lordan,t,True,121,54,62,,72,007-0,"Weak AW form including in a handicap, tongue-tie on, jockey booking is the  only positive","Weak AW form, including in a handicap in January; tongue-tie on; jockey booking is the only positive.",,,50,True,16%,1m,0,"[{'trainer': 'S R B Crawford', 'trainer_id': 16596, 'change_date': '2025-12-01'}]",2023-01-16,1104215,76602,"{'runs': '0', 'wins': '0'}",1760,2,False,Stonepark Farms Ltd,649434,-,,False,0,,917349,13%,0.00,-,IRE,0,https://www.racingpost.com/racecards/187/leopardstown/2026-04-12/917349,8236313/swift-charm,191060,"Craigavon, Co Armagh",15,-40.49,Flat,187,Teofilo,8236313,[],IRE,146,Turf,2026-04-12,637069,"{'runs': '1', 'wins': '0'}",0,CH,-10.09,8,IRE,IRE,,895466,Gary Devlin (2025-10-16),False,F,Dandy Man,False,Imasumaq,2,38228,0,0.00,,,False,Good To Yielding,0,"{'runs': '0', 'wins': '0'}",23,W R Crawford
Leopardstown,14:45,Sunday 10th May Leopardstown Family Day Handicap,,1m,,3yo+,0-60,"€7,068",20,Bang Po,6,gelding,21,7,Liam McAteer,,b,False,122,40,60,36,65,008-00,"First reserve, only win was in 2023, has struggled in two Dundalk runs in recent months",Heavy-ground winner in September 2023 but no joy since; has struggled in two Dundalk runs in recent months; first reserve.,,,,True,,1m,0,"[{'trainer': 'Ross OSullivan', 'trainer_id': 25225, 'change_date': '2024-07-01'}]",2020-04-12,19775,,"{'runs': '1', 'wins': '0'}",1760,0,False,John Kavanagh,697233,0%,,True,,,917349,,-3.00,-,IRE,0,https://www.racingpost.com/racecards/187/leopardstown/2026-04-12/917349,4578072/bang-po,315417,"Navan, Co Meath",,,Flat,187,Bushranger,4578072,[],GB,,Turf,2026-04-12,861262,"{'runs': '9', 'wins': '1'}",3,B,,8,IRE,IRE,,4578071,Realtogue Racing Syndicate (2025-09-16)||Mark Gittins & Conor Brett (2024-07-01),False,G,Cotai Glory,False,Bushieb,,5298,0,0.00,,,False,Good To Yielding,0,"{'runs': '0', 'wins': '0'}",,Daltt Syndicate
Leopardstown,14:45,Sunday 10th May Leopardstown Family Day Handicap,,1m,,3yo+,0-60,"€7,068",20,Rock Etoile,8,gelding,22,5,Patrick J McKenna,,v,False,130,48,62,46,3,0-0000,"Second reserve, six-time winner, out of form at Dundalk, in rear at Gowran on Thursday",Six-time winner; out of form at Dundalk during the winter; in rear at Gowran on Thursday; second reserve.,"2024-08-15 | Rock Etoile | 3102129 | Bar One Racing Guaranteed Multiples All Shops Handicap (Div II) | 874606 | Dundalk (AW) | 1138 | 8 | 1760 | It took Rock Etoile a while this season to get back into the swing of things. Andy (Slattery) brought him back from a break and he ran well at Leopardstown a week ago and he was back down in grade here. He was drawn wide today but got out sharply  - Cian Horgan, jockey, speaking to Racing TV.",,0,True,,1m,0,"[{'trainer': 'Andrew Slattery', 'trainer_id': 10588, 'change_date': '2025-11-27'}]",2018-04-25,12586,,"{'runs': '2', 'wins': '1'}",1760,3,False,Tullamaine Castle Stud,450077,13%,,True,0,,917349,,-5.00,0%,IRE,2,https://www.racingpost.com/racecards/187/leopardstown/2026-04-12/917349,3102129/rock-etoile,365149,"Dugannon, Co Tyrone",,,Flat,187,Zamindar,3102129,[],AUS,,Turf,2026-04-12,596550,"{'runs': '27', 'wins': '5'}",8,B,,8,GB,USA,,411151,John J Moloney (2025-11-27),False,G,Fastnet Rock,False,Etoile De Lune,,32445,1,-2.00,,,False,Good To Yielding,0,"{'runs': '6', 'wins': '0'}",,Conor McKenna & Patrick J McKenna & Emmet McKenna
Leopardstown,14:45,Sunday 10th May Leopardstown Family Day Handicap,,1m,,3yo+,0-60,"€7,068",20,Romantic War,4,gelding,23,22,J G Murray,,p,False,122,40,64,44,1,3830-0,"Third reserve, still a maiden after 21 outings, respectable run on final 2025 turf start",Still a maiden after 21 outings; respectable run on final 2025 turf start; third reserve.,,,0,True,,1m,0,"[{'trainer': 'Thomas Cleary', 'trainer_id': 16298, 'change_date': '2025-07-31'}, {'trainer': 'Adrian McGuinness', 'trainer_id': 14088, 'change_date': '2025-05-07'}]",2022-03-01,1133384,,"{'runs': '1', 'wins': '0'}",1760,2,False,Ciaran De Barra & Rathbarry Stud,544976,0%,,True,0,,917349,,-1.00,0%,IRE,2,https://www.racingpost.com/racecards/187/leopardstown/2026-04-12/917349,6202566/romantic-war,296061,"Cill Chomainn, Co Offaly",,,Flat,187,Rock Of Gibraltar,6202566,[],GB,,Turf,2026-04-12,541314,"{'runs': '5', 'wins': '0'}",1,B,,8,FR,IRE,,3933682,Mrs H OToole (2025-07-31)||Mrs K F Cleary (2025-05-22)||Syndicates.Racing (2025-05-07),False,G,Acclamation,False,Ilulisset,,38647,0,-2.00,,,False,Good To Yielding,0,"{'runs': '0', 'wins': '0'}",,Lios Dearg Partnership
Leopardstown,15:20,Leopardstown Members Handicap,,1m,,4yo+,,"€11,780",18,Va Va Vroom,4,filly,1,17,Gavin Cromwell,Reese Holohan,t,False,143,83,79,51,175,/5805-,Struggled in handicaps last season; wide draw a negative on return,Maiden winner here at 2 (good) but struggled in handicaps in first half of last season for Jessica Harrington and never counted on yard debut here in October on heavy; handicapper relenting but still on a high enough mark; wide draw a negative.,"2024-07-18 | Va Va Vroom | 6037404 | Irish EBF Auction Series Maiden (IRE Incentive Race) | 872600 | Leopardstown | 187 | 7 | 1540 | Va Va Vroom ran really well at Gowran ajnd it was good to see her put it all together there. She was still a bit green but she did it well. She's in the Debutante and we will have a look at that - Jessica Harrington, trainer","Va Va Vroom | 6037404 | She disappointed us in France when she ran in a Group 2 at Deauville last August. They got a lot of rain the night before the race and the ground changed, so that didn't suit her - she likes to hear her hooves rattle. She finished off her season in a Listed race at Dundalk, but she got no run at all and came home strong. Her work at home is just starting to come together now and a bit of warm weather will help her. 23-04-25",40,True,-,1m,2,"[{'trainer': 'Mrs John Harrington', 'trainer_id': 1285, 'change_date': '2025-10-14'}]",2022-02-13,1044482,104676,"{'runs': '0', 'wins': '0'}",1760,56,False,Manister House Stud,775057,5%,,False,13,,917350,14%,-37.40,25%,IRE,8,https://www.racingpost.com/racecards/187/leopardstown/2026-04-12/917350,6037404/va-va-vroom,356040,"Navan, Co. Meath",7,0.00,Flat,187,Swiss Spirit,6037404,[],GB,0,Turf,2026-04-12,739856,"{'runs': '2', 'wins': '0'}",74,BR,0.00,8,GB,GB,7,2743967,Sheikh Hamed Dalmook Al Maktoum (2025-10-14)||Madame X Partnership (2024-06-15),False,F,Bated Breath,False,Grace Note,1,17836,4,+13.50,,7,False,Good To Yielding,7,"{'runs': '2', 'wins': '1'}",0,Capital Thoroughbreds Syndicate
Leopardstown,15:20,Leopardstown Members Handicap,,1m,,4yo+,,"€11,780",18,Sonoran,4,gelding,2,12,G M Lyons,Jack Kearney,t,False,142,82,83,49,137,26403-,Didn't really progress as hoped last season; others preferred on return,Won 7f Tipperary maiden and then second in a Cork conditions race in first half of last season but didn't really progress; Dundalk run in November wasn't a bad effort but much more likely needed on return.,"2025-05-27 | Sonoran | 6415362 | Irish Stallion Farms EBF Median Auction Maiden | 896578 | Tipperary | 202 | 7 | 1560 | The boss [Ger Lyons, trainer] was happy and thought Sonoran was ready to start. The ground was probably a question mark when all the rain came but he handled it well. I could only imagine he'd like it nicer - Colin Keane, jockey, speaking to Racing TV.",,50,True,0%,1m,2,[],2022-03-10,1119418,101185,"{'runs': '0', 'wins': '0'}",1760,9,False,Chapel Lane Farm L T D,104011,13%,,False,22,,917350,0%,-74.78,25%,IRE,8,https://www.racingpost.com/racecards/187/leopardstown/2026-04-12/917350,6415362/sonoran,286800,"Dunsany, Co Meath",5,-42.00,Flat,187,Danehill Dancer,6415362,[],IRE,42,Turf,2026-04-12,2584644,"{'runs': '3', 'wins': '0'}",214,BB,-5.00,8,IRE,IRE,3,1796385,,False,G,Arizona,False,Falling Rain,0,8567,27,-0.93,,3,False,Good To Yielding,2,"{'runs': '0', 'wins': '0'}",0,Sean Jones & Mrs Lynne Lyons
Leopardstown,15:20,Leopardstown Members Handicap,,1m,,4yo+,,"€11,780",18,Syzygy,4,filly,3,10,Daniel McLoughlin,Scott McCullagh,p,False,142,82,79,56,28,7111-3,Lincoln third a big player if handling quicker ground,"Highly progressive from a low base last autumn, winning all three handicaps on heavy ground, at Gowran and twice at the Curragh; continued improvement on last month's return at latter venue when fine third of 25 from 7lb out of handicap in Irish Lincoln in first-time cheekpieces; encounters quicker conditions here, big player if handling them.","2025-09-20 | Syzygy | 6577997 | BOYLE Sports Home Of Early Payout Handicap (Div II) | 903976 | Gowran Park | 184 | 8 | 1760 | Syzygy is a nice filly. She had two runs for Danny [McLoughlin, trainer] and he said she'd appreciate the cut in the ground, which probably made the difference today. It slowed things down for her. She was still quite green through the run but picked up and hit the line well so I'd say further will suit her as well. Hopefully she can be progressive on slow ground - Ben Coen, jockey.",,33.33,True,2%,1m,0,"[{'trainer': 'Ollie Sangster', 'trainer_id': 40346, 'change_date': '2025-08-14'}]",2022-05-19,1115753,96054,"{'runs': '0', 'wins': '0'}",1760,6,False,Andrew Davis,649434,0%,,False,0,,917350,0%,-7.00,0%,GB,6,https://www.racingpost.com/racecards/187/leopardstown/2026-04-12/917350,6577997/syzygy,62677,"Newbridge, Co Kildare",1,-40.00,Flat,187,Teofilo,6577997,[],IRE,47,Turf,2026-04-12,837155,"{'runs': '4', 'wins': '2'}",7,B,-1.00,8,GB,IRE,,786593,,False,F,Cable Bay,False,Solfilia,0,41273,0,-6.00,,,False,Good To Yielding,0,"{'runs': '0', 'wins': '0'}",1,Andrew Davis
Leopardstown,15:20,Leopardstown Members Handicap,,1m,,4yo+,,"€11,780",18,Fixation,4,gelding,4,18,J P Murtagh,Ben Coen,,False,139,79,71,45,114,02612-,Progressive on AW last autumn; likely more to offer on turf but wide draw far from ideal,Made an immediate impact for new yard when scoring on stable debut at Dundalk (1m2f) in November and better again when second there over today's trip following month; likely still has more to offer on turf although wide draw far from ideal here.,,,42.86,True,8%,1m,2,"[{'trainer': 'N Stokes', 'trainer_id': 18014, 'change_date': '2025-11-24'}, {'trainer': 'M Halford & T Collins', 'trainer_id': 40269, 'change_date': '2025-06-23'}]",2022-04-28,1044506,97031,"{'runs': '0', 'wins': '0'}",1760,29,False,Thomas Hassett,506927,10%,,False,10,,917350,6%,-55.80,7%,IRE,28,https://www.racingpost.com/racecards/187/leopardstown/2026-04-12/917350,6327894/fixation,224811,"Coolaghknock Glebe,Co Kildare",35,-93.55,Flat,187,Invincible Spirit,6327894,[],GB,228,Turf,2026-04-12,688178,"{'runs': '4', 'wins': '0'}",210,CH,-25.00,8,GB,IRE,,3095789,Anna Stokes (2025-11-24)||Fixation Partnership (2025-06-23),False,G,Tamayuz,False,Infatuation,2,28180,20,-18.00,,,False,Good To Yielding,3,"{'runs': '1', 'wins': '0'}",18,JP Murtagh Racing
Leopardstown,15:20,Leopardstown Members Handicap,,1m,,4yo+,,"€11,780",18,Walhaan,10,gelding,5,13,Ciaran Murphy,Nicola Burns,tv,False,139,79,85,57,51,51-438,Marked drop in trip here and visor replace cheekpieces; others preferred,"Seven Flat wins include here over 1m1f in 2024 and more recently on Dundalk AW in December (1m2f); mixed form since at same venue, 1m4f looking too far on latest; marked drop in trip here and visor replace cheekpieces; others preferred.","2023-03-06 | Walhaan | 2205938 | Edmondstown Maiden Hurdle | 834868 | Leopardstown | 187 | 16 | 3520 | Walhaan got a no-nonsense ride, Eoin was very good on him. We felt he had improved since Navan and had this race pinpointed. The flat track and nice ground suited him well. He's really starting to get the hang of hurdling now - Ciaran Murphy, trainer.","Walhaan | 2205938 | He won twice in France for Jean-Claude Rouget but has been winless since and has only just joined us after a season with Ian Williams, for whom he finished second twice at Ascot. They were good runs and fingers crossed we can do something with him this year off his mark of 90. From what he has shown me at home he could win off his mark. He may start off this week at Newcastle on Friday and I think as the season progresses he can win a race or two. 28-04-21",41.67,True,5%,1m,0,"[{'trainer': 'James Tate', 'trainer_id': 25914, 'change_date': '2022-05-16'}, {'trainer': 'Ian Williams', 'trainer_id': 12465, 'change_date': '2021-04-21'}, {'trainer': 'J-C Rouget', 'trainer_id': 8358, 'change_date': '2020-01-29'}]",2016-04-24,1078416,103948,"{'runs': '0', 'wins': '0'}",1760,13,False,B Kennedy & Mrs Ann Marie Kennedy,659772,15%,,False,0,,917350,14%,+1.25,0%,IRE,7,https://www.racingpost.com/racecards/187/leopardstown/2026-04-12/917350,2205938/walhaan,317638,"Mullingar, Co. Westmeath",7,-14.00,Flat,187,Dutch Art,2205938,[],IRE,21,Turf,2026-04-12,671647,"{'runs': '11', 'wins': '0'}",26,GR,+6.00,8,GB,GB,5,808683,Allwins Stables (2022-05-16)||Hamdan Al Maktoum (2020-01-29),False,G,Dark Angel,False,Back In The Frame,1,38077,4,-7.00,,5,False,Good To Yielding,0,"{'runs': '6', 'wins': '1'}",1,Ask Dot Syndicate
Leopardstown,15:20,Leopardstown Members Handicap,,1m,,4yo+,,"€11,780",18,Anvika,5,mare,6,9,Ms Sheila Lavery,Robbie Colgan,t,False,137,77,85,78,161,42390-,C&D second in September gives her definite claims if forward enough on seasonal return,Her wins have been at 6f-7f but best run last year when runner-up in valuable C&D handicap on Champions Weekend in September off 1lb lower; heavy ground against her final start; one to consider although lacks a recent run.,,,0,True,3%,1m,0,[],2021-03-23,1118693,75609,"{'runs': '2', 'wins': '0'}",1760,2,False,Cgd Syndicate,513047,8%,,False,0,,917350,13%,-3.50,0%,IRE,2,https://www.racingpost.com/racecards/187/leopardstown/2026-04-12/917350,5218288/anvika,232098,"Summerhill, Co. Meath",8,-56.00,Flat,187,Giants Causeway,5218288,[],IRE,101,Turf,2026-04-12,637069,"{'runs': '11', 'wins': '0'}",64,CH,-3.00,8,IRE,USA,,900997,Ms Sheila Lavery (2023-09-05),False,M,Dandy Man,False,Desert Way,1,27516,5,-2.00,,,False,Good To Yielding,0,"{'runs': '3', 'wins': '0'}",3,Spyglass Syndicate
Leopardstown,15:20,Leopardstown Members Handicap,,1m,,4yo+,,"€11,780",18,Vegas Muse,4,filly,7,4,Mrs John Harrington,Keithen Kennedy,p,False,137,77,85,69,192,22613-,Couple of near misses here last year before Killarney win; respected,Couple of near misses here last year before off the mark over this trip at Killarney in August (good); decent run at Bellewstown afterwards (8lb higher) on softer ground; one to consider.,"2025-08-22 | Vegas Muse | 5982405 | GAIN The Advantage Series Handicap | 902003 | Killarney | 185 | 8 | 1790 | Things didn't happen for Vega's Muse at Galway where she didn't handle the track, but she had been knocking on the door and we're delighted with her. She kept finishing placed so had been frustrating but we thought a lot of her last year, when her maiden form was very good. Things went wrong afterwards, she got sore shins and her head went a little bit but we have her back now and she is really doing things right - Kate Harrington, assistant trainer",,33.33,True,12%,1m,0,[],2022-01-21,1079769,103045,"{'runs': '0', 'wins': '0'}",1760,21,False,Chasemore Farm,840020,11%,,False,0,,917350,0%,-57.83,0%,GB,18,https://www.racingpost.com/racecards/187/leopardstown/2026-04-12/917350,5982405/vegas-muse,335413,"Moone, Co Kildare",6,-15.83,Flat,187,Kingman,5982405,[],IRE,42,Turf,2026-04-12,740981,"{'runs': '5', 'wins': '1'}",250,CH,-6.00,8,GB,GB,5,2736669,,False,F,Lope De Vega,False,Boomer,0,1285,28,-18.00,,5,False,Good To Yielding,0,"{'runs': '3', 'wins': '0'}",5,M J Drapac
Leopardstown,15:20,Leopardstown Members Handicap,,1m,,4yo+,,"€11,780",18,Navagio,7,gelding,8,2,Ciaran Murphy,Luke McAteer,t,False,136,76,85,74,186,50435-,Poor hurdles form over the winter; doesn't appeal as well treated,Three-time Flat winner on yielding/soft for Johnny Murtagh; no success in Britain in recent years and poor form in three runs over hurdles for current yard over the winter; doesn't appeal as well treated.,"2023-07-29 | Navagio | 3793523 | SP Or Better With The Tote Race | 846373 | Gowran Park | 184 | 9.5 | 2090 | That was a pleasant surprise, I knew Navagio would handle the ground and Dylan said he could go up in trip after the Curragh the last day. He got the trip and battled. I'm thrilled with him. On ratings, I thought fourth was the best we could get. He loves a good ease in the ground - Ray Cody, trainer.",,41.67,True,10%,1m,0,"[{'trainer': 'James Horton', 'trainer_id': 39326, 'change_date': '2025-12-17'}, {'trainer': 'R P Cody', 'trainer_id': 35318, 'change_date': '2024-01-23'}, {'trainer': 'J P Murtagh', 'trainer_id': 28180, 'change_date': '2023-04-04'}]",2019-02-24,1047140,96569,"{'runs': '0', 'wins': '0'}",1760,13,False,Ballygallon Stud Limited,717364,15%,,False,0,,917350,11%,+1.25,0%,IRE,7,https://www.racingpost.com/racecards/187/leopardstown/2026-04-12/917350,3793523/navagio,367318,"Mullingar, Co. Westmeath",27,-38.22,Flat,187,Le Havre,3793523,[],GB,97,Turf,2026-04-12,602494,"{'runs': '11', 'wins': '1'}",26,B,+2.50,8,IRE,IRE,,3793522,Mrs Emily Murphy (2026-01-23)||Ontoawinner And Partners (2025-12-17)||Ballygallon Stud (Ireland) Limited (2024-01-23)||Ballygallon Stud Limited (2023-04-04),False,G,Footstepsinthesand,False,Souzie,3,38077,4,-7.00,,,False,Good To Yielding,0,"{'runs': '1', 'wins': '0'}",10,Mill Stream Racing Syndicate
Leopardstown,15:20,Leopardstown Members Handicap,,1m,,4yo+,,"€11,780",18,Molto Amichi,5,gelding,9,15,Eoin Griffin,Seamie Heffernan,,False,135,75,86,73,231,42253-,"Maiden ran well here last summer, faller over hurdles when last seen, best watched",Maiden placed several times last year including here over 1m1f (good) off 77; absent since a faller over hurdles in October and probably best watched on return.,,,0,True,8%,1m,0,[],2021-02-07,1114074,7605,"{'runs': '1', 'wins': '0'}",1760,2,False,Moran Stud Farm,596550,0%,,False,0,,917350,5%,-3.00,-,IRE,0,https://www.racingpost.com/racecards/187/leopardstown/2026-04-12/917350,6465141/molto-amichi,350650,"Slieverue, Co Kilkenny",22,-68.77,Flat,187,Fastnet Rock,6465141,[],USA,207,Turf,2026-04-12,989314,"{'runs': '1', 'wins': '0'}",3,B,-19.38,8,IRE,AUS,,870659,Marie Therese Wall (2024-10-18),False,G,Caravaggio,False,Moruadh,1,8096,0,0.00,,,False,Good To Yielding,0,"{'runs': '3', 'wins': '0'}",17,Muchos Amigos Syndicate
Leopardstown,15:20,Leopardstown Members Handicap,,1m,,4yo+,,"€11,780",18,Spent All Me Money,4,gelding,10,7,Adrian Sexton,Wesley Joyce,p,False,135,75,83,66,236,14310-,Naas winner last summer flopped at Roscommon; lacks a recent run,Roscommon claimer winner for Jack Davison and winning start for current yard in 7f Naas handicap last August off 72 (good-to-yielding); ran no sort of race later in month at Roscommon however and absent since.,,,0,True,2%,1m,0,"[{'trainer': 'Jack W Davison', 'trainer_id': 33642, 'change_date': '2025-07-28'}]",2022-02-23,1077336,100805,"{'runs': '1', 'wins': '1'}",1760,5,False,Lynch Bages Camas Park & Summerhill B/S,649250,0%,,False,0,,917350,7%,-4.00,0%,IRE,2,https://www.racingpost.com/racecards/187/leopardstown/2026-04-12/917350,7329764/spent-all-me-money,118327,"Athy, Co Kildare",14,-35.00,Flat,187,War Front,7329764,[],USA,50,Turf,2026-04-12,839221,"{'runs': '0', 'wins': '0'}",4,B,+5.00,8,USA,USA,3,978161,Mrs Noreen Galvin & John P Wade (2025-07-28),False,G,No Nay Never,False,Creative Director,1,17956,0,-2.00,,3,False,Good To Yielding,0,"{'runs': '0', 'wins': '0'}",1,Vincent Kelly
Leopardstown,15:20,Leopardstown Members Handicap,,1m,,4yo+,,"€11,780",18,Merlin The Wizard,6,gelding,11,1,R P Cody,Donagh OConnor,,False,134,74,87,67,23,570-02,Recent Dundalk second runs off same mark; could go well from a good draw,"Three wins in Britain in 2023; regressive in last two seasons but best run for some time at Dundalk last month when second to an improver over today's trip under a positive ride, his second run for the yard; same mark here, could go well from a good draw.",,,0,True,6%,1m,0,"[{'trainer': 'John James Feane', 'trainer_id': 28792, 'change_date': '2026-02-23'}, {'trainer': 'Harry Charlton', 'trainer_id': 41024, 'change_date': '2025-05-13'}, {'trainer': 'Harry & Roger Charlton', 'trainer_id': 39200, 'change_date': '2024-05-06'}]",2020-01-12,1121841,93716,"{'runs': '0', 'wins': '0'}",1760,3,False,Blue Diamond Stud Farm (uk) Ltd,679491,11%,,False,0,,917350,9%,-3.00,0%,GB,1,https://www.racingpost.com/racecards/187/leopardstown/2026-04-12/917350,4725791/merlin-the-wizard,358371,"Dunnamaggin, Co Kilkenny",11,-21.17,Flat,187,Henrythenavigator,4725791,[],GB,50,Turf,2026-04-12,784856,"{'runs': '5', 'wins': '1'}",9,B,+6.00,8,IRE,USA,,1526618,Imad Alsagar (2025-05-13),False,G,Camelot,False,Sweet Gentle Kiss,1,35318,1,-1.00,,,False,Good To Yielding,0,"{'runs': '2', 'wins': '0'}",3,Mrs L Honan & Ronnie Quinn
Leopardstown,15:20,Leopardstown Members Handicap,,1m,,4yo+,,"€11,780",18,Little Miss P,4,filly,12,8,W McCreery,W J Lee,,False,133,73,86,73,253,63555-,Promise in maidens last year; opening mark okay so worth a look,Lightly raced maiden; shaped well in Gowran and Galway maidens over this trip last summer on decent ground; opening mark looks okay so worth a look.,,,44.44,True,12%,1m,0,[],2022-05-14,1104957,81425,"{'runs': '1', 'wins': '0'}",1760,12,False,Ms A Sammon,87643,10%,,False,0,,917350,6%,+4.03,0%,IRE,9,https://www.racingpost.com/racecards/187/leopardstown/2026-04-12/917350,7551802/little-miss-p,162557,"Rathbride, Co Kildare",35,+18.04,Flat,187,Key Of Luck,7551802,[],IRE,193,Turf,2026-04-12,855564,"{'runs': '3', 'wins': '0'}",87,B,-26.92,8,IRE,USA,,660867,,False,F,Kodi Bear,False,Pelican Waters,2,20409,9,-9.00,,,False,Good To Yielding,0,"{'runs': '0', 'wins': '0'}",23,Miceal Martin Sammon
Leopardstown,15:20,Leopardstown Members Handicap,,1m,,4yo+,,"€11,780",18,Loingseoir,10,gelding,13,16,M C Grassick,N G McCullagh,t,False,133,73,82,71,161,78010-,"10yo hasn't won off this high a mark so has it to do, and draw a negative","Three of seven wins have come at the Curragh, including in October off 66; heavy ground probably against him there final start; hasn't won off this high a mark so has it to do, and draw a negative.","2022-10-08 | Loingseoir | 2885156 | O'Reilly Consulting Group Supporting The IRFU Charitable Trust Apprentice Handicap | 823315 | Curragh | 178 | 8 | 1760 | Loingseoir was 5lb higher than when winning this race last year. He loves that ground and coming home from off a strong pace. The handicapper hasn't been kind to him all year. He ran well at Galway but then got 3lb and it took a long time for him to get down to where he's competitive. He's a grand horse to have in the yard. I'm sure there'll be another race for him back here, he likes the Curragh - Michael Grassick, trainer||2020-08-16 | Loingseoir | 2885156 | Fermoy Handicap | 764304 | Cork | 596 | 10 | 2200 | He jumped a little slowly but I let him get into his rhythm. He quickened up well in the straight and won well at the line. He was good and tough. He stuck his head out and he galloped right to the line. He loved the ground - Mikey Sheehy, rider of Loingseoir",,66.67,True,2%,1m,0,[],2016-04-13,1105356,3572,"{'runs': '3', 'wins': '0'}",1760,4,False,M Grassick & A Goonan,642209,6%,,False,0,,917350,25%,-10.00,0%,IRE,3,https://www.racingpost.com/racecards/187/leopardstown/2026-04-12/917350,2885156/loingseoir,355900,"Curragh, Co. Kildare",4,-34.00,Flat,187,Jeremy,2885156,[],USA,45,Turf,2026-04-12,679491,"{'runs': '16', 'wins': '1'}",34,B,+9.00,8,IRE,USA,,813964,Mrs M J Grassick/T Oliver Hudson/M C Grassick/W Keeling (2025-03-11)||Patrick Pearse & W Keeling & M C Grassick & Mrs M J Grassick (2022-03-15)||Patrick Pearse & M C Grassick & Mrs M J Grassick (2020-06-17),False,G,Henrythenavigator,False,Only Exception,1,27681,2,-3.00,,,False,Good To Yielding,0,"{'runs': '2', 'wins': '0'}",1,W Keeling & M C Grassick & Mrs M J Grassick
Leopardstown,15:20,Leopardstown Members Handicap,,1m,,4yo+,,"€11,780",18,Battle Borne,4,gelding,14,3,Patrick J McKenna,Patrick McGettigan,p,False,131,71,85,38,23,392100,Dundalk maiden winner has struggled since in handicaps; of limited appeal back on turf,"10 of 13 starts have been at Dundalk, winning 7f maiden there in February; has struggled both starts since in handicaps and of limited appeal back on turf.",,,0,True,17%,1m,0,"[{'trainer': 'Gavin Cromwell', 'trainer_id': 17836, 'change_date': '2026-01-05'}]",2022-03-18,1131170,103866,"{'runs': '0', 'wins': '0'}",1760,3,False,Mr N OHare,805556,13%,,False,0,,917350,0%,-5.00,0%,IRE,2,https://www.racingpost.com/racecards/187/leopardstown/2026-04-12/917350,7789354/battle-borne,231676,"Dugannon, Co Tyrone",11,+9.00,Flat,187,Bungle Inthejungle,7789354,[],GB,18,Turf,2026-04-12,541314,"{'runs': '6', 'wins': '0'}",8,B,-11.00,8,IRE,GB,5,2082289,Nigel OHare (2026-01-05),False,G,Acclamation,False,Rope A Dope,0,32445,1,-2.00,,5,False,Good To Yielding,0,"{'runs': '2', 'wins': '0'}",3,Patrick J McKenna
Leopardstown,15:20,Leopardstown Members Handicap,,1m,,4yo+,,"€11,780",18,Faoladh,4,gelding,15,14,Andrew Slattery,Andrew Slattery,t,False,128,68,85,70,30,2150-9,C&D winner last summer all the better for recent AW comeback run; considered,"Enjoyed a good spell of form on turf last summer, winning over C&D off 66; last month's Dundalk comeback run should have brought him on and worth considering despite high draw.",,,56.52,True,7%,1m,3,[],2022-04-22,1023156,97030,"{'runs': '0', 'wins': '0'}",1760,23,False,Hardys Of Kilkeel Ltd,304240,9%,,False,17,,917350,6%,-32.67,15%,IRE,20,https://www.racingpost.com/racecards/187/leopardstown/2026-04-12/917350,5951619/faoladh,150705,"Thurles, Co Tipperary",17,-40.17,Flat,187,Trempolino,5951619,[],IRE,69,Turf,2026-04-12,855564,"{'runs': '8', 'wins': '1'}",79,B,-12.50,8,FR,USA,,706741,Mrs S Slattery (2024-10-15),False,G,Kodi Bear,False,Lumiere Astrale,1,10588,7,+0.25,,,False,Good To Yielding,4,"{'runs': '4', 'wins': '1'}",5,Men Of Forty Eight Syndicate
Leopardstown,15:20,Leopardstown Members Handicap,,1m,,4yo+,,"€11,780",18,Gotta Catchem All,6,gelding,16,11,H Rogers,Adam Caffrey,,False,126,66,81,73,163,22284-,Best form is over further; may need this comeback run,21-race maiden whose best form is over middle distances; ran well over this trip at Dundalk in October when last seen but may well need this comeback run.,,,50,True,6%,1m,0,[],2020-04-10,1113730,100877,"{'runs': '2', 'wins': '0'}",1760,6,False,Con OLeary & Mary Rogers,506927,0%,,False,0,,917350,6%,-20.00,0%,IRE,4,https://www.racingpost.com/racecards/187/leopardstown/2026-04-12/917350,6197938/gotta-catchem-all,355889,"Ardee, Co. Louth",16,-16.50,Flat,187,Invincible Spirit,6197938,[],IRE,85,Turf,2026-04-12,826250,"{'runs': '3', 'wins': '0'}",20,B,-11.50,8,ITY,IRE,,734176,H Rogers (2025-03-11),False,G,Free Eagle,False,Allegra Tak,1,13130,0,-4.00,,,False,Good To Yielding,0,"{'runs': '0', 'wins': '0'}",5,Mrs S Bury & Ralph Kelly & Odhran ONeill & Thomas Cox
Leopardstown,15:20,Leopardstown Members Handicap,,1m,,4yo+,,"€11,780",18,Pallatine Hills,4,gelding,17,5,Eddie & Patrick Harty,Jamie Powell,t,False,126,66,85,78,190,83550-,Maiden down to a decent mark and good draw; contender if forward enough on seasonal return,Maiden ran well in a couple of handicaps last year off higher marks; usual blinkers left off for seasonal return; good draw and a contender if forward enough on seasonal return.,,,0,True,10%,1m,0,[],2022-02-19,891,99788,"{'runs': '0', 'wins': '0'}",1760,10,False,Barronstown Stud,654568,0%,,False,0,,917350,0%,-28.00,0%,IRE,5,https://www.racingpost.com/racecards/187/leopardstown/2026-04-12/917350,6388851/pallatine-hills,359655,"Curragh, Co Kildare",10,+6.50,Flat,187,Excellent Art,6388851,[],IRE,84,Turf,2026-04-12,1748791,"{'runs': '5', 'wins': '0'}",28,B,-10.00,8,IRE,GB,,820687,C ONeill (2025-06-23)||Apollo Thoroughbreds (2025-04-15)||Mrs E P Harty (2024-08-28),False,G,Circus Maximus,False,Shy Bride,0,38507,0,-5.00,,,False,Good To Yielding,0,"{'runs': '0', 'wins': '0'}",8,C ONeillL Kinsella & Partners
Leopardstown,15:20,Leopardstown Members Handicap,,1m,,4yo+,,"€11,780",18,Beat The Devil,4,gelding,18,6,Patrick Magee,Robert Whearty,t,False,123,63,82,,11,224725,Fit from good AW campaign and back in trip; each-way claims,"Busy AW campaign over the winter, winning over this trip and runner-up three times afterwards; ran well for a long way on latest but 1m4f seemed too far; back in trip with race-fitness guaranteed so definite each-way claims.",,,20,True,1%,1m,0,[],2022-01-15,1043303,100975,"{'runs': '0', 'wins': '0'}",1760,9,False,Limestone & Tara Studs,87643,5%,,False,11,,917350,0%,-8.00,0%,IRE,4,https://www.racingpost.com/racecards/187/leopardstown/2026-04-12/917350,7378614/beat-the-devil,149108,"Shercock, Co Cavan",3,-62.00,Flat,187,Key Of Luck,7378614,[],IRE,75,Turf,2026-04-12,852614,"{'runs': '7', 'wins': '1'}",20,B,-3.00,8,IRE,USA,,815595,,False,G,Estidhkaar,False,Xerxes,0,36851,1,-4.00,,,False,Good To Yielding,1,"{'runs': '0', 'wins': '0'}",1,Black Steel Square Syndicate
Leopardstown,15:55,Ballylinch Stud Red Rocks Stakes (Group 3) (Colts & Geldings),Group 3,7f,1,3yo,,"€41,230",11,Power Blue,3,colt,1,11,Robson De Aguiar,David Egan,,False,134,114,118,104,246,32531-,"Reversed previous form with True Love to win the Phoenix Stakes, big chance if he stays","Won the first juvenile race of 2025; then third in a 5f Listed race; second to Albert Einstein in the 6f Marble Hill; fifth of 20 in the Coventry; well held in third behind True Love in the Railway Stakes; reversed form with the filly (finished slightly lame) to win the Phoenix Stakes under a positive ride; pedigree suggests he can stay 7f, ground should not be a problem.","2025-08-09 | Power Blue | 7204797 | Keeneland Phoenix Stakes (Group 1) (No Geldings) | 897910 | Curragh | 178 | 6 | 1320 | He has got bigger and stronger and Power Blue is improving throughout the year. Every time he turns up he never lets us down. A furlong out I was thinking the filly wasn't going to get to him - Adrian Murray, trainer, speaking to Racing TV||2025-03-16 | Power Blue | 7204797 | Castle Star At Capital Stud Irish EBF Maiden | 890272 | Curragh | 178 | 5 | 1100 | It's a bit of a usual thing with Adrian [Murray] and his team winning this race! Power Blue was well prepared and he was the ultimate professional really. He showed a little bit of greenness but he really quickened up the last hundred yards and galloped out all the way to the boards so he'll be getting a bit further than five furlongs, that's for sure. Why not? [when asked whether he could emulate the achievements of previous recent winners of this race]. He won by a wider margin today than Arizona Blaze, who was a Breeders' Cup placed horse and Bucanero Fuerte probably won in similar fashion. He's a nice horse and there's sure to be plenty of improvement - David Egan, jockey, speaking to Racing TV.","Power Blue | 7204797 | He's run some very good races, including when second to Albert Einstein last time, and we think he'll go very close in the Coventry. He and Arizona Blaze are probably our best chances. 13-06-25",15.38,False,15%,7f42y,0,"[{'trainer': 'Adrian Murray', 'trainer_id': 19030, 'change_date': '2025-12-03'}]",2023-02-01,1048217,95388,"{'runs': '0', 'wins': '0'}",1582,15,False,Finanza Locale Consulting,755364,-,,False,0,,917351,16%,0.00,0%,IRE,13,https://www.racingpost.com/racecards/187/leopardstown/2026-04-12/917351,7204797/power-blue,252234,"Mullingar, Westmeath",25,+16.50,Flat,187,Worthadd,7204797,[],IRE,13,Turf,2026-04-12,2304825,"{'runs': '0', 'wins': '0'}",0,B,-7.02,7,IRE,IRE,,2881455,Giselle De Aguiar (2025-09-25)||Amo Racing Limited (2025-08-19)||Giselle De Aguiar (2025-07-15)||Amo Racing Limited (2025-07-01)||LNA Racing Syndicate (2025-06-13),False,C,Space Blues,False,Visions,4,42639,0,-13.00,,,False,Good To Yielding,0,"{'runs': '0', 'wins': '0'}",2,Amo Racing Limited
Leopardstown,15:55,Ballylinch Stud Red Rocks Stakes (Group 3) (Colts & Geldings),Group 3,7f,1,3yo,,"€41,230",11,Dorset,3,colt,2,6,A P OBrien,Jack Cleary,,False,131,106,113,109,176,15411-,"Goffs Million winner followed that up with C&D Group 3 win, strong contender, handles soft",Ran well in Group 2 Vintage Stakes at Goodwood; sacrificed in pacemaking role in the National Stakes (Curragh); beat 29 rivals to land the Goffs Million; followed that up with a front-running C&D Group 3 win in the Killavullan Stakes; talented apprentice is 2-2 on the Wootton Bassett colt who is effective on soft ground.,"2025-10-18 | Dorset | 7551785 | Killavullan Stakes (Group 3) | 905957 | Leopardstown | 187 | 7 | 1570 | I always felt I'd hold off Daytona, but Dorset was very good - Jack Cleary, jockey.||2025-09-27 | Dorset | 7551785 | Goffs Million (Turf) | 907298 | Curragh | 178 | 7 | 1540 | Dorset gave me a great feel throughout the race. He jumped out of the gates good and the plan was to be forward on him. He was really enjoying himself out in front. He was very tough then the whole way to the line. He should handle a mile fine, and that ground out there was no problem to him - Jack Cleary, jockey.It's fantastic to win this race. Dorset is definitely a Group horse and you'd have to maybe give him a go at the Dewhurst now - Chris Armstrong, trainer's assistant.||2025-06-28 | Dorset | 7551785 | Barronstown Stud Irish EBF (C & G) Maiden | 898632 | Curragh | 178 | 7 | 1540 | Lovely, straightforward horse, Dorset came forward lovely and he'll get further. Plenty of options, he could go for the Tyros or the Superlative - Aidan O'Brien, trainer, speaking to Racing TV.","Dorset | 7551785 | He was progressive last year and won his last two races, the Goffs Million and a seven-furlong Group 3 at Leopardstown. He'll have a Derby prep and could be a French Derby horse. 31-03-26",58.82,False,12%,7f42y,3,[],2023-05-10,1129076,100369,"{'runs': '0', 'wins': '0'}",1582,23,False,Snowflakes Syndicate,531769,23%,,False,17,,917351,0%,-41.08,18%,IRE,17,https://www.racingpost.com/racecards/187/leopardstown/2026-04-12/917351,7551785/dorset,296815,"Cashel, Co Tipperary",7,-20.46,Flat,187,Galileo,7551785,[],GB,58,Turf,2026-04-12,749478,"{'runs': '6', 'wins': '3'}",362,GR,-7.00,7,IRE,IRE,,1478665,Derrick Smith/Mrs John Magnier/Michael Tabor/Westerberg (2025-08-12),False,C,Wootton Bassett,False,Snowflakes,0,7978,82,-10.52,,,False,Good To Yielding,4,"{'runs': '1', 'wins': '1'}",7,Derrick Smith/Mrs John Magnier/Michael Tabor/Westerberg
Leopardstown,15:55,Ballylinch Stud Red Rocks Stakes (Group 3) (Colts & Geldings),Group 3,7f,1,3yo,,"€41,230",11,Flushing Meadows,3,colt,3,7,A P OBrien,Ryan Moore,,False,131,103,108,88,262,122-,"Promising sort, doubts raised by 6l Group 3 defeat over C&D in July, Ryan Moore aboard","Overcame inexperience to make a winning debut over 6f at the Curragh; did not look entirely straightforward (hung right) when beaten by a filly, Suzie Songs, in the Anglesey Stakes; doubts raised by 6l Group 3 defeat over C&D in July; however, Ryan Moore sticks with him in apparent preference to the higher-rated Dorset.","2025-06-04 | Flushing Meadows | 7551786 | Businessplus.ie Irish EBF Maiden | 896919 | Curragh | 178 | 6 | 1320 | He will have no problem going 7f. We were here to see if Ascot would come too quick for Flushing Meadows, the Coventry would be the race for him, but it seems more likely he'll come back here for the Railway Stakes, we'll take our time - Aidan O'Brien, trainer, speaking to Racing TV.","Flushing Meadows | 7551786 | He was second in a couple of Group 3 races last year. We're happy with how he's done over the winter and we think he's a horse for a Derby trial up to a mile and a quarter, and he might get further. 31-03-26",58.82,False,34%,7f42y,3,[],2023-04-12,1101045,79202,"{'runs': '1', 'wins': '0'}",1582,23,False,Orpendale/Chelston/Wynatt,531769,23%,,False,17,,917351,11%,-41.08,18%,USA,17,https://www.racingpost.com/racecards/187/leopardstown/2026-04-12/917351,7551786/flushing-meadows,143761,"Cashel, Co Tipperary",9,-12.18,Flat,187,Galileo,7551786,[],GB,105,Turf,2026-04-12,749478,"{'runs': '1', 'wins': '0'}",362,B,-7.43,7,IRE,IRE,,1542164,Mrs John Magnier (2025-07-15)||Michael Tabor & Derrick Smith & Mrs John Magnier (2025-07-01)||Michael Tabor (2025-05-20),False,C,Wootton Bassett,False,Hence,1,7978,82,-10.52,,,False,Good To Yielding,4,"{'runs': '1', 'wins': '0'}",36,Michael Tabor & Derrick Smith & Mrs John Magnier
Leopardstown,15:55,Ballylinch Stud Red Rocks Stakes (Group 3) (Colts & Geldings),Group 3,7f,1,3yo,,"€41,230",11,Geryon,3,colt,4,10,G M Lyons,Gary Carroll,t,True,131,107,108,102,197,122-,"Form ties in with smart Ballydoyle colts Constitution River and Hawk Mountain, respected",Long-priced Curragh maiden winner on debut last August; subsequently form ties in with smart Ballydoyle colts Constitution River and Hawk Mountain; Beresford Stakes second was advertised by Hawk Mountain in winning the William Hill Futurity; tongue-tie on now.,"2025-08-09 | Geryon | 7870207 | Revamp Conservation And Restoration Irish EBF Maiden | 901163 | Curragh | 178 | 7 | 1540 | You would like to think there would be plenty of improvement as it was Geryon's first day away from Glenburnie and first day on turf. The best-looking horse I had by Lope de Vega was Endless Drama who was second in the Guineas and this is the second best one I've had by him - Ger Lyons, trainer.",,50,False,5%,7f42y,2,[],2023-04-17,1077492,86848,"{'runs': '0', 'wins': '0'}",1582,9,False,Newtown Anner Stud Farm Ltd,534251,13%,,False,22,,917351,6%,-74.78,25%,IRE,8,https://www.racingpost.com/racecards/187/leopardstown/2026-04-12/917351,7870207/geryon,159428,"Dunsany, Co Meath",16,-91.90,Flat,187,Mizzen Mast,7870207,[],IRE,143,Turf,2026-04-12,740981,"{'runs': '2', 'wins': '1'}",214,B,-1.00,7,USA,USA,,2367295,,False,C,Lope De Vega,False,Oboe,1,8567,27,-0.93,,,False,Good To Yielding,2,"{'runs': '0', 'wins': '0'}",7,Newtown Anner Stud Farm Ltd
Leopardstown,15:55,Ballylinch Stud Red Rocks Stakes (Group 3) (Colts & Geldings),Group 3,7f,1,3yo,,"€41,230",11,Iron Lily,3,colt,5,3,Mrs John Harrington,W J Lee,,False,131,,95,53,165,21-,"Had plenty in reserve when winning a Dundalk last October, can win more races this term","Wootton Bassett colt; no match for a Ballydoyle favourite at the Curragh (7f, soft to heavy) last October; had plenty in reserve when winning a Dundalk later that month; can win more races this term; this may prove too demanding on return.","2025-10-29 | Iron Lily | 8120558 | Irish Stallion Farms EBF Maiden | 906935 | Dundalk (AW) | 1138 | 7 | 1540 | Iron Lily is a genuine, nice horse. He did things right and ground it out nicely. He is probably a next-year project and is a horse to look forward to - Shane Foley, jockey.",,33.33,False,12%,7f42y,0,[],2023-03-03,1050748,81425,"{'runs': '0', 'wins': '0'}",1582,21,False,Rabbah Bloodstock Limited,740981,11%,,False,0,,917351,6%,-57.83,0%,IRE,18,https://www.racingpost.com/racecards/187/leopardstown/2026-04-12/917351,8120558/iron-lily,241364,"Moone, Co Kildare",35,+18.04,Flat,187,Lope De Vega,8120558,[],GB,193,Turf,2026-04-12,749478,"{'runs': '2', 'wins': '1'}",250,B,-26.92,7,IRE,IRE,,6741759,,False,C,Wootton Bassett,False,Lily De Vega,2,1285,28,-18.00,,,False,Good To Yielding,0,"{'runs': '0', 'wins': '0'}",23,Sheikh Hamed Dalmook Al Maktoum
Leopardstown,15:55,Ballylinch Stud Red Rocks Stakes (Group 3) (Colts & Geldings),Group 3,7f,1,3yo,,"€41,230",11,Mumhan,3,colt,6,1,J S Bolger,Oisin Murphy,,False,131,,96,96,176,15-,"Debut maiden winner, beaten 14l when last of five in Killavullan Stakes over C&D",Debut maiden winner over 6f at the Curragh; beaten 14l when last of five behind Dorset in Killavullan Stakes over C&D.,"2025-09-27 | Mumhan | 8048366 | Kildare House Hotel Irish Ebf Maiden | 907294 | Curragh | 178 | 6 | 1320 | Mumhan is a good horse and just needed a bit of time. He'll probably go for the Killavullan and then I'll have to find a race to make him champion two-year-old. He was very green and should improve - Jim Bolger, trainer.",,75,False,17%,7f42y,0,[],2023-05-21,3150,92728,"{'runs': '0', 'wins': '0'}",1582,7,False,J S Bolger,304229,8%,,False,0,,917351,18%,-89.84,0%,IRE,4,https://www.racingpost.com/racecards/187/leopardstown/2026-04-12/917351,8048366/mumhan,186401,"Coolcullen, Co Carlow",39,-2.50,Flat,187,Gone West,8048366,[],IRE,6,Turf,2026-04-12,1004665,"{'runs': '1', 'wins': '0'}",179,B,-2.93,7,USA,USA,,735948,,False,C,Mehmas,False,Yes Oh Yes,7,995,15,-4.00,,,False,Good To Yielding,0,"{'runs': '1', 'wins': '0'}",1,Mrs J S Bolger
Leopardstown,15:55,Ballylinch Stud Red Rocks Stakes (Group 3) (Colts & Geldings),Group 3,7f,1,3yo,,"€41,230",11,Redemption Road,3,gelding,7,4,David Marnane,Luke McAteer,,False,131,89,93,82,44,9128-3,"89-rated gelding faces a daunting task in a race of this standard, fit from a Dundalk run","89-rated gelding faces a daunting task in a race of this standard, fit from a Dundalk run.","2025-08-31 | Redemption Road | 7816059 | Irish EBF Auction Series Maiden (IRE Incentive Race) | 902262 | Tipperary | 202 | 7.5 | 1650 | Redemption Road had a lovely run the last day, but he just got into all sorts of trouble. Typical one of ours, he keeps getting better. He is actually quite a nice horse, I don't know what we're going to do after here, we just liked this race and he is probably one for stepping up in trip, although maybe not just yet. He is growing up now - David Marnane, trainer.",,66.67,False,10%,7f42y,3,[],2023-05-03,1069022,96569,"{'runs': '0', 'wins': '0'}",1582,10,False,Abingdon & Witney College,782259,4%,,False,30,,917351,11%,-42.50,33%,GB,9,https://www.racingpost.com/racecards/187/leopardstown/2026-04-12/917351,7816059/redemption-road,316116,"Bansha, Co Tipperary",27,-38.22,Flat,187,Lilbourne Lad,7816059,[],GB,97,Turf,2026-04-12,1745410,"{'runs': '1', 'wins': '0'}",55,B,+2.50,7,IRE,IRE,,885006,,False,G,Without Parole,False,Olivia Pope,3,17308,2,+20.50,,,False,Good To Yielding,3,"{'runs': '0', 'wins': '0'}",10,MRC International
Leopardstown,15:55,Ballylinch Stud Red Rocks Stakes (Group 3) (Colts & Geldings),Group 3,7f,1,3yo,,"€41,230",11,The Publicans Son,3,colt,8,5,Joseph Patrick OBrien,J M Sheridan,,False,131,,108,87,197,28-,In rear in the Middle Park after a promising debut in a Group 3 event at the Curragh,"Belied his 40-1 odds with a strong-finishing second in Group 3 contest at the Curragh (6f, good to yielding) where he was the sole newcomer in a field of ten; relative inexperience may have been a factor when he finished in rear in the Middle Park.",,,53.06,False,6%,7f42y,6,[],2023-04-12,1139654,99171,"{'runs': '1', 'wins': '0'}",1582,52,False,Lynn & Chris Boutte,528128,12%,,False,15,,917351,17%,-78.85,14%,USA,42,https://www.racingpost.com/racecards/187/leopardstown/2026-04-12/917351,7834648/the-publicans-son,360851,"Owning Hill, Co Kilkenny",30,-48.50,Flat,187,War Chant,7834648,[],USA,81,Turf,2026-04-12,3593709,"{'runs': '0', 'wins': '0'}",302,BB,+32.00,7,USA,USA,,6265665,Barry Fowler (2025-08-05),False,C,Beau Liam,False,Annie Walker,5,32145,37,+24.50,,,False,Good To Yielding,8,"{'runs': '0', 'wins': '0'}",5,Fowler/Blake/Magnier/Shanahan/MacLennan
Leopardstown,15:55,Ballylinch Stud Red Rocks Stakes (Group 3) (Colts & Geldings),Group 3,7f,1,3yo,,"€41,230",11,Thesecretadversary,3,colt,9,2,J A Stack,Seamie Heffernan,,False,131,102,109,92,211,22215-,Not disgraced in a Grade 1 in Canada after beating good yardstick Brussels at Tipperary,Chesham Stakes runner-up; not disgraced in a Grade 1 in Canada in September after beating good yardstick Brussels in a Listed race at Tipperary; easy ground is a concern based on his failure to land short odds at Ayr in July.,"2025-06-21 | Thesecretadversary | 7551797 | Chesham Stakes (Listed Race) | 896147 | Ascot | 2 | 7 | 1540 | Thesecretadversary ran a great race. It's annoying we didn't get there, but he ran a great race. He's been very straightforward, he's always looked a bit above average from the minute we started doing a bit with him. I know he's quite colourful, but he's actually a very good model. Seamie was delighted with him, he said he has the pace of a good horse, he feels he will mature in time - Fozzy Stack, trainer.",,50,False,8%,7f42y,1,[],2023-04-12,1135367,7605,"{'runs': '0', 'wins': '0'}",1582,8,False,Coolmore & Cayton Park Stud,859275,0%,,False,13,,917351,5%,-27.00,13%,IRE,8,https://www.racingpost.com/racecards/187/leopardstown/2026-04-12/917351,7551797/thesecretadversary,262821,"Golden, Co. Tipperary",22,-68.77,Flat,187,Gleneagles,7551797,[],FR,207,Turf,2026-04-12,3125350,"{'runs': '3', 'wins': '0'}",27,CH,-19.38,7,IRE,IRE,,2594239,,False,C,St Marks Basilica,False,Too Soon To Panic,1,33059,0,-5.38,,,False,Good To Yielding,1,"{'runs': '1', 'wins': '0'}",17,Cayton Park Stud & Mrs John Magnier
Leopardstown,15:55,Ballylinch Stud Red Rocks Stakes (Group 3) (Colts & Geldings),Group 3,7f,1,3yo,,"€41,230",11,Trojan Warrior,3,colt,10,8,A P OBrien,Wayne Lordan,,False,131,,103,76,173,1-,Left an impression he would stay a lot further when winning over 6f on only start at two,Wootton Bassett colt out of a Fastnet Rock mare; left an impression he would stay a lot further when winning over 6f at the Curragh on only start at two; promising.,,"Trojan Warrior | 7784907 | He could be a fair horse. He beat a horse of Joseph's [Go Just Do It] on his only run last season on heavy ground and was very green. He could be an Irish 2,000 Guineas horse, maybe running in the Tetrarch Stakes on the way. 31-03-26",58.82,False,16%,7f42y,3,[],2023-04-11,1116085,76602,"{'runs': '0', 'wins': '0'}",1582,23,False,Chelston Orpendale & Wynatt,596550,23%,,False,17,,917351,13%,-41.08,18%,USA,17,https://www.racingpost.com/racecards/187/leopardstown/2026-04-12/917351,7784907/trojan-warrior,143761,"Cashel, Co Tipperary",15,-40.49,Flat,187,Fastnet Rock,7784907,[],GB,146,Turf,2026-04-12,749478,"{'runs': '0', 'wins': '0'}",362,BB,-10.09,7,USA,AUS,,3125313,Michael Tabor (2025-10-07),False,C,Wootton Bassett,False,Monday,2,7978,82,-10.52,,,False,Good To Yielding,4,"{'runs': '0', 'wins': '0'}",23,Michael Tabor & Derrick Smith & Mrs John Magnier
Leopardstown,15:55,Ballylinch Stud Red Rocks Stakes (Group 3) (Colts & Geldings),Group 3,7f,1,3yo,,"€41,230",11,Warsaw,3,colt,11,9,A P OBrien,Ronan Whelan,t,True,131,99,104,85,299,10-,"Made a winning debut at Navan, not seen again after a mid-division finish in the Coventry",Made a winning debut over 5f at Navan last June; not seen again after a mid-division finish in the Coventry; tongue-tie fitted; beat watched.,"2025-06-07 | Warsaw | 7627164 | Lynn Lodge Stud Irish EBF Maiden | 897123 | Navan | 193 | 5 | 1100 | It was a lovely start and Jack [Cleary] gave Warsaw a lovely ride. We brought them all here today to run them to find out if they are worth considering for Ascot.  We will see how he comes through it. He started at five today and we thought coming here he would be able to go six. Jack said he will have no problem going seven, so it is a good sign. He was professional. He travelled and did everything right. If he comes out of it well, we could look at maybe one of the Ascot races - Chris Armstrong, trainer's representative.",Warsaw | 7627164 | He's a lovely son of Wootton Bassett and we were delighted with him at Navan the other day. The plan at the moment is for him to go to the Coventry Stakes. 13-06-25,58.82,False,10%,7f42y,3,[],2023-02-18,1110697,88563,"{'runs': '0', 'wins': '0'}",1582,23,False,Coolmore,531769,23%,,False,17,,917351,7%,-41.08,18%,IRE,17,https://www.racingpost.com/racecards/187/leopardstown/2026-04-12/917351,7627164/warsaw,297832,"Cashel, Co Tipperary",15,-27.93,Flat,187,Galileo,7627164,[],GB,142,Turf,2026-04-12,749478,"{'runs': '0', 'wins': '0'}",362,BR,+14.00,7,IRE,IRE,,3125300,,False,C,Wootton Bassett,False,Espania,1,7978,82,-10.52,,,False,Good To Yielding,4,"{'runs': '0', 'wins': '0'}",14,Mrs John Magnier/Michael Tabor/Derrick Smith/Westerberg
Leopardstown,16:25,Ballylinch Stud Priory Belle Stakes (Group 3) (Fillies),Group 3,7f,1,3yo,,"€41,230",15,Composing,3,filly,1,13,A P OBrien,Wayne Lordan,,False,131,105,116,99,184,11436-,"Very experienced filly, solid form over this trip, rated 10lb below stablemate True Love","Summer hat-trick culminated in Group 2 win at the Curragh, beating Suzie Songs (7f, good); beaten favourite in the Moyglare and Goffs Million at the same venue; unplaced in the Fillies' Mile on final start; officially rated 10lb below stablemate True Love.","2025-09-14 | Composing | 7588058 | Moyglare Stud Stakes (Group 1) (Fillies) | 898853 | Curragh | 178 | 7 | 1540 | I maybe should've put in one to go on and make the running for Composing. It wasn't fair to ask her to make the running in that headwind, but I can't be disappointed with her or Beautify - Aidan O'Brien, trainer.||2025-08-23 | Composing | 7588058 | Alpha Centauri Debutante Stakes (Group 2) (Fillies) | 900209 | Curragh | 178 | 7 | 1540 | Composing is a lovely filly and Wayne said when she got there, she thought it was over. She's very straightforward and professional. We thought we'd have to make it and we were delighted that Ger's filly went on. If everything is right, she'll come back here for the Moyglare. She's so laid-back and is the very same at home -  Aidan O'Brien, trainer.||2025-06-27 | Composing | 7588058 | O'Driscolls Irish Whiskey Irish EBF Fillies Maiden | 898613 | Curragh | 178 | 7 | 1540 | Composing is a lovely, straightforward filly. Wayne gave her a lovely ride. A filly who will get further, uncomplicated, he said she went to the line with her ears pricked, she has probably the makings of a lovely filly. For whatever reason Minerva is just not getting it together and Ryan said all she wanted to do was go right - Aidan O'Brien, trainer, speaking to RacingTV.","Composing | 7588058 | She had a good season last year, winning a Group 2 over seven furlongs at the Curragh and running well in Group 1 races. We fancied her in the Moyglare [finished fourth behind Precise], but she was a little bit disappointing. We think she can come back to what we thought she was going to be. 31-03-26",58.82,False,16%,7f42y,3,[],2023-04-05,1095861,76602,"{'runs': '1', 'wins': '1'}",1582,23,False,Renzo Forni,826492,23%,,False,17,,917352,13%,-41.08,18%,IRE,17,https://www.racingpost.com/racecards/187/leopardstown/2026-04-12/917352,7588058/composing,297832,"Cashel, Co Tipperary",15,-40.49,Flat,187,Australia,7588058,[],GB,146,Turf,2026-04-12,749478,"{'runs': '5', 'wins': '3'}",362,B,-10.09,7,IRE,GB,,2838257,Mrs John Magnier (2025-05-22),False,F,Wootton Bassett,False,Epona Plays,2,7978,82,-10.52,,,False,Good To Yielding,4,"{'runs': '1', 'wins': '1'}",23,Mrs John Magnier/Michael Tabor/Derrick Smith/Westerberg
Leopardstown,16:25,Ballylinch Stud Priory Belle Stakes (Group 3) (Fillies),Group 3,7f,1,3yo,,"€41,230",15,True Love,3,filly,2,15,A P OBrien,Ryan Moore,,False,131,115,121,112,163,11218-,"Queen Mary/Cheveley Park winner, steps up to 7f, clear best if coping with trip/ground","Backed up Queen Mary win when much too good for the colts in the Railway Stakes; reported slightly lame after odds-on Phoenix Stakes defeat; quickly back in the groove when beating Havana Anna in the Cheveley Park; started slowly and never posed a serious threat over 5f in the Breeders' Cup Juvenile Turf Sprint; steps up to 7f, clear pick here if coping with trip/easy ground.","2025-09-27 | True Love | 7466846 | Tattersalls Sceptre Sessions Cheveley Park Stakes (Group 1) (Fillies) | 900009 | Newmarket | 38 | 6 | 1320 | True Love is a big powerhouse and is very quick. I wouldn't be sure she'd stay as mile as she's by No Nay Never and he has a big influence for speed, but you never know. She's big, but definitely not short of speed. She could go to America as she travels very strongly. We never know if you get through the winter and into the spring if they're going to stay, and she's got a great constitution and mind - Aidan O'Brien, trainer.We won't know if True Love stay a mile until next year, but she has plenty of speed. She coasted past the furlong and found plenty for pressure. She finished second last time, but she's matured and grown stronger since then. She keeps on changing, so you just won't know what will happen. We see her every day at home, but when I got up on her, I realised then how big she's getting. She's growing into herself and still improving - Wayne Lordan, jockey, speaking to ITV Racing.||2025-07-19 | True Love | 7466846 | GAIN Railway Stakes (Group 2) | 897906 | Curragh | 178 | 6 | 1320 | Obviously True Love is fast, so we weren't sure she'd get six furlongs. She was a Queen Mary winner, so it was very hard for Ryan not to ride her. Obviously the Phoenix would be there for her as well as the Morny and the Cheveley Park - Aidan O'Brien, trainer.||2025-06-18 | True Love | 7466846 | Queen Mary Stakes (Group 2) (Fillies) | 896129 | Ascot | 2 | 5 | 1100 | The lads will decide, but you'd imagine True Love will have no problem going six [furlongs], but she is [by] No Nay Never and he's a big influence for speed. Always the Queen Mary winner goes to Deauville [for the Prix Morny] or they go to the Curragh [for the Phoenix Stakes], so they're the two races. There's the fillies' race at the Newmarket [the Duchess of Cambridge Stakes] July festival, but if that'll come too early, I don't know. She had to work hard because she was on her own in that part of the track and the only company she was going to get was in the middle, but Ryan [Moore] slowly let her get out there. She did well really because she was under the pump a long way out but she was strong at the line. She's obviously high class. Walking around the ring she was like a big four-year-old and that's not making light of anything, she's just so scopey and so mature. She's something to look forward to - Aidan O'Brien, trainer.True Love is a tall, scopey girl. She'll be better suited when she goes back to six. She looked a bit different to the rest of them at the start. She's a No Nay Never and they're usually big, strong, powerful fast two-year-olds; she's got all that size but she feels like she'll be better suited when she goes a bit further. She was second first time in a Listed race, beat by a smart filly, and then obviously the colt that beat her won yesterday, so the form was there - Ryan Moore, jockey.","True Love | 7466846 | She was great last year, winning three times including the Queen Mary and the Cheveley Park. She could be trained for a Guineas, even though she's by No Nay Never. We'll give her a chance of getting a mile and there's a chance she could get it. 31-03-26",58.82,False,34%,7f42y,3,[],2023-04-05,1110697,79202,"{'runs': '0', 'wins': '0'}",1582,23,False,Coolmore,596550,23%,,False,17,,917352,11%,-41.08,18%,IRE,17,https://www.racingpost.com/racecards/187/leopardstown/2026-04-12/917352,7466846/true-love,143761,"Cashel, Co Tipperary",9,-12.18,Flat,187,Fastnet Rock,7466846,[],USA,105,Turf,2026-04-12,839221,"{'runs': '0', 'wins': '0'}",362,B,-7.43,7,USA,AUS,,1132566,Michael Tabor (2025-04-24),False,F,No Nay Never,False,Alluringly,1,7978,82,-10.52,,,False,Good To Yielding,4,"{'runs': '0', 'wins': '0'}",36,Michael Tabor & Derrick Smith & Mrs John Magnier
Leopardstown,16:25,Ballylinch Stud Priory Belle Stakes (Group 3) (Fillies),Group 3,7f,1,3yo,,"€41,230",15,Anushka,3,filly,3,11,Henry De Bromhead,Robbie Colgan,,False,128,82,95,58,165,631-,"Dundalk maiden winner on her third start, this is highly ambitious for an 82-rated filly",Dundalk maiden winner on her third and final start last season; this is highly ambitious for an 82-rated filly.,"2025-10-29 | Anushka | 7780508 | Irishinjuredjockeys.com Fillies Maiden | 906934 | Dundalk (AW) | 1138 | 7 | 1540 | Anushka has won with plenty in hand and there is not a blow out of her. She moved really well on the surface and I'd say she's a nice filly for next year - Shane Foley, jockey.",,38.46,False,3%,7f42y,1,[],2023-03-25,1131532,75609,"{'runs': '0', 'wins': '0'}",1582,53,False,Cherryvalley Farms,740981,9%,,False,9,,917352,13%,-21.00,8%,IRE,12,https://www.racingpost.com/racecards/187/leopardstown/2026-04-12/917352,7780508/anushka,265021,"Knockeen, Co Waterford",8,-56.00,Flat,187,Lope De Vega,7780508,[],IRE,101,Turf,2026-04-12,506927,"{'runs': '1', 'wins': '1'}",45,B,-3.00,7,IRE,IRE,,2735346,,False,F,Invincible Spirit,False,Dramatista,1,1249,4,+17.00,,,False,Good To Yielding,5,"{'runs': '0', 'wins': '0'}",3,Dr S P Fitzgerald
Leopardstown,16:25,Ballylinch Stud Priory Belle Stakes (Group 3) (Fillies),Group 3,7f,1,3yo,,"€41,230",15,Black Caviar Gold,3,filly,4,7,P Twomey,W J Lee,,False,128,108,114,100,196,3411-,"Promoted from 85 to 108 for Curragh Group 3 win on soft, needs to sustain that improvement","Was well behind Pivotal Attack when third on debut at Galway (7f, yielding); hugely improved effort on third start when easily winning a 7f maiden at Cork on soft; promoted from 85 to 108 for Curragh Group 3 win (7f soft) that involved a reversal of form with Pivotal Attack; needs to sustain that improvement.","2025-09-28 | Black Caviar Gold | 7436376 | Weld Park Stakes (Group 3) (Fillies) | 904192 | Curragh | 178 | 7 | 1540 | Black Caviar Gold is a nice filly and we've taken our time with her and let her come to us. She won impressively on rain-softened ground last time and I thought she was ready for a step into this company. She had sore shins in the spring and that's why I was looking for softer ground this year. I think as she gets older and stronger, the ground will make no difference. She's had four runs now and is a fine, big filly, and I hope all her career is in front of her. I'd say that's it for this year - Paddy Twomey, trainer.||2025-09-10 | Black Caviar Gold | 7436376 | Irish Stallion Farms EBF Fillies Maiden | 903034 | Cork | 596 | 7 | 1540 | Black Caviar Gold had a good run in Galway then we ran her here on ground that was probably a bit quick. She's trained well since and I was hoping coming here tonight she'd run a good race and, as the going description changed on the way down in the car, I was fairly happy!. I think she's ready to step up and the Weld Park Stakes on Goffs Million weekend could be a good fit for her - Paddy Twomey, trainer, speaking to Racing TV. Black Caviar Gold jumped and travelled away and has done it nicely. We didn't go mad but she picked up well and just got lonely in front, so I just let her drift over and have the rail. She galloped all the way to the line and is one to improve again - Billy Lee, jockey.",,60,False,12%,7f42y,2,[],2023-03-21,1138599,81425,"{'runs': '0', 'wins': '0'}",1582,12,False,Gerard Corry & Ringfort Stud,839591,29%,,False,17,,917352,6%,+15.05,20%,IRE,10,https://www.racingpost.com/racecards/187/leopardstown/2026-04-12/917352,7436376/black-caviar-gold,291929,"Cashel, Co Tipperary",35,+18.04,Flat,187,Outstrip,7436376,[],GB,193,Turf,2026-04-12,1371798,"{'runs': '4', 'wins': '2'}",34,GR,-26.92,7,GB,GB,,2654583,,False,F,Havana Grey,False,Perfect Outing,2,26547,10,+0.75,,,False,Good To Yielding,2,"{'runs': '0', 'wins': '0'}",23,Bond Thoroughbred Limited
Leopardstown,16:25,Ballylinch Stud Priory Belle Stakes (Group 3) (Fillies),Group 3,7f,1,3yo,,"€41,230",15,Blanc De Blanc,3,filly,5,12,Robson De Aguiar,David Egan,,False,128,,101,,44,11,"Still looked raw when recording the second of two Dundalk 1m wins, may find 7f too sharp",Still looked raw when recording the second of two Dundalk 1m wins; interesting prospect but may find 7f too sharp; might not want too much ease in the ground.,"2026-02-27 | Blanc De Blanc | 8187989 | Dundalk Stadium Patton Race | 914031 | Dundalk (AW) | 1138 | 8 | 1760 | Blanc De Blanc is a very raw and big, strong filly. She was keen the last day and jumped well again today but I had to let her go forward to try and get in as I didn't want to be caught out wide and she just grabbed it. We were going a good gallop and we weren't properly doing things right and I thought I might pay the price, but when I gave her a squeeze down to the furlong pole she just took off. She'll get a trip in time, she has a big engine and she's going the right way - Donagh O'Connor, jockey, speaking to Racing TV.",,15.38,False,15%,7f42y,0,"[{'trainer': 'Adrian Murray', 'trainer_id': 19030, 'change_date': '2025-12-03'}]",2023-02-06,1066833,95388,"{'runs': '0', 'wins': '0'}",1582,15,False,DATTT Farm LLC,531769,-,,False,0,,917352,16%,0.00,0%,USA,13,https://www.racingpost.com/racecards/187/leopardstown/2026-04-12/917352,8187989/blanc-de-blanc,252234,"Mullingar, Westmeath",25,+16.50,Flat,187,Galileo,8187989,[],USA,13,Turf,2026-04-12,1144336,"{'runs': '0', 'wins': '0'}",0,BR,-7.02,7,IRE,IRE,,786950,,False,F,Not This Time,False,Wonderful,4,42639,0,-13.00,,,False,Good To Yielding,0,"{'runs': '0', 'wins': '0'}",2,Amo Racing Limited
Leopardstown,16:25,Ballylinch Stud Priory Belle Stakes (Group 3) (Fillies),Group 3,7f,1,3yo,,"€41,230",15,Caught U Sleeping,3,filly,6,1,Noel Meade,Oisin Murphy,h,True,128,97,102,87,173,136-,"Ran poorly over 1m on heavy on final start, better judged on Listed third over C&D",Overcame inexperience when making a winning debut in a 7f fillies' maiden at Naas last August; kept on for third behind the subsequent Prix Marcel Boussac winner Diamond Necklace in a C&D Listed race; ran poorly over 1m on heavy on final start; hooded now.,"2025-08-24 | Caught U Sleeping | 7866001 | Irish EBF Median Sires Series Fillies Maiden (IRE Incentive Race) | 902045 | Naas | 192 | 7 | 1540 | Caught U Sleeping is gorgeous. We thought she was good from the time we got her. She's a little bit fizzy and I was a bit afraid that first time out she might boil up a bit too much but she didn't at all; she was very relaxed. I'd say she will go forward. Dylan thinks she will and I think she will, from what I have seen from her at home. I would say we'll probably go looking for black type with her - Noel Meade, trainer.",,39.13,False,17%,7f42y,3,[],2023-03-22,15545,92728,"{'runs': '1', 'wins': '0'}",1582,25,False,Tally-Ho Stud,670119,12%,,False,20,,917352,18%,+9.88,19%,IRE,16,https://www.racingpost.com/racecards/187/leopardstown/2026-04-12/917352,7866001/caught-u-sleeping,96588,"Castletown, Co Meath",39,-2.50,Flat,187,New Approach,7866001,[],GB,6,Turf,2026-04-12,861262,"{'runs': '2', 'wins': '1'}",125,CH,-2.93,7,GB,IRE,,1451545,,False,F,Cotai Glory,False,Parasail,7,4446,15,+11.50,,,False,Good To Yielding,5,"{'runs': '1', 'wins': '0'}",1,Anthony Clarke
Leopardstown,16:25,Ballylinch Stud Priory Belle Stakes (Group 3) (Fillies),Group 3,7f,1,3yo,,"€41,230",15,Kensington Lane,3,filly,7,6,Donnacha Aidan OBrien,Chris Hayes,,False,128,92,106,75,196,52219-,"Experienced filly, flopped in Group 3 race won by Black Caviar Gold on final start at two","Off the mark at the fifth attempt in fine style at Gowran, confirming the promise she showed when chasing home the very useful Geryon at the Curragh; flopped in Group 3 race won by Black Caviar Gold on final start.","2025-09-02 | Kensington Lane | 7466837 | Irish Stallion Farms EBF Fillies Maiden | 902769 | Gowran Park | 184 | 7 | 1540 | Kensington Lane been improving slowly. Her form is rock-solid. At Down Royal she had a good look when she got there and was just collared by one of Joseph O'Brien's, who has won twice since. We've always liked her and I'd say there's a little bit more improvement in her - Gavin Ryan, jockey.",,40,False,11%,7f42y,2,[],2023-04-21,1136971,83482,"{'runs': '2', 'wins': '1'}",1582,16,False,Almost Always Partnership,531769,10%,,False,19,,917352,7%,-25.90,13%,IRE,15,https://www.racingpost.com/racecards/187/leopardstown/2026-04-12/917352,7466837/kensington-lane,49345,"Ballyroe, Co Tipperary",28,-55.76,Flat,187,Galileo,7466837,[],AUS,243,Turf,2026-04-12,726295,"{'runs': '4', 'wins': '1'}",86,CH,-14.90,7,IRE,IRE,,2821441,,False,F,Starspangledbanner,False,Almost Always,2,36806,9,-10.70,,,False,Good To Yielding,3,"{'runs': '0', 'wins': '0'}",27,Mrs A M OBrien
Leopardstown,16:25,Ballylinch Stud Priory Belle Stakes (Group 3) (Fillies),Group 3,7f,1,3yo,,"€41,230",15,Killashee Warrior,3,filly,8,3,Eddie & Patrick Harty,Jamie Powell,,False,128,94,100,83,185,441-,"Thurles maiden winner after a fine effort in a C&D Listed race, needs to raise her game",Thurles maiden winner after a fine effort in a C&D Listed race (1 1.2l behind third-placed Caught U Sleeping); needs to raise her game to be competitive here.,"2025-10-09 | Killashee Warrior | 7996923 | Irish EBF Auction Series Maiden (Smullen Series) | 905077 | Thurles | 198 | 8 | 1804 | She had a lovely run first time out and most of her owners are in England so we decided to run Killashee Warrior at Leopardstown on Champions Day. We let her have a crack at the Ingabelle, where she flew, and she did what she should do today. The ground was too deep to risk her on at the Curragh last week and I don't think she was in love with today's track and while the ground was lovely, it can be trappy. We've always had an eye on a three-year-old campaign with her and she has earned her break, so we'll see what next year brings - Eddie Harty, trainer.",,0,False,10%,7f42y,0,[],2023-03-28,1124415,99788,"{'runs': '2', 'wins': '1'}",1582,10,False,Michelle Morris,671647,0%,,False,0,,917352,0%,-28.00,0%,GB,5,https://www.racingpost.com/racecards/187/leopardstown/2026-04-12/917352,7996923/killashee-warrior,151418,"Curragh, Co Kildare",10,+6.50,Flat,187,Dark Angel,7996923,[],JPN,84,Turf,2026-04-12,1588345,"{'runs': '2', 'wins': '0'}",28,GR,-10.00,7,IRE,IRE,,2025080,,False,F,Saxon Warrior,False,Ascended,0,38507,0,-5.00,,,False,Good To Yielding,0,"{'runs': '2', 'wins': '0'}",8,Liquid Lunch Syndicate
Leopardstown,16:25,Ballylinch Stud Priory Belle Stakes (Group 3) (Fillies),Group 3,7f,1,3yo,,"€41,230",15,Magny Cours,3,filly,9,9,Daniel McLoughlin,Ben Coen,,False,128,102,107,96,167,38252-,"Group 3 second in France last October, well held by Black Caviar Gold on Curragh running","Won on debut at Listowel (6f, good to yielding); good form in defeat, notably when second in a 7f Group 3 event at Chantilly on final start; well held by Black Caviar Gold on Curragh running.","2025-06-01 | Magny Cours | 7466839 | Irish Stallion Farms EBF Fillies Maiden (IRE Incentive Race) | 896798 | Listowel | 190 | 6.5 | 1380 | We have always liked Magny Cours at home. I thought the inexperience might get the better of her today but Ben [Coen, jockey] said he gave her two or three and after that she put her head down and he said that she is good and genuine. She by a very underrated sire in Awtaad, they are good and genuine. She is going to mature and strengthen up. Ben said her distance is 6f on a straight track and 7f on a bend. She did a nice bit of work a few weeks ago and we were thinking about putting her in the Airlie Stakes at the Curragh and we could try to get a bit of black type. All going well we have a nice filly - Daniel McLoughlin, trainer.",,33.33,False,8%,7f42y,0,[],2023-02-07,1122249,97031,"{'runs': '2', 'wins': '0'}",1582,6,False,Hunting Hill Stud,560048,0%,,False,0,,917352,6%,-7.00,0%,IRE,6,https://www.racingpost.com/racecards/187/leopardstown/2026-04-12/917352,7466839/magny-cours,278934,"Newbridge, Co Kildare",35,-93.55,Flat,187,Choisir,7466839,[],IRE,228,Turf,2026-04-12,874967,"{'runs': '2', 'wins': '0'}",7,B,-25.00,7,GB,AUS,,706357,K J Quirke (2025-06-14),False,F,Awtaad,False,Ares Choix,2,41273,0,-6.00,,,False,Good To Yielding,0,"{'runs': '0', 'wins': '0'}",18,Ecurie Ama Zingteam
Leopardstown,16:25,Ballylinch Stud Priory Belle Stakes (Group 3) (Fillies),Group 3,7f,1,3yo,,"€41,230",15,Mayflower,3,filly,10,14,Stephen Thorne,Seamie Heffernan,,False,128,,102,105,262,1-,"Handled soft ground when making a winning debut at this venue last July, big jump in class","Handled soft ground when making a winning debut at this venue last July; should be able to pay her way this season, but this represents a big jump in class.",,,25,False,8%,7f42y,0,"[{'trainer': 'Adrian Murray', 'trainer_id': 19030, 'change_date': '2025-07-17'}]",2023-02-02,15545,7605,"{'runs': '0', 'wins': '0'}",1582,5,False,Tally-Ho Stud,602045,13%,,False,0,,917352,5%,+20.00,0%,IRE,4,https://www.racingpost.com/racecards/187/leopardstown/2026-04-12/917352,7713443/mayflower,277198,"Rush, Co Dublin",22,-68.77,Flat,187,Shamardal,7713443,[],IRE,207,Turf,2026-04-12,1022474,"{'runs': '1', 'wins': '1'}",16,B,-19.38,7,IRE,USA,,3427360,Shamrock Thoroughbreds (2025-09-25)||Giselle De Aguiar (2025-07-17),False,F,Ardad,False,Tropical Cyclone,1,41787,2,-4.00,,,False,Good To Yielding,0,"{'runs': '1', 'wins': '1'}",17,J Kirkland
Leopardstown,16:25,Ballylinch Stud Priory Belle Stakes (Group 3) (Fillies),Group 3,7f,1,3yo,,"€41,230",15,Pivotal Attack,3,filly,11,2,Joseph G Murphy,J M Sheridan,,False,128,102,105,72,196,5162-,Ended last season with a positive effort behind Black Caviar Gold in a Curragh Group 3,Promise over 6f on debut at Fairyhouse and then bolted up over 7f at Galway (yielding); not disgraced in the Moyglare when racing keenly; ended the season with a positive effort behind Black Caviar Gold in a Curragh Group 3; stable's Cercene was third here last year as a prelude to better things.,"2025-07-29 | Pivotal Attack | 7780571 | COLM QUINN BMW Irish EBF Fillies Maiden (IRE Incentive Race) | 900387 | Galway | 183 | 7 | 1540 | Pivotal Attack won like a nice filly. Very professional, jumped and got a position, relaxed lovely and when I straightened up and gave her a squeeze, I liked the way she quickened. Hopefully there's more to come - Gary Carroll, jockey, speaking to Racing TV.",,28.57,False,6%,7f42y,0,[],2023-04-27,1071367,99171,"{'runs': '0', 'wins': '0'}",1582,8,False,Miss K J Keir,107700,7%,,False,0,,917352,17%,-23.50,0%,GB,7,https://www.racingpost.com/racecards/187/leopardstown/2026-04-12/917352,7780571/pivotal-attack,251456,"Fethard, Co Tipperary",30,-48.50,Flat,187,Pivotal,7780571,[],IRE,81,Turf,2026-04-12,2659940,"{'runs': '3', 'wins': '1'}",44,CH,+32.00,7,GB,GB,,432376,,False,F,Pinatubo,False,Romp,5,4572,3,-7.00,,,False,Good To Yielding,0,"{'runs': '0', 'wins': '0'}",5,Robert J W Moran
Leopardstown,16:25,Ballylinch Stud Priory Belle Stakes (Group 3) (Fillies),Group 3,7f,1,3yo,,"€41,230",15,River Ara,3,filly,12,10,A P OBrien,Ronan Whelan,,False,128,93,101,91,176,6231-,"No match for Black Caviar Gold in a maiden, nursery winner, stable has stronger candidates",No match for Black Caviar Gold in a maiden at Cork; course 1m nursery winner on her final start; stable has stronger candidates.,,,58.82,False,10%,7f42y,3,[],2023-02-06,1099936,88563,"{'runs': '0', 'wins': '0'}",1582,23,False,Clarecastle Stud Ltd,584911,23%,,False,17,,917352,7%,-41.08,18%,IRE,17,https://www.racingpost.com/racecards/187/leopardstown/2026-04-12/917352,7793572/river-ara,293497,"Cashel, Co Tipperary",15,-27.93,Flat,187,Azamour,7793572,[],FR,142,Turf,2026-04-12,3125350,"{'runs': '2', 'wins': '0'}",362,B,+14.00,7,IRE,IRE,,868788,,False,F,St Marks Basilica,False,Twitch,1,7978,82,-10.52,,,False,Good To Yielding,4,"{'runs': '2', 'wins': '1'}",14,Westerberg & Mrs Magnier & M Tabor & D Smith
Leopardstown,16:25,Ballylinch Stud Priory Belle Stakes (Group 3) (Fillies),Group 3,7f,1,3yo,,"€41,230",15,Slaney View,3,filly,13,8,J S Bolger,Declan McDonogh,,False,128,77,85,75,15,23-2,"Placed on all three starts, capable of winning races, has an unenviable task in this grade",Placed on all three starts; capable of winning races; 77-rated filly has an unenviable task in this grade,,,75,False,10%,7f42y,0,[],2023-03-15,3150,13203,"{'runs': '0', 'wins': '0'}",1582,7,False,J S Bolger,708203,8%,,False,0,,917352,4%,-89.84,0%,IRE,4,https://www.racingpost.com/racecards/187/leopardstown/2026-04-12/917352,7267894/slaney-view,355902,"Coolcullen, Co Carlow",27,-41.33,Flat,187,Vocalised,7267894,[],IRE,174,Turf,2026-04-12,1004665,"{'runs': '0', 'wins': '0'}",179,CH,-22.50,7,IRE,USA,,5071353,,False,F,Mehmas,False,Ceistiu,1,995,15,-4.00,,,False,Good To Yielding,0,"{'runs': '0', 'wins': '0'}",17,Molly & Paul Willis Racing Mrs J S Bolger
Leopardstown,16:25,Ballylinch Stud Priory Belle Stakes (Group 3) (Fillies),Group 3,7f,1,3yo,,"€41,230",15,Suzie Songs,3,filly,14,4,G M Lyons,Gary Carroll,,False,128,101,110,90,210,1127-,"Group 3 winner and Group 2 runner-up, finished last in the Moyglare, can hold her own here",Caused a surprise when getting the better of hot favourite Flushing Meadows in the Anglesey Stakes; raced a bit too keenly and failed to cope with Composing in Debutante Stakes and didn't show her true form when last of seven in the Group 1 Moyglare; hooded now and not without a chance,"2025-06-28 | Suzie Songs | 7677603 | Jebel Ali Racecourse And Stables Anglesey Stakes (Group 3) | 898633 | Curragh | 178 | 6.5 | 1383 | It was a last minute decision to run Suzie Songs but the beautiful thing about training for Moyglare is that you are allowed to do that. There are no set plans and I am blessed with owners like that. I can wake up and change my mind. We were watching the entries and this wasn't the plan, she hasn't worked since Cork. I just threw her in. I thought it got to her today so we will give her a wee break and return for the Moyglare. It is a race I would love to put on my CV. We have a horse last night who ran well and we have this filly so we have a nice bunch of horses heading that route. Colin said after her run in Cork that she wants further. I would have thought sticking to an original plan that her next race would be seven but this presented itself during the week with very few entries so here we are - Ger Lyons, trainer.We fancied Suzie Songs at Cork and she won, the form has been franked since. She's a nice filly, with size and scope and is bred to go further so that's when you will see the best of her - Colin Keane, jockey.",,50,False,5%,7f42y,2,[],2023-04-08,8165,86848,"{'runs': '0', 'wins': '0'}",1582,9,False,Moyglare Stud Farm,531769,13%,,False,22,,917352,6%,-74.78,25%,IRE,8,https://www.racingpost.com/racecards/187/leopardstown/2026-04-12/917352,7677603/suzie-songs,18339,"Dunsany, Co Meath",16,-91.90,Flat,187,Galileo,7677603,[],AUS,143,Turf,2026-04-12,726295,"{'runs': '2', 'wins': '0'}",214,CH,-1.00,7,IRE,IRE,,2740978,,False,F,Starspangledbanner,False,Florence Camille,1,8567,27,-0.93,,,False,Good To Yielding,2,"{'runs': '0', 'wins': '0'}",7,Moyglare Stud Farm
Leopardstown,16:25,Ballylinch Stud Priory Belle Stakes (Group 3) (Fillies),Group 3,7f,1,3yo,,"€41,230",15,White Lily,3,filly,15,5,David J Geary,Donagh OConnor,,False,128,,82,44,182,83-,"Long-priced third over 6f at Naas last autumn, looks out of her depth at this level",Toward rear behind Black Caviar Gold on debut; long-priced third over 6f at Naas on second start; looks out of her depth at this level,,,,False,6%,7f42y,0,[],2023-01-28,1047140,93716,"{'runs': '0', 'wins': '0'}",1582,0,False,Ballygallon Stud Limited,647498,0%,,False,,,917352,9%,-3.00,-,IRE,0,https://www.racingpost.com/racecards/187/leopardstown/2026-04-12/917352,8089282/white-lily,275672,"Clarina, Co Limerick",11,-21.17,Flat,187,Champs Elysees,8089282,[],GB,50,Turf,2026-04-12,1860072,"{'runs': '1', 'wins': '0'}",3,CH,+6.00,7,IRE,GB,,4213759,,False,F,Soldiers Call,False,Myrtie,1,20774,0,0.00,,,False,Good To Yielding,0,"{'runs': '0', 'wins': '0'}",3,Stacey Fitzgibbon
Leopardstown,16:55,P.W. McGrath Memorial Ballysax Stakes (Group 3),Group 3,1m2f,1,3yo,,"€41,230",9,Pierre Bonnard,3,colt,1,3,A P OBrien,Ryan Moore,,False,136,113,114,95,168,4111-,"Group 1 winner at Saint-Cloud, rematch with 2l second A Boy Named Susie on 5lb worse terms","Made rapid progress to become a top middle-distance prospect after winning a 1m Dundalk maiden; asserted strongly when beating stablemate Endorsement in the Zetland Stakes (1m2f, good to firm); continued his rise with a smart display to beat A Boy Names Susie on very soft ground in the Criterium de Saint-Cloud; sets the standard.","2025-10-26 | Pierre Bonnard | 7627156 | Criterium de Saint-Cloud (Group 1) (2yo Colts & Fillies) (Turf) | 906953 | Saint-Cloud | 219 | 10 | 2200 | Obviously Pierre Bonnard is a Derby horse. We'll start him in a Derby trial and all he should do is get better. We weren't sure [about the soft ground] and that's why it was good to come and see if he would handle the slower ground. They do a beautiful job here with the ground and it was lovely to get another run into him. He's a beautiful horse with a long stride and a beautiful mind, and he stays very well, so he's very exciting for next year - Aidan O'Brien, trainer.This is just mad, to win two Group 1s on the same day under hands and heels rides. On the turn I was very aware I didn't want to get caught for a turn of foot because Pierre Bonnard is a horse who can sustain his finishing effort but is still a little bit immature. Fortunately we went a decent gallop and he was very comfortable with the rhythm. He takes a little bit of time to get going so I was keen to launch my challenge early. But the way he finished, what joy! - Christophe Soumillon, jockey.||2025-10-11 | Pierre Bonnard | 7627156 | Night Of Thunder Zetland Stakes (Group 3) | 903275 | Newmarket | 38 | 10 | 2200 | Christophe [Soumillon] seemed very happy with Pierre Bonnard. He is a lovely big horse and still a big baby at home. He does everything very easy. He is a lovely, big straightforward horse and is going to improve a lot over the winter. It was a lovely win last time Dundalk when Wayne (Lordan) rode him. I think at the moment he looks like a Derby trial horse for next year. Endorsement ran a lovely race too, it was very solid - Aidan O'Brien, trainer.","Pierre Bonnard | 7627156 | He's a big, classy colt who won his last three races last year, including the Zetland at Newmarket and a Group 1 at Saint-Cloud. Christophe rode him for those two wins and was always super-impressed with him. He's being trained for Epsom and might have the two Irish trials [Ballysax and Derby Trial, both at Leopardstown] before it. He's very straightforward, very relaxed and very chilled, so you'd imagine he'd get a mile and a half well. Ryan rode him at the Curragh and thinks he's a horse who is going to get a mile and a half well. 31-03-26",58.82,False,34%,1m2f,3,[],2023-03-12,4286,79202,"{'runs': '0', 'wins': '0'}",2200,23,False,Rathasker Stud,670119,23%,,False,17,,917353,11%,-41.08,18%,IRE,17,https://www.racingpost.com/racecards/187/leopardstown/2026-04-12/917353,7627156/pierre-bonnard,297832,"Cashel, Co Tipperary",9,-12.18,Flat,187,New Approach,7627156,[],GB,105,Turf,2026-04-12,784856,"{'runs': '2', 'wins': '2'}",362,B,-7.43,10,GB,IRE,,839335,,False,C,Camelot,False,Sultanina,1,7978,82,-10.52,,,False,Good To Yielding,4,"{'runs': '1', 'wins': '0'}",36,Mrs John Magnier/Michael Tabor/Derrick Smith/Westerberg
Leopardstown,16:55,P.W. McGrath Memorial Ballysax Stakes (Group 3),Group 3,1m2f,1,3yo,,"€41,230",9,Christmas Day,3,colt,2,7,A P OBrien,Wayne Lordan,,False,134,107,106,100,176,3511-,"Short head winner from A Boy Named Susie over 1m1f here, extra furlong should suit",Short head winner from A Boy Named Susie in the Eyrefield Stakes over 1m1f here last October; extra furlong should suit but would probably need more than a 2lb concession to account for Pierre Bonnard.,"2025-09-20 | Christmas Day | 7926343 | Irish EBF (C & G) Maiden (Smullen Series) | 903907 | Gowran Park | 184 | 8 | 1760 | Christmas Day obviously had a lovely run the first day, but things just didn't go right for him in a good maiden at Tipperary. Once he fills his frame he'll be a big, strong, imposing three-year-old - Chris Armstrong, trainer's representative.",Christmas Day | 7926343 | He made good progress last season and showed a good attitude to win the Eyrefield on his final run. He'll start off in a Derby trial. 31-03-26,58.82,False,16%,1m2f,3,[],2023-02-22,1115790,76602,"{'runs': '2', 'wins': '0'}",2200,23,False,Framont Ltd,695547,23%,,False,17,,917353,13%,-41.08,18%,IRE,17,https://www.racingpost.com/racecards/187/leopardstown/2026-04-12/917353,7926343/christmas-day,316546,"Cashel, Co Tipperary",15,-40.49,Flat,187,Sea The Stars,7926343,[],GB,146,Turf,2026-04-12,784856,"{'runs': '0', 'wins': '0'}",362,B,-10.09,10,GB,IRE,,947818,Mrs John Magnier & Michael Tabor & Derrick Smith (2025-09-16)||MagnierTaborSmithWesterbergBrant (2025-09-09)||Mrs John Magnier & Michael Tabor & Derrick Smith (2025-08-21)||MagnierTaborSmithWesterbergBrant (2025-08-12),False,C,Camelot,False,Beauly,2,7978,82,-10.52,,,False,Good To Yielding,4,"{'runs': '1', 'wins': '1'}",23,MagnierTaborSmithWesterbergBrant
Leopardstown,16:55,P.W. McGrath Memorial Ballysax Stakes (Group 3),Group 3,1m2f,1,3yo,,"€41,230",9,A Boy Named Susie,3,colt,3,2,Donnacha Aidan OBrien,Oisin Murphy,,False,131,107,111,103,168,14422-,"Needs to reverse form with Pierre Bonnard and Christmas Day to win, solid place chance",Debut maiden winner; lost out by only a short head to Christmas Day in the 1m1f Eyrefield Stakes here in October on his fourth start; built on that when 2l second to Pierre Bonnard at Saint-Cloud; does not need to improve much to win a Pattern race; solid chance here.,"2025-07-16 | A Boy Named Susie | 7748952 | Irish EBF Median Sires Series Race (IRE Incentive Race) | 899614 | Killarney | 185 | 8 | 1800 | We thought A Boy Named Susie was good as he did a really, really good piece of work up the Curragh a few weeks ago. This auction race looked a tough ask as he was giving away weight to winners and it is a tough track first-time-out but he is obviously just smart. For an auction race at Killarney, it has thrown up Iridessa, Luxembourg, Lambourn and a few Group 2 winners as well so it's a nice start for him. They hacked and then sprinted but I think he could be a proper one. He has plenty of gears for a big horse - Donnacha O'Brien, trainer.",,40,False,17%,1m2f,2,[],2023-04-20,1133812,92728,"{'runs': '1', 'wins': '0'}",2200,16,False,Soho Susie Partnership,503034,10%,,False,19,,917353,18%,-25.90,13%,IRE,15,https://www.racingpost.com/racecards/187/leopardstown/2026-04-12/917353,7748952/a-boy-named-susie,275583,"Ballyroe, Co Tipperary",39,-2.50,Flat,187,Montjeu,7748952,[],AUS,6,Turf,2026-04-12,726295,"{'runs': '1', 'wins': '0'}",86,B,-2.93,10,IRE,IRE,,790344,,False,C,Starspangledbanner,False,Soho Susie,7,36806,9,-10.70,,,False,Good To Yielding,3,"{'runs': '2', 'wins': '0'}",1,Ana OBrien
Leopardstown,16:55,P.W. McGrath Memorial Ballysax Stakes (Group 3),Group 3,1m2f,1,3yo,,"€41,230",9,Endorsement,3,colt,4,6,A P OBrien,Ronan Whelan,,False,131,105,110,97,168,2128-,"Good effort behind Pierre Bonnard in the Zetland Stakes, well held on Saint-Cloud running","Stepped up on his previous form when second to stablemate Pierre Bonnard in the Zetland last time; well held on his running at Saint-Cloud, dropping away in the final furlong.","2025-08-31 | Endorsement | 7801963 | Camas Park Irish EBF Maiden | 902261 | Tipperary | 202 | 9 | 1980 | Endorsement is a horse to go into all those nice staying races, but he's a horse to look forward to for next year and it is nice to get his maiden out of the way. He is still a bit babyish and he'll come on a lot mentally and physically from this run. He could go to the Zetland at Newmarket and then on to the Group 1 races in France, but he's a horse who'll be a lovely middle-distance horse next year - Chris Armstrong, Aidan O'Brien's stable representative.",,58.82,False,10%,1m2f,3,[],2023-02-14,1139354,88563,"{'runs': '1', 'wins': '1'}",2200,23,False,Embellish Syndicate,531769,23%,,False,17,,917353,7%,-41.08,18%,IRE,17,https://www.racingpost.com/racecards/187/leopardstown/2026-04-12/917353,7801963/endorsement,296815,"Cashel, Co Tipperary",15,-27.93,Flat,187,Galileo,7801963,[],GB,142,Turf,2026-04-12,749478,"{'runs': '2', 'wins': '0'}",362,B,+14.00,10,IRE,IRE,,6270237,Derrick Smith/Mrs John Magnier/Michael Tabor/Westerberg (2025-08-12),False,C,Wootton Bassett,False,Embellish,1,7978,82,-10.52,,,False,Good To Yielding,4,"{'runs': '0', 'wins': '0'}",14,Derrick Smith/Mrs John Magnier/Michael Tabor/Westerberg
Leopardstown,16:55,P.W. McGrath Memorial Ballysax Stakes (Group 3),Group 3,1m2f,1,3yo,,"€41,230",9,Italy,3,colt,5,5,A P OBrien,Chris Hayes,h,True,131,112,115,102,183,12238-,"Smart form at two in Britain and when third in the National Stakes, needs to settle better",Split the ill-fated Gewan and Distant Storm in the Acomb at York; then ran well behind Zavateri and stablemate Gstaad in National Stakes at the Curragh; repeated a hard-pulling tendency in the Dewhurst; needs to settle better to do full justice to his ability; hooded now for seasonal debut.,"2025-08-20 | Italy | 7525345 | Tattersalls Acomb Stakes (Group 3) (IRE-Incentive Race) | 899918 | York | 107 | 7 | 1540 | Italy ran very well. He's a lovely big horse. He will progress - Aidan O'Brien, trainer.||2025-05-16 | Italy | 7525345 | Irish Stallion Farms EBF Maiden | 895616 | Leopardstown | 187 | 7 | 1592 | He was never away before so Italy would have been very green, and they went a good gallop. He has a bit of quality and Wayne gave him a lovely ride. He taught him plenty and he will have leaned a lot from that. He could come back here for the Tyros - Aidan O'Brien, trainer","Italy | 7525345 | He had some very good runs last year over seven furlongs, finishing second in the Superlative and Acomb Stakes before a third in the National Stakes. We might go up in trip with him and he could turn into a nice horse going a mile and a quarter. 31-03-26",58.82,False,11%,1m2f,3,[],2023-03-10,1026227,83482,"{'runs': '0', 'wins': '0'}",2200,23,False,Lordship Stud,531769,23%,,False,17,,917353,7%,-41.08,18%,GB,17,https://www.racingpost.com/racecards/187/leopardstown/2026-04-12/917353,7525345/italy,357071,"Cashel, Co Tipperary",28,-55.76,Flat,187,Galileo,7525345,[],GB,243,Turf,2026-04-12,749478,"{'runs': '0', 'wins': '0'}",362,B,-14.90,10,IRE,IRE,,1017306,SmithMagnierTaborWesterbergBrant (2026-04-01)||SmithMagnierTaborBrantWesterberg (2026-03-31)||SmithMagnierTaborWesterbergBrant (2026-03-17)||SmithMagnierTaborBrantWesterberg (2026-02-24)||SmithMagnierTaborWesterbergBrant (2025-11-06),False,C,Wootton Bassett,False,Bound,2,7978,82,-10.52,,,False,Good To Yielding,4,"{'runs': '1', 'wins': '1'}",27,SmithMagnierTaborBrantWesterberg
Leopardstown,16:55,P.W. McGrath Memorial Ballysax Stakes (Group 3),Group 3,1m2f,1,3yo,,"€41,230",9,James J Braddock,3,colt,6,4,Joseph Patrick OBrien,J M Sheridan,,False,131,,107,87,161,21-,"Impressed in winning a 1m Curragh maiden on heavy gorund last November, promising colt","Promising Navan debut when strong finishing 1/2l second over 1m, despite rider losing an iron close home (yielding); impressed in beating two stablemates in testing conditions in a 1m Curragh maiden at the beginning of November; should make the grade at Pattern level",,,53.06,False,6%,1m2f,6,[],2023-02-05,1130011,99171,"{'runs': '0', 'wins': '0'}",2200,52,False,Mrs Anita Wigan,773288,12%,,False,15,,917353,17%,-78.85,14%,GB,42,https://www.racingpost.com/racecards/187/leopardstown/2026-04-12/917353,8214848/james-j-braddock,370672,"Owning Hill, Co Kilkenny",30,-48.50,Flat,187,Mukhadram,8214848,[],FR,81,Turf,2026-04-12,902739,"{'runs': '0', 'wins': '0'}",302,B,+32.00,10,GB,GB,,3533539,Kevin Blake (2026-04-07),False,C,Zarak,False,Burkina Faso,5,32145,37,+24.50,,,False,Good To Yielding,8,"{'runs': '0', 'wins': '0'}",5,Aziz Kheir Aust Partners & Kevin Blake
Leopardstown,16:55,P.W. McGrath Memorial Ballysax Stakes (Group 3),Group 3,1m2f,1,3yo,,"€41,230",9,Shosholoza,3,colt,7,9,Joseph Patrick OBrien,Declan McDonogh,,False,131,,109,97,168,15-,Creditable fifth at Saint-Cloud but held by Pierre Bonnard and A Boy Named Susie,Created a strong impression when beating a subsequent Curragh winner by a wide margin  on heavy ground at Tipperary on his debut; creditable fifth at Saint-Cloud only three weeks later; held by Pierre Bonnard and A Boy Named Susie but open to improvement.,,,53.06,False,10%,1m2f,6,[],2023-02-18,1043624,13203,"{'runs': '0', 'wins': '0'}",2200,52,False,Whisperview Trading Ltd,541314,12%,,False,15,,917353,4%,-78.85,14%,IRE,42,https://www.racingpost.com/racecards/187/leopardstown/2026-04-12/917353,8205594/shosholoza,369342,"Owning Hill, Co Kilkenny",27,-41.33,Flat,187,Acclamation,8205594,[],GB,174,Turf,2026-04-12,826492,"{'runs': '1', 'wins': '0'}",302,B,-22.50,10,GB,GB,,3177318,Rectory Road Holdings Limited (2026-03-12)||Mrs A M OBrien (2026-02-24),False,C,Australia,False,Ecosse,1,32145,37,+24.50,,,False,Good To Yielding,8,"{'runs': '0', 'wins': '0'}",17,Rectory Road Hldgs Ltd/E Palmer/W Slattery/Mrs A M OBrien
Leopardstown,16:55,P.W. McGrath Memorial Ballysax Stakes (Group 3),Group 3,1m2f,1,3yo,,"€41,230",9,South Island,3,colt,8,8,Donnacha Aidan OBrien,Gavin Ryan,,False,131,93,91,87,176,52618-,"Unplaced in races won by Endorsement and Christmas Day, trainer's second string",Curragh maiden winner; unplaced in races won by Endorsement and Christmas Day; trainer's second string.,"2025-09-28 | South Island | 7748959 | Tote 20K Euros Guaranteed Placepot Today Irish EBF Maiden | 904190 | Curragh | 178 | 9 | 1980 | South Island has always worked like a very nice horse and we've been disappointed with him once or twice. I don't think he needs that far but I thought he'd be able to dictate against less experienced rivals over that track and trip. He looks like a nice horse going forward. They went slow, and it turned into a bit of a dash. What his trip will be next year I'm not sure but he's a fine, big, strong horse and what Al Riffa has done over a mile and six would make you think he should stay pretty well next year - Donnacha O'Brien, trainer.",,40,False,5%,1m2f,2,[],2023-01-21,1139609,96343,"{'runs': '1', 'wins': '0'}",2200,16,False,M Matsushima,569586,10%,,False,19,,917353,10%,-25.90,13%,IRE,15,https://www.racingpost.com/racecards/187/leopardstown/2026-04-12/917353,7748959/south-island,359682,"Ballyroe, Co Tipperary",10,-52.65,Flat,187,Soldier Hollow,7748959,[],GB,123,Turf,2026-04-12,749478,"{'runs': '0', 'wins': '0'}",86,B,-7.80,10,FR,GB,,2655934,,False,C,Wootton Bassett,False,Amarena,1,36806,9,-10.70,,,False,Good To Yielding,3,"{'runs': '2', 'wins': '0'}",6,P SmithMagnierTaborD SmithWesterberg
Leopardstown,16:55,P.W. McGrath Memorial Ballysax Stakes (Group 3),Group 3,1m2f,1,3yo,,"€41,230",9,Victory Tip,3,gelding,9,1,Henry De Bromhead,W J Lee,,False,131,,81,60,28,1,"Coped admirably with heavy ground on debut at the Curragh, stiff task at this level",Coped admirably with heavy ground on debut at the Curragh; faces a very stiff task at this level with such limited experience.,"2026-03-15 | Victory Tip | 8120566 | Final Furlong Podcast With 1xBet.ie (C & G) Maiden | 915213 | Curragh | 178 | 8 | 1760 | Victory Tip just sliced up through them, it's tiring ground but he went through it no problem. He's a nice horse and I had a job pulling him up. He's probably the only horse today that went to the white barriers and he's just probably a good horse. Henry [De Bromhead] said to try and get him settled in mid-division, but he walked out of the stalls. I tried to get across to follow the Ballydoyle duo, but we went a good gallop and he went asleep, so I left him alone. It was first time out so I let him find his feet. We got to halfway and gave him a squeeze and he started to come alive, and I just worked my way up through the field to teach him as much as I could, but he kept coming forward. When I got to the furlong-and-a-half, I knew if I found a bit more, I'd be hard to beat and it was a nice performance. Chris Jones owns him and he might have one eye on going hurdling. He's a nice horse and off that performance, there's plenty to look forward to - Billy Lee, rider.",,38.46,False,12%,1m2f,1,[],2023-02-09,1050905,81425,"{'runs': '0', 'wins': '0'}",2200,53,False,Eimear Mulhern,528128,9%,,False,9,,917353,6%,-21.00,8%,IRE,12,https://www.racingpost.com/racecards/187/leopardstown/2026-04-12/917353,8120566/victory-tip,19654,"Knockeen, Co Waterford",35,+18.04,Flat,187,War Chant,8120566,[],IRE,193,Turf,2026-04-12,1463745,"{'runs': '0', 'wins': '0'}",45,B,-26.92,10,IRE,USA,,2455943,,False,G,Invincible Army,False,Tip It On The Top,2,1249,4,+17.00,,,False,Good To Yielding,5,"{'runs': '0', 'wins': '0'}",23,C Jones
Leopardstown,17:25,Tony Harmon Services Handicap,,1m2f,,3yo,,"€14,725",8,Cape Cod,3,colt,1,1,A P OBrien,Ryan Moore,,False,140,92,83,74,183,9321-,Steadily progressive at two; should stay 1m2f; type to continue improving,"Progressive juvenile form, placed in maidens at Punchestown and the Curragh before off the mark final start over 1m at Naas in October, making all; should stay 1m2f; type to continue improving and yard have a good recent record in this.","2025-10-11 | Cape Cod | 7682453 | Irish EBF Maiden (Smullen Series) | 905287 | Naas | 192 | 8 | 1760 | We kept it straightforward and Cape Cod travelled great throughout the race. He picked up well and there was still plenty in the tank. He was flicking his ears coming into the last furlong and should stay a mile and a quarter next year. He's stepping forward with every run and is going to be a nice horse for the future - Jack Cleary, jockey",,58.82,True,34%,1m2f,3,[],2023-03-29,1067022,79202,"{'runs': '1', 'wins': '0'}",2200,23,False,Awbeg Stud,499986,23%,,False,17,,917354,11%,-41.08,18%,IRE,17,https://www.racingpost.com/racecards/187/leopardstown/2026-04-12/917354,7682453/cape-cod,317161,"Cashel, Co Tipperary",9,-12.18,Flat,187,Orpen,7682453,[],GB,105,Turf,2026-04-12,749478,"{'runs': '0', 'wins': '0'}",362,B,-7.43,10,FR,USA,,2268075,,False,C,Wootton Bassett,False,Accolade,1,7978,82,-10.52,,,False,Good To Yielding,4,"{'runs': '0', 'wins': '0'}",36,WesterbergMagnierTaborSmithBrant
Leopardstown,17:25,Tony Harmon Services Handicap,,1m2f,,3yo,,"€14,725",8,Extravagant,3,colt,2,6,A P OBrien,Wayne Lordan,,False,133,85,88,63,201,23814-,Remains open to progress back on better ground and should appreciate this longer trip,"Solid maiden runs first two starts at two and off the mark on handicap debut off 80 at Killarney in August (1m, good); didn't seem to get home in heavy ground at Listowel following month but remains open to progress back on better ground and half-brother to high-class Cloth Of Stars should appreciate this trip.",,,58.82,True,16%,1m2f,3,[],2023-02-23,1080589,76602,"{'runs': '0', 'wins': '0'}",2200,23,False,Flaxman Stables Ireland Ltd,79045,23%,,False,17,,917354,13%,-41.08,18%,IRE,17,https://www.racingpost.com/racecards/187/leopardstown/2026-04-12/917354,7395227/extravagant,296815,"Cashel, Co Tipperary",15,-40.49,Flat,187,Kingmambo,7395227,[],GB,146,Turf,2026-04-12,749478,"{'runs': '0', 'wins': '0'}",362,BR,-10.09,10,USA,USA,,802709,Mrs J MagnierM TaborD SmithWesterberg (2025-04-22)||Mrs John Magnier (2025-04-10),False,C,Wootton Bassett,False,Strawberry Fledge,2,7978,82,-10.52,,,False,Good To Yielding,4,"{'runs': '0', 'wins': '0'}",23,Derrick Smith/Mrs John Magnier/Michael Tabor/Westerberg
Leopardstown,17:25,Tony Harmon Services Handicap,,1m2f,,3yo,,"€14,725",8,Marjorie Daw,3,filly,3,2,Joseph G Murphy,Gary Carroll,,False,133,85,81,66,174,41-,Gowran maiden winner will relish 1m2f; high enough mark but unexposed,"Lightly raced at two, stepping up nicely from Listowel debut to land Gowran fillies maiden over an extended mile in October, needing every yard to get back up close home (first two clear) on heavy; will be well suited by 1m2f; quicker conditions here and high enough initial mark, although open to more improvement than most","2025-10-20 | Marjorie Daw | 8144071 | Irish EBF Median Sires Series Fillies Maiden (Smullen Series) | 906037 | Gowran Park | 184 | 8.5 | 1835 | Our bum was a bit further up than the other one. But that often can be wrong too, so I wasn't sure. Marjorie Daw is a progressive filly and she'll probably step up in trip next year as a three-year-old. She needed the long straight and I'd say another furlong wouldn't be an issue. She's a nice filly going forward. Stamina is going to be her forte - Joe Murphy, trainer.",,28.57,True,5%,1m2f,0,[],2023-04-23,1140031,86848,"{'runs': '0', 'wins': '0'}",2200,8,False,Sean Browne Bloodstock Ltd,531769,7%,,False,0,,917354,6%,-23.50,0%,IRE,7,https://www.racingpost.com/racecards/187/leopardstown/2026-04-12/917354,8144071/marjorie-daw,362239,"Fethard, Co Tipperary",16,-91.90,Flat,187,Galileo,8144071,[],FR,143,Turf,2026-04-12,2177988,"{'runs': '0', 'wins': '0'}",44,CH,-1.00,10,IRE,IRE,,844509,,False,F,Sottsass,False,Lady Glinka,1,4572,3,-7.00,,,False,Good To Yielding,0,"{'runs': '0', 'wins': '0'}",7,T OSullivan & S R Stafford & Crampscastle Bloodstock Ltd
Leopardstown,17:25,Tony Harmon Services Handicap,,1m2f,,3yo,,"€14,725",8,Cherry Hill Girl,3,filly,4,8,Andrew Slattery,Andrew Slattery,,False,131,83,90,83,21,3613-7,1m winner last year but not really bred for this longer trip,"Comfortable winner of a Listowel maiden (1m, heavy) before respectable run in C&D handicap (soft); didn't count over shorter trip on last month's seasonal return at Naas, now takes a step up in trip (now really bred for it).",,,56.52,True,7%,1m2f,3,[],2023-03-09,14065,97030,"{'runs': '0', 'wins': '0'}",2200,23,False,Mrs E Thompson,107700,9%,,False,17,,917354,6%,-32.67,15%,IRE,20,https://www.racingpost.com/racecards/187/leopardstown/2026-04-12/917354,7816051/cherry-hill-girl,21124,"Thurles, Co Tipperary",17,-40.17,Flat,187,Pivotal,7816051,[],IRE,69,Turf,2026-04-12,859649,"{'runs': '0', 'wins': '0'}",79,B,-12.50,10,GB,GB,,2142246,,False,F,Belardo,False,Gleeful,1,10588,7,+0.25,,,False,Good To Yielding,4,"{'runs': '2', 'wins': '0'}",5,W J Ryan
Leopardstown,17:25,Tony Harmon Services Handicap,,1m2f,,3yo,,"€14,725",8,Madbadanddangerous,3,gelding,5,5,Noel Meade,Oisin Murphy,,False,129,81,90,73,182,213-,Juvenile form suggested he would appreciate this step up in trip; okay mark so respected,"Decent level of form in three outings in second half of last season, notably getting up late in 7.5f Naas auction event and slightly shorter trip against him at same venue final start when staying on third in valuable auction series final; good chance he'll improve for this step up in trip and on an okay mark.","2025-09-18 | Madbadanddangerous | 7677614 | Irish EBF Auction Series Maiden | 903715 | Naas | 192 | 7 | 1540 | Madbadanddangerous had a lovely run the first day when was slowly away. Mentally he's still not fully there yet but he's a horse with plenty of size and scope. Noel is brilliant at buying those relatively cheap horses and turning them into maiden winners.  He probably will get a mile in time but he's so big he's maybe a fraction weak at the back and I'd imagine there will be no rush for the rest of the year - Colin Keane, rider.",,39.13,True,17%,1m2f,3,[],2023-03-24,1078079,92728,"{'runs': '0', 'wins': '0'}",2200,25,False,Suroben Ltd & Summerhill BStock,649434,12%,,False,20,,917354,18%,+9.88,19%,IRE,16,https://www.racingpost.com/racecards/187/leopardstown/2026-04-12/917354,7677614/madbadanddangerous,18838,"Castletown, Co Meath",39,-2.50,Flat,187,Teofilo,7677614,[],IRE,6,Turf,2026-04-12,831330,"{'runs': '0', 'wins': '0'}",125,B,-2.93,10,GB,IRE,,3811148,,False,G,Coulsty,False,Bonnefio,7,4446,15,+11.50,,,False,Good To Yielding,5,"{'runs': '0', 'wins': '0'}",1,J Hunt
Leopardstown,17:25,Tony Harmon Services Handicap,,1m2f,,3yo,,"€14,725",8,Pierre Grosse,3,gelding,6,7,Mrs John Harrington,Keithen Kennedy,,False,128,80,86,65,182,436-,Not far off Madbandandangerous on Naas run on these revised terms; longer trip to suit,Naas auction series final sixth was an improvement on his maiden runs before that; not too far off Madbandandangerous on that running on these revised terms and longer trip should suit.,,,33.33,True,12%,1m2f,0,[],2023-01-26,492,103045,"{'runs': '0', 'wins': '0'}",2200,21,False,Newsells Park Stud,763453,11%,,False,0,,917354,0%,-57.83,0%,GB,18,https://www.racingpost.com/racecards/187/leopardstown/2026-04-12/917354,7935095/pierre-grosse,360722,"Moone, Co Kildare",6,-15.83,Flat,187,Frankel,7935095,[],GB,42,Turf,2026-04-12,2800244,"{'runs': '0', 'wins': '0'}",250,CH,-6.00,10,GB,GB,5,3097262,,False,G,Palace Pier,False,Waldfabel,0,1285,28,-18.00,,5,False,Good To Yielding,0,"{'runs': '1', 'wins': '0'}",5,Mrs J Barrett & Richard Galway
Leopardstown,17:25,Tony Harmon Services Handicap,,1m2f,,3yo,,"€14,725",8,So Must I,3,filly,7,4,Joseph Patrick OBrien,J M Sheridan,,False,128,80,91,57,51,9-861,Dundalk winner over this trip one to keep improving; rider/trainer having good time of it,Stepped up nicely on previous form to beat a stablemate and favourite (pair clear) in Dundalk rated race over slightly further than this in February; type to keep improving at this trip and rider/trainer having a good time of it of late.,,,53.06,True,6%,1m2f,6,[],2023-04-03,1136650,99171,"{'runs': '0', 'wins': '0'}",2200,52,False,Adana Partnership,717364,12%,,False,15,,917354,17%,-78.85,14%,IRE,42,https://www.racingpost.com/racecards/187/leopardstown/2026-04-12/917354,7588066/so-must-i,357529,"Owning Hill, Co Kilkenny",30,-48.50,Flat,187,Le Havre,7588066,[],FR,81,Turf,2026-04-12,2177988,"{'runs': '0', 'wins': '0'}",302,CH,+32.00,10,FR,IRE,,2957556,,False,F,Sottsass,False,Adana,5,32145,37,+24.50,,,False,Good To Yielding,8,"{'runs': '0', 'wins': '0'}",5,Thoroughbred Alliance Syndicate
Leopardstown,17:25,Tony Harmon Services Handicap,,1m2f,,3yo,,"€14,725",8,Another Day Done,3,colt,8,3,Joseph Patrick OBrien,Declan McDonogh,p,True,123,75,99,,79,607-14,Dundalk winner now upped in trip and one to consider,Nicely improved in first-time visor to handsomely win 1m Dundalk handicap in January off 63 (beating a subsequent winner); not clear run and hung right when only fourth over same C&D 10 days later off 12lb higher mark; cheekpieces now replace visor and upped in trip.,,,53.06,True,10%,1m2f,6,[],2023-03-06,1043624,13203,"{'runs': '0', 'wins': '0'}",2200,52,False,Whisperview Trading Ltd,831212,12%,,False,15,,917354,4%,-78.85,14%,IRE,42,https://www.racingpost.com/racecards/187/leopardstown/2026-04-12/917354,8370926/another-day-done,364385,"Owning Hill, Co Kilkenny",27,-41.33,Flat,187,War Command,8370926,[],FR,174,Turf,2026-04-12,2177988,"{'runs': '0', 'wins': '0'}",302,B,-22.50,10,IRE,USA,,2181292,,False,C,Sottsass,False,Elleanthus,1,32145,37,+24.50,,,False,Good To Yielding,8,"{'runs': '0', 'wins': '0'}",17,D Michaux
Down Royal,13:55,Carsena Bloodstock Mares Maiden Hurdle,,2m4f,,4yo+,,"€7,068",17,Miss Doyenne,6,mare,1,,Henry De Bromhead,Darragh OKeeffe,,False,161,,124,110,76,1-33,Third in a C&D maiden hurdle but a poor third at Punchestown since; better ground can help,Point (beating Cool Native) and bumper winner was third in a C&D maiden hurdle in December but was a poor third at Punchestown (hvy) since; this better ground should help her bounce back and is a big player if doing so even with an 8lb penalty.,,,38.46,False,13%,2m3f170y,3,[],2020-05-25,1080584,96391,"{'runs': '0', 'wins': '0'}",4350,53,False,C Berry & Berry Farms,57937,22%,,False,9,,917340,10%,+13.52,8%,IRE,40,https://www.racingpost.com/racecards/180/down-royal/2026-04-12/917340,6898515/miss-doyenne,312334,"Knockeen, Co Waterford",31,+11.75,Hurdle,180,Generous,6898515,[],IRE,77,Turf,2026-04-12,569100,"{'runs': '2', 'wins': '0'}",89,CH,-14.50,20,GB,IRE,,853792,,False,M,Doyen,False,Miss Generosity,3,1249,20,-23.50,,,False,Good,5,"{'runs': '1', 'wins': '0'}",10,Envirogreen Housing Services Ltd
Down Royal,13:55,Carsena Bloodstock Mares Maiden Hurdle,,2m4f,,4yo+,,"€7,068",17,Cool Native,6,mare,2,,Gordon Elliott,Jack Kennedy,,False,153,,119,25,8,3U,Third in a Navan maiden hurdle; unseated last week; closely matched with Miss Doyenne,Point winner last year was previously runner-up to Miss Doyenne in that sphere (beaten 1.75l); solid third in a Navan maiden hurdle on rules debut; unseated halfway last week; there shouldn't be much between her and the former.,,Cool Native | 6803021 | She works nicely enough and a mares' bumper will be her next port of call. She showed a good attitude when she won her point for Denis Murphy. 26-10-25,33.7,False,40%,2m3f170y,9,[],2020-02-18,1119697,94503,"{'runs': '0', 'wins': '0'}",4350,92,False,Mrs Marea ODonohoe,42337,26%,,False,11,,917340,14%,+5.08,10%,IRE,88,https://www.racingpost.com/racecards/180/down-royal/2026-04-12/917340,6803021/cool-native,301101,"Longwood, Co Meath",35,+18.76,Hurdle,180,Old Vic,6803021,[],GB,84,Turf,2026-04-12,561095,"{'runs': '0', 'wins': '0'}",305,B,-11.04,20,IRE,GB,,911948,,False,M,Westerner,False,Coolnasneachta,5,18145,80,+31.46,,,False,Good,10,"{'runs': '0', 'wins': '0'}",34,Bective Stud
Down Royal,13:55,Carsena Bloodstock Mares Maiden Hurdle,,2m4f,,4yo+,,"€7,068",17,Forever And A Day,7,mare,3,,Peter Maher,Sean OKeeffe,,False,153,,103,45,35,736,Well beaten in two maiden hurdles and a bumper so best to look elsewhere,Well beaten in two maiden hurdles and a bumper so best to look elsewhere.,,,0,False,17%,2m3f170y,0,[],2019-04-26,1134665,98518,"{'runs': '0', 'wins': '0'}",4350,1,False,Miss C Woods,462135,0%,,False,0,,917340,0%,-10.00,0%,IRE,1,https://www.racingpost.com/racecards/180/down-royal/2026-04-12/917340,8561150/forever-and-a-day,241550,"Donore, Co Kildare",17,+5.75,Hurdle,180,Oscar,8561150,[],GER,29,Turf,2026-04-12,736411,"{'runs': '1', 'wins': '0'}",10,B,-17.00,20,IRE,IRE,,847789,,False,M,Eliot,False,Oscar Day,0,21551,0,-1.00,,,False,Good,0,"{'runs': '0', 'wins': '0'}",5,C Woods
Down Royal,13:55,Carsena Bloodstock Mares Maiden Hurdle,,2m4f,,4yo+,,"€7,068",17,Hathaways Cottage,8,mare,4,,D M Christie,Ben Harvey,ht,True,153,,,,26,P/P4,Fourth in a hunter chase here last month but pulled-up in a point since; others preferred,Five-time point winner was fourth in a hunter chase here last month but was pulled-up in a point since; hood added; others appeal more.,,,50,False,8%,2m3f170y,1,[],2018-04-16,1125138,96257,"{'runs': '0', 'wins': '0'}",4350,4,False,Mrs M Turner,96538,9%,,False,25,,917340,20%,-34.09,25%,IRE,4,https://www.racingpost.com/racecards/180/down-royal/2026-04-12/917340,4952196/hathaways-cottage,20286,"Derrylin, Co Fermanagh",10,-31.29,Hurdle,180,Classic Cliche,4952196,[],GB,49,Turf,2026-04-12,660597,"{'runs': '2', 'wins': '0'}",53,B,+31.00,20,IRE,IRE,,780176,,False,M,Mahler,False,Carrign May,2,13433,5,+3.50,,,False,Good,1,"{'runs': '1', 'wins': '0'}",4,R Nicholas
Down Royal,13:55,Carsena Bloodstock Mares Maiden Hurdle,,2m4f,,4yo+,,"€7,068",17,Lady Cosmo,6,mare,5,,C A McBratney,Sean Flanagan,,False,153,,74,25,53,6,Point winner was beaten a long way in a Punchestown maiden hurdle and best watched for now,Point winner in November but was beaten a long way in a Punchestown maiden hurdle since and best watched for now.,,,25,False,5%,2m3f170y,0,[],2020-05-08,1038653,84936,"{'runs': '0', 'wins': '0'}",4350,4,False,Martin Keating,57937,2%,,False,0,,917340,0%,+6.00,0%,IRE,3,https://www.racingpost.com/racecards/180/down-royal/2026-04-12/917340,7334541/lady-cosmo,322758,"Crossgar, Co. Down",11,-34.21,Hurdle,180,Generous,7334541,[],USA,39,Turf,2026-04-12,743820,"{'runs': '0', 'wins': '0'}",61,B,-11.00,20,GB,IRE,,1894202,,False,M,Arctic Cosmos,False,JArrive,0,11039,1,-3.00,,,False,Good,0,"{'runs': '0', 'wins': '0'}",2,Mrs Rose Boyd Mrs Marie J. Armstrong Seamus Carmichael
Down Royal,13:55,Carsena Bloodstock Mares Maiden Hurdle,,2m4f,,4yo+,,"€7,068",17,Likeyouhaveplenty,5,mare,6,,Sean O OBrien,Mark McDonagh,,False,153,,,,,,Not a bad pedigree and could run respectably on debut,"First foal; dam 2m hurdle winner, out of dual bumper winner; not a bad pedigree and could run respectably on debut.",,,33.33,False,4%,2m3f170y,1,[],2021-02-21,1114455,97448,"{'runs': '0', 'wins': '0'}",4350,3,False,Mr Mark McDonagh,533451,17%,,False,33,,917340,0%,-1.50,33%,IRE,3,https://www.racingpost.com/racecards/180/down-royal/2026-04-12/917340,9083747/likeyouhaveplenty,148159,"Kilworth, Co. Cork",1,-20.50,Hurdle,180,Milan,9083747,[],GER,28,Turf,2026-04-12,572780,"{'runs': '0', 'wins': '0'}",6,BR,-1.00,20,IRE,GB,,1460337,,False,M,Shirocco,False,Blondes No More,0,10508,1,+14.00,,,False,Good,1,"{'runs': '0', 'wins': '0'}",1,Mark McDonagh
Down Royal,13:55,Carsena Bloodstock Mares Maiden Hurdle,,2m4f,,4yo+,,"€7,068",17,Mercurial Sea,5,mare,7,,Nigel Thomas Slevin,Carl Millar,h,False,153,90,100,,22,3850P8,Well-held in four hurdles including on h'cap debut last time; rated 90 so needs lots more,Placed in a bumper but has been well-held in four hurdles including on handicap debut last time; rated 90 so needs lots more.,,,0,False,18%,2m3f170y,0,[],2021-02-12,1118864,101231,"{'runs': '3', 'wins': '0'}",4350,2,False,G Rossiter & M Allen,462122,25%,,False,0,,917340,17%,+35.00,-,IRE,0,https://www.racingpost.com/racecards/180/down-royal/2026-04-12/917340,7087007/mercurial-sea,277784,"Enfield, Co Meath",6,+47.00,Hurdle,180,Cloudings,7087007,[],IRE,38,Turf,2026-04-12,826314,"{'runs': '2', 'wins': '0'}",12,B,-3.38,20,IRE,IRE,5,829969,,False,M,Affinisea,False,Cloudante,1,31882,3,0.00,,5,False,Good,0,"{'runs': '0', 'wins': '0'}",7,Judith Long
Down Royal,13:55,Carsena Bloodstock Mares Maiden Hurdle,,2m4f,,4yo+,,"€7,068",17,Ri Ra,8,mare,8,,Riceal Dunne,Brian Barry,h,False,153,,,,85,97,Late starter was beaten 24l in both bumper runs and is best watched for now,Late starter was beaten 24l in both bumper runs and is best watched for now.,,,0,False,0%,2m3f170y,0,[],2018-06-29,1083708,101027,"{'runs': '0', 'wins': '0'}",4350,2,False,Larry Dunne,66840,0%,,False,0,,917340,0%,-2.00,0%,IRE,2,https://www.racingpost.com/racecards/180/down-royal/2026-04-12/917340,8565916/ri-ra,304423,"Enniskerry, Co Wicklow",2,-3.00,Hurdle,180,Great Palm,8565916,[],IRE,3,Turf,2026-04-12,602597,"{'runs': '0', 'wins': '0'}",2,B,-2.00,20,IRE,USA,7,1035497,,False,M,Walk In The Park,False,Night Palm,0,41999,0,-2.00,,7,False,Good,0,"{'runs': '0', 'wins': '0'}",0,Stylebawn Syndicate
Down Royal,13:55,Carsena Bloodstock Mares Maiden Hurdle,,2m4f,,4yo+,,"€7,068",17,Shortt Fuse,5,mare,9,,Ms Helen P Markham,Josh Williamson,,False,153,,90,47,8,08P,Not a lot to show for three maiden hurdle efforts at huge prices and passed over today,Not a lot to show for three maiden hurdle efforts at huge prices and passed over today.,,,0,False,0%,2m3f170y,0,[],2021-05-05,1114768,102354,"{'runs': '0', 'wins': '0'}",4350,1,False,Mrs M OReilly,462135,0%,,False,0,,917340,5%,-6.00,0%,IRE,1,https://www.racingpost.com/racecards/180/down-royal/2026-04-12/917340,8812073/shortt-fuse,225880,"Grange Con, Co Wicklow",19,-10.00,Hurdle,180,Oscar,8812073,[],IRE,10,Turf,2026-04-12,680209,"{'runs': '2', 'wins': '0'}",6,B,-16.50,20,IRE,IRE,5,2894371,,False,M,Rajj,False,Kiss Debride,1,14364,0,-1.00,,5,False,Good,0,"{'runs': '0', 'wins': '0'}",0,J & P Partnership
Down Royal,13:55,Carsena Bloodstock Mares Maiden Hurdle,,2m4f,,4yo+,,"€7,068",17,Supreme Axel,7,mare,10,,James Andrew Fahey,Josh Younge,t,False,153,,78,43,106,P0,Not much promise in two points and two maiden hurdles so passed over today,Not much promise in two points and two maiden hurdles so passed over today.,,,0,False,-,2m3f170y,0,[],2019-04-26,1035644,101367,"{'runs': '0', 'wins': '0'}",4350,2,False,John Phelan,476740,0%,,False,0,,917340,-,-4.00,0%,IRE,2,https://www.racingpost.com/racecards/180/down-royal/2026-04-12/917340,6833912/supreme-axel,193868,"Stradbally, Co Laois",0,0.00,Hurdle,180,High-Rise,6833912,[],GB,0,Turf,2026-04-12,582554,"{'runs': '2', 'wins': '0'}",4,B,0.00,20,IRE,IRE,7,907154,Miss Heather Heffernan (2025-11-27),False,M,Alkaadhem,False,Ballagh Lady,0,35538,0,-2.00,,7,False,Good,0,"{'runs': '0', 'wins': '0'}",0,J D Phelan
Down Royal,13:55,Carsena Bloodstock Mares Maiden Hurdle,,2m4f,,4yo+,,"€7,068",17,The Poets Way,5,mare,11,,T G McCourt,Patrick M OBrien,,False,153,,,,14,PP,Hasn't jumped well when pulled-up in two maiden hurdles so passed over today,Hasn't jumped well when pulled-up in two maiden hurdles so passed over today.,,,37.5,False,8%,2m3f170y,0,[],2021-04-30,1137629,100782,"{'runs': '0', 'wins': '0'}",4350,9,False,Mr Paul Brady,603566,0%,,False,11,,917340,18%,-10.00,0%,IRE,1,https://www.racingpost.com/racecards/180/down-royal/2026-04-12/917340,8720929/the-poets-way,60577,"Stamullen, Co Meath",11,-26.55,Hurdle,180,Scorpion,8720929,[],IRE,39,Turf,2026-04-12,875371,"{'runs': '1', 'wins': '0'}",10,GR,+18.50,20,IRE,IRE,5,6949131,,False,M,Poets Word,False,Good Girl Mindy,2,4244,0,-1.00,,5,False,Good,1,"{'runs': '0', 'wins': '0'}",3,P J Sheridan
Down Royal,13:55,Carsena Bloodstock Mares Maiden Hurdle,,2m4f,,4yo+,,"€7,068",17,Whispering Hopes,6,mare,12,,Liam Lennon,Mr E P Powell,,False,153,95,121,108,26,23F608,Poor in two starts for this yard (both here) and needs improvement on her best form anyway,Dual-purpose maiden had been placed over hurdles for Gordon Elliott but has been poor in two starts for this yard (both here) and needs improvement on her best form anyway.,,,50,False,0%,2m3f170y,0,"[{'trainer': 'Gordon Elliott', 'trainer_id': 18145, 'change_date': '2026-01-06'}, {'trainer': 'D J Bunyan', 'trainer_id': 25506, 'change_date': '2024-06-18'}]",2020-03-11,1076134,103490,"{'runs': '4', 'wins': '0'}",4350,2,False,Ciara Eglington,546212,4%,,False,0,,917340,-,-19.00,0%,IRE,2,https://www.racingpost.com/racecards/180/down-royal/2026-04-12/917340,5073323/whispering-hopes,113662,"Newry, Co. Down",0,-5.00,Hurdle,180,High Chaparral,5073323,[],IRE,5,Turf,2026-04-12,852614,"{'runs': '1', 'wins': '0'}",26,B,0.00,20,IRE,IRE,7,1452979,Little Emperor Syndicate (2026-01-06)||Brian Bunyan (2024-06-18),False,M,Estidhkaar,False,Grandegrandegrande,0,14941,1,-2.00,,7,False,Good,0,"{'runs': '2', 'wins': '0'}",0,Liam Lennon
Down Royal,13:55,Carsena Bloodstock Mares Maiden Hurdle,,2m4f,,4yo+,,"€7,068",17,Creevybeg,4,filly,13,,C A McBratney,Gavin Brouder,,False,145,,,,,,Is a sibling to a pair of smart sorts so could run respectably on debut,"Fifth foal; half-sister to winners Tackletommywoowoo (3m hurdle) and Redwood Queen (2m-2m4f hurdle); dam unraced sister to 2m hurdle winner Play The Market; Eur1,200 foal is a sibling to a pair of smart sorts so could run respectably on debut.",,,25,False,6%,2m3f170y,0,[],2022-06-06,1053123,97911,"{'runs': '0', 'wins': '0'}",4350,4,False,Clare A Kehoe,84432,2%,,False,0,,917340,13%,+6.00,0%,IRE,3,https://www.racingpost.com/racecards/180/down-royal/2026-04-12/917340,9083746/creevybeg,242091,"Crossgar, Co. Down",8,+40.50,Hurdle,180,Kings Theatre,9083746,[],GB,32,Turf,2026-04-12,767000,"{'runs': '0', 'wins': '0'}",61,BR,-3.67,20,IRE,IRE,,3891102,,False,F,Maxios,False,Blackberry Lass,1,11039,1,-3.00,,,False,Good,0,"{'runs': '0', 'wins': '0'}",2,Templeburn Racing Syndicate
Down Royal,13:55,Carsena Bloodstock Mares Maiden Hurdle,,2m4f,,4yo+,,"€7,068",17,Eitilt,4,filly,14,,P J Rothwell,Tiernan Power Roche,,False,145,,72,40,12,P00,Well beaten in three maiden hurdles and best look elsewhere today,Well beaten in three maiden hurdles and best look elsewhere today.,,,35.9,False,25%,2m3f170y,1,[],2022-05-30,1121934,96768,"{'runs': '0', 'wins': '0'}",4350,39,False,Michael Wemyss,533451,8%,,False,3,,917340,10%,+49.00,3%,IRE,39,https://www.racingpost.com/racecards/180/down-royal/2026-04-12/917340,8370934/eitilt,144201,"Tinahely, Co Wicklow",21,+59.00,Hurdle,180,Milan,8370934,[],IRE,12,Turf,2026-04-12,1495052,"{'runs': '0', 'wins': '0'}",79,CH,-4.50,20,IRE,GB,,777453,Howyekeeping Syndicate/P J Rothwell (2026-03-26)||Howyekeeping Syndicate (2025-11-11),False,F,Hunting Horn,False,Good Time In Milan,2,13570,6,-31.00,,,False,Good,1,"{'runs': '0', 'wins': '0'}",3,P J Rothwell
Down Royal,13:55,Carsena Bloodstock Mares Maiden Hurdle,,2m4f,,4yo+,,"€7,068",17,Infinity Succes,4,filly,15,,S R B Crawford,Danny Mullins,,False,145,,106,63,26,640,Decent run in an Academy hurdle on debut but below that level in two bumpers since,Ran respectably in an Academy hurdle on debut but has been below that level in two bumpers since; has to resume progress.,,,0,False,8%,2m3f170y,0,"[{'trainer': 'Declan Queally', 'trainer_id': 7988, 'change_date': '2026-03-12'}]",2022-03-24,1140239,87524,"{'runs': '1', 'wins': '0'}",4350,7,False,M Damien Bellanger & M Nicolas Bellanger,74630,7%,,False,0,,917340,0%,-72.68,0%,FR,7,https://www.racingpost.com/racecards/180/down-royal/2026-04-12/917340,8236358/infinity-succes,349129,"Larne, Co Antrim",27,+86.80,Hurdle,180,Kadalko,8236358,[],IRE,48,Turf,2026-04-12,1589423,"{'runs': '0', 'wins': '0'}",190,B,-27.00,20,FR,FR,,797269,,False,F,Latrobe,False,Frija Eria,0,16596,13,-7.00,,,False,Good,0,"{'runs': '1', 'wins': '0'}",4,Shane Wilson
Down Royal,13:55,Carsena Bloodstock Mares Maiden Hurdle,,2m4f,,4yo+,,"€7,068",17,Thelittlevillager,4,filly,16,,P J Rothwell,Dylan Robinson,,False,145,,51,,24,70,Tailed-off in two maiden hurdles so look elsewhere,Tailed-off in two maiden hurdles so look elsewhere.,,,35.9,False,11%,2m3f170y,1,[],2022-04-21,1060677,91978,"{'runs': '0', 'wins': '0'}",4350,39,False,Miss Gretta Kennedy,695767,8%,,False,3,,917340,0%,+49.00,3%,IRE,39,https://www.racingpost.com/racecards/180/down-royal/2026-04-12/917340,8725512/thelittlevillager,368513,"Tinahely, Co Wicklow",8,-4.00,Hurdle,180,Mastercraftsman,8725512,[],IRE,9,Turf,2026-04-12,1495052,"{'runs': '0', 'wins': '0'}",79,B,-8.00,20,IRE,IRE,,872801,P J Rothwell (2026-02-24),False,F,Hunting Horn,False,Jessamine,0,13570,6,-31.00,,,False,Good,1,"{'runs': '0', 'wins': '0'}",1,Kiltipper Road Syndicate
Down Royal,13:55,Carsena Bloodstock Mares Maiden Hurdle,,2m4f,,4yo+,,"€7,068",17,Westin Pimpernel,4,filly,17,,C A McBratney,Jordan Gainford,,False,145,,34,,14,0P,Tailed-off and pulled-up in maiden hurdles so passed over today,Tailed-off and pulled-up in maiden hurdles so passed over today.,,,25,False,13%,2m3f170y,0,[],2022-03-25,1135898,99256,"{'runs': '0', 'wins': '0'}",4350,4,False,Jennifer OShea & Margaret Walsh,96829,2%,,False,0,,917340,0%,+6.00,0%,IRE,3,https://www.racingpost.com/racecards/180/down-royal/2026-04-12/917340,8844508/westin-pimpernel,242091,"Crossgar, Co. Down",22,-5.15,Hurdle,180,Definite Article,8844508,[],USA,55,Turf,2026-04-12,737740,"{'runs': '0', 'wins': '0'}",61,B,-22.00,20,IRE,GB,,897734,,False,F,Elusive Pimpernel,False,Westinmare,0,11039,1,-3.00,,,False,Good,0,"{'runs': '0', 'wins': '0'}",7,Templeburn Racing Syndicate
Down Royal,14:30,Adare Manor Opportunity Handicap Hurdle,,2m4f,,4yo+,,"€7,657",11,Dairy Force,7,gelding,1,,Gordon Elliott,Kevin Healy,h,False,166,104,106,91,14,U02442,Decent runs the last twice for this yard; up 3lb but should go close with a repeat,Won a Kilbeggan 2m maiden hurdle in 2024 for Liam O'Brien; no win since but plenty of solid efforts including the last twice for this yard; up 3lb but should go close with a repeat.,"2024-06-17 | Dairy Force | 5469779 | www.kilbegganraces.com (Q.R.) Maiden Hurdle | 870862 | Kilbeggan | 203 | 16 | 3520 | I rode Dairy Force here in a bumper the last day and he was very keen so I was hoping they would go a nice gallop today. In fairness he was a still a bit keen today but jumped very well. He came there easily, was green when hitting the front, lugging out to the left. He's still a baby but has a bit of class - Finian Maguire, jockey, speaking to Racing TV.",,33.7,True,33%,2m3f170y,9,"[{'trainer': 'Liam G OBrien', 'trainer_id': 37676, 'change_date': '2026-01-20'}, {'trainer': 'Anthony Mullins', 'trainer_id': 3169, 'change_date': '2024-05-10'}]",2019-04-02,26848,102961,"{'runs': '1', 'wins': '0'}",4350,92,False,Larry Murphy,572721,26%,,False,11,,917341,-,+5.08,10%,IRE,88,https://www.racingpost.com/racecards/180/down-royal/2026-04-12/917341,5469779/dairy-force,367257,"Longwood, Co Meath",0,+0.25,Hurdle,180,Gold Well,5469779,[],GB,3,Turf,2026-04-12,742579,"{'runs': '4', 'wins': '0'}",305,B,0.00,20,IRE,GB,,846452,Mrs B McConnell (2026-01-22)||WSQ Syndicate (2026-01-20),False,G,Workforce,False,Golden Belief,0,18145,80,+31.46,,,False,Good,10,"{'runs': '0', 'wins': '0'}",1,McConnell & OShea Partnership
Down Royal,14:30,Adare Manor Opportunity Handicap Hurdle,,2m4f,,4yo+,,"€7,657",11,Circus Act,7,mare,2,,J A Nash,Peter Smithers,b,False,156,94,109,38,40,681-F9,Won this last year off 2lb lower; should run well with a repeat of best; ground-versatile,Won her second hurdle race when winning this race a year ago off 2lb lower; has only run four times between the Flat and hurdles since; should run well with a repeat of best; ground-versatile.,,,100,True,10%,2m3f170y,0,[],2019-04-06,22479,101447,"{'runs': '10', 'wins': '2'}",4350,1,False,Michael Buckley,565428,14%,,False,0,,917341,0%,+5.00,0%,IRE,1,https://www.racingpost.com/racecards/180/down-royal/2026-04-12/917341,4227587/circus-act,198052,"The Curragh, Co. Kildare",3,-7.00,Hurdle,180,Van Nistelrooy,4227587,[],IRE,10,Turf,2026-04-12,881140,"{'runs': '5', 'wins': '1'}",7,B,-3.00,20,IRE,USA,,779113,Alamo Eight Syndicate (2024-06-11)||J A Nash (2022-12-01),False,M,Buratino,False,Daring Damsel,0,21093,1,-1.00,,,False,Good,0,"{'runs': '2', 'wins': '1'}",1,J A Nash
Down Royal,14:30,Adare Manor Opportunity Handicap Hurdle,,2m4f,,4yo+,,"€7,657",11,Kalsman,8,gelding,3,,Liam Lennon,Caragh Monaghan,h,False,155,93,108,92,14,9414-6,Not a bad effort on comeback two weeks ago; a player with improvement from that,"Sole hurdle win came at Downpatrick in 2024 over 2m6f; only two runs since then, both decent efforts over that same C&D, the latest two weeks ago; a player with improvement from that.","2024-06-15 | Kalsman | 4363048 | Randox (Q.R.) Handicap Hurdle (Div II) | 870876 | Downpatrick | 179 | 22 | 4800 | I didn't think he'd get beaten today. I'm chuffed for the owner. I trained the dam to win for me as well. I thought Kalsman would need the trip. We'll keep him to these sort of races, and keep him local, as he doesn't travel well - Liam Lennon, trainer, speaking to Racing TV.",,50,True,7%,2m3f170y,0,[],2018-06-04,1077092,101682,"{'runs': '7', 'wins': '1'}",4350,2,False,Terryhoogan Bloodstock Breeding,447943,4%,,False,0,,917341,0%,-19.00,0%,IRE,2,https://www.racingpost.com/racecards/180/down-royal/2026-04-12/917341,4363048/kalsman,218452,"Newry, Co. Down",4,-10.00,Hurdle,180,Desert King,4363048,[],IRE,14,Turf,2026-04-12,480864,"{'runs': '3', 'wins': '0'}",26,BR,-4.00,20,IRE,IRE,2,840550,,False,G,Kalanisi,False,South Circle,0,14941,1,-2.00,,2,False,Good,0,"{'runs': '6', 'wins': '0'}",1,William Anderson
Down Royal,14:30,Adare Manor Opportunity Handicap Hurdle,,2m4f,,4yo+,,"€7,657",11,Brother Hollie,4,gelding,4,,Mark Michael McNiff,Alan King,ht,True,153,99,111,58,26,066,The best of three maiden hurdle runs came at Navan on second start; needs to improve,The best of three maiden hurdle runs came at Navan on second start; tongue-tie is back on along with the hood worn last time; needs to improve.,,,50,True,0%,2m3f170y,1,[],2022-02-11,3150,97558,"{'runs': '1', 'wins': '0'}",4350,3,False,J S Bolger,708203,0%,,False,33,,917341,-,-14.00,50%,IRE,2,https://www.racingpost.com/racecards/180/down-royal/2026-04-12/917341,8236374/brother-hollie,154494,"Strandhill, Co. Sligo",0,-3.00,Hurdle,180,Vocalised,8236374,[],IRE,3,Turf,2026-04-12,781842,"{'runs': '0', 'wins': '0'}",14,B,0.00,20,IRE,USA,,2046163,,False,G,Parish Hall,False,Ploughland,0,19629,0,+39.00,,,False,Good,1,"{'runs': '0', 'wins': '0'}",0,Brendan G Flynn
Down Royal,14:30,Adare Manor Opportunity Handicap Hurdle,,2m4f,,4yo+,,"€7,657",11,Justicialism,8,gelding,5,,Noel C Kelly,Eoghan Finegan,tp,False,152,90,108,24,66,30-08P,Hasn't won over hurdles for just over four years; has been poor on last three starts,Hasn't won over hurdles for just over four years; has been poor on last three starts and needs a major revival.,"2022-02-27 | Justicialism | 3309437 | Naas Racecourse Business Club Handicap Hurdle | 805671 | Naas | 192 | 15.5 | 3401 | Justicialism seems to be improving. They went a good gallop and he was flat to the boards early but Shane was brilliant on him. He knew they were going to come back. We'll stick to handicap company - Brian Hamilton, trainer.||2022-01-31 | Justicialism | 3309437 | Festival Tickets On Sale Now Handicap Hurdle | 803769 | Punchestown | 195 | 16 | 3520 | Justicialism was tough out. He never shows a whole pile at home. I thought he was harshly handicapped, but we're all right now! Where we go from here I don't know - Brian Hamilton, trainer.",,33.33,True,7%,2m3f170y,0,"[{'trainer': 'Gerald Stephen Quinn', 'trainer_id': 38700, 'change_date': '2026-01-29'}, {'trainer': 'B R Hamilton', 'trainer_id': 14472, 'change_date': '2024-02-07'}, {'trainer': 'Charlie Fellowes', 'trainer_id': 28913, 'change_date': '2021-10-26'}]",2018-01-27,15545,100873,"{'runs': '2', 'wins': '0'}",4350,7,False,Tally-Ho Stud,537646,4%,,False,0,,917341,0%,-64.00,0%,IRE,4,https://www.racingpost.com/racecards/180/down-royal/2026-04-12/917341,3309437/justicialism,224250,"Draperstown, Co. Derry",6,-9.50,Hurdle,180,Street Cry,3309437,[],FR,15,Turf,2026-04-12,861213,"{'runs': '9', 'wins': '0'}",81,B,-6.00,20,USA,IRE,,3309448,Mohamed Obaida (2021-10-26),False,G,Vadamos,False,Peronism,0,17764,3,-4.00,,,False,Good,0,"{'runs': '4', 'wins': '0'}",1,N J Houston
Down Royal,14:30,Adare Manor Opportunity Handicap Hurdle,,2m4f,,4yo+,,"€7,657",11,Kps Ladyofknock,6,mare,6,,Mark Fahey,Thomas OConnor,,False,150,88,104,,446,0P1C3-,Solid third over 2m1f at this track when last seen; has an absence to overcome,Won a 2m Clonmel handicap in 2024 and a solid third over 2m1f at this track when last seen; has an absence to overcome.,"2024-12-03 | Kps Ladyofknock | 5809859 | Thanks To All For Your Support In 2024 Handicap Hurdle | 883040 | Clonmel | 177 | 16.5 | 3611 | Kp's Ladyofknock was fit, healthy and well when she came, but came with a bit of an attitude. She worked very very well in two bits of work for me and Tom rides her out at home, so knows her well - Mark Fahey, trainer",,44.44,True,0%,2m3f170y,1,"[{'trainer': 'Peter Maher', 'trainer_id': 21551, 'change_date': '2024-11-28'}]",2020-04-26,1132720,103949,"{'runs': '5', 'wins': '0'}",4350,10,False,Thomas OGrady,480864,9%,,False,10,,917341,0%,-8.00,50%,IRE,2,https://www.racingpost.com/racecards/180/down-royal/2026-04-12/917341,5809859/kps-ladyofknock,315936,"Cloneygath, Co Kildare",1,-4.00,Hurdle,180,Kalanisi,5809859,[],IRE,4,Turf,2026-04-12,556763,"{'runs': '2', 'wins': '0'}",11,BR,-1.00,20,IRE,IRE,2,778453,,False,M,Policy Maker,False,Bahira,0,28193,1,+3.00,,2,False,Good,1,"{'runs': '1', 'wins': '0'}",0,Jeffrey Brennan
Down Royal,14:30,Adare Manor Opportunity Handicap Hurdle,,2m4f,,4yo+,,"€7,657",11,Queen Nel,7,mare,7,,E D Delany,Harry Sexton,,False,150,88,110,81,50,-0076P,No win since 2024 and isn't easy to fancy on her poor recent form,Won a Gowran maiden hurdle over 2m in 2024; no win since and isn't easy to fancy on her poor recent form.,"2024-03-09 | Queen Nel | 5160448 | Best Of Luck To The Irish At Cheltenham Mares Maiden Hurdle | 862741 | Gowran Park | 184 | 16 | 3520 | It's a nice surprise. Queen Nel is not the quickest but in that ground she didn't need to be and she kept galloping. She's a home-bred so it's great. On better ground I'd say she'll go up in trip -  Ray Cody, trainer.",,33.33,True,5%,2m3f170y,0,"[{'trainer': 'R P Cody', 'trainer_id': 35318, 'change_date': '2024-04-25'}]",2019-04-07,7643,101087,"{'runs': '1', 'wins': '0'}",4350,6,False,R Cody,533397,0%,,False,17,,917341,0%,-15.00,0%,IRE,1,https://www.racingpost.com/racecards/180/down-royal/2026-04-12/917341,5160448/queen-nel,151218,"Laytown, Co Meath",7,+22.00,Hurdle,180,Dilshaan,5160448,[],GB,19,Turf,2026-04-12,660604,"{'runs': '8', 'wins': '0'}",15,GR,-7.00,20,IRE,GB,,4301520,Gillian Cody (2024-04-25),False,M,Mount Nelson,False,All The Queens,0,7524,0,-1.00,,,False,Good,1,"{'runs': '0', 'wins': '0'}",1,David Jordan
Down Royal,14:30,Adare Manor Opportunity Handicap Hurdle,,2m4f,,4yo+,,"€7,657",11,Urbs Intacta Manet,5,gelding,8,,J P Flavin,Dylan Whelan,,False,146,84,91,51,41,00P0,Not a lot of promise in four maidens; has to do a lot more even dropping into handicaps,"Not a lot of promise in four maiden hurdles, including for this yard last time; has to do a lot more even dropping into handicaps.",,,50,True,-,2m3f170y,0,"[{'trainer': 'Cian Collins', 'trainer_id': 39540, 'change_date': '2026-02-16'}]",2021-05-14,1028446,99365,"{'runs': '0', 'wins': '0'}",4350,4,False,David Kells,52360,22%,,False,0,,917341,0%,+20.50,0%,IRE,3,https://www.racingpost.com/racecards/180/down-royal/2026-04-12/917341,8423293/urbs-intacta-manet,286616,"Tramore, Co Waterford",3,0.00,Hurdle,180,Turgeon,8423293,[],IRE,0,Turf,2026-04-12,835819,"{'runs': '3', 'wins': '0'}",9,GB,-3.00,20,IRE,USA,,830274,,False,G,Lucky Speed,False,Keen Blade,0,38089,2,-3.00,,,False,Good,0,"{'runs': '0', 'wins': '0'}",0,Havin-A-Mare Syndicate
Down Royal,14:30,Adare Manor Opportunity Handicap Hurdle,,2m4f,,4yo+,,"€7,657",11,Boston Fire,7,gelding,9,,Peter Maher,Benjamin P Kennedy,tp,True,143,81,105,52,49,PS70,Hasn't shown much ability in points and maiden hurdles so not easy to fancy,Hasn't shown much ability in points and maiden hurdles so not easy to fancy even dropping into handicaps; cheekpieces added.,,,0,True,6%,2m3f170y,0,[],2019-05-29,1104967,100367,"{'runs': '0', 'wins': '0'}",4350,1,False,Mr B Cawley,21792,0%,,False,0,,917341,0%,-10.00,0%,IRE,1,https://www.racingpost.com/racecards/180/down-royal/2026-04-12/917341,7046551/boston-fire,127390,"Donore, Co Kildare",3,-4.00,Hurdle,180,Lord Americo,7046551,[],IRE,16,Turf,2026-04-12,556763,"{'runs': '0', 'wins': '0'}",10,B,-3.00,20,IRE,IRE,,3483737,,False,G,Policy Maker,False,Boston Lily,0,21551,0,-1.00,,,False,Good,0,"{'runs': '0', 'wins': '0'}",1,Brendan Cawley
Down Royal,14:30,Adare Manor Opportunity Handicap Hurdle,,2m4f,,4yo+,,"€7,657",11,Pleasureofpressure,6,gelding,10,,P J Rothwell,Brian Barry,,False,143,81,112,96,26,645423,Not his best run when a beaten favourite over a bit further here last time; can go closer,Maiden has been consistent in handicaps over the last year; not his best run when a beaten favourite over a bit further here last time but can go closer if improving from that.,,,35.9,True,0%,2m3f170y,1,[],2020-04-01,1136572,101027,"{'runs': '5', 'wins': '0'}",4350,39,False,Raymond Nolan,657490,8%,,False,3,,917341,0%,+49.00,3%,IRE,39,https://www.racingpost.com/racecards/180/down-royal/2026-04-12/917341,6604789/pleasureofpressure,346571,"Tinahely, Co Wicklow",2,-3.00,Hurdle,180,Getaway,6604789,[],IRE,3,Turf,2026-04-12,569100,"{'runs': '2', 'wins': '0'}",79,B,-2.00,20,IRE,GER,2,6635693,,False,G,Doyen,False,Carnalway I,0,13570,6,-31.00,,2,False,Good,1,"{'runs': '1', 'wins': '0'}",0,Free Rein Syndicate
Down Royal,14:30,Adare Manor Opportunity Handicap Hurdle,,2m4f,,4yo+,,"€7,657",11,Party Pack,8,gelding,11,,J P Flavin,Jordan Canavan,t,False,140,78,111,97,6,P427P5,Not a bad effort on comeback at Cork earlier this week; could run well,Second runner for yard; maiden produced his best run when second in a 2m1f Wexford handicap last August; not a bad effort on comeback at Cork earlier this week; could run well upped in trip.,,,50,True,0%,2m3f170y,0,[],2018-03-20,30086,94023,"{'runs': '5', 'wins': '0'}",4350,4,False,M Fogarty,642131,22%,,False,0,,917341,0%,+20.50,0%,IRE,3,https://www.racingpost.com/racecards/180/down-royal/2026-04-12/917341,5441347/party-pack,321278,"Tramore, Co Waterford",3,-2.00,Hurdle,180,Papal Bull,5441347,[],GB,2,Turf,2026-04-12,441502,"{'runs': '4', 'wins': '0'}",9,B,-3.00,20,IRE,GB,,5441346,,False,G,Well Chosen,False,Papal Dancer,0,38089,2,-3.00,,,False,Good,0,"{'runs': '1', 'wins': '0'}",0,Ruby Racing Syndicate
Down Royal,15:05,Fast As Fibrus Broadband Novice Handicap Hurdle,,2m6f,,4yo+,,"€7,068",12,Irish Champ,6,gelding,1,,S R B Crawford,J J Slevin,ht,False,166,110,112,97,26,4327,Not a bad effort on handicap debut over 2m4f here last time but has to do more,Point winner has run creditably in several maiden hurdles; not a bad effort on handicap debut over 2m4f here last time but has to do more off the same mark.,,,0,True,12%,2m6f,0,[],2020-02-14,10761,88288,"{'runs': '0', 'wins': '0'}",4840,7,False,Oliver Loughlin,96578,7%,,False,0,,917342,25%,-72.68,0%,IRE,7,https://www.racingpost.com/racecards/180/down-royal/2026-04-12/917342,5713783/irish-champ,206920,"Larne, Co Antrim",8,-12.31,Hurdle,180,Flemensfirth,5713783,[],GB,59,Turf,2026-04-12,533451,"{'runs': '0', 'wins': '0'}",190,B,+2.00,22,IRE,USA,,825322,,False,G,Milan,False,Scarlet Feather,2,16596,13,-7.00,,,False,Good,0,"{'runs': '1', 'wins': '0'}",7,Simon Munir & Isaac Souede
Down Royal,15:05,Fast As Fibrus Broadband Novice Handicap Hurdle,,2m6f,,4yo+,,"€7,068",12,Rough n Smooth,6,gelding,2,,Thomas Gibney,James Smith,,False,159,103,106,80,87,884,Steps up in trip on handicap debut and can run well with more likely to come,The best of three maiden hurdle runs came at Fairyhouse last time over 2m4f; up in trip on handicap debut and can run well with more likely to come.,,,0,True,29%,2m6f,0,[],2020-03-23,15632,88924,"{'runs': '0', 'wins': '0'}",4840,5,False,Navan Stables,90630,5%,,False,0,,917342,8%,-12.00,0%,IRE,5,https://www.racingpost.com/racecards/180/down-royal/2026-04-12/917342,7139169/rough-n-smooth,200462,"Trim, Co. Meath",12,+26.00,Hurdle,180,Winged Love,7139169,[],IRE,14,Turf,2026-04-12,685574,"{'runs': '0', 'wins': '0'}",22,B,-7.50,22,IRE,IRE,5,7139168,,False,G,Conduit,False,RoughNReady,1,19282,1,-5.00,,5,False,Good,0,"{'runs': '0', 'wins': '0'}",4,Peter Haughey
Down Royal,15:05,Fast As Fibrus Broadband Novice Handicap Hurdle,,2m6f,,4yo+,,"€7,068",12,Jukebox Johnny,6,gelding,3,,Henry De Bromhead,Darragh OKeeffe,p,False,158,102,110,106,80,-0945P,Best run at Cork last December; pulled-up in cheekpieces last time; questions now,Best run when a 10l fourth in a Cork handicap over 2m4f in testing ground in December; below that level next time and pulled-up in cheekpieces since; questions now.,,,38.46,True,13%,2m6f,3,[],2020-04-05,1024213,96391,"{'runs': '0', 'wins': '0'}",4840,53,False,Victor Connolly,105810,22%,,False,9,,917342,10%,+13.52,8%,IRE,40,https://www.racingpost.com/racecards/180/down-royal/2026-04-12/917342,6701916/jukebox-johnny,331587,"Knockeen, Co Waterford",31,+11.75,Hurdle,180,Shantou,6701916,[],IRE,77,Turf,2026-04-12,709548,"{'runs': '0', 'wins': '0'}",89,GR,-14.50,22,IRE,USA,,854324,A N Durkan (2025-03-19),False,G,Jukebox Jury,False,Belle Fortune,3,1249,20,-23.50,,,False,Good,5,"{'runs': '0', 'wins': '0'}",10,Anthony N Durkan & B M Durkan
Down Royal,15:05,Fast As Fibrus Broadband Novice Handicap Hurdle,,2m6f,,4yo+,,"€7,068",12,Couldntmakeitup,6,gelding,4,,J A Nash,Peter Smithers,t,False,152,96,113,77,44,U34930,Stumbled halfway when was poor at Newbury last time; is a player if bouncing back,Maiden was only beaten 4l in third in a 2m Punchestown handicap in January; stumbled halfway when was poor at Newbury since; is a player if bouncing back.,,,100,True,10%,2m6f,0,[],2020-05-31,1112852,101447,"{'runs': '5', 'wins': '0'}",4840,1,False,Ms Mary Kennedy,96829,14%,,False,0,,917342,0%,+5.00,0%,IRE,1,https://www.racingpost.com/racecards/180/down-royal/2026-04-12/917342,6125819/couldntmakeitup,346566,"The Curragh, Co. Kildare",3,-7.00,Hurdle,180,Definite Article,6125819,[],IRE,10,Turf,2026-04-12,589098,"{'runs': '1', 'wins': '0'}",7,B,-3.00,22,IRE,GB,7,825324,,False,G,Court Cave,False,Sophie Rose,0,21093,1,-1.00,,7,False,Good,0,"{'runs': '0', 'wins': '0'}",1,Couldnt Make It Up Syndicate
Down Royal,15:05,Fast As Fibrus Broadband Novice Handicap Hurdle,,2m6f,,4yo+,,"€7,068",12,Danny The Champ,5,gelding,5,,John C McConnell,Alex Harvey,,False,152,96,110,93,41,000909,No progress since switched to handicaps and has to find improvement from somewhere,Maiden hasn't shown any progress since switched to handicaps and has to find improvement from somewhere.,,,10.53,True,14%,2m6f,0,[],2021-04-10,14268,8992,"{'runs': '0', 'wins': '0'}",4840,19,False,Charles Persse,60857,8%,,False,0,,917342,0%,-42.50,0%,IRE,11,https://www.racingpost.com/racecards/180/down-royal/2026-04-12/917342,7471122/danny-the-champ,156983,"Stamullen, Co Meath",11,+1.70,Hurdle,180,Marju,7471122,[],GB,29,Turf,2026-04-12,800346,"{'runs': '0', 'wins': '0'}",80,CH,-11.00,22,GB,IRE,,825335,,False,G,Feel Like Dancing,False,Streak,0,14751,6,-11.00,,,False,Good,0,"{'runs': '0', 'wins': '0'}",4,Dermot McGuinness
Down Royal,15:05,Fast As Fibrus Broadband Novice Handicap Hurdle,,2m6f,,4yo+,,"€7,068",12,King Gris,6,gelding,6,,Gordon Elliott,Jack Kennedy,b,True,150,94,114,68,123,8-5911,Won consecutive handicaps in UK; this is more competitive but he has to be respected,"Improved form since switched to this yard, winning handicaps at Ayr and Hexham over approx 2m4f in testing ground; this is more competitive and on different ground but has to be respected.","2025-12-01 | King Gris | 5652635 | Festive Dining At Western House Hotel Handicap Hurdle (Div II) | 909348 | Ayr | 3 | 19.5 | 4290 | It was nip and tuck going to the last but King Gris won, which is the most important thing, and he has a good attitude. That was a low-grade race but hopefully he'll be able to win a couple more - Gordon Elliott, trainer, speaking to Racing TV.",,33.7,True,40%,2m6f,9,"[{'trainer': 'Patrick Morris', 'trainer_id': 14293, 'change_date': '2025-11-25'}]",2020-05-06,1126628,94503,"{'runs': '1', 'wins': '0'}",4840,92,False,Earl Trinquet O Trinquet & M Trinquet,500448,26%,,False,11,,917342,14%,+5.08,10%,FR,88,https://www.racingpost.com/racecards/180/down-royal/2026-04-12/917342,5652635/king-gris,91767,"Longwood, Co Meath",35,+18.76,Hurdle,180,Laveron,5652635,[],IRE,84,Turf,2026-04-12,668143,"{'runs': '0', 'wins': '0'}",305,GR,-11.04,22,FR,GB,,5652657,Sette A Milano Syndicate (2026-01-29)||Patrick Morris (2025-11-25),False,G,Gris De Gris,False,Dexterite,5,18145,80,+31.46,,,False,Good,10,"{'runs': '0', 'wins': '0'}",34,D Charlesworth
Down Royal,15:05,Fast As Fibrus Broadband Novice Handicap Hurdle,,2m6f,,4yo+,,"€7,068",12,Only For Our Man,6,gelding,7,,Paul Nolan,Eoin Staples,,False,148,92,112,86,39,25002,Second in a 2m3f Naas handicap last time and looks a major player if staying this trip,Point winner was second in a bumper last year; best effort over hurdles came when second in a 2m3f Naas handicap last time; handles good ground and looks a major player if staying this trip.,,,50,True,7%,2m6f,2,"[{'trainer': 'Conor David Maxwell', 'trainer_id': 40278, 'change_date': '2025-12-22'}, {'trainer': 'S R B Crawford', 'trainer_id': 16596, 'change_date': '2025-06-10'}]",2020-05-07,1072456,102365,"{'runs': '0', 'wins': '0'}",4840,14,False,Mountainview Stud Ltd Tipperary,302068,15%,,False,14,,917342,14%,+1.25,15%,IRE,13,https://www.racingpost.com/racecards/180/down-royal/2026-04-12/917342,5727955/only-for-our-man,370447,"Enniscorthy, Co. Wexford",14,-12.50,Hurdle,180,Robellino,5727955,[],IRE,15,Turf,2026-04-12,583841,"{'runs': '0', 'wins': '0'}",26,B,-4.50,22,IRE,USA,5,578072,Paul Nolan (2026-04-01)||Mrs Karena Maxwell (2025-12-22)||S R B Crawford (2025-06-10),False,G,Yeats,False,Baliya,2,9647,4,-3.50,,5,False,Good,2,"{'runs': '1', 'wins': '0'}",1,Patrick Carberry
Down Royal,15:05,Fast As Fibrus Broadband Novice Handicap Hurdle,,2m6f,,4yo+,,"€7,068",12,Hitthehayson,7,gelding,8,,Ian Patrick Donoghue,Conor Stone-Walsh,p,False,147,91,113,68,2,411P53,Won two chases over the winter; not as good in two hurdle runs since; has to rebound,Dual hurdle winner won consecutive handicap chases over the winter at Fairyhouse and Haydock; not as good in two hurdle runs since and has to return to best.,,,28.57,True,7%,2m6f,0,"[{'trainer': 'P J Rothwell', 'trainer_id': 13570, 'change_date': '2025-09-15'}]",2019-05-20,1129272,101851,"{'runs': '5', 'wins': '0'}",4840,14,False,Miss Christina Burke,4722,17%,,False,0,,917342,9%,+2.41,0%,IRE,14,https://www.racingpost.com/racecards/180/down-royal/2026-04-12/917342,6768222/hitthehayson,362190,"Clonalvy, County Meath",11,-4.00,Hurdle,180,Moscow Society,6768222,[],IRE,29,Turf,2026-04-12,709548,"{'runs': '3', 'wins': '1'}",41,B,-1.00,22,IRE,USA,,6768221,Martin Durack (2025-09-15),False,G,Jukebox Jury,False,Das Rheingold,1,38240,7,-14.00,,,False,Good,0,"{'runs': '1', 'wins': '0'}",2,ManAboutHorse Syndicate
Down Royal,15:05,Fast As Fibrus Broadband Novice Handicap Hurdle,,2m6f,,4yo+,,"€7,068",12,Dark Lieutenant,5,gelding,9,,P A Fahy,Danny Mullins,,False,144,88,112,64,17,956008,Badly hampered when well beaten on handicap hurdle debut last time; can do better,Some promise in bumpers; was badly hampered when well beaten on handicap hurdle debut last time at Clonmel; can do better and sounder surface can help.,,,0,True,8%,2m6f,0,[],2021-05-23,1099077,87524,"{'runs': '0', 'wins': '0'}",4840,3,False,John Joe Brady,75837,11%,,False,0,,917342,0%,+33.00,0%,IRE,2,https://www.racingpost.com/racecards/180/down-royal/2026-04-12/917342,8144035/dark-lieutenant,199979,"Leighlinbridge, Co Carlow",27,+86.80,Hurdle,180,Beneficial,8144035,[],IRE,48,Turf,2026-04-12,660612,"{'runs': '0', 'wins': '0'}",18,B,-27.00,22,GB,GB,,525278,,False,G,Soldier Of Fortune,False,Good As Gold,0,6891,2,-2.00,,,False,Good,0,"{'runs': '0', 'wins': '0'}",4,Good As Gold Syndicate
Down Royal,15:05,Fast As Fibrus Broadband Novice Handicap Hurdle,,2m6f,,4yo+,,"€7,068",12,Mistyburn,6,gelding,10,,P J Rothwell,Tiernan Power Roche,tp,False,143,87,111,75,24,80PP73,Third over 3m at Cork last time; this shorter trip should suit better; a player,Point winner hasn't progressed under rules but ran a decent race on handicap bow when third over 3m at Cork last time; this shorter trip should suit better; a player.,,,35.9,True,25%,2m6f,1,[],2020-05-09,1113512,96768,"{'runs': '1', 'wins': '0'}",4840,39,False,Mr Geoff Flanagan,512196,8%,,False,3,,917342,10%,+49.00,3%,IRE,39,https://www.racingpost.com/racecards/180/down-royal/2026-04-12/917342,7499336/mistyburn,361153,"Tinahely, Co Wicklow",21,+59.00,Hurdle,180,Bach,7499336,[],IRE,12,Turf,2026-04-12,556763,"{'runs': '1', 'wins': '0'}",79,B,-4.50,22,IRE,IRE,,658647,P J Rothwell (2025-08-15),False,G,Policy Maker,False,Queen Althea,2,13570,6,-31.00,,,False,Good,1,"{'runs': '0', 'wins': '0'}",3,Nice Little Earner Syndicate
Down Royal,15:05,Fast As Fibrus Broadband Novice Handicap Hurdle,,2m6f,,4yo+,,"€7,068",12,Stardhem,7,gelding,11,,Edward F Power,Josh Younge,h,False,143,87,113,,24,P-P6P1,Won over hurdles at Cork (3m); raised 4lb but the hood worn then is retained; respected,Dual chase winner in UK for Ben Pauling but lost his form after; bounced back on first start for this yard when scoring over hurdles at Cork (3m); raised 4lb but the hood worn then is retained; respected,,,33.33,True,-,2m6f,0,"[{'trainer': 'Ben Pauling', 'trainer_id': 28480, 'change_date': '2026-03-12'}]",2019-04-15,1029703,101367,"{'runs': '3', 'wins': '1'}",4840,3,False,John Redmond,638899,-,,False,0,,917342,-,0.00,0%,IRE,3,https://www.racingpost.com/racecards/180/down-royal/2026-04-12/917342,5426852/stardhem,239991,"Ballycahill, Thurles",0,0.00,Hurdle,180,Arcadio,5426852,[],GB,0,Turf,2026-04-12,582554,"{'runs': '0', 'wins': '0'}",0,B,0.00,22,IRE,GER,7,5426874,Pimlico Racing - Stardhem (2026-03-12)||Pimlico Racing - Fitzdares Cotswolds (2025-03-06),False,G,Alkaadhem,False,Clongeen Star,0,40087,0,-3.00,,7,False,Good,0,"{'runs': '0', 'wins': '0'}",0,Edward F Power
Down Royal,15:05,Fast As Fibrus Broadband Novice Handicap Hurdle,,2m6f,,4yo+,,"€7,068",12,Spellacys Cross,7,gelding,12,,James M Barcoe,Daniel King,,False,140,84,113,66,17,6U1155,Beaten 14l over hurdles at Clonmel on recent return; can do better now so one to consider,Won consecutive handicap chases at Clonmel in October; was badly hampered when beaten 14l over hurdles at the same track on recent return; can do better now so one to consider.,,,25,True,4%,2m6f,0,"[{'trainer': 'Thomas Mullins', 'trainer_id': 16319, 'change_date': '2024-12-19'}]",2019-04-28,1079992,101060,"{'runs': '7', 'wins': '0'}",4840,4,False,Stephen Dowling,96595,0%,,False,0,,917342,4%,-6.00,0%,IRE,1,https://www.racingpost.com/racecards/180/down-royal/2026-04-12/917342,4938766/spellacys-cross,353077,"Gowran, Co. Kilkenny",25,-21.09,Hurdle,180,Presenting,4938766,[],IRE,23,Turf,2026-04-12,569100,"{'runs': '4', 'wins': '0'}",6,B,-16.00,22,IRE,GB,,746588,John P McManus (2024-12-19),False,G,Doyen,False,Kenzie,1,28247,0,-1.00,,,False,Good,0,"{'runs': '0', 'wins': '0'}",1,James M Barcoe & J F ONeill
Down Royal,15:35,Fibrus Says Neigh To Price Hikes Handicap Hurdle,,3m,,4yo+,0-100,"€5,900",20,Cozone,9,gelding,1,,Matthew J Smith,James Smith,t,False,168,100,104,86,14,0908-1,Back to form with a bang last time; 10lb hike but has won off higher; big player,"Bounced back to form with a bang at Downpatrick (2m6f, yielding to soft) when defeating runner-up Coppola by 7.5l off a career low mark; hefty 10lb hit for that, but this three-time hurdles winner has won off a mark of 106 before; big player.","2026-03-29 | Cozone | 2394480 | Hood McGowan Kirk Handicap Hurdle | 916213 | Downpatrick | 179 | 22 | 4805 | Cozone hadn't run in a year and had kind of lost his form. He's hit and miss but had a good break and was in good form lately. We knew he was fit, he ran in a schooling race recently and went well. We'll keep tipping away with him - Matt Smith, trainer||2023-09-18 | Cozone | 2394480 | John F. McGuire Handicap Hurdle | 849911 | Listowel | 190 | 20 | 4400 | Cozone is tricky and normally when he gets his head in front he pulls up. Even at Dundalk there have been races he could have won but stopped. He appears to have plenty of ability - Matt Smith, trainer.||2022-11-25 | Cozone | 2394480 | William Hill Pick Your Places Handicap | 827101 | Dundalk (AW) | 1138 | 16 | 3520 | Cozone was sore after his last run, he was a bit jarred up so we just gave him a week or two off. On his runs before that, I knew if he was kind of back to that form, he would have a chance but it was a hot race - Matthew Smith, trainer",,20,True,29%,3m,1,"[{'trainer': 'James Ferguson', 'trainer_id': 36672, 'change_date': '2022-04-18'}, {'trainer': 'Amanda Perrett', 'trainer_id': 10663, 'change_date': '2021-01-20'}]",2017-01-27,1058611,88924,"{'runs': '11', 'wins': '1'}",5280,5,False,Saleh Al Homaizi & Imad Al Sagar,503875,17%,,False,20,,917343,8%,+13.00,100%,GB,1,https://www.racingpost.com/racecards/180/down-royal/2026-04-12/917343,2394480/cozone,294437,"Kilmessan, Co. Meath",12,+26.00,Hurdle,180,Dansili,2394480,"[{'date': '2020-02-14', 'type': 'Wind Surgery'}]",IRE,14,Turf,2026-04-12,769921,"{'runs': '2', 'wins': '0'}",12,B,-7.50,24,GB,GB,5,868540,Spoonful Of Irish Syndicate (2024-11-11)||Debbie Kelly (2023-06-12)||Spoonful Of Irish Syndicate (2023-05-16)||MPR Theawesomedudes & Peter Hewitson (2022-04-18)||John Connolly & Odile Griffith (2021-01-20),False,G,Pour Moi,False,Bella Nouf,1,27395,2,+3.50,,5,False,Good,1,"{'runs': '1', 'wins': '0'}",4,Debbie Kelly
Down Royal,15:35,Fibrus Says Neigh To Price Hikes Handicap Hurdle,,3m,,4yo+,0-100,"€5,900",20,Sphagnum,9,gelding,2,,J P Broderick,Dillon Maxwell,tp,False,168,100,102,56,143,PF-807,Holds a whopping 30lb lower hurdle mark; unable to take advantage in three runs this term,"Much better chaser, winning 3m4f Cork National last season (good); holds a whopping 30lb lower hurdles mark but unable to capitalise on it in three runs over timber this season; must be kept in mind considering his mark.","2022-08-29 | Sphagnum | 3956778 | Downpatrick Racecourse Best Dressed Lady Handicap Hurdle | 820168 | Downpatrick | 179 | 21.5 | 4780 | Sphagnum went to sleep at Sligo and a mistake at Killarney cost him. The cheekpieces made a difference, so did bouncing out handy and he did it well. He could be competitive in a better handicap off a low weight - Denis O'Regan, rider.||2022-07-10 | Sphagnum | 3956778 | Taylor Construction & Civil Works Handicap Hurdle | 816607 | Sligo | 197 | 20 | 4374 | Sphagnum wants really good ground which is why I kept him wide and he jumped well. He will jump a fence - Denis O'Regan, rider",,0,True,7%,3m,0,[],2017-05-04,1125447,96264,"{'runs': '9', 'wins': '2'}",5280,1,False,A & E Heagney,572721,0%,,False,0,,917343,-,-2.00,0%,IRE,1,https://www.racingpost.com/racecards/180/down-royal/2026-04-12/917343,3956778/sphagnum,344857,"Roscrea, Co Tipperary",0,-8.00,Hurdle,180,Gold Well,3956778,[],USA,15,Turf,2026-04-12,713987,"{'runs': '5', 'wins': '1'}",2,B,0.00,24,IRE,GB,5,3956783,Raymond Loughnane (2024-05-16),False,G,Urban Poet,False,Well Bonnie,0,14344,0,-1.00,,5,False,Good,0,"{'runs': '0', 'wins': '0'}",1,Peat Moss Syndicate
Down Royal,15:35,Fibrus Says Neigh To Price Hikes Handicap Hurdle,,3m,,4yo+,0-100,"€5,900",20,Take Chance,6,gelding,3,,John C McConnell,Anna McGuinness,b,False,165,97,103,78,45,PP4353,Some decent runs in defeat this season; not out of it and the ground may help,"Decent runs in defeat over autumn/winter, finishing fourth here (3m1f, good to yielding) and third at Punchestown (3m, heavy); less than fluent jumping at Musselburgh when fifth in February (3m, good to soft); stayed on for a distant third at Clonmel last time (3m, heavy); not out of it and this better ground may help.",,,10.53,True,4%,3m,0,[],2020-03-30,1138658,101085,"{'runs': '4', 'wins': '0'}",5280,19,False,S & A Berger & C Gallorini-Berger,553074,8%,,False,0,,917343,0%,-42.50,0%,FR,11,https://www.racingpost.com/racecards/180/down-royal/2026-04-12/917343,6640443/take-chance,151422,"Stamullen, Co Meath",6,+3.00,Hurdle,180,Next Desert,6640443,[],FR,23,Turf,2026-04-12,745906,"{'runs': '4', 'wins': '0'}",80,B,-6.00,24,GER,IRE,7,718588,,False,G,No Risk At All,False,Saalewuste,0,14751,6,-11.00,,7,False,Good,0,"{'runs': '1', 'wins': '0'}",1,Mrs Orla Cleary-OKane
Down Royal,15:35,Fibrus Says Neigh To Price Hikes Handicap Hurdle,,3m,,4yo+,0-100,"€5,900",20,Kellys Corner,5,gelding,4,,Cian Collins,Kevin Healy,ht,False,163,95,101,92,36,7035P4,Fourth at Gowran last time in this headgear; has done most of his racing on softer,"Best effort when third in a 16-runner Naas maiden hurdle in December (2m3f, soft to heavy); solid fifth in beginners' chase debut at Cork; pulled up at Punchestown next time, but bounced back with a solid staying on fourth at Gowran last time (2m4f, heavy) in this headgear; has done most of his racing on softer.",,,21.43,True,33%,3m,2,[],2021-04-02,17294,102961,"{'runs': '0', 'wins': '0'}",5280,15,False,Miss Deirdre Motherway,304239,4%,,False,13,,917343,-,-21.00,14%,IRE,14,https://www.racingpost.com/racecards/180/down-royal/2026-04-12/917343,7436500/kellys-corner,364286,"Navan, Co Meath",0,+0.25,Hurdle,180,Bob Back,7436500,[],GB,3,Turf,2026-04-12,561095,"{'runs': '0', 'wins': '0'}",27,B,0.00,24,IRE,USA,7,731713,,False,G,Westerner,False,Miss Mayberry,0,39540,1,+27.00,,7,False,Good,2,"{'runs': '0', 'wins': '0'}",1,Horsing Around Syndicate
Down Royal,15:35,Fibrus Says Neigh To Price Hikes Handicap Hurdle,,3m,,4yo+,0-100,"€5,900",20,Joya Del Mar,8,mare,5,,Dermot A McLoughlin,Danny Mullins,,False,162,94,101,85,26,-PU864,0-21 but some good efforts all the same; kept on for 4th here after an absence last time,"No wins from 21 starts but some good efforts all the same, including when a close second here in a 2023 maiden (2m4f, soft); returned from an absence here last time when keeping on for a 14.5l fourth (2m5f, yielding); that should have brought her on.",,,0,True,8%,3m,0,[],2018-03-12,1075955,87524,"{'runs': '6', 'wins': '0'}",5280,8,False,P J Conway,602494,5%,,False,0,,917343,0%,-27.00,0%,IRE,7,https://www.racingpost.com/racecards/180/down-royal/2026-04-12/917343,5003648/joya-del-mar,297066,"Bodeen, Ratoath, Co Meath",27,+86.80,Hurdle,180,Footstepsinthesand,5003648,[],IRE,48,Turf,2026-04-12,851050,"{'runs': '3', 'wins': '0'}",82,B,-27.00,24,IRE,GB,,969016,Miss S Mangan & Mrs T Giles-Fahey (2024-12-23)||Miss S Mangan (2024-12-08)||Mrs P J Conway (2024-02-08),False,M,Ol Man River,False,Sand Reef,0,23007,4,-7.00,,,False,Good,0,"{'runs': '4', 'wins': '0'}",4,Mrs T Giles-Fahey & Miss S Mangan
Down Royal,15:35,Fibrus Says Neigh To Price Hikes Handicap Hurdle,,3m,,4yo+,0-100,"€5,900",20,Diaduit Buachaill,5,gelding,6,,Gary McGill,Mr D McGill,,False,161,93,89,66,26,5608,Modest m'den form and similarly moderate on h'cap debut here; others more appealing,"Modest maiden form and similarly moderate on handicap debut here last month (2m5f, yielding); others more appealing.",,,66.67,True,8%,3m,0,[],2021-05-06,4312,100378,"{'runs': '0', 'wins': '0'}",5280,3,False,Patrick Murphy,105810,8%,,False,0,,917343,0%,+1.00,0%,IRE,3,https://www.racingpost.com/racecards/180/down-royal/2026-04-12/917343,8299903/diaduit-buachaill,158458,"Upperlands, Maghera",3,-15.50,Hurdle,180,Shantou,8299903,[],IRE,24,Turf,2026-04-12,738940,"{'runs': '0', 'wins': '0'}",12,B,-3.00,24,IRE,USA,7,5845785,,False,G,Joshua Tree,False,Graces Treasure,0,35399,1,-3.00,,7,False,Good,0,"{'runs': '2', 'wins': '0'}",2,Gary McGill
Down Royal,15:35,Fibrus Says Neigh To Price Hikes Handicap Hurdle,,3m,,4yo+,0-100,"€5,900",20,John Storey,8,gelding,7,,Ian Patrick Donoghue,Conor Stone-Walsh,tp,False,161,93,103,51,14,876P4P,Positive stable debut when fourth but never travelling when fav' latest; questions now,"Big-field Fairyhouse handicap hurdle winner on New Year's Day 2025 off 1lb higher (3m1f, yielding to soft); well beaten in final starts for Liam Cusack, but his fourth at Punchestown on stable debut was a positive (2m7f, heavy); 100-30 favourite at Downpatrick last time but was never travelling; questions to answer now.","2025-01-01 | John Storey | 58958877 | Happy Retirement To Noel Fanning Handicap Hurdle | 884915 | Fairyhouse | 182 | 24.5 | 5390 | John Storey got a very good ride. They went very quick early on and Danny just took his time. He ran a nice race at Punchestown last time. He's all stamina and he's tough. Hopefully he can jump a fence somewhere down the line - Liam Cusack, trainer.",,28.57,True,7%,3m,0,"[{'trainer': 'Liam P Cusack', 'trainer_id': 16261, 'change_date': '2026-01-21'}]",2018-04-03,1071336,101851,"{'runs': '3', 'wins': '0'}",5280,14,False,Derrymore House Syndicate,603566,17%,,False,0,,917343,9%,+2.41,0%,IRE,14,https://www.racingpost.com/racecards/180/down-royal/2026-04-12/917343,58958877/john-storey,343592,"Clonalvy, County Meath",11,-4.00,Hurdle,180,Scorpion,58958877,[],IRE,29,Turf,2026-04-12,583841,"{'runs': '12', 'wins': '1'}",41,B,-1.00,24,IRE,IRE,,894536,Michael P Heery (2026-01-21),False,G,Yeats,False,Fore And Aft,1,38240,7,-14.00,,,False,Good,0,"{'runs': '0', 'wins': '0'}",2,Jmccrew Syndicate
Down Royal,15:35,Fibrus Says Neigh To Price Hikes Handicap Hurdle,,3m,,4yo+,0-100,"€5,900",20,Ardera Gun,6,gelding,8,,Eoin Doyle,Paddy Cody,tb,True,157,89,103,65,101,74-000,Has failed to finish closer than tenth in three handicap hurdle attempts; up against it,Has failed to finish closer than tenth in three handicap hurdle attempts; up against it; new headgear tried.,,,50,True,0%,3m,0,[],2020-04-28,1100682,101820,"{'runs': '2', 'wins': '0'}",5280,4,False,Pat McGrath,71020,0%,,False,0,,917343,0%,-7.00,0%,IRE,3,https://www.racingpost.com/racecards/180/down-royal/2026-04-12/917343,5787792/ardera-gun,169664,"Mooncoin, Co Kilkenny",2,-1.00,Hurdle,180,Take Risks,5787792,[],IRE,1,Turf,2026-04-12,583841,"{'runs': '0', 'wins': '0'}",7,GR,-2.00,24,FR,FR,7,635499,Mrs P Doyle (2025-11-11),False,G,Yeats,False,Dahara,0,14839,0,-3.00,,7,False,Good,0,"{'runs': '0', 'wins': '0'}",0,Ms G C Murphy
Down Royal,15:35,Fibrus Says Neigh To Price Hikes Handicap Hurdle,,3m,,4yo+,0-100,"€5,900",20,Jack Inthe Jukebox,6,gelding,9,,J P Flavin,Darragh OKeeffe,,False,157,89,93,67,138,099,Modest point form and similar story in m'dens; not much to recommend him on h'cap debut,"Modest form in point-to-points and similar story in three maiden hurdles; makes handicap debut now, but not much to recommend him.",,,50,True,13%,3m,0,[],2020-05-25,1132957,96391,"{'runs': '0', 'wins': '0'}",5280,4,False,Mr Tom Coughlan,84412,22%,,False,0,,917343,10%,+20.50,0%,IRE,3,https://www.racingpost.com/racecards/180/down-royal/2026-04-12/917343,7404559/jack-inthe-jukebox,362726,"Tramore, Co Waterford",31,+11.75,Hurdle,180,Broadway Flyer,7404559,[],IRE,77,Turf,2026-04-12,709548,"{'runs': '0', 'wins': '0'}",9,GR,-14.50,24,IRE,USA,,766235,,False,G,Jukebox Jury,False,Dawn Flyer,3,38089,2,-3.00,,,False,Good,0,"{'runs': '0', 'wins': '0'}",10,The Jurys Out Syndicate
Down Royal,15:35,Fibrus Says Neigh To Price Hikes Handicap Hurdle,,3m,,4yo+,0-100,"€5,900",20,Wakey Wakey Man,6,gelding,10,,Cian Collins,Jordan Gainford,,False,156,88,108,76,45,638264,Placed in two big-field h'caps since joining this stable; capable of getting involved,"0-9 over hurdles but placed in two big-field handicaps for new stable since December, more recently when clear second behind well-backed rival at Fairyhouse in January (2m4f, soft); a bit below his best when fourth at Ludlow last time (2m5f, good to soft); capable of getting involved.",,,21.43,True,13%,3m,2,"[{'trainer': 'Miss Ellmarie Holden', 'trainer_id': 32146, 'change_date': '2025-11-13'}, {'trainer': 'James Daniel Dullea', 'trainer_id': 23369, 'change_date': '2025-07-17'}]",2020-05-18,1048937,99256,"{'runs': '2', 'wins': '0'}",5280,15,False,Miss Lisa Pyne,464891,4%,,False,13,,917343,0%,-21.00,14%,IRE,14,https://www.racingpost.com/racecards/180/down-royal/2026-04-12/917343,5633108/wakey-wakey-man,300464,"Navan, Co Meath",22,-5.15,Hurdle,180,Saddlers Hall,5633108,[],IRE,55,Turf,2026-04-12,895122,"{'runs': '0', 'wins': '0'}",27,B,-22.00,24,IRE,IRE,,636828,Cian Collins (2025-12-13)||Mrs Catherine Holden (2025-11-13)||MDSG Racing Partnership (2025-07-17),False,G,Idaho,False,Ballybrowney Hall,0,39540,1,+27.00,,,False,Good,2,"{'runs': '0', 'wins': '0'}",7,One For No Reason Syndicate
Down Royal,15:35,Fibrus Says Neigh To Price Hikes Handicap Hurdle,,3m,,4yo+,0-100,"€5,900",20,Lecales Diamond,6,gelding,11,,Gavin Cromwell,Keith Donoghue,,False,154,86,101,50,99,0-0036,Tailed off on h'cap debut but may do better after creditable runs over fences recently,"Tailed off on handicap hurdle debut at Navan off 1lb higher (2m, heavy); reverts to hurdles now after some creditable performances in two beginners' chases; may do better now trying this trip over hurdles.",,,40,True,10%,3m,5,[],2020-05-08,1107273,88732,"{'runs': '0', 'wins': '0'}",5280,56,False,Ballyhampshire Stud Ltd,500326,9%,,False,13,,917343,8%,-57.17,11%,IRE,47,https://www.racingpost.com/racecards/180/down-royal/2026-04-12/917343,7082582/lecales-diamond,356573,"Navan, Co. Meath",25,-6.50,Hurdle,180,Beat All,7082582,[],FR,63,Turf,2026-04-12,740223,"{'runs': '0', 'wins': '0'}",130,B,-12.00,24,GB,USA,,3309316,,False,G,Diamond Boy,False,Canto Creek,2,17836,12,-5.50,,,False,Good,7,"{'runs': '0', 'wins': '0'}",6,Michael P Byrne
Down Royal,15:35,Fibrus Says Neigh To Price Hikes Handicap Hurdle,,3m,,4yo+,0-100,"€5,900",20,Lady Iseult,11,mare,12,,Dermot A McLoughlin,P J OHanlon,tp,True,153,85,100,,898,PP040/,Can only be watched returning from an absence of more than two years,Sole win came over 2m5f at Roscommon over three years ago; absent over two years and can only be watched.,"2022-06-14 | Lady Iseult | 4189536 | Country Music Festival Here On June 19th Handicap Hurdle | 815223 | Roscommon | 196 | 20.5 | 4525 | Lady Iseult had been running well in maidens and it was a bit my fault the last day, I fell off her. Thankfully she's got the job done there - Paddy O'Hanlon, rider.",,0,True,5%,3m,0,[],2015-05-16,12058,94645,"{'runs': '6', 'wins': '1'}",5280,8,False,P J Reynolds,62690,5%,,False,0,,917343,0%,-27.00,0%,IRE,7,https://www.racingpost.com/racecards/180/down-royal/2026-04-12/917343,4189536/lady-iseult,31162,"Bodeen, Ratoath, Co Meath",4,+4.00,Hurdle,180,Exit To Nowhere,4189536,[],IRE,42,Turf,2026-04-12,640322,"{'runs': '1', 'wins': '0'}",82,CH,-4.00,24,IRE,USA,,827558,,False,M,Dylan Thomas,False,Bonny River,0,23007,4,-7.00,,,False,Good,0,"{'runs': '1', 'wins': '0'}",2,B P Beggan
Down Royal,15:35,Fibrus Says Neigh To Price Hikes Handicap Hurdle,,3m,,4yo+,0-100,"€5,900",20,Coppola,7,mare,13,,Gordon Elliott,Jack Kennedy,,False,152,84,101,95,14,0-0822,Improved in two runs for Elliott; 7.5l behind Cozone in second last time but 9lb swing now,"Maiden point-to-pointer has improved in two runs for Gordon Elliott; finished runner-up here last month (2m5f, yielding) when beaten just 0.75l and keeping on; filled the same position at Downpatrick two weeks ago (2m6f, yielding to soft) when 7.5l behind the reopposing Cozone; 9lb swing with that rival now; big player.",,,33.7,True,40%,3m,9,"[{'trainer': 'C A McBratney', 'trainer_id': 11039, 'change_date': '2026-03-12'}, {'trainer': 'P M Cloke', 'trainer_id': 14747, 'change_date': '2025-12-17'}]",2019-04-19,1130912,94503,"{'runs': '0', 'wins': '0'}",5280,92,False,Mr Paul McKeon,42337,26%,,False,11,,917343,14%,+5.08,10%,IRE,88,https://www.racingpost.com/racecards/180/down-royal/2026-04-12/917343,58958880/coppola,369319,"Longwood, Co Meath",35,+18.76,Hurdle,180,Old Vic,58958880,[],USA,84,Turf,2026-04-12,96578,"{'runs': '0', 'wins': '0'}",305,B,-11.04,24,IRE,GB,,883522,Templeburn Racing Syndicate (2026-03-12)||Liam Leacy (2025-12-17),False,M,Flemensfirth,False,Bayside Belle,5,18145,80,+31.46,,,False,Good,10,"{'runs': '2', 'wins': '0'}",34,JPFM Racing Partnership
Down Royal,15:35,Fibrus Says Neigh To Price Hikes Handicap Hurdle,,3m,,4yo+,0-100,"€5,900",20,Georginas Jet,5,mare,14,,Paul John Gilligan,Jack G Gilligan,,False,152,84,102,89,197,73328P,Placed three times in Aug'; unseen since PU at Listowel in Sept; others preferred,"Placed in three successive races in August at 2m2f-22.5f; unseen since being pulled up at Listowel in September (2m6f, good to yielding) when wearing a first-time tongue tie, which is now left off; others preferred.",,,33.33,True,0%,3m,0,[],2021-04-21,14463,99479,"{'runs': '8', 'wins': '0'}",5280,3,False,George Mullins,84432,0%,,False,0,,917343,0%,-1.00,0%,IRE,3,https://www.racingpost.com/racecards/180/down-royal/2026-04-12/917343,7525307/georginas-jet,358151,"Athenry, Co Galway",4,-9.00,Hurdle,180,Kings Theatre,7525307,[],GB,9,Turf,2026-04-12,761950,"{'runs': '1', 'wins': '0'}",1,B,-4.00,24,IRE,IRE,5,1437136,Natalie Gilligan (2025-05-08),False,M,Jet Away,False,Georgina Valleya,0,13084,0,-3.00,,5,False,Good,0,"{'runs': '0', 'wins': '0'}",0,S & M Syndicate
Down Royal,15:35,Fibrus Says Neigh To Price Hikes Handicap Hurdle,,3m,,4yo+,0-100,"€5,900",20,Knocknagoran Lady,7,mare,15,,Cian Hughes,Daniel King,tv,True,150,82,101,45,39,34P-78,No impression on seasonal return and tailed off when surprisingly sent off fav' last time,"Showed mild promise last season prior to being pulled up on her final start here; no telling impression when a well-beaten seventh on seasonal return at Fairyhouse in January (2m4f, soft); was a somewhat surprising 100-30 favourite at Naas last time when tailed off; new headgear is reached for now.",,,100,True,4%,3m,0,[],2019-04-12,1130069,101060,"{'runs': '4', 'wins': '0'}",5280,2,False,Damien Healion,471066,0%,,False,0,,917343,4%,-2.00,0%,IRE,2,https://www.racingpost.com/racecards/180/down-royal/2026-04-12/917343,6156767/knocknagoran-lady,147043,"Newcastle, Co. Dublin",25,-21.09,Hurdle,180,Kayf Tara,6156767,[],GER,23,Turf,2026-04-12,658504,"{'runs': '0', 'wins': '0'}",2,B,-16.00,24,GB,GB,,4934673,Mrs Emma Healion (2025-12-17),False,M,Lauro,False,Rathleek,1,41495,0,-2.00,,,False,Good,0,"{'runs': '1', 'wins': '0'}",1,Noel Flanagan
Down Royal,15:35,Fibrus Says Neigh To Price Hikes Handicap Hurdle,,3m,,4yo+,0-100,"€5,900",20,Artic Chief,5,gelding,16,,Liam Lennon,Donagh Meyler,,False,148,80,102,40,93,90P8P,Nothing positive to take from m'dens runs nor h'cap debut last time; hard to fancy,Nothing positive to take from his four maiden runs and he was pulled up at Naas for his first handicap; hard to make a case for.,,,50,True,10%,3m,0,[],2021-04-03,1138753,92335,"{'runs': '0', 'wins': '0'}",5280,2,False,Brendan Glavin & Derek OFlaherty,110930,4%,,False,0,,917343,29%,-19.00,0%,IRE,2,https://www.racingpost.com/racecards/180/down-royal/2026-04-12/917343,7499464/artic-chief,210779,"Newry, Co. Down",21,-25.63,Hurdle,180,Dr Massini,7499464,[],USA,48,Turf,2026-04-12,743820,"{'runs': '0', 'wins': '0'}",26,B,+16.00,24,IRE,IRE,,983730,,False,G,Arctic Cosmos,False,The Lastonetogo,6,14941,1,-2.00,,,False,Good,0,"{'runs': '2', 'wins': '0'}",5,G Kieran Strain
Down Royal,15:35,Fibrus Says Neigh To Price Hikes Handicap Hurdle,,3m,,4yo+,0-100,"€5,900",20,Head For Home,6,gelding,17,,Oliver McKiernan,Phillip Enright,p,False,148,80,104,84,138,B-0025,Big step forward when second in Oct'; okay fifth next time; trainer in better form now,"Took a big step forward off reduced mark in first-time cheekpieces at Punchestown in October when second to a clear winner (2m4f, good to yielding); respectable enough effort on soft ground at Tramore last time when fifth (2m5f); trainer in better form now, so not discounted.",,,42.86,True,3%,3m,1,[],2020-03-31,2254,82680,"{'runs': '4', 'wins': '0'}",5280,7,False,William Mangan,465858,4%,,False,14,,917343,5%,-18.00,14%,IRE,7,https://www.racingpost.com/racecards/180/down-royal/2026-04-12/917343,5937844/head-for-home,322114,"Rathcoole, Co Dublin",20,-24.50,Hurdle,180,Croco Rouge,5937844,[],GB,32,Turf,2026-04-12,845318,"{'runs': '1', 'wins': '0'}",23,GR,-15.00,24,IRE,IRE,,812345,,False,G,Kingston Hill,False,Izabelle Amie,1,12846,1,-2.00,,,False,Good,1,"{'runs': '0', 'wins': '0'}",1,Keep The Faith Bloodstock Limited
Down Royal,15:35,Fibrus Says Neigh To Price Hikes Handicap Hurdle,,3m,,4yo+,0-100,"€5,900",20,Duce Bigalow,7,gelding,18,,Colm Ryan,G B Noonan,,False,147,79,102,,50,P52522,Consistent over fences; runs from 9lb lower hurdles mark but better ground a worry,"Consistent over fences recently; finished second at Naas in December (2m, heavy) and bounced back from a below par run with two runner-up finishes in his last two starts at Navan (3m, soft to heavy) and Fairyhouse (3m, heavy); makes stable debut back over hurdles off a 9lb lower mark, but may not be as effective over timber and ground also a question.",,,,True,6%,3m,0,"[{'trainer': 'Seamus Neville', 'trainer_id': 7832, 'change_date': '2026-04-07'}]",2019-04-16,12341,93079,"{'runs': '2', 'wins': '0'}",5280,0,False,Mrs Brenda Cunningham,304239,-,,False,,,917343,0%,0.00,-,IRE,0,https://www.racingpost.com/racecards/180/down-royal/2026-04-12/917343,5428921/duce-bigalow,370655,"Askeaton, Co Limerick",8,-12.75,Hurdle,180,Bob Back,5428921,[],IRE,16,Turf,2026-04-12,769921,"{'runs': '2', 'wins': '0'}",0,B,-8.00,24,IRE,USA,,814779,Mrs S Neville (2026-04-07),False,G,Pour Moi,False,Bobbina,0,41903,0,0.00,,,False,Good,0,"{'runs': '1', 'wins': '0'}",1,James Woods & A M Ryan & Donie Culloty & D Enright
Down Royal,15:35,Fibrus Says Neigh To Price Hikes Handicap Hurdle,,3m,,4yo+,0-100,"€5,900",20,Youknowme,5,gelding,19,,P J Rothwell,Dylan Robinson,,False,142,74,92,54,204,00060,Tailed off in four m'dens and not much better in h'cap when last seen; unlikely,Tailed off in four maiden hurdles and not much better on handicap debut at Navan when last seen in September; unlikely.,,,35.9,True,11%,3m,1,[],2021-04-06,1139241,91978,"{'runs': '1', 'wins': '0'}",5280,39,False,Miss D Quigley,96595,8%,,False,3,,917343,0%,+49.00,3%,IRE,39,https://www.racingpost.com/racecards/180/down-royal/2026-04-12/917343,7806362/youknowme,112272,"Tinahely, Co Wicklow",8,-4.00,Hurdle,180,Presenting,7806362,[],IRE,9,Turf,2026-04-12,660612,"{'runs': '0', 'wins': '0'}",79,CH,-8.00,24,IRE,GB,,1398108,P J Rothwell (2025-07-31),False,G,Soldier Of Fortune,False,Presenting Pearl,0,13570,6,-31.00,,,False,Good,1,"{'runs': '0', 'wins': '0'}",1,Thomas OToole
Down Royal,15:35,Fibrus Says Neigh To Price Hikes Handicap Hurdle,,3m,,4yo+,0-100,"€5,900",20,Imbolc,8,gelding,20,,E Sheehy,Sean Cleary-Farrell,p,False,140,72,103,,24,8-6PF0,No wins from 13 over hurdles and recent form not encouraging,Is 0-17 (0-13 over hurdles) and recent form doesn't suggest he's ready to shed his maiden tag.,,,,True,0%,3m,0,[],2018-02-22,1132221,100828,"{'runs': '3', 'wins': '0'}",5280,1,False,Mrs Geraldine Drea,84432,0%,,False,0,,917343,50%,-9.00,-,IRE,0,https://www.racingpost.com/racecards/180/down-royal/2026-04-12/917343,4753567/imbolc,305065,"Graiguenamanagh, Co Kilkenny",2,-5.00,Hurdle,180,Kings Theatre,4753567,[],GB,5,Turf,2026-04-12,561095,"{'runs': '4', 'wins': '0'}",9,BB,+21.00,24,IRE,IRE,7,4753602,R Graffin & Mrs L Graffin (2024-11-14),False,G,Westerner,False,Wells Theatre,1,10578,0,0.00,,7,False,Good,0,"{'runs': '0', 'wins': '0'}",0,HoustyBill Syndicate
Down Royal,15:35,Fibrus Says Neigh To Price Hikes Handicap Hurdle,,3m,,4yo+,0-100,"€5,900",20,Peppers Corner,7,mare,21,,Edward F Power,,p,True,151,83,77,55,12,/00070,Reserve; didn't set the world alight in m'den hurdles and no improvement on h'cap debut,First reserve; point-to-point winner didn't set the world alight in maiden hurdles and no improvement sent handicapping at Limerick last time.,,,33.33,True,,3m,0,"[{'trainer': 'Patrick Eugene Turley', 'trainer_id': 37639, 'change_date': '2025-04-16'}]",2019-05-05,1131030,,"{'runs': '1', 'wins': '0'}",5280,3,False,Anita Acheson,96578,-,,True,0,,917343,,0.00,0%,IRE,3,https://www.racingpost.com/racecards/180/down-royal/2026-04-12/917343,5098062/peppers-corner,241640,"Ballycahill, Thurles",,,Hurdle,180,Flemensfirth,5098062,[],FR,,Turf,2026-04-12,740223,"{'runs': '0', 'wins': '0'}",0,B,,24,IRE,USA,,1718941,,False,M,Diamond Boy,False,Rosesnraspberries,,40087,0,-3.00,,,False,Good,0,"{'runs': '1', 'wins': '0'}",,Ms Anita Acheson
Down Royal,16:07,Giddy Up And Switch To Fibrus Broadband Beginners Chase,,2m4½f,,5yo+,,"€7,657",6,Astley,6,gelding,1,,Paul Traynor,Alex Harvey,,False,166,,,,22,20-075,Tailed off in only point; beaten very few rivals over hurdles and tries fences now,"Tailed off in only point-to-point; best of six runs under rules was a distant runner-up finish at Clonmel in a bumper (2m4f, good to yielding); has beaten very few rivals in three runs over hurdles and tries fences now.",,,,False,14%,2m4f88y,0,[],2020-05-01,1129020,8992,"{'runs': '0', 'wins': '0'}",4488,0,False,Neville Reid,462135,0%,,False,,,917344,0%,-17.00,-,IRE,0,https://www.racingpost.com/racecards/180/down-royal/2026-04-12/917344,6604816/astley,235968,"Templepatrick, Co Antrim",11,+1.70,Chase,180,Oscar,6604816,[],IRE,29,Turf,2026-04-12,865578,"{'runs': '2', 'wins': '0'}",17,B,-11.00,20.5,GB,IRE,,1398177,,False,G,Order Of St George,False,All My Judges,0,36184,0,0.00,,,False,Good,0,"{'runs': '1', 'wins': '0'}",4,Miss K McNeilly
Down Royal,16:07,Giddy Up And Switch To Fibrus Broadband Beginners Chase,,2m4½f,,5yo+,,"€7,657",6,Ballybow,7,gelding,2,,Gordon Elliott,Jack Kennedy,b,False,166,120,125,79,35,-85549,Useful 128-rated hurdler has been poor over fences this term; 13lb to find on ratings,"Useful 128-rated hurdler last season, including a Grade 3 win; well beaten over various trips in four beginners' chases this season, fourth behind King Alexander at Gowran was his best effort; tailed off in the Leinster National at Naas last time when 3m1f on soft to heavy may have been too far; 13lb to find on ratings with Sandor Clegane, but that rival is not the most solid.","2025-02-13 | Ballybow | 5671308 | Surehaul Mercedes-Benz Novice Hurdle (Grade 3) | 887903 | Clonmel | 177 | 24 | 5304 | Ballybow drops head and showed a good attitude, that's what I liked about this performance. He'll go for the Albert Bartlett now - Gordon Elliott, trainer||2025-01-26 | Ballybow | 5671308 | Irish Stallion Farms EBF Maiden Hurdle | 886759 | Naas | 192 | 18.5 | 4110 | Ballybow loved that ground today. He's a nice horse and can step up in trip no problem - Sam Ewing, rider.","Ballybow | 5671308 | He won a Grade 3 at Clonmel last season, so we had a crack at the Albert Bartlett with him. That didn't work out for him but I've a feeling you'll see a different horse over fences. You'll see him in a beginners' chase once we get a bit of rain. 26-10-25",33.7,False,40%,2m4f88y,9,[],2019-05-02,1070007,94503,"{'runs': '0', 'wins': '0'}",4488,92,False,Drumlin Bloodstock,583841,26%,,False,11,,917344,14%,+5.08,10%,IRE,88,https://www.racingpost.com/racecards/180/down-royal/2026-04-12/917344,5671308/ballybow,113523,"Longwood, Co Meath",35,+18.76,Chase,180,Yeats,5671308,[],USA,84,Turf,2026-04-12,96578,"{'runs': '2', 'wins': '0'}",305,B,-11.04,20.5,IRE,IRE,,883538,,False,G,Flemensfirth,False,Avichi,5,18145,80,+31.46,,,False,Good,10,"{'runs': '1', 'wins': '0'}",34,Gigginstown House Stud
Down Royal,16:07,Giddy Up And Switch To Fibrus Broadband Beginners Chase,,2m4½f,,5yo+,,"€7,657",6,Meet And Greet,10,gelding,3,,Oliver McKiernan,Phillip Enright,,False,166,131,121,105,84,2P-758,"Three chase runs have not been encouraging, but rating gives him a good chance if on song","No wins since December 2024 and three chase efforts to date have not been super encouraging; beaten 23l in a Thurles handicap last time (2m5f, yielding); nonetheless, he's the second highest rated of the field here and possibilities if putting his best foot forward.","2022-02-12 | Meet And Greet | 3162593 | Cavan Developments Supporting Kill GAA Maiden Hurdle (Div I) | 804756 | Naas | 192 | 15.5 | 3431 | Meet And Greet had a few niggly problems since the last day but that was good. The rail helped him in the end, I thought for a while that Rachael was holding him. I'm delighted we won it anyway. On a little bit better ground he'd be even better and he'll probably be heading for Fairyhouse and Punchestown - Oliver McKiernan, trainer.||2021-03-08 | Meet And Greet | 3162593 | TRI Equestrian Superstore & Cafe INH Flat Race | 779755 | Leopardstown | 187 | 16 | 3520 | I think we will run in the Champion Bumper at Punchestown. It looked a strongly-run bumper and he did it well - Oliver McKiernan, trainer",,42.86,False,3%,2m4f88y,1,"[{'trainer': 'P ORourke', 'trainer_id': 15423, 'change_date': '2020-11-19'}]",2016-04-05,1072224,82680,"{'runs': '0', 'wins': '0'}",4488,7,False,Cris Kelly,567245,4%,,False,14,,917344,5%,-18.00,14%,IRE,7,https://www.racingpost.com/racecards/180/down-royal/2026-04-12/917344,3162593/meet-and-greet,322114,"Rathcoole, Co Dublin",20,-24.50,Chase,180,Whitmores Conn,3162593,[],USA,32,Turf,2026-04-12,582915,"{'runs': '5', 'wins': '1'}",23,B,-15.00,20.5,IRE,USA,,3162592,Keep The Faith Syndicate (2022-11-08)||P ORourke (2020-11-19),False,G,Mustameet,False,Lady Conn,1,12846,1,-2.00,,,False,Good,1,"{'runs': '0', 'wins': '0'}",1,Keep The Faith Bloodstock Limited
Down Royal,16:07,Giddy Up And Switch To Fibrus Broadband Beginners Chase,,2m4½f,,5yo+,,"€7,657",6,Sandor Clegane,9,gelding,4,,Paul Nolan,Eoin Staples,tp,True,166,133,136,131,31,-77600,Has been disappointing but shaped better than the result at Cheltenham; good opportunity,"Promising novice chaser in 2023-2024 season and ran well in Graded hurdles in winter of 2024-2025; fairly moderate form this season but he shaped better than the bare result in the Kim Muir last time when making smooth headway turning in before his effort petered out (3m3f, good); tongue tie goes back on now and this is a good opportunity.","2024-01-28 | Sandor Clegane | 3970563 | Finlay Ford At Naas Novice Chase (Grade 3) | 859687 | Naas | 192 | 25 | 5454 | I know Sandor Clegane was beaten ten lengths but I thought he hit the line well and he jumped well. I would say he will go to Cheltenham now for one of the staying novice chases - Paul Nolan, trainer.","Sandor Clegane | 3970563 | He ran well enough in the Galmoy and actually hit the line well, which he hadn't been doing, so I was happy to see that. He's in the Stayers' Hurdle and could go for that, but I'd love to see him have a crack at the Coral Cup ? that sort of race would suit him. If he got into a rhythm early, I could see him running a big race. 20-2-25",50,False,7%,2m4f88y,2,[],2017-04-13,1062155,102365,"{'runs': '2', 'wins': '0'}",4488,14,False,Minch Bloodstock & AV Bloodstock,532467,15%,,False,14,,917344,14%,+1.25,15%,IRE,13,https://www.racingpost.com/racecards/180/down-royal/2026-04-12/917344,3970563/sandor-clegane,327671,"Enniscorthy, Co. Wexford",14,-12.50,Chase,180,Vinnie Roe,3970563,[],GB,15,Turf,2026-04-12,695865,"{'runs': '4', 'wins': '1'}",26,B,-4.50,20.5,IRE,IRE,5,1980715,,False,G,Fame And Glory,False,Betty Roe,2,9647,4,-3.50,,5,False,Good,2,"{'runs': '0', 'wins': '0'}",1,Mrs K Browne & Mrs Anne Coffey
Down Royal,16:07,Giddy Up And Switch To Fibrus Broadband Beginners Chase,,2m4½f,,5yo+,,"€7,657",6,Villagers Cross,6,gelding,5,,Paul John Gilligan,Jack G Gilligan,,False,166,,,,45,S506P7,PU on h'cap hurdle debut and well beaten in claimer latest; unlikely,"Pulled up in a Limerick handicap hurdle (2m, heavy) and well beaten in a Clonmel claimer last time; unlikely to score on chasing debut.",,,33.33,False,0%,2m4f88y,0,[],2020-05-05,26774,99479,"{'runs': '0', 'wins': '0'}",4488,3,False,N Davis,464891,0%,,False,0,,917344,0%,-1.00,0%,IRE,3,https://www.racingpost.com/racecards/180/down-royal/2026-04-12/917344,8268260/villagers-cross,269412,"Athenry, Co Galway",4,-9.00,Chase,180,Saddlers Hall,8268260,[],GB,9,Turf,2026-04-12,678533,"{'runs': '1', 'wins': '0'}",1,B,-4.00,20.5,IRE,IRE,5,645506,,False,G,Dansant,False,Capparoe Cross,0,13084,0,-3.00,,5,False,Good,0,"{'runs': '0', 'wins': '0'}",0,Natalie Gilligan
Down Royal,16:07,Giddy Up And Switch To Fibrus Broadband Beginners Chase,,2m4½f,,5yo+,,"€7,657",6,Written In My Soul,6,mare,6,,E D Delany,Jordan Gainford,,False,159,,,,26,54-776,Placed in sole point; sixth in h'cap hurdle debut here off 87 latest; a bit to do,"Placed in sole point-to-point; finished sixth of 18 on handicap hurdle debut here last month off a mark of 87 (2m5f, yielding); a fair bit to do based on that on ratings for chase debut.",,,40,False,13%,2m4f88y,0,[],2020-05-14,1118279,99256,"{'runs': '1', 'wins': '0'}",4488,6,False,Ballinaroone Stud Ltd,89656,0%,,False,17,,917344,0%,-15.00,0%,IRE,1,https://www.racingpost.com/racecards/180/down-royal/2026-04-12/917344,6701912/written-in-my-soul,270462,"Laytown, Co Meath",22,-5.15,Chase,180,Tikkanen,6701912,[],GB,55,Turf,2026-04-12,1139473,"{'runs': '3', 'wins': '0'}",15,B,-22.00,20.5,GB,USA,,798803,,False,M,Pillar Coral,False,Tickity Bleue,0,7524,0,-1.00,,,False,Good,1,"{'runs': '3', 'wins': '0'}",7,Mrs Diane Flanagan
Down Royal,16:37,Switch To Fibrus Today And Save Handicap Chase,,3m2f,,5yo+,,"€8,835",12,Tonaghneave Well,6,gelding,1,,Gavin Cromwell,Keith Donoghue,,False,166,119,122,89,162,105669,Two hurdle wins; just hints of ability over fences but off a 10lb lower mark so considered,Two hurdle wins and rated 129 in that sphere; just hints of ability over fences but is off a 10lb lower mark so considered off a break with his yard in better form now.,"2024-10-04 | Tonaghneave Well | 5884478 | Xenon Security Maiden Hurdle | 878320 | Gowran Park | 184 | 16 | 3520 | Tonaghneave Well had the experience. I dropped my stick going to the last and he was having a good look so thankfully I held on. He was being a little bit lairy but experience probably won it for him - Keith Donoghue, rider.",,40,True,10%,3m2f50y,5,[],2020-05-19,1137591,88732,"{'runs': '5', 'wins': '1'}",5770,56,False,Jamie Magner,5640,9%,,False,13,,917345,8%,-57.17,11%,IRE,47,https://www.racingpost.com/racecards/180/down-royal/2026-04-12/917345,5884478/tonaghneave-well,342342,"Navan, Co. Meath",25,-6.50,Chase,180,Kahyasi,5884478,[],IRE,63,Turf,2026-04-12,837097,"{'runs': '0', 'wins': '0'}",130,B,-12.00,26,IRE,IRE,,485441,Paul Kelly (2026-04-07)||Gavin Cromwell Racing Limited (2024-06-12)||Ryan Kelly (2024-05-25),False,G,Berkshire,False,Saramacca,2,17836,12,-5.50,,,False,Good,7,"{'runs': '2', 'wins': '0'}",6,C Beckett
Down Royal,16:37,Switch To Fibrus Today And Save Handicap Chase,,3m2f,,5yo+,,"€8,835",12,Neon Diamond,7,mare,2,,Gordon Elliott,Josh Williamson,p,False,162,115,124,108,17,145425,Hurdle winner has run well in two of three chase starts; up in trip should suit; player,Bumper and hurdle winner has run well in two of three chase starts; up in trip should suit; not so at Clonmel last time but this better ground will suit so can be a player.,,,33.7,True,0%,3m2f50y,9,[],2019-05-06,1112776,102354,"{'runs': '1', 'wins': '0'}",5770,92,False,Mrs Kathleen Wickham,96595,26%,,False,11,,917345,5%,+5.08,10%,IRE,88,https://www.racingpost.com/racecards/180/down-royal/2026-04-12/917345,5428916/neon-diamond,54480,"Longwood, Co Meath",19,-10.00,Chase,180,Presenting,5428916,[],GB,10,Turf,2026-04-12,561095,"{'runs': '0', 'wins': '0'}",305,B,-16.50,26,IRE,GB,5,849812,,False,M,Westerner,False,Silvers Promise,1,18145,80,+31.46,,5,False,Good,10,"{'runs': '0', 'wins': '0'}",0,Liam J Clancy
Down Royal,16:37,Switch To Fibrus Today And Save Handicap Chase,,3m2f,,5yo+,,"€8,835",12,Gatsby Grey,10,gelding,3,,Oliver McKiernan,Phillip Enright,tp,False,161,114,121,77,31,P/006P,Burst a blood vessel when pulled-up on h'cap chase debut last time and has to rebound,Dual hurdle winner ran well enough over fences at Limerick over Christmas; burst a blood vessel when pulled-up on h'cap chase debut last time and has to rebound.,"2021-12-28 | Gatsby Grey | 3399507 | Keith Lynch Memorial Maiden Hurdle | 801168 | Limerick | 188 | 16 | 3520 | Gatsby Grey had not impressed much in his homework but we galloped him at Punchestown, dropping him in behind horses, and he seems to have turned a corner - Oliver McKiernan, trainer.",,42.86,True,3%,3m2f50y,1,"[{'trainer': 'Declan Queally', 'trainer_id': 7988, 'change_date': '2021-07-26'}]",2016-04-14,1121000,82680,"{'runs': '0', 'wins': '0'}",5770,7,False,S A R L Mm Stud,82678,4%,,False,14,,917345,5%,-18.00,14%,FR,7,https://www.racingpost.com/racecards/180/down-royal/2026-04-12/917345,3399507/gatsby-grey,322114,"Rathcoole, Co Dublin",20,-24.50,Chase,180,Rochesson,3399507,[],GER,32,Turf,2026-04-12,787049,"{'runs': '0', 'wins': '0'}",23,B,-15.00,26,FR,FR,,3399506,Keep The Faith Syndicate (2022-11-08)||Mrs B Queally (2021-07-26),False,G,Waldpark,False,Rochepaille,1,12846,1,-2.00,,,False,Good,1,"{'runs': '0', 'wins': '0'}",1,Keep The Faith Bloodstock Limited
Down Royal,16:37,Switch To Fibrus Today And Save Handicap Chase,,3m2f,,5yo+,,"€8,835",12,Beggars Rock,7,gelding,4,,Ian Patrick Donoghue,James Smith,tb,False,157,110,126,110,8,17P3P6,Beginners' chase winner last year but hasn't been as good since and has to return to best,Beginners' chase winner last year for Declan Queally but hasn't been as good since for different yards; has to return to best on second start for this stable; better ground a help.,"2024-12-28 | Beggars Rock | 4952190 | D Pack Packaging Handicap Hurdle | 884722 | Limerick | 188 | 21 | 4620 | Beggars Rock had a couple of good runs but was getting frustrating. He jumped and travelled today, they stopped and he galloped to the line well - Kevin Sexton, rider.",,28.57,True,29%,3m2f50y,0,"[{'trainer': 'Gordon Elliott', 'trainer_id': 18145, 'change_date': '2026-03-24'}, {'trainer': 'Declan Queally', 'trainer_id': 7988, 'change_date': '2025-12-30'}]",2019-04-24,15749,88924,"{'runs': '6', 'wins': '1'}",5770,14,False,Mrs J R Cox,447626,17%,,False,0,,917345,8%,+2.41,0%,IRE,14,https://www.racingpost.com/racecards/180/down-royal/2026-04-12/917345,4952190/beggars-rock,355637,"Clonalvy, County Meath",12,+26.00,Chase,180,Try Prospect,4952190,[],IRE,14,Turf,2026-04-12,660612,"{'runs': '0', 'wins': '0'}",41,B,-7.50,26,IRE,USA,5,4952246,Colin Lynskey (2025-03-04)||Mrs B Queally (2024-12-09),False,G,Soldier Of Fortune,False,Try Trix,1,38240,7,-14.00,,5,False,Good,0,"{'runs': '1', 'wins': '0'}",4,Beggars Cant Be Choosers Syndicate
Down Royal,16:37,Switch To Fibrus Today And Save Handicap Chase,,3m2f,,5yo+,,"€8,835",12,Goody Four Shoes,8,gelding,5,,Thomas Gibney,Harry Sexton,,False,157,110,120,107,40,46P-45,Some decent hurdle runs without winning; not bad efforts both chase starts; h'cap debut,Some decent hurdle runs without winning; not bad efforts both chase starts but will have to find improvement for handicap debut.,,,0,True,5%,3m2f50y,0,[],2018-05-14,1073719,101087,"{'runs': '2', 'wins': '0'}",5770,5,False,F And L Daly,304838,5%,,False,0,,917345,0%,-12.00,0%,IRE,5,https://www.racingpost.com/racecards/180/down-royal/2026-04-12/917345,6679753/goody-four-shoes,316693,"Trim, Co. Meath",7,+22.00,Chase,180,Treasure Hunter,6679753,[],IRE,19,Turf,2026-04-12,480864,"{'runs': '0', 'wins': '0'}",22,B,-7.00,26,IRE,GB,7,609086,Frank Daly (2024-11-11),False,G,Kalanisi,False,Auburn Cherry,0,19282,1,-5.00,,7,False,Good,0,"{'runs': '0', 'wins': '0'}",1,Frank Daly & Lorna Groarke
Down Royal,16:37,Switch To Fibrus Today And Save Handicap Chase,,3m2f,,5yo+,,"€8,835",12,The Gradual Slope,9,gelding,6,,Sean O OBrien,Mark McDonagh,p,False,157,110,123,109,8,3PP041,Course winner came back to form when winning at Fairyhouse last week; up 5lb but go well,Course winner over hurdles came back to form when winning the Ladies National at Fairyhouse last week over 2m5f; up 5lb but go well over a trip he stays.,"2026-04-04 | The Gradual Slope | 3547573 | Blackrock College AFC Ladies National Handicap Chase | 916968 | Fairyhouse | 182 | 21 | 4665 | He's really tough. It's been a long time since The Gradual Slope won. Even the day he won in Punchestown it was something similar, he kept galloping and picked up the pieces. I don't know if he'll go back to the north next week now. We'd love to go back for the race in won in Punchestown two seasons ago over three-miles-five because he really wants a trip. He's a really genuine horse. Things just haven't been clicking for us and we changed a few things and it seems to have rejuvenated him - Sean O'Brien, trainer.||2024-05-04 | The Gradual Slope | 3547573 | Colm Quinn BMW Handicap Chase | 867375 | Punchestown | 195 | 31.5 | 6888 | Mark [McDonagh, jockey] gave The Gradual Slope a cool ride the whole way round, he just got him to switch off halfway down the back because he was over-travelling. It was a great way for him to lose his claim. This fellow has been really running well in beginners' chases where you meet the top novices off level weights. He's only small, but coming in here off a nice weight he had a big chance - Sean O'Brien, trainer.||2022-06-05 | The Gradual Slope | 3547573 | Adare Manor Opportunity Maiden Hurdle | 814355 | Kilbeggan | 203 | 18.5 | 4019 | The Gradual Slope did that very well. We kept it simple. He's probably not the quickest horse and riding him handy here made all the difference. He's versatile and perhaps we will got for a novice handicap down the line - Sean O'Brien, trainer.",,33.33,True,4%,3m2f50y,1,"[{'trainer': 'Sean O OBrien', 'trainer_id': 10508, 'change_date': '2024-04-02'}]",2017-01-29,1102902,97448,"{'runs': '5', 'wins': '0'}",5770,3,False,Ms M Kavanagh,84432,17%,,False,33,,917345,0%,-1.50,33%,IRE,3,https://www.racingpost.com/racecards/180/down-royal/2026-04-12/917345,3547573/the-gradual-slope,148159,"Kilworth, Co. Cork",1,-20.50,Chase,180,Kings Theatre,3547573,[],USA,28,Turf,2026-04-12,105810,"{'runs': '3', 'wins': '0'}",6,GR,-1.00,26,IRE,IRE,,3547572,,False,G,Shantou,False,Caltras Theatre,0,10508,1,+14.00,,,False,Good,1,"{'runs': '4', 'wins': '1'}",1,Mark McDonagh
Down Royal,16:37,Switch To Fibrus Today And Save Handicap Chase,,3m2f,,5yo+,,"€8,835",12,Hello Jack,6,gelding,7,,Gordon Elliott,Jack Kennedy,p,False,155,108,117,104,40,-8P638,Maiden has run well enough in two h'cap chases latest; needs to find more up in trip,Maiden ran well over hurdles at this track last year; has run well enough in h'cap chases at Fairyhouse and Leopardstown latest; needs to find more up in trip.,,Hello Jack | 6635753 | Started over fences at Galway on Sunday and the experience won't be lost on him. He would have learnt plenty and he's probably one for a handicaps down the line. 26-10-25,33.7,True,40%,3m2f50y,9,[],2020-04-04,5926,94503,"{'runs': '1', 'wins': '0'}",5770,92,False,J Houlihan,304239,26%,,False,11,,917345,14%,+5.08,10%,IRE,88,https://www.racingpost.com/racecards/180/down-royal/2026-04-12/917345,6635753/hello-jack,58065,"Longwood, Co Meath",35,+18.76,Chase,180,Bob Back,6635753,[],FR,84,Turf,2026-04-12,1048703,"{'runs': '0', 'wins': '0'}",305,BB,-11.04,26,FR,USA,,777836,,False,G,Wings Of Eagles,False,Queen Of The Hill,5,18145,80,+31.46,,,False,Good,10,"{'runs': '1', 'wins': '0'}",34,Always Optimists Syndicate
Down Royal,16:37,Switch To Fibrus Today And Save Handicap Chase,,3m2f,,5yo+,,"€8,835",12,Brucejack,9,gelding,8,,P A Fahy,Danny Mullins,p,False,154,107,128,122,17,446P85,Yet to win over fences in 18 starts but ran a fine race at Clonmel last time; trip a help,Hurdle winner is yet to win over fences in 18 starts but ran a fine race at Clonmel last time over nearly 3m; stepping up in trip will be a help and can be involved off the same mark.,,,0,True,8%,3m2f50y,0,[],2017-05-30,1082772,87524,"{'runs': '2', 'wins': '0'}",5770,3,False,James Mulhall,49160,11%,,False,0,,917345,0%,+33.00,0%,IRE,2,https://www.racingpost.com/racecards/180/down-royal/2026-04-12/917345,3956752/brucejack,260419,"Leighlinbridge, Co Carlow",27,+86.80,Chase,180,Anshan,3956752,[],USA,48,Turf,2026-04-12,105810,"{'runs': '1', 'wins': '0'}",18,B,-27.00,26,IRE,GB,,576270,James Mulhall (2026-01-07),False,G,Shantou,False,Greenhall Rambler,0,6891,2,-2.00,,,False,Good,0,"{'runs': '0', 'wins': '0'}",4,Equine Gold Syndicate
Down Royal,16:37,Switch To Fibrus Today And Save Handicap Chase,,3m2f,,5yo+,,"€8,835",12,Aclass,8,gelding,9,,J P Flavin,Darragh OKeeffe,p,False,151,104,124,115,101,301244,Not at best over hurdles last time but previously consistent over fences; be involved,Not at best over hurdles last time at Tramore but won at that venue previously and has been consistent over fences since; one of two runners for the yard and be involved.,,,50,True,13%,3m2f50y,0,[],2018-05-10,1055245,96391,"{'runs': '0', 'wins': '0'}",5770,4,False,Cathal Ennis,517440,22%,,False,0,,917345,10%,+20.50,0%,IRE,3,https://www.racingpost.com/racecards/180/down-royal/2026-04-12/917345,4261309/aclass,351905,"Tramore, Co Waterford",31,+11.75,Chase,180,Sinndar,4261309,[],USA,77,Turf,2026-04-12,96578,"{'runs': '1', 'wins': '0'}",9,CH,-14.50,26,GB,IRE,,817443,P T Flavin (2024-11-18),False,G,Flemensfirth,False,Sinnaja,3,38089,2,-3.00,,,False,Good,0,"{'runs': '0', 'wins': '0'}",10,Pints & Prosecco Syndicate
Down Royal,16:37,Switch To Fibrus Today And Save Handicap Chase,,3m2f,,5yo+,,"€8,835",12,Attaboyarchie,9,gelding,10,,Karl Thornton,Miss E J Sweeney,,False,145,98,123,74,40,9U94P4,Maiden has run well on two of last three; has to find more from somewhere,"Maiden has run well on two of last three outings; however, is a 26-race maiden and has to find more from somewhere to end that sequence; down 2lb.",,,20,True,0%,3m2f50y,0,"[{'trainer': 'Dermot A McLoughlin', 'trainer_id': 23007, 'change_date': '2024-09-30'}]",2017-04-16,1036869,95398,"{'runs': '4', 'wins': '0'}",5770,5,False,Mrs Christine Wilson,572721,19%,,False,0,,917345,0%,-4.34,0%,IRE,3,https://www.racingpost.com/racecards/180/down-royal/2026-04-12/917345,4102976/attaboyarchie,227654,"Skerries, Co Dublin",1,-1.00,Chase,180,Gold Well,4102976,[],IRE,1,Turf,2026-04-12,773244,"{'runs': '0', 'wins': '0'}",21,B,-1.00,26,IRE,GB,7,2523557,,False,G,Imperial Monarch,False,Fancytail,0,26102,4,-3.00,,7,False,Good,0,"{'runs': '1', 'wins': '0'}",0,Mrs Una Sweeney
Down Royal,16:37,Switch To Fibrus Today And Save Handicap Chase,,3m2f,,5yo+,,"€8,835",12,Reve Inoui,8,gelding,11,,J P Flavin,Jordan Canavan,t,False,140,93,117,100,10,/5-PP5,Not a bad chasing debut at Clonmel and could get closer off same mark if staying trip,"Point winner returned from a long absence with two poor hurdle runs; however, was much better on chasing debut at Clonmel and could get closer off the same mark if staying this trip.",,,50,True,0%,3m2f50y,0,[],2018-06-02,21728,94023,"{'runs': '0', 'wins': '0'}",5770,4,False,Barry Murphy,603551,22%,,False,0,,917345,0%,+20.50,0%,IRE,3,https://www.racingpost.com/racecards/180/down-royal/2026-04-12/917345,4994558/reve-inoui,339998,"Tramore, Co Waterford",3,-2.00,Chase,180,Echo Of Light,4994558,[],GB,2,Turf,2026-04-12,845318,"{'runs': '0', 'wins': '0'}",9,GR,-3.00,26,GB,GB,7,809525,P T Flavin (2024-01-16),False,G,Kingston Hill,False,Queen Cassiopeia,0,38089,2,-3.00,,7,False,Good,0,"{'runs': '1', 'wins': '0'}",0,Laketour Partnership
Down Royal,16:37,Switch To Fibrus Today And Save Handicap Chase,,3m2f,,5yo+,,"€8,835",12,Millie B,8,mare,12,,Miss Elizabeth Anne Lalor,Benjamin P Kennedy,tp,False,140,93,,,12,08-553,Four point wins; decent h'cap hurdle effort last time but a long way out of the handicap,Four point wins; maiden after six hurdle starts; posted a decent h'cap hurdle effort last time but is 13lb out of the handicap on chasing debut.,,,33.33,True,6%,3m2f50y,0,[],2018-05-25,1102380,100367,"{'runs': '0', 'wins': '0'}",5770,3,False,Patrick OLeary Jnr,75837,-,,False,0,,917345,0%,0.00,0%,IRE,3,https://www.racingpost.com/racecards/180/down-royal/2026-04-12/917345,5457593/millie-b,339104,"Grange, Co. Tipperary",3,-4.00,Chase,180,Beneficial,5457593,[],GB,16,Turf,2026-04-12,742579,"{'runs': '0', 'wins': '0'}",0,B,-3.00,26,IRE,GB,7,776950,,False,M,Workforce,False,Ebony Hope,0,27444,0,-3.00,,7,False,Good,0,"{'runs': '0', 'wins': '0'}",1,John M OLeary
Down Royal,17:07,Fibrus Total Home Wi-Fi Handicap Chase,,3m2f,,5yo+,0-100,"€5,900",16,Hardy Diamond,7,mare,1,,Gordon Elliott,Jack Kennedy,p,False,168,100,109,93,67,796P85,Hurdles/chase winner but soundly beaten since last win in Aug'; others more appealing,"A win apiece over hurdles and fences, both at Kilbeggan on good ground; soundly beaten since his last win in August; this better ground will suit her but others make more appeal.",,,33.7,True,40%,3m2f50y,9,[],2019-05-31,1073976,94503,"{'runs': '6', 'wins': '0'}",5770,92,False,Denis Ahern,84432,26%,,False,11,,917346,14%,+5.08,10%,IRE,88,https://www.racingpost.com/racecards/180/down-royal/2026-04-12/917346,5412930/hardy-diamond,358204,"Longwood, Co Meath",35,+18.76,Chase,180,Kings Theatre,5412930,[],FR,84,Turf,2026-04-12,740223,"{'runs': '2', 'wins': '1'}",305,B,-11.04,26,IRE,IRE,,858219,Gordon Elliott (2025-06-02),False,M,Diamond Boy,False,Amazon Mist,5,18145,80,+31.46,,,False,Good,10,"{'runs': '0', 'wins': '0'}",34,Cullentra Racing Club
Down Royal,17:07,Fibrus Total Home Wi-Fi Handicap Chase,,3m2f,,5yo+,0-100,"€5,900",16,Sampoet,9,gelding,2,,D M Christie,Josh Williamson,p,False,168,100,115,107,6,3-2P30,1-16 in points; third here in March but PU at Cork latest; others preferred,"Just 1-16 in point-to-points; pulled up in a Thurles hunters' chase in January, but took third at this track next time (2m5f, good to yielding); tailed off in first-time cheekpieces (retained) at Cork last time (3m1f, good to yielding); others preferred.",,,50,True,0%,3m2f50y,1,"[{'trainer': 'Terence Leonard', 'trainer_id': 34682, 'change_date': '2025-05-28'}]",2017-05-14,100715,102354,"{'runs': '1', 'wins': '0'}",5770,4,False,Donal Brazil,607076,9%,,False,25,,917346,5%,-34.09,25%,IRE,4,https://www.racingpost.com/racecards/180/down-royal/2026-04-12/917346,4853589/sampoet,339062,"Derrylin, Co Fermanagh",19,-10.00,Chase,180,Golden Tornado,4853589,[],USA,10,Turf,2026-04-12,713987,"{'runs': '0', 'wins': '0'}",53,B,-16.50,26,IRE,IRE,5,4159630,Frank OToole (2026-01-13)||D M Christie (2025-12-31)||Miss Deirdre Agnes Connolly (2025-05-28),False,G,Urban Poet,False,Killiney Gold,1,13433,5,+3.50,,5,False,Good,1,"{'runs': '2', 'wins': '0'}",0,Ramillies & Christie Family Syndicate
Down Royal,17:07,Fibrus Total Home Wi-Fi Handicap Chase,,3m2f,,5yo+,0-100,"€5,900",16,Snow Punt,9,gelding,3,,Brendan Maurice Walsh,Philip Byrnes,tp,True,168,100,103,101,10,-32P22,Point winner is 0-15 under rules' but good runs in defeat last twice; ground concerning,"Point-to-point winner is 0-15 under rules', but he has been running well in defeat recently; beaten just a nose at Limerick last month (2m7f, heavy); followed that with a runner-up finish at Clonmel last time (2m7f, soft); cheekpieces are added to the tongue tie now, but better ground is a bit concerning.",,,33.33,True,8%,3m2f50y,0,[],2017-05-01,11969,101166,"{'runs': '1', 'wins': '0'}",5770,3,False,John Madden,77280,-,,False,0,,917346,29%,0.00,0%,IRE,3,https://www.racingpost.com/racecards/180/down-royal/2026-04-12/917346,4231693/snow-punt,330313,"Doneraile, Co Cork",7,-1.00,Chase,180,Alderbrook,4231693,[],GB,40,Turf,2026-04-12,842443,"{'runs': '0', 'wins': '0'}",0,B,-0.25,26,IRE,GB,,726932,,False,G,Snow Sky,False,Puntabrook,2,39980,0,-3.00,,,False,Good,0,"{'runs': '0', 'wins': '0'}",3,Brendan Madden
Down Royal,17:07,Fibrus Total Home Wi-Fi Handicap Chase,,3m2f,,5yo+,0-100,"€5,900",16,Le Grand Vert,10,gelding,4,,Noel C Kelly,Carl Millar,tp,False,166,98,109,83,33,UP8P14,Two of three chase wins came at Ayr inc' in Feb'; moderate season prior to that,"Has a liking for Ayr with two of his three chase wins coming there, including in February (3m, soft); that win came after a moderate season; lacked the pace at an important stage at Sedgefield last time (3m3f, good); needs to do it away from Ayr.",,,33.33,True,18%,3m2f50y,0,"[{'trainer': 'J P Dempsey', 'trainer_id': 16342, 'change_date': '2025-01-16'}, {'trainer': 'Micky Hammond', 'trainer_id': 5020, 'change_date': '2024-07-03'}, {'trainer': 'Francois Nicolle', 'trainer_id': 31467, 'change_date': '2022-01-10'}]",2016-03-04,1125613,101231,"{'runs': '8', 'wins': '0'}",5770,7,False,S C P Ecurie Pegase & Mme S Mottier,52360,4%,,False,0,,917346,17%,-64.00,0%,FR,4,https://www.racingpost.com/racecards/180/down-royal/2026-04-12/917346,2838107/le-grand-vert,337346,"Draperstown, Co. Derry",6,+47.00,Chase,180,Turgeon,2838107,"[{'date': '2023-01-03', 'type': 'Wind Surgery'}]",IRE,38,Turf,2026-04-12,549398,"{'runs': '5', 'wins': '0'}",81,B,-3.38,26,FR,USA,5,683766,Miss Sarah Dempsey (2025-01-16)||Richard Howard & Ben Howard (2024-07-03)||R M Howard (2022-01-26)||Simon Munir & Isaac Souede (2022-01-10),False,G,Great Pretender,False,Eliga,1,17764,3,-4.00,,5,False,Good,0,"{'runs': '3', 'wins': '0'}",7,All Play & No Work Syndicate
Down Royal,17:07,Fibrus Total Home Wi-Fi Handicap Chase,,3m2f,,5yo+,0-100,"€5,900",16,Dinoland,8,gelding,5,,W R Crawford,Danny Mullins,tv,False,165,97,104,,285,1012-P,Challenging for lead when mistake at last fence in July; interesting contender if ready,"Dual hurdles winner, with his most recent win coming here in 2024 (3m, good); pulled up on final start for John McConnell at Tipperary (2m7f, yielding) in July when challenging for the lead before a bad mistake at the final fence; interesting contender if fit enough.","2024-08-30 | Dinoland | 4241598 | Pilgrim's Handicap Hurdle | 875529 | Down Royal | 180 | 24 | 5280 | Dinoland is ground dependent. He is a little bit in and out but he is a fun horse and he is handicapped over fences. He might go chasing sooner rather than later - John McConnell, trainer.",,50,True,8%,3m2f50y,0,"[{'trainer': 'John C McConnell', 'trainer_id': 14751, 'change_date': '2026-04-07'}, {'trainer': 'W P Mullins', 'trainer_id': 1475, 'change_date': '2023-04-04'}]",2018-05-12,1041966,87524,"{'runs': '8', 'wins': '2'}",5770,2,False,M L Bloodstock Ltd,460016,25%,,False,0,,917346,0%,+122.00,0%,FR,2,https://www.racingpost.com/racecards/180/down-royal/2026-04-12/917346,4241598/dinoland,359282,"Craigavon, Co Armagh",27,+86.80,Chase,180,Zabeel,4241598,[],FR,48,Turf,2026-04-12,603344,"{'runs': '2', 'wins': '0'}",4,B,-27.00,26,FR,NZ,,708813,Nigel OHare/John C McConnell/Mark Devlin/Philip Smith (2025-06-10)||Mrs S Ricci (2023-04-04),False,G,Doctor Dino,False,Acland Street,0,38228,1,-2.00,,,False,Good,0,"{'runs': '4', 'wins': '1'}",4,Nigel OHare & J Mackle & Mark Devlin & Philip Smith
Down Royal,17:07,Fibrus Total Home Wi-Fi Handicap Chase,,3m2f,,5yo+,0-100,"€5,900",16,Tell Nobody Nothin,6,gelding,6,,Noel Meade,Donagh Meyler,,False,165,97,107,87,82,342634,0-9 over fences but some good runs in defeat inc' here; place chance over new trip,"Winning hurdler is 0-9 over fences but has run well in defeat; took third here on St Stephen's Day (2m5f, good to yielding) and 11l behind in fourth last time  (2m5f, yielding to soft); tries this trip for the first time; place chance.","2024-09-20 | Tell Nobody Nothin | 5746477 | Downpatrick Maiden Hurdle | 877226 | Downpatrick | 179 | 18 | 3905 | Tell Nobody Nothin travelled great. He had a break over the summer and I'm thrilled with him. We'll take it steady, we'll look for a rated novice with him or something like that - Noel Meade, trainer.",,39.13,True,10%,3m2f50y,2,[],2020-05-23,1130721,92335,"{'runs': '7', 'wins': '1'}",5770,25,False,Ms Patricia Hunt,75837,8%,,False,20,,917346,29%,-24.63,29%,IRE,7,https://www.racingpost.com/racecards/180/down-royal/2026-04-12/917346,5746477/tell-nobody-nothin,91347,"Castletown, Co Meath",21,-25.63,Chase,180,Beneficial,5746477,[],IRE,48,Turf,2026-04-12,569100,"{'runs': '0', 'wins': '0'}",49,CH,+16.00,26,IRE,GB,,858946,,False,G,Doyen,False,Bonny Kate,6,4446,4,+3.00,,,False,Good,5,"{'runs': '3', 'wins': '0'}",5,Mrs Patricia Hunt
Down Royal,17:07,Fibrus Total Home Wi-Fi Handicap Chase,,3m2f,,5yo+,0-100,"€5,900",16,Warmer Days Ahead,7,gelding,7,,Oliver McKiernan,Phillip Enright,tp,False,163,95,107,,39,3-3689,Okay in opening runs this season but below that last twice; just second chase start here,"Winner of a 2m5f Roscommon handicap hurdle in 2024 off 92; okay efforts in his opening two runs this season but recent runs are below that level; this is just his second chase start, with his only other seeing him tailed off at Clonmel in a 2024 handicap.",,,42.86,True,3%,3m2f50y,1,[],2019-01-21,1130261,82680,"{'runs': '3', 'wins': '0'}",5770,7,False,M Jacques Herold,455293,4%,,False,14,,917346,5%,-18.00,14%,FR,7,https://www.racingpost.com/racecards/180/down-royal/2026-04-12/917346,4967879/warmer-days-ahead,322114,"Rathcoole, Co Dublin",20,-24.50,Chase,180,Peintre Celebre,4967879,[],GER,32,Turf,2026-04-12,787049,"{'runs': '0', 'wins': '0'}",23,B,-15.00,26,GER,USA,,3156570,,False,G,Waldpark,False,Ashkelon,1,12846,1,-2.00,,,False,Good,1,"{'runs': '0', 'wins': '0'}",1,Keep The Faith Bloodstock Limited
Down Royal,17:07,Fibrus Total Home Wi-Fi Handicap Chase,,3m2f,,5yo+,0-100,"€5,900",16,Royal Time,7,gelding,8,,Shane Crawley,Eoin Staples,tp,False,160,92,103,93,38,300537,Good third here in Jan'; tries this trip for first time but not certain it's what he needs,"Hurdles winner at Naas last season; good effort on his fourth chase start at this track in January (2m5f, yielding to soft) when third of 11; tailed off at Thurles last time; tries this trip for the first time and the jury is out on whether this is what he needs.",,,,True,7%,3m2f50y,0,[],2019-06-30,1079017,102365,"{'runs': '4', 'wins': '0'}",5770,0,False,E J P Kane,62690,0%,,False,,,917346,14%,-9.00,-,IRE,0,https://www.racingpost.com/racecards/180/down-royal/2026-04-12/917346,5383917/royal-time,49213,"Macetown, Tara, Co Meath",14,-12.50,Chase,180,Exit To Nowhere,5383917,[],IRE,15,Turf,2026-04-12,589098,"{'runs': '0', 'wins': '0'}",9,B,-4.50,26,IRE,USA,5,852161,,False,G,Court Cave,False,Billythefilly,2,28860,0,0.00,,5,False,Good,0,"{'runs': '4', 'wins': '0'}",1,E J P Kane
Down Royal,17:07,Fibrus Total Home Wi-Fi Handicap Chase,,3m2f,,5yo+,0-100,"€5,900",16,Hit The Frame,7,gelding,9,,J P Flavin,Darragh OKeeffe,tb,False,157,89,105,86,179,P2414F,Wexford h'cap winner in Aug'; absence to overcome but player if ready,"Landed a Wexford handicap chase (3m1f, good) off 7lb lower in August; still leading when fell at the eleventh at Punchestown when last seen in October (2m7f, good to yielding); absence to overcome but player if that doesn't pose problems.",,,50,True,13%,3m2f50y,0,[],2019-04-10,1132570,96391,"{'runs': '3', 'wins': '1'}",5770,4,False,Mrs Jane Way,87715,22%,,False,0,,917346,10%,+20.50,0%,GB,3,https://www.racingpost.com/racecards/180/down-royal/2026-04-12/917346,5457578/hit-the-frame,347169,"Tramore, Co Waterford",31,+11.75,Chase,180,Midnight Legend,5457578,[],GB,77,Turf,2026-04-12,428414,"{'runs': '1', 'wins': '0'}",9,B,-14.50,26,GB,GB,,758165,,False,G,Passing Glance,False,Farewellatmidnight,3,38089,2,-3.00,,,False,Good,0,"{'runs': '0', 'wins': '0'}",10,Hit The Road Syndicate
Down Royal,17:07,Fibrus Total Home Wi-Fi Handicap Chase,,3m2f,,5yo+,0-100,"€5,900",16,Plain Or Battered,9,gelding,10,,P J Rothwell,Tiernan Power Roche,p,False,152,84,104,91,17,393632,"In good form recently, placed over hurdles and fences last time; should go well again","Hurdles winner is in good form in both codes recently; 3lb outside the weights over hurdles at Leopardstown, but took the third spot (3m, soft); backed that up when runner-up in a Clonmel novice handicap chase last month (3m, soft); rated 6lb lower in this sphere and should go well again.",,,35.9,True,25%,3m2f50y,1,"[{'trainer': 'N Dooly', 'trainer_id': 16282, 'change_date': '2024-03-19'}]",2017-04-14,1060139,96768,"{'runs': '0', 'wins': '0'}",5770,39,False,Thomas Norris,105763,8%,,False,3,,917346,10%,+49.00,3%,IRE,39,https://www.racingpost.com/racecards/180/down-royal/2026-04-12/917346,4057215/plain-or-battered,342341,"Tinahely, Co Wicklow",21,+59.00,Chase,180,Grape Tree Road,4057215,[],GB,12,Turf,2026-04-12,660597,"{'runs': '0', 'wins': '0'}",79,B,-4.50,26,GB,GB,,3984190,R Dooly (2024-03-19),False,G,Mahler,False,Road To Pearls,2,13570,6,-31.00,,,False,Good,1,"{'runs': '1', 'wins': '0'}",3,David Norris & Fergal Norris & N Dooly
Down Royal,17:07,Fibrus Total Home Wi-Fi Handicap Chase,,3m2f,,5yo+,0-100,"€5,900",16,A Year Older,8,gelding,11,,Karl Thornton,Ben Harvey,,False,151,83,,,101,09P8-1,Surprise winner last time at 40-1; did it easily and form in behind is strong; big chance,"Sprang a surprise at Fairyhouse (3m2f, yielding) on New Year's Day when returning from a 294-day absence to win comfortably at 40-1 over hurdles; had shown little in his eight previous outings, including when pulled up on only start over fences; form of those in behind bolsters his win; runs off winning mark and he will win if he can back it up now chasing.","2026-01-01 | A Year Older | 5829460 | Take A Pull Podcast Handicap Hurdle | 4802993 | Fairyhouse | 182 | 26 | 5720 | We bought A Year Older at Tattersalls. I got him cheap enough, five grand, but nobody had looked at the passport and when we got him home we discovered he was a 4yo, not a 3yo. That's why we called him A Year Older. He jumps and he's slow. He'll do a job somewhere, he has the same mark over fences. The nicer ground probably helped him and there might be another day in him - Karl Thornton, trainer.",,20,True,8%,3m2f50y,0,[],2018-06-06,23771,96257,"{'runs': '4', 'wins': '0'}",5770,5,False,Joseph Johnston,97861,19%,,False,0,,917346,20%,-4.34,0%,IRE,3,https://www.racingpost.com/racecards/180/down-royal/2026-04-12/917346,5829460/a-year-older,278250,"Skerries, Co Dublin",10,-31.29,Chase,180,Double Eclipse,5829460,[],IRE,49,Turf,2026-04-12,550234,"{'runs': '1', 'wins': '1'}",21,B,+31.00,26,IRE,IRE,,833186,,False,G,Mamool,False,Legally Binding,2,26102,4,-3.00,,,False,Good,0,"{'runs': '0', 'wins': '0'}",4,Karl Thornton
Down Royal,17:07,Fibrus Total Home Wi-Fi Handicap Chase,,3m2f,,5yo+,0-100,"€5,900",16,Cordal Boy,6,gelding,12,,Eoin Christopher McCarthy,G B Noonan,p,False,150,82,96,83,17,0903P9,Good effort over hurdles in Feb'; ninth of 14 on chasing debut latest; more needed,"Good effort on stable debut for this yard at Thurles in February over hurdles (2m7f, soft) when third of 17; pulled up next time at Clonmel (3m, heavy); made chasing debut back at that venue last time in first-time cheekpieces (retained) when ninth of 14 (3m, soft); more needed.",,,0,True,6%,3m2f50y,0,"[{'trainer': 'E McNamara', 'trainer_id': 10680, 'change_date': '2026-01-22'}, {'trainer': 'Darren Collins', 'trainer_id': 40513, 'change_date': '2025-09-03'}]",2020-06-17,1131991,93079,"{'runs': '3', 'wins': '0'}",5770,5,False,Richard & Nicola Harding,464891,5%,,False,0,,917346,0%,-10.50,0%,IRE,5,https://www.racingpost.com/racecards/180/down-royal/2026-04-12/917346,7436291/cordal-boy,357421,"Athea, Co. Limerick",8,-12.75,Chase,180,Saddlers Hall,7436291,[],GB,16,Turf,2026-04-12,845318,"{'runs': '0', 'wins': '0'}",19,GR,-8.00,26,IRE,IRE,,900254,John Gerard Kelly (2026-03-15)||John Gerard Kelly & Nelius McAuliffe (2026-01-22)||John Gerard Kelly (2025-04-20)||John Gerard Kelly & Nelius McAuliffe (2025-04-19)||John Gerard Kelly (2025-04-17),False,G,Kingston Hill,False,Riverside Lough,0,26124,1,-5.00,,,False,Good,0,"{'runs': '0', 'wins': '0'}",1,John Gerard Kelly & Nelius McAuliffe
Down Royal,17:07,Fibrus Total Home Wi-Fi Handicap Chase,,3m2f,,5yo+,0-100,"€5,900",16,Ardaghs Choice,11,gelding,13,,E Sheehy,Sean Flanagan,b,False,148,80,104,86,52,P-U88U,Sole chase win came in 2022; recent runs don't suggest he's on verge of adding to tally,"Dual hurdles winner has one chase win as well, gained at Wexford in 2022; recent efforts don't suggest he's on the verge of adding to his tally.","2020-09-18 | Ardaghs Choice | 2605786 | Randox Health Rated Novice Hurdle | 766911 | Downpatrick | 179 | 21.5 | 4730 | Ardaghs Choice just stays, he won over 3m1f the last day. He has been improving and he improved again. They went a good gallop which suited me because all he does is stay galloping - Kevin Sexton, rider.",,,True,5%,3m2f50y,0,[],2015-04-30,1112721,84936,"{'runs': '10', 'wins': '0'}",5770,1,False,Michael McCullagh,304561,0%,,False,0,,917346,0%,-9.00,-,IRE,0,https://www.racingpost.com/racecards/180/down-royal/2026-04-12/917346,2605786/ardaghs-choice,47306,"Graiguenamanagh, Co Kilkenny",11,-34.21,Chase,180,Supreme Leader,2605786,[],GER,39,Turf,2026-04-12,638899,"{'runs': '2', 'wins': '0'}",9,B,-11.00,26,GB,GB,,578763,Patrick Joseph OShea & John N Gahan (2025-09-25)||Stephen Barron (2021-05-10)||Mrs Emma Butler (2020-07-29),False,G,Arcadio,False,Supreme Magical,0,10578,0,0.00,,,False,Good,0,"{'runs': '0', 'wins': '0'}",2,E Sheehy
Down Royal,17:07,Fibrus Total Home Wi-Fi Handicap Chase,,3m2f,,5yo+,0-100,"€5,900",16,Just For Yuse,8,gelding,14,,Paul Stafford,Patrick M OBrien,,False,140,72,103,58,26,6/92P6,Best of nine chase starts was a very remote second at Punchestown in Jan'; unlikely,"Sole win came on the Flat in Britain; best of nine chase starts was a very remote second at Punchestown in January (2m4f, soft); pulled up and tailed off in two runs since.","2021-06-22 | Just For Yuse | 3526788 | More Flat Racing On Racing TV Median Auction Maiden Stakes | 785981 | Beverley | 6 | 8.5 | 1860 | The hill has helped him there, Just For Use really galloped to the line - Joanna Mason, jockey.",,100,True,8%,3m2f50y,1,"[{'trainer': 'T G McCourt', 'trainer_id': 4244, 'change_date': '2023-08-22'}, {'trainer': 'Archie Watson', 'trainer_id': 32276, 'change_date': '2021-12-20'}]",2018-01-28,1081157,100782,"{'runs': '1', 'wins': '0'}",5770,2,False,Fontstown Stud,737740,0%,,False,50,,917346,18%,-4.00,50%,IRE,2,https://www.racingpost.com/racecards/180/down-royal/2026-04-12/917346,3526788/just-for-yuse,118508,"Oldtown, Co. Dublin",11,-26.55,Chase,180,Elusive Pimpernel,3526788,[],IRE,39,Turf,2026-04-12,637069,"{'runs': '0', 'wins': '0'}",4,BR,+18.50,26,IRE,USA,5,900523,Miss Sarah Foran/Liquorice Allsort Syndicate (2022-09-01)||Miss Sarah Foran (2021-12-22)||Mrs J Hampson (2021-12-20)||A M B Watson (2021-04-26),False,G,Dandy Man,False,Mollies Girl,2,15863,0,+21.00,,5,False,Good,1,"{'runs': '0', 'wins': '0'}",3,Colm Kedney
Down Royal,17:07,Fibrus Total Home Wi-Fi Handicap Chase,,3m2f,,5yo+,0-100,"€5,900",16,Mastermind,12,gelding,15,,Ms Helen P Markham,Gavin Brouder,,False,140,72,99,81,31,906330,0-13 chasing; one of better efforts when third at Thurles but didn't back it up last time,"Dual winning hurdler is 0-13 chasing; one of his better efforts came at Thurles in February when a 9.75l third (2m6f, soft to heavy); didn't back that up when tailed off at Limerick last time (2m7f, heavy).","2018-02-10 | Mastermind | 1435924 | Naas RFC Supported By Profile Systems Rated Novice Hurdle | 694038 | Naas | 192 | 16 | 3520 | Mastermind settled beautifully and jumped really well. He probably wants nicer ground and he will appreciate 2m4f - Robbie Power, rider.||2017-11-25 | Mastermind | 1435924 | Thanks To All Our Customers 3-Y-O Maiden Hurdle | 689770 | Gowran Park | 184 | 16 | 3520 | Mastermind ran well at Fairyhouse but he was a bit free so we put the hood on him and he switched off well. He's not a bad horse and he will prefer better ground - Charles O'Brien, trainer.",,0,True,6%,3m2f50y,0,"[{'trainer': 'Alan Fleming', 'trainer_id': 17939, 'change_date': '2025-07-21'}, {'trainer': 'Charles OBrien', 'trainer_id': 7660, 'change_date': '2024-06-04'}]",2014-04-24,1097628,97911,"{'runs': '4', 'wins': '0'}",5770,1,False,Lynch Bages,303737,0%,,False,0,,917346,13%,-6.00,0%,IRE,1,https://www.racingpost.com/racecards/180/down-royal/2026-04-12/917346,1435924/mastermind,280603,"Grange Con, Co Wicklow",8,+40.50,Chase,180,Green Desert,1435924,[],IRE,32,Turf,2026-04-12,748243,"{'runs': '0', 'wins': '0'}",6,B,-3.67,26,IRE,USA,,647441,Sean Cullen (2025-07-21)||Painestown Syndicate (2024-06-04),False,G,Nathaniel,False,Snow Gretel,1,14364,0,-1.00,,,False,Good,0,"{'runs': '2', 'wins': '0'}",2,Peter Killeen
Down Royal,17:07,Fibrus Total Home Wi-Fi Handicap Chase,,3m2f,,5yo+,0-100,"€5,900",16,Tullabrack Lad,7,gelding,16,,Francis J Flood,Benjamin P Kennedy,,False,140,72,73,42,31,00-P99,0-13 and yet to trouble the judge; not much encouragement in three recent h'cap chase runs,0-13 and yet to trouble the judge; not much encouragement in three handicap chase runs at huge odds since returning from a long absence.,,,,True,6%,3m2f50y,0,[],2019-06-06,1031672,100367,"{'runs': '2', 'wins': '0'}",5770,0,False,John Kidd,105760,0%,,False,,,917346,0%,-8.00,-,IRE,0,https://www.racingpost.com/racecards/180/down-royal/2026-04-12/917346,4942617/tullabrack-lad,118756,"Grangecon, Co Wicklow",3,-4.00,Chase,180,Dushyantor,4942617,[],IRE,16,Turf,2026-04-12,685574,"{'runs': '0', 'wins': '0'}",8,B,-3.00,26,IRE,USA,7,827100,,False,G,Conduit,False,Sweetbriar Rose,0,32505,0,0.00,,7,False,Good,0,"{'runs': '0', 'wins': '0'}",1,Abbey Rose Syndicate
Down Royal,17:07,Fibrus Total Home Wi-Fi Handicap Chase,,3m2f,,5yo+,0-100,"€5,900",16,Hello Johnjoe,5,mare,17,,Andrew McNamara,,,False,153,87,,,26,0553P6,Reserve; third on second h'cap start; hasn't backed that up in two runs since; chase debut,"First reserve; good effort when third in second handicap start at Clonmel (2m4f, heavy); hasn't backed that up in two starts since, including when 32l behind at this venue last time (2m5f, yielding); tries chasing now",,,33.33,True,,3m2f50y,0,[],2021-05-15,1139331,,"{'runs': '3', 'wins': '0'}",5770,9,False,John Crowley & Kedrah House Stud,96578,0%,,True,0,,917346,,-5.00,0%,IRE,4,https://www.racingpost.com/racecards/180/down-royal/2026-04-12/917346,7238184/hello-johnjoe,359906,"Athboy, Co. Meath",,,Chase,180,Flemensfirth,7238184,[],IRE,,Turf,2026-04-12,837097,"{'runs': '0', 'wins': '0'}",5,B,,26,IRE,USA,,861941,,False,M,Berkshire,False,Sadies Grace,,31715,0,-4.00,,,False,Good,0,"{'runs': '1', 'wins': '0'}",,Cufflinks & Cruises Partnership
Down Royal,17:07,Fibrus Total Home Wi-Fi Handicap Chase,,3m2f,,5yo+,0-100,"€5,900",16,La Tene,8,mare,18,,John Patrick Ryan,,,False,142,74,,,17,4/07P3,"Reserve; poor in three runs back from long absence, but definite promise when third latest","Second reserve; returned from a lengthy absence with three poor runs, but there was definite promise when third at Clonmel (2m3f, soft) last time under a positive ride; tries a new trip for chasing debut now.",,,16.67,True,,3m2f50y,0,[],2018-05-08,1132014,,"{'runs': '0', 'wins': '0'}",5770,6,False,J Robinson & L Byrne,551030,4%,,True,0,,917346,,-7.00,0%,IRE,6,https://www.racingpost.com/racecards/180/down-royal/2026-04-12/917346,5313319/la-tene,295871,"Templemore, Co Tipperary",,,Chase,180,Bandari,5313319,[],IRE,,Turf,2026-04-12,769921,"{'runs': '0', 'wins': '0'}",46,B,,26,IRE,IRE,,848298,Miss Gillian Ryan (2023-09-21),False,M,Pour Moi,False,Caballo Sin Nombre,,8256,2,-6.00,,,False,Good,0,"{'runs': '0', 'wins': '0'}",,John Patrick Ryan & Miss Gillian Ryan
Musselburgh,15:45,Sky Bet Club British EBF Novice Stakes (GBB Race),,5f,2,2yo,,"£12,885",4,Adonius,2,gelding,1,4,Rebecca Menzies,Kaiya Fraser,,False,135,,89,86,8,1,Bolted up by 7l on his debut over C&D eight days ago; sets a daunting level,"April foal by Soldier's Call; sent off 12-1 when bolting up by 7l over C&D (soft; RPR 84+) eight days ago; has a 5lb penalty to carry and conditions may not be quite so testing this time, but that still provides a daunting level for the others to aim at.",,,42.11,False,7%,5f1y,1,[],2024-04-11,1044506,101188,"{'runs': '0', 'wins': '0'}",1101,19,False,Thomas Hassett,577888,10%,,False,5,,915441,11%,-13.63,13%,IRE,8,https://www.racingpost.com/racecards/16/musselburgh/2026-04-12/915441,9046199/adonius,114710,"Morden, Durham",9,-6.00,Flat,16,Exceed And Excel,9046199,[],GB,45,Turf,2026-04-12,1860072,"{'runs': '1', 'wins': '1'}",59,CH,+4.00,5,IRE,AUS,,2746826,,False,G,Soldiers Call,False,Dubai Paradise,1,28511,6,+5.00,,,False,Good,1,"{'runs': '1', 'wins': '1'}",3,Michael Hughes
Musselburgh,15:45,Sky Bet Club British EBF Novice Stakes (GBB Race),,5f,2,2yo,,"£12,885",4,Ponte Carlo,2,colt,2,1,Tim Easterby,David Allan,,False,130,,,,,,Stable has few winning 2yo newcomers and he has a useful standard to aim at,"April foal by Soldier's Call; 6,500gns foal; half-brother to winners Claim The Stars (4.7f-7.5f including AW/France/Germany/Belgium; RPR 90), Fraser Island (1m2f Flat, 85; 2m hurdle), National Glory (6f; 82), and Pickersgill (6f; 73); dam 5f 2yo winner (including Group 3; 104); stable has few winning 2yo newcomers and he has a useful standard to aim at in any case.",,,27.27,False,14%,5f1y,0,[],2024-04-25,1137731,78223,"{'runs': '0', 'wins': '0'}",1101,33,False,Rathbride Farm,541314,12%,,False,0,,915441,11%,-54.28,0%,IRE,30,https://www.racingpost.com/racecards/16/musselburgh/2026-04-12/915441,9083715/ponte-carlo,343135,"Great Habton, N Yorks",18,-30.28,Flat,16,Acclamation,9083715,[],GB,94,Turf,2026-04-12,1860072,"{'runs': '0', 'wins': '0'}",153,B,-4.00,5,IRE,GB,,779191,,False,C,Soldiers Call,False,Ponty Acclaim,2,10152,18,-30.00,,,False,Good,0,"{'runs': '0', 'wins': '0'}",13,Habton Racing
Musselburgh,15:45,Sky Bet Club British EBF Novice Stakes (GBB Race),,5f,2,2yo,,"£12,885",4,Rlasthope,2,gelding,3,2,Tony Coyle & Kaine Wood,David Nolan,,False,130,,70,64,15,5,Showed promise when fifth in the Brocklesby 15 days ago; improvement will be needed,"February foal by Rajasinghe; sent off 10-1 and showed promise when fifth of the 15 runners in the Brocklesby at Doncaster (5f, good to soft) 15 days ago; open to improvement, but it will be needed.",,,66.67,False,5%,5f1y,1,[],2024-02-27,1118407,14332,"{'runs': '0', 'wins': '0'}",1101,8,False,Morecool Racing,527373,0%,,False,13,,915441,7%,-2.00,17%,GB,6,https://www.racingpost.com/racecards/16/musselburgh/2026-04-12/915441,9004870/rlasthope,125317,"Norton, N Yorks",15,-45.25,Flat,16,Kyllachy,9004870,[],IRE,57,Turf,2026-04-12,1371697,"{'runs': '1', 'wins': '0'}",2,B,-2.00,5,GB,GB,,855655,,False,G,Rajasinghe,False,Horsforth,1,41117,0,+1.50,,,False,Good,1,"{'runs': '0', 'wins': '0'}",3,Morecool Racing
Musselburgh,15:45,Sky Bet Club British EBF Novice Stakes (GBB Race),,5f,2,2yo,,"£12,885",4,Amantha,2,filly,4,3,Brian Ellison,NON-RUNNER,,False,125,,,,,,Stable doesn't have many 2yos go in first time; best watched,"February foal by Mohaather; 16,000euros foal; dam 6f-1m maiden in UAE (RPR 64), half-sister to US 1m Grade 3 winner Carressa, out of US 1m/8.5f stakes winner; stable doesn't have many 2yos go in first time; best watched.",,,40,False,-,5f1y,0,[],2024-02-21,1128219,74971,"{'runs': '0', 'wins': '0'}",1101,21,False,Ahmed Bintooq,868021,11%,,False,0,,915441,-,-11.59,0%,IRE,13,https://www.racingpost.com/racecards/16/musselburgh/2026-04-12/915441,8881502/amantha,355448,"Norton, N Yorks",0,0.00,Flat,16,American Pharoah,8881502,[],GB,0,Turf,2026-04-12,2223782,"{'runs': '0', 'wins': '0'}",36,B,0.00,5,USA,USA,,2960287,,False,F,Mohaather,True,Rawwani,0,4431,4,-13.00,,,False,Good,0,"{'runs': '0', 'wins': '0'}",0,Nick Bradley Racing 17 And Partner
Musselburgh,15:45,Sky Bet Club British EBF Novice Stakes (GBB Race),,5f,2,2yo,,"£12,885",4,Penny Arcade,2,filly,5,5,K R Burke,Sam James,,False,125,,,,,,Stable has a fine record with 2yo newcomers; market support for her would be significant,"February foal by Ardad; 30,000gns yearling; dam 7f AW 2yo winner (RPR 73), half-sister to winners Absolutely So (7f Group 3), Weekend Getaway (7.5f-8.7f) and Forbidden Land (7f), is granddaughter of 1m2f Group 2 winner; stable has a fine record with 2yo newcomers and any market support for her would be significant.",,,54.84,False,22%,5f1y,3,[],2024-02-01,1115733,87290,"{'runs': '0', 'wins': '0'}",1101,32,False,Kcs Bloodstock Ltd,756093,31%,,False,9,,915441,5%,+23.56,10%,IRE,31,https://www.racingpost.com/racecards/16/musselburgh/2026-04-12/915441,9051070/penny-arcade,238982,"Coverham, North Yorkshire",21,+29.28,Flat,16,Zoffany,9051070,[],IRE,121,Turf,2026-04-12,1022474,"{'runs': '0', 'wins': '0'}",85,B,-16.00,5,IRE,IRE,,3187214,,False,F,Ardad,False,Mashkoorah,1,5019,26,-21.84,,,False,Good,3,"{'runs': '0', 'wins': '0'}",27,Nick Bradley Racing 5 & E Burke
Musselburgh,16:15,Enter ITV7 For Free Handicap,,1m,5,3yo,0-75,"£10,308",13,Mayaada,3,filly,1,11,Ollie Sangster,Sam James,,False,135,74,78,80,15,1307-9,Tailed off on her Southwell return 15 days ago; drawn wide; look elsewhere,"Consistent prior to winning a four-runner Epsom maiden (7f, good) last August, but held since; finished tailed off on her Southwell return (7f, AW) 15 days ago; drawn wide; look elsewhere.","2025-08-25 | Mayaada | 7639434 | British Stallion Studs EBF Restricted Maiden Stakes (Bands C/D) (EBF Restricted Qual') (GBB Race) | 900548 | Epsom | 17 | 7 | 1543 | Mayaada has done it nicely. She's probably been a little bit unlucky not to have won before now as she was just beaten at Ripon last time. Back to seven furlongs maybe helped a little and it helped that Oisin [Murphy's] was a bit keen and probably did too much. I was just happy to sit off him and it's good to get another win for Nick [Bradley] and Ollie [Sangster]. She's good and hardy, so I was happy - Sam James, jockey.",,41.18,True,22%,1m2y,3,[],2023-03-27,19428,87290,"{'runs': '3', 'wins': '1'}",1762,17,False,Michael G Holden,596550,-,,False,18,,915442,5%,0.00,18%,IRE,17,https://www.racingpost.com/racecards/16/musselburgh/2026-04-12/915442,7639434/mayaada,355447,"Marlborough, Wilts",21,+29.28,Flat,16,Fastnet Rock,7639434,[],IRE,121,Turf,2026-04-12,2082334,"{'runs': '1', 'wins': '0'}",0,B,-16.00,8,IRE,AUS,,1139453,,False,F,Phoenix Of Spain,False,Young Special,1,40346,0,+2.50,,,False,Good,3,"{'runs': '0', 'wins': '0'}",27,Nick Bradley Racing 15 & Partner
Musselburgh,16:15,Enter ITV7 For Free Handicap,,1m,5,3yo,0-75,"£10,308",13,Blues And Royals,3,gelding,2,1,Michael Bell,Hector Crouch,,False,134,73,85,60,18,873-1,Did it nicely when making a successful handicap/seasonal debut at Kempton last month,"Steadily progressive and having been gelded he did it nicely when making a successful handicap/seasonal debut at Kempton (1m, AW) last month; 3lb rise doesn't look harsh now returned to turf and high on list from the rails draw.",,,63.64,True,25%,1m2y,2,[],2023-02-02,1075131,92806,"{'runs': '1', 'wins': '0'}",1762,12,False,Cooneen Stud,577888,0%,,False,17,,915442,19%,-7.00,18%,IRE,11,https://www.racingpost.com/racecards/16/musselburgh/2026-04-12/915442,7578905/blues-and-royals,358502,"Newmarket, Suffolk",32,-0.75,Flat,16,Exceed And Excel,7578905,[],IRE,4,Turf,2026-04-12,2304825,"{'runs': '2', 'wins': '1'}",7,B,+2.50,8,IRE,AUS,,2701452,,False,G,Space Blues,False,Tiritomba,6,4113,0,-4.75,,,False,Good,2,"{'runs': '0', 'wins': '0'}",1,D Fish S Jones & J Barnett
Musselburgh,16:15,Enter ITV7 For Free Handicap,,1m,5,3yo,0-75,"£10,308",13,Suddenly I See,3,colt,3,6,Charlie Johnston,Connor Beasley,,False,134,73,80,52,211,31-,Third and first over 7f here last year; market useful on return/handicap debut,"Both runs last year came in maidens here (7f, good), winning gamely by half a length on the second occasion; extra furlong shouldn't be a problem now making his handicap debut after seven months off and the market should be revealing; stable also runs Just A Gambler.",,,42.31,True,15%,1m2y,2,[],2023-03-06,22600,90868,"{'runs': '2', 'wins': '1'}",1762,28,False,Kildaragh Stud,749313,16%,,False,11,,915442,13%,-15.82,8%,IRE,26,https://www.racingpost.com/racecards/16/musselburgh/2026-04-12/915442,7205019/suddenly-i-see,254233,"Middleham Moor, N Yorks",15,-10.17,Flat,16,Excelebration,7205019,[],IRE,96,Turf,2026-04-12,893929,"{'runs': '0', 'wins': '0'}",120,B,-3.17,8,GER,IRE,,3502553,,False,C,Ribchester,False,Suddenly,2,40131,19,+2.38,,,False,Good,3,"{'runs': '2', 'wins': '1'}",14,Barbara & Alick Richmond
Musselburgh,16:15,Enter ITV7 For Free Handicap,,1m,5,3yo,0-75,"£10,308",13,Ibn Altheeb,3,gelding,4,2,Iain Jardine,Lewis Edmunds,p,False,132,71,77,55,174,53317-,Wolverhampton AW winner last year; makes his stable debut after 174 days off; watch market,"Sole win for David Loughnane came in a Wolverhampton nursery (8.6f, AW; first-time cheekpieces) in October; picked up for 20,000gns later that month and now makes his stable debut after 174 days off; well drawn; watch market.",,,62.5,True,0%,1m2y,1,"[{'trainer': 'David Loughnane', 'trainer_id': 31698, 'change_date': '2026-04-06'}]",2023-04-28,1043012,94663,"{'runs': '1', 'wins': '0'}",1762,17,False,Wardstown Stud Ltd,534251,10%,,False,6,,915442,19%,+18.28,9%,IRE,11,https://www.racingpost.com/racecards/16/musselburgh/2026-04-12/915442,7669961/ibn-altheeb,370636,"Carrutherstown, D'fries & G'way",27,-6.00,Flat,16,Mizzen Mast,7669961,[],GB,6,Turf,2026-04-12,3142206,"{'runs': '2', 'wins': '0'}",238,GR,-1.00,8,USA,USA,,792663,Sanad Aldaihani (2026-04-06),False,G,Alkumait,False,Mixora,5,21516,23,-7.25,,,False,Good,1,"{'runs': '0', 'wins': '0'}",0,Lets Be Lucky Racing 39
Musselburgh,16:15,Enter ITV7 For Free Handicap,,1m,5,3yo,0-75,"£10,308",13,Just A Gambler,3,gelding,5,9,Charlie Johnston,Callum Shepherd,p,True,130,69,81,44,18,036-13,Finished just over a length behind Blues And Royals at Kempton last time; cheekpieces on,"Made a successful handicap/seasonal debut at Chelmsford (1m, AW) last month and ran just as well when beaten just over a length into third of nine behind Blues And Royals at Kempton (1m, AW) 13 days later; 3lb better off, but his rival was making his reappearance; cheekpieces given a go.",,,42.31,True,0%,1m2y,2,[],2023-03-02,1104343,93343,"{'runs': '0', 'wins': '0'}",1762,28,False,Fullbury Ltd,684715,16%,,False,11,,915442,10%,-15.82,8%,IRE,26,https://www.racingpost.com/racecards/16/musselburgh/2026-04-12/915442,8039762/just-a-gambler,80485,"Middleham Moor, N Yorks",21,-9.00,Flat,16,Thewayyouare,8039762,[],FR,9,Turf,2026-04-12,3125350,"{'runs': '5', 'wins': '1'}",120,B,+12.00,8,IRE,USA,,902524,,False,G,St Marks Basilica,False,We Are Ninety,2,40131,19,+2.38,,,False,Good,3,"{'runs': '0', 'wins': '0'}",0,John Brown & Megan Dennis
Musselburgh,16:15,Enter ITV7 For Free Handicap,,1m,5,3yo,0-75,"£10,308",13,Alkumatic Jo Jo,3,filly,6,10,Ivan Furtado,Paul Mulrennan,,False,130,69,75,58,146,3432-,In the frame in all four starts last year; market should reveal what is expected on return,In the frame in all four starts over 7f/1m on AW/soft last year; return to this trip should suit and the market should reveal what is expected after five months off.,,,47.06,True,17%,1m2y,4,[],2023-04-19,1131509,79371,"{'runs': '0', 'wins': '0'}",1762,17,False,Tom & Ellen Kinsella,806738,18%,,False,24,,915442,16%,+9.50,24%,IRE,17,https://www.racingpost.com/racecards/16/musselburgh/2026-04-12/915442,7957278/alkumatic-jo-jo,343083,"Wiseton, S Yorks",19,-35.28,Flat,16,Dawn Approach,7957278,[],GB,267,Turf,2026-04-12,3142206,"{'runs': '2', 'wins': '0'}",11,B,-10.82,8,IRE,IRE,,3087201,,False,F,Alkumait,False,Approachable,3,30867,2,+21.00,,,False,Good,4,"{'runs': '0', 'wins': '0'}",46,W P Flynn & Friend
Musselburgh,16:15,Enter ITV7 For Free Handicap,,1m,5,3yo,0-75,"£10,308",13,Supreme Clarets,3,gelding,7,12,Richard & Peter Fahey,Oisin Orr,,False,129,68,79,66,183,34236-,Mainly consistent in six starts as a 2yo without progressing; off six months; drawn wide,"Mainly consistent in six starts as a 2yo without appearing to progress, going closest when beaten a head in a Salisbury seller (7f, heavy) in September; returns from six months off and will need to step up, especially from his wide draw; stable also runs Kameko Fever.",,,52.38,True,16%,1m2y,4,"[{'trainer': 'Richard Fahey', 'trainer_id': 8010, 'change_date': '2026-04-06'}]",2023-03-23,1028941,93884,"{'runs': '2', 'wins': '0'}",1762,26,False,Miss Eileen Farrelly,446691,0%,,False,15,,915442,19%,-2.00,19%,IRE,21,https://www.racingpost.com/racecards/16/musselburgh/2026-04-12/915442,7436371/supreme-clarets,259683,"Musley Bank, N Yorks",16,-12.93,Flat,16,Verglas,7436371,[],IRE,88,Turf,2026-04-12,3092793,"{'runs': '1', 'wins': '0'}",2,CH,+5.00,8,IRE,IRE,,890123,,False,G,Supremacy,False,Ms Sasha Malia,3,42996,0,+4.50,,,True,Good,4,"{'runs': '1', 'wins': '0'}",14,A Tattersall & Partner
Musselburgh,16:15,Enter ITV7 For Free Handicap,,1m,5,3yo,0-75,"£10,308",13,Thestral,3,gelding,8,7,Hugo Palmer,Cieren Fallon,,False,128,67,83,,18,51-8,Well behind two of these on handicap debut at Kempton 18 days ago; others preferred,"Off the mark on his second start in a Newcastle novice (7f, AW) in December, but having been gelded he finished well behind Blues And Royals and Just A Gambler on handicap debut at Kempton (1m, AW) 18 days ago; blinkers worn there quickly removed; others preferred on turf debut.",,,44.44,True,0%,1m2y,2,[],2023-03-09,1074794,98519,"{'runs': '0', 'wins': '0'}",1762,11,False,V I Araci,503875,31%,,False,18,,915442,11%,+4.38,18%,GB,11,https://www.racingpost.com/racecards/16/musselburgh/2026-04-12/915442,8340036/thestral,171595,"Malpas, Cheshire",27,-18.00,Flat,16,Dansili,8340036,[],USA,18,Turf,2026-04-12,761072,"{'runs': '1', 'wins': '0'}",13,B,-9.00,8,GB,GB,,677471,,False,G,Dream Ahead,False,Vasilia,3,25009,4,0.00,,,False,Good,2,"{'runs': '0', 'wins': '0'}",0,Vefa Ibrahim Araci
Musselburgh,16:15,Enter ITV7 For Free Handicap,,1m,5,3yo,0-75,"£10,308",13,Keep An Eye On It,3,gelding,9,5,Tony Coyle & Kaine Wood,David Nolan,,False,128,67,79,61,10,44-52,Beaten a short head at Southwell last time; extra furlong should suit; major player,"Didn't enjoy the smoothest of passages when beaten a short head on handicap debut at Southwell (7f, AW) ten days ago; only 1lb higher and stepping up another furlong may suit him even better, with the return to turf unlikely to be a problem; major player.",,,66.67,True,5%,1m2y,1,[],2023-04-24,1826,14332,"{'runs': '2', 'wins': '0'}",1762,8,False,Norton Grove Stud Ltd,637859,0%,,False,13,,915442,7%,-2.00,17%,GB,6,https://www.racingpost.com/racecards/16/musselburgh/2026-04-12/915442,8259461/keep-an-eye-on-it,173772,"Norton, N Yorks",15,-45.25,Flat,16,Sir Percy,8259461,[],IRE,57,Turf,2026-04-12,1119182,"{'runs': '0', 'wins': '0'}",2,CH,-2.00,8,GB,GB,,807383,,False,G,Century Dream,False,Mad Jazz,1,41117,0,+1.50,,,False,Good,1,"{'runs': '0', 'wins': '0'}",3,Tony Coyle
Musselburgh,16:15,Enter ITV7 For Free Handicap,,1m,5,3yo,0-75,"£10,308",13,Saxon Prince,3,colt,10,13,John & Sean Quinn,Jason Hart,,False,126,65,80,,41,356-52,"Beaten a short head at Kempton last time, but winner didn't frank the form; drawn widest","All five starts for Clive Cox on the AW, beaten a short head in a four-runner handicap at Kempton (7f) last month; races off the same mark for this turf/stable debut having since changed hands for 24,000gns, but the winner didn't do much for the form next time; drawn widest.",,,46.67,True,16%,1m2y,3,"[{'trainer': 'Clive Cox', 'trainer_id': 5863, 'change_date': '2026-04-06'}]",2023-03-11,1641,90243,"{'runs': '0', 'wins': '0'}",1762,15,False,Littleton Stud,763453,11%,,False,20,,915442,10%,-13.47,20%,GB,15,https://www.racingpost.com/racecards/16/musselburgh/2026-04-12/915442,8210159/saxon-prince,368552,"Norton, N Yorks",39,-24.72,Flat,16,Frankel,8210159,[],JPN,110,Turf,2026-04-12,1588345,"{'runs': '0', 'wins': '0'}",19,CH,-4.25,8,GB,GB,,3569354,J C Smith (2026-04-06),False,C,Saxon Warrior,False,Frankella,4,41095,2,+11.50,,,False,Good,3,"{'runs': '0', 'wins': '0'}",18,A Scaife C Scaife G Scaife
Musselburgh,16:15,Enter ITV7 For Free Handicap,,1m,5,3yo,0-75,"£10,308",13,Kameko Fever,3,gelding,11,4,Richard & Peter Fahey,Billy Garritty,,False,126,65,79,,22,04-542,"Beaten a neck at Newcastle last month, but form not franked; a bit to prove on turf debut","Steadily progressive in five starts on the AW during the winter, going down by a neck at Newcastle (1m; first start since being gelded) last month; just 1lb higher, but the winner finished tailed off at Nottingham on Wednesday; has a bit to prove on turf debut.",,,52.38,True,11%,1m2y,4,"[{'trainer': 'Richard Fahey', 'trainer_id': 8010, 'change_date': '2026-03-27'}]",2023-02-12,1140832,95152,"{'runs': '0', 'wins': '0'}",1762,26,False,Hot Flush Partnership,733304,0%,,False,15,,915442,7%,-2.00,19%,IRE,21,https://www.racingpost.com/racecards/16/musselburgh/2026-04-12/915442,8485662/kameko-fever,218252,"Musley Bank, N Yorks",14,-33.87,Flat,16,Siyouni,8485662,[],USA,90,Turf,2026-04-12,2765614,"{'runs': '2', 'wins': '0'}",2,CH,-2.00,8,IRE,FR,,3839265,,False,G,Kameko,False,Hot Flush,1,42996,0,+4.50,,,False,Good,4,"{'runs': '0', 'wins': '0'}",10,Richard Fahey Ebor Racing Club Ltd
Musselburgh,16:15,Enter ITV7 For Free Handicap,,1m,5,3yo,0-75,"£10,308",13,Parole Officer,3,gelding,12,3,Ewan Whillans,Rowan Scott,,False,124,63,81,60,146,33654-,Consistent rather than progressive last year; more needed back from five months off,"Consistent rather than progressive in eight starts last year, the latest when fourth of seven on stable debut at Newcastle (1m, AW) in November; more will be needed back from five months off.",,,50,True,10%,1m2y,1,"[{'trainer': 'S Woods', 'trainer_id': 7083, 'change_date': '2025-11-11'}]",2023-03-04,1137737,92565,"{'runs': '0', 'wins': '0'}",1762,10,False,John D Gunther & Ttr Bloodstock,582877,4%,,False,20,,915442,8%,-33.50,20%,GB,5,https://www.racingpost.com/racecards/16/musselburgh/2026-04-12/915442,7020199/parole-officer,25289,"Hawick, Scottish Borders",12,-46.88,Flat,16,Kodiac,7020199,[],GB,80,Turf,2026-04-12,1745410,"{'runs': '2', 'wins': '0'}",49,B,-9.50,8,GB,GB,,3257935,Teme Valley Racing (2025-11-11),False,G,Without Parole,False,Kizomba,1,38714,2,+7.00,,,False,Good,2,"{'runs': '0', 'wins': '0'}",8,A C Whillans
Musselburgh,16:15,Enter ITV7 For Free Handicap,,1m,5,3yo,0-75,"£10,308",13,Attention Seeker,3,gelding,13,8,Brian Ellison,Cam Hardie,,False,122,61,74,67,27,46-770,"Finished runner-up in a Brighton maiden last September, but has regressed badly since","Best effort in four starts for Harry Eustace as a 2yo when runner-up in a Brighton maiden (7f, soft) in September, but has regressed badly since (including in three outings for this yard) and virtually ran out at Wolverhampton last time.",,,40,True,6%,1m2y,0,"[{'trainer': 'Harry Eustace', 'trainer_id': 38304, 'change_date': '2026-01-31'}]",2023-03-08,1111073,92732,"{'runs': '0', 'wins': '0'}",1762,21,False,Owenstown Bloodstock Ltd,61507,11%,,False,0,,915442,4%,-11.59,0%,IRE,13,https://www.racingpost.com/racecards/16/musselburgh/2026-04-12/915442,7878368/attention-seeker,367594,"Norton, N Yorks",25,-16.26,Flat,16,Hector Protector,7878368,"[{'date': '2025-12-04', 'type': 'Wind Surgery'}]",GB,81,Turf,2026-04-12,861262,"{'runs': '2', 'wins': '0'}",36,CH,-22.00,8,GB,USA,,415936,J C Smith (2026-01-31),False,G,Cotai Glory,False,Hecuba,1,4431,4,-13.00,,,False,Good,0,"{'runs': '0', 'wins': '0'}",5,Montefeltro Racing - Attention Seeker
Musselburgh,16:45,Sky Bet Build A Bet Fillies' Handicap,,1m,4,3yo+,0-85,"£12,885",11,Perfect Part,4,filly,1,2,Brian Ellison,Zak Wheatley,,False,144,87,92,77,15,4070-4,Fine return when fourth of 22 in the Spring Mile 15 days ago; big player from same mark,"0-13 since her successful racecourse debut albeit highly tried on occasions, but she made a fine return when fourth of 22 in the Spring Mile at Doncaster (1m, good to soft) 15 days ago and that form has already received a boost; well drawn and a big player from the same mark; stable also runs Callianassa.","2024-06-08 | Perfect Part | 5982396 | Hilary Needler Trophy EBF Fillies' Conditions Stakes (GBB/IRE Incentive Race) | 868025 | Beverley | 6 | 5 | 1100 | We had Perfect Part out of the stalls two or three times in the last couple of weeks and she came out of them like an absolute rocket. And I saw she was a huge price, I thought they must know something we don't! We thought she was good.  She breezed absolutely brilliantly but she was a late foal and she hasn't got the size. I think that's why I got her so cheap. It was mitigating circumstances - Keith Brown, owner.",Perfect Part | 5982396 | I don't see why she shouldn't run well. She won in a time half a second quicker than the colts' race at Beverley. It was a good time and a good race. Sometimes they run green first time out but she was very professional. 10-06-24,40,True,21%,1m2y,0,[],2022-04-12,1025493,96669,"{'runs': '3', 'wins': '0'}",1762,21,False,John Cullinan,659772,11%,,False,0,,915440,13%,-11.59,0%,IRE,13,https://www.racingpost.com/racecards/16/musselburgh/2026-04-12/915440,5982396/perfect-part,23066,"Norton, N Yorks",8,+11.28,Flat,16,Dutch Art,5982396,[],IRE,39,Turf,2026-04-12,1004665,"{'runs': '1', 'wins': '0'}",36,CH,0.00,8,GB,GB,3,1044085,,False,F,Mehmas,False,Queensbrydge,1,4431,4,-13.00,,3,False,Good,0,"{'runs': '2', 'wins': '0'}",8,Keith Brown
Musselburgh,16:45,Sky Bet Build A Bet Fillies' Handicap,,1m,4,3yo+,0-85,"£12,885",11,Bellarchi,5,mare,2,1,Grant Tuer,Oliver Stammers,,False,144,87,88,77,8,088-81,"3-4 over 7f here, the latest win eight days ago; has won over 1m elswhere; high on list","3-4 over 7f here, the latest win coming on good to soft ground eight days ago; has won over this trip elsewhere and high on the list from 3lb higher.","2026-04-04 | Bellarchi | 4924781 | Livescore Bet Silver Arrow Handicap | 914384 | Musselburgh | 16 | 7 | 1555 | I thought she'd run well. She's a C&D winner and Bellarchi likes it round here, it's her perfect set-up. She likes a bit of cut in the ground and first day back two weeks ago we went to Wolverhampton and she needed the run but she ran really well - Grant Tuer, trainer.||2025-08-08 | Bellarchi | 4924781 | Champagne Pommery Brut Royal Gold Cup Handicap | 899142 | Musselburgh | 16 | 7 | 1555 | Bellarchi is tough. She's in the form of her life and she felt even better going to the start than she did [at Chester] on Sunday. She's a jockey's dream - the more you get after her, the more she keeps finding - Oliver Stammers, jockey, speaking to Racing TV.||2023-07-19 | Bellarchi | 4924781 | British Stallion Studs EBF Restricted Novice Stakes (Bands C And D) (Qualifier) (GBB Race) | 844010 | Catterick | 10 | 5 | 1100 | Bellarchi has really deserved to win a race as she's been good from day one. I was disappointed she didn't win on debut at Thirsk, but she jumps and runs and has a great mind. She does her job but she's bumped into one or two along the way. She pretty much runs to her mark every time, the only time she didn't was in the Marygate and we don't know why - Grant Tuer, trainer.","Bellarchi | 4924781 | We keep buying her back at the sales and she keeps on winning. She's won eight times from 36 starts and earned more than £100,000, but the studs obviously think she's too small to breed off. She wears her heart on her sleeve and goes on any ground. She stays a mile but I think she's better at 7f. 04-09-25",50,True,8%,1m2y,1,[],2021-04-12,1043177,97584,"{'runs': '10', 'wins': '4'}",1762,9,False,C Marnane,777155,21%,,False,11,,915440,0%,+13.69,13%,IRE,8,https://www.racingpost.com/racecards/16/musselburgh/2026-04-12/915440,4924781/bellarchi,326590,"Birkby, N Yorks",4,-26.17,Flat,16,Sepoy,4924781,[],IRE,49,Turf,2026-04-12,1004665,"{'runs': '15', 'wins': '2'}",80,CH,-4.00,8,FR,AUS,,1968294,,False,M,Mehmas,False,Drop Dead Gorgeous,0,15158,17,+7.00,,,False,Good,1,"{'runs': '4', 'wins': '3'}",4,Nick Bradley Racing 19 And Partner
Musselburgh,16:45,Sky Bet Build A Bet Fillies' Handicap,,1m,4,3yo+,0-85,"£12,885",11,Jannas Journey,5,mare,3,11,Jim Goldie,Cam Hardie,,False,140,83,90,74,8,3629-0,Seven wins between July and September last year; well behind Bellarchi on recent return,"Enjoyed a fine time of it between July and September last year, winning seven times including over 7f here; may have needed her reappearance when well behind Bellarchi back here (7f) eight days ago, but she will need to step forward and is drawn wide; stable also runs Geo.","2025-08-11 | Jannas Journey | 6388817 | Weddings At Western House Hotel Handicap (Div II) | 901308 | Ayr | 3 | 7 | 1590 | Jannas Journey is an amazing filly and seems to be improving. It wasn't the most competitive race, but you can't take anything away from Jim - he's worked wonders with her - Danny Tudhope, jockey, speaking to Racing TV.",,28.57,True,6%,1m2y,0,"[{'trainer': 'Lucinda Russell', 'trainer_id': 6990, 'change_date': '2025-05-22'}]",2021-05-10,1063914,92732,"{'runs': '9', 'wins': '3'}",1762,14,False,Thistle Bloodstock Limited,657462,12%,,False,0,,915440,4%,-103.31,0%,IRE,14,https://www.racingpost.com/racecards/16/musselburgh/2026-04-12/915440,6388817/jannas-journey,143030,"Uplawmoor, Lanarkshire",25,-16.26,Flat,16,Holy Roman Emperor,6388817,[],USA,81,Turf,2026-04-12,1417665,"{'runs': '3', 'wins': '1'}",362,B,-22.00,8,IRE,IRE,,813707,,False,M,Sioux Nation,False,Dancing Cosmos,1,7795,44,-14.00,,,False,Good,0,"{'runs': '3', 'wins': '1'}",5,James Mearns Long
Musselburgh,16:45,Sky Bet Build A Bet Fillies' Handicap,,1m,4,3yo+,0-85,"£12,885",11,Callianassa,5,mare,4,4,Brian Ellison,Connor Beasley,,False,140,83,90,63,9,03-155,"Return to this trip should suit, but he is 0-9 on turf; others make greater appeal","All four wins have come over 7f/1m on the AW, the latest in February; return to this trip should suit, but she is 0-9 on turf and a few of the others make greater appeal.",,,40,True,15%,1m2y,0,[],2021-02-28,1045158,90868,"{'runs': '2', 'wins': '0'}",1762,21,False,Eamonn McEvoy,109161,11%,,False,0,,915440,13%,-11.59,0%,IRE,13,https://www.racingpost.com/racecards/16/musselburgh/2026-04-12/915440,5021406/callianassa,292374,"Norton, N Yorks",15,-10.17,Flat,16,Intikhab,5021406,[],IRE,96,Turf,2026-04-12,1463745,"{'runs': '9', 'wins': '3'}",36,B,-3.17,8,IRE,USA,,2050474,,False,M,Invincible Army,False,Doris Bleasedale,2,4431,4,-13.00,,,False,Good,0,"{'runs': '1', 'wins': '0'}",14,P Boyle
Musselburgh,16:45,Sky Bet Build A Bet Fillies' Handicap,,1m,4,3yo+,0-85,"£12,885",11,Asteverdi,5,mare,5,5,James Owen,Cieren Fallon,,False,135,78,90,80,186,35450-,2lb below last winning mark and can go well fresh; worth a market check on stable debut,"Lightly raced last year and ended the season quietly, but she is 2lb below her last winning mark and, although off six months, she can go well fresh; well worth a market check now starting out for another new yard.",,,50,True,0%,1m2y,3,"[{'trainer': 'Hugo Palmer', 'trainer_id': 25009, 'change_date': '2026-04-06'}, {'trainer': 'Alice Haynes', 'trainer_id': 38170, 'change_date': '2025-04-15'}]",2021-03-12,1103477,98519,"{'runs': '5', 'wins': '0'}",1762,44,False,Simon W Clarke,519359,33%,,False,9,,915440,11%,+49.88,9%,GB,34,https://www.racingpost.com/racecards/16/musselburgh/2026-04-12/915440,5198118/asteverdi,346240,"Newmarket, Suffolk",27,-18.00,Flat,16,Kutub,5198118,[],GB,18,Turf,2026-04-12,1969796,"{'runs': '8', 'wins': '2'}",12,B,-9.00,8,FR,IRE,,730312,Roudee Racing 8 (2026-04-06),False,M,Advertise,False,Terre Du Vent,3,40072,4,-21.50,,,False,Good,4,"{'runs': '1', 'wins': '1'}",0,Champion Of The Thames Racing
Musselburgh,16:45,Sky Bet Build A Bet Fillies' Handicap,,1m,4,3yo+,0-85,"£12,885",11,Epidavros,5,mare,6,8,Katie Scott,Jason Hart,,False,128,71,91,79,194,25635-,"Back off her last winning mark, but she may just need this after 194 days off","Both wins (7.7f/1m1f) in September 2024, but 0-13 since; now back off her last winning mark, but she may just need this after 194 days off.",,"Epidavros | 5759905 | She's fantastic - she's not won yet this season but was second in a big fillies' race at Musselburgh and second in a Sunday Series race at Hamilton so she's been paying her way. She likes a bit of rain, so I wouldn't be surprised to see her flourishing and winning a few races come September and October when we get a bit of soft ground. 17-07-25",0,True,16%,1m2y,0,"[{'trainer': 'David Loughnane', 'trainer_id': 31698, 'change_date': '2024-07-25'}]",2021-03-09,1122158,90243,"{'runs': '7', 'wins': '0'}",1762,6,False,Yulong Investments (australia) Pty,761072,11%,,False,0,,915440,10%,-37.42,0%,IRE,6,https://www.racingpost.com/racecards/16/musselburgh/2026-04-12/915440,5759905/epidavros,50219,"Galashiels, Scottish Borders",39,-24.72,Flat,16,Dream Ahead,5759905,[],IRE,110,Turf,2026-04-12,2128968,"{'runs': '11', 'wins': '1'}",74,B,-4.25,8,IRE,USA,,4728108,Miss Sarah Hoyland (2024-07-25),False,M,Magna Grecia,False,Piscean Dream,4,19056,8,-6.00,,,False,Good,0,"{'runs': '2', 'wins': '0'}",18,Star Racing
Musselburgh,16:45,Sky Bet Build A Bet Fillies' Handicap,,1m,4,3yo+,0-85,"£12,885",11,Ice Sovereigns,3,filly,7,6,Charlie Johnston,Callum Shepherd,,False,127,85,87,73,198,43110-,Dual Carlisle winner last year but outclassed in the Rockfel; this is more realistic,"Won a novice and a nursery at Carlisle (7f, good) last year, but was completely out of her depth when last of ten (behind Samra Green) in the Group 2 Rockfel at Newmarket (7f, good to firm) on her final outing; this is much more realistic on her return and worth considering, especially if backed.",,,42.31,True,0%,1m2y,2,[],2023-03-20,1043624,93343,"{'runs': '2', 'wins': '2'}",1762,28,False,Whisperview Trading Ltd,531769,16%,,False,11,,915440,10%,-15.82,8%,IRE,26,https://www.racingpost.com/racecards/16/musselburgh/2026-04-12/915440,7793620/ice-sovereigns,201227,"Middleham Moor, N Yorks",21,-9.00,Flat,16,Galileo,7793620,[],IRE,9,Turf,2026-04-12,1956469,"{'runs': '0', 'wins': '0'}",120,BR,+12.00,8,IRE,IRE,,1211901,,False,F,Ten Sovereigns,False,On Ice,2,40131,19,+2.38,,,False,Good,3,"{'runs': '0', 'wins': '0'}",0,Sheikh Juma Dalmook Al Maktoum
Musselburgh,16:45,Sky Bet Build A Bet Fillies' Handicap,,1m,4,3yo+,0-85,"£12,885",11,Samra Green,3,filly,8,7,K R Burke,Sam James,,False,126,84,85,70,198,17-,"Finished seventh in the Rockfel last September; still holds an Irish 1,000 Guineas entry","Did it well when making a successful debut at Haydock (7f, good) last August, but found the Group 2 Rockfel at Newmarket (7f, good to firm) rather tougher the following month, not that she was disgraced in finishing seventh of 11; market should be revealing on return and she still holds an Irish 1,000 Guineas entry; stable also runs Dunkeld Dreamer.",,,54.84,True,22%,1m2y,3,[],2023-04-04,1050748,87290,"{'runs': '1', 'wins': '1'}",1762,32,False,Rabbah Bloodstock Limited,518730,31%,,False,9,,915440,5%,+23.56,10%,IRE,31,https://www.racingpost.com/racecards/16/musselburgh/2026-04-12/915440,7930862/samra-green,2791,"Coverham, North Yorkshire",21,+29.28,Flat,16,More Than Ready,7930862,[],JPN,121,Turf,2026-04-12,1588345,"{'runs': '0', 'wins': '0'}",85,B,-16.00,8,USA,USA,,2599800,,False,F,Saxon Warrior,False,Ladys Maid,1,5019,26,-21.84,,,False,Good,3,"{'runs': '0', 'wins': '0'}",27,Jaber Abdullah
Musselburgh,16:45,Sky Bet Build A Bet Fillies' Handicap,,1m,4,3yo+,0-85,"£12,885",11,Geo,4,filly,9,12,Jim Goldie,Paul Mulrennan,,False,126,69,90,70,171,95564-,1-11 for Eve Johnson Houghton; market informative on stable debut after six months off,"1-11 for Eve Johnson Houghton, the win coming on nursery debut at Newbury (7f, good to firm) in August 2024; possibly unlucky when fourth of 11 at Southwell (1m, AW) in October; changed hands for 9,000gns soon afterwards; market informative on stable debut after six months off.",,Geo | 6074425 | She won at Newbury last August and I think she's getting herself ready to win again soon. She ran a really nice race last time under William Buick at Newbury when fifth behind American State. 02-07-25,28.57,True,17%,1m2y,0,"[{'trainer': 'Eve Johnson Houghton', 'trainer_id': 18920, 'change_date': '2026-04-06'}]",2022-04-24,1026763,79371,"{'runs': '3', 'wins': '0'}",1762,14,False,Epona Bloodstock Ltd,596550,12%,,False,0,,915440,16%,-103.31,0%,IRE,14,https://www.racingpost.com/racecards/16/musselburgh/2026-04-12/915440,6074425/geo,306424,"Uplawmoor, Lanarkshire",19,-35.28,Flat,16,Fastnet Rock,6074425,[],IRE,267,Turf,2026-04-12,1004665,"{'runs': '5', 'wins': '0'}",362,B,-10.82,8,IRE,AUS,,2877653,G Owen (2026-04-06),False,F,Mehmas,False,River Rock,3,7795,44,-14.00,,,False,Good,0,"{'runs': '0', 'wins': '0'}",46,Summerstorm Bloodstock Ltd
Musselburgh,16:45,Sky Bet Build A Bet Fillies' Handicap,,1m,4,3yo+,0-85,"£12,885",11,Second Fiddle,7,mare,10,10,Iain Jardine,Cara Tuke,t,False,126,69,89,54,86,131-70,"Won six times between September and December last year, but quiet in last two starts","Made it 15th-time lucky on stable debut at Hamilton (1m, soft) last September and then won five of his next six starts on the AW, but held in both outings at the start of the year; bit to prove back on turf after three months off.","2025-12-29 | Second Fiddle | 4652622 | Win £250,000 With BetMGM's Golden Goals Handicap | 909827 | Newcastle (AW) | 1353 | 8 | 1765 | Second Fiddle - Mohammed Tabti, jockey, speaking to Sky Sports Racing.||2025-09-22 | Second Fiddle | 4652622 | DX Academy Industry Expertise For You Apprentice Handicap | 902305 | Hamilton | 22 | 8.5 | 1828 | The owner pointed out the support for Second Fiddle just before the off but the horses don't know what prices they are. We've not had her long. I have a friend in Ireland who sourced Gemini Man, and we were getting concerned as we were light for horses for the all-weather. I got two sprinters, one of them Little Mi Mi, who ran well at Newcastle last Friday. They'd been working together, so I thought she had to run well. Christy [Donoghue, former trainer] pointed out that they had a virus in the yard last year, so we knew we could get a bit more out of them. Mohammed [Tabti, jockey] had ridden her a lot at home, and he knew she would favour that ground - Val Renwick, trainer's assistant.",,62.5,True,0%,1m2y,1,"[{'trainer': 'C P Donoghue', 'trainer_id': 4821, 'change_date': '2025-09-08'}]",2019-03-08,1118198,104658,"{'runs': '3', 'wins': '0'}",1762,17,False,Donal Boylan,692355,10%,,False,6,,915440,-,+18.28,9%,IRE,11,https://www.racingpost.com/racecards/16/musselburgh/2026-04-12/915440,4652622/second-fiddle,362120,"Carrutherstown, D'fries & G'way",0,-2.00,Flat,16,Equiano,4652622,[],GB,2,Turf,2026-04-12,781010,"{'runs': '10', 'wins': '6'}",238,B,0.00,8,GB,FR,7,863348,Miss Valerie Renwick (2025-09-13)||C P Donoghue (2025-09-08),False,M,Fulbright,False,Somedaysrdiamonds,0,21516,23,-7.25,,7,False,Good,1,"{'runs': '0', 'wins': '0'}",0,Miss Valerie Renwick & Kevin Kerr
Musselburgh,16:45,Sky Bet Build A Bet Fillies' Handicap,,1m,4,3yo+,0-85,"£12,885",11,Applesandpears,3,filly,11,3,Edward Bethell,NON-RUNNER,,False,126,84,89,,146,211-,Progressive in three starts last autumn; market should be revealing on handicap debut,"Progressive in three starts last autumn, finishing runner-up on her Leicester debut (6f, good) before wins in AW novices at Chelmsford (7f) and Newcastle (6f); the longer trip should be within range on handicap debut after five months off and the market should be revealing.","2025-10-30 | Applesandpears | 8240992 | betting.betfair.com EBF Fillies' Restricted Novice Stakes (For horses In Bands C And D) (GBB Race) | 904582 | Chelmsford (AW) | 1083 | 7 | 1540 | I was fortunate I was able to recover [from a tardy start] and get Applesandpears into a nice position. There was a lot of horses I didn't want to be stuck behind and I ended up where I wanted to be. She took a little bit of stoking up but once I turned in she started to find her best foot forward and, although she wandered around in front, she finished the race off well. She's a filly with more to come - Hector Crouch, jockey, speaking to Racing TV.",,54.55,True,-,1m2y,3,[],2023-04-06,1069012,74971,"{'runs': '1', 'wins': '0'}",1762,12,False,Mrs James Bethell,713852,16%,,False,33,,915440,-,-5.63,27%,GB,11,https://www.racingpost.com/racecards/16/musselburgh/2026-04-12/915440,8240992/applesandpears,8063,"Middleham, N Yorks",0,0.00,Flat,16,Cityscape,8240992,[],IRE,0,Turf,2026-04-12,802536,"{'runs': '0', 'wins': '0'}",25,B,0.00,8,GB,GB,,1461563,,False,F,Havana Gold,True,Strawberryandcream,0,38073,4,+21.25,,,False,Good,4,"{'runs': '0', 'wins': '0'}",0,Mrs James Bethell
Musselburgh,16:45,Sky Bet Build A Bet Fillies' Handicap,,1m,4,3yo+,0-85,"£12,885",11,Dunkeld Dreamer,3,filly,12,9,K R Burke,Pierre-Louis Jamin,,False,119,77,83,77,162,11222-,Record in nurseries last year read 1311222; still 13lb higher than when last successful,"Record in nurseries last year read 1311222, the wins coming over 7f-8.5f; still 13lb higher than when last successful, though, so will need to hit the ground running in order to win this after 162 days off.","2025-09-06 | Dunkeld Dreamer | 7695907 | Rowland Family Day Out Nursery Handicap | 900747 | Thirsk | 80 | 8 | 1758 | She's very tough. I spoke to Karl Burke beforehand and he said Dunkeld Dreamer stays very well, keep the revs up. She was there to be shot at at the four-marker but she dug deep. She was loving the battle, every time one came to her she found more - Shane Gray, jockey.",,54.84,True,22%,1m2y,3,[],2023-04-29,14065,94631,"{'runs': '1', 'wins': '1'}",1762,32,False,Mrs E Thompson,695547,31%,,False,9,,915440,20%,+23.56,10%,IRE,31,https://www.racingpost.com/racecards/16/musselburgh/2026-04-12/915440,7695907/dunkeld-dreamer,238982,"Coverham, North Yorkshire",10,+13.00,Flat,16,Sea The Stars,7695907,[],IRE,9,Turf,2026-04-12,831330,"{'runs': '2', 'wins': '2'}",85,B,-2.59,8,IRE,IRE,,5708987,,False,F,Coulsty,False,Starlight Dance,2,5019,26,-21.84,,,False,Good,3,"{'runs': '0', 'wins': '0'}",2,Nick Bradley Racing 5 & E Burke
Musselburgh,17:15,Sky Bet For The Fans Holyrood Handicap,,1m1f,3,4yo+,0-95,"£26,170",12,Saint Etienne,6,gelding,1,3,Brian Ellison,Connor Beasley,t,False,137,97,102,87,15,9917-9,"Four wins in France; may have needed the run at Kempton last time, but has enough to prove","Four wins over 9.5f/1m2f on AW/good to soft in France, but he finished well held on stable debut in the Rosebery at Kempton (1m3f, AW) 15 days ago; may have needed the run after ten months off and the usual tongue-tie goes back on, but he still has enough to prove.",,,40,True,15%,1m208y,0,"[{'trainer': 'Y Barberot', 'trainer_id': 20943, 'change_date': '2026-03-23'}]",2020-04-12,1053671,90868,"{'runs': '2', 'wins': '0'}",1968,21,False,Haras DHaspel,97591,11%,,False,0,,915436,13%,-11.59,0%,GB,13,https://www.racingpost.com/racecards/16/musselburgh/2026-04-12/915436,4975787/saint-etienne,334881,"Norton, N Yorks",15,-10.17,Flat,16,Singspiel,4975787,[],IRE,96,Turf,2026-04-12,717364,"{'runs': '2', 'wins': '0'}",36,B,-3.17,9,IRE,IRE,,864348,Gerard Augustin-Normand (2026-03-23),False,G,Le Havre,False,Ideal World,2,4431,4,-13.00,,,False,Good,0,"{'runs': '0', 'wins': '0'}",14,The Cat And The Mag Partnership
Musselburgh,17:15,Sky Bet For The Fans Holyrood Handicap,,1m1f,3,4yo+,0-95,"£26,170",12,Sea Force,4,gelding,2,7,William Haggas,Cieren Fallon,,False,135,95,108,89,207,13461-,"Returns from seven months off, but was only beaten a neck on last season's reappearance","Won a Nottingham maiden (1m, good) and a Yarmouth handicap (1m1f, soft) last year; now 6lb higher and returns from seven months off, but he was only beaten a neck on last season's reappearance and there may well be even more to come from him this year; respected.",,,40,True,0%,1m208y,1,[],2022-04-15,1050748,98519,"{'runs': '2', 'wins': '1'}",1968,17,False,Rabbah Bloodstock Limited,499986,27%,,False,6,,915436,11%,-5.34,6%,IRE,17,https://www.racingpost.com/racecards/16/musselburgh/2026-04-12/915436,6465149/sea-force,204306,"Newmarket, Suffolk",27,-18.00,Flat,16,Orpen,6465149,[],IRE,18,Turf,2026-04-12,695547,"{'runs': '1', 'wins': '1'}",15,B,-9.00,9,IRE,USA,,1570503,,False,G,Sea The Stars,False,Pretty Baby,3,3415,4,-9.00,,,False,Good,1,"{'runs': '0', 'wins': '0'}",0,Sheikh Rashid Dalmook Al Maktoum
Musselburgh,17:15,Sky Bet For The Fans Holyrood Handicap,,1m1f,3,4yo+,0-95,"£26,170",12,Mirsky,7,gelding,3,10,David OMeara,Daniel Tudhope,,False,134,94,106,88,281,81109-,"Won twice last year, but quiet in last two starts; record suggests the run may be needed","Won at Thirsk (1m, good to firm) in May and Epsom (8.5f, good to soft) last year, but well held in his last two starts; his record suggests this first start in 281 days may be needed.","2025-06-06 | Mirsky | 3841764 | TrustATrader Handicap | 895045 | Epsom | 17 | 8.5 | 1873 | Mirsky ran well a few times last year without winning, but we always felt he had something like this in him. It maybe took us a while to get the hang of him, but he's won his last two now, which is great. The Hunt Cup would be a possibility now - David O'Meara, trainer.||2025-05-17 | Mirsky | 3841764 | Sky Bet Extra Places Handicap | 892828 | Thirsk | 80 | 8 | 1758 | Mirsky was second in the Clipper Logistics at the Ebor meeting last year but that's his first win for us. It was a long enough last furlong, he's a strong traveller and seems best ridden prominently - David O'Meara, trainer.","Mirsky | 3841764 | He ran some good races last year without winning and will do all the same races again. On his work at home, he looks like he'll take a step forward. 14-04-25",26.09,True,20%,1m208y,0,"[{'trainer': 'Mme Victoria Head', 'trainer_id': 39447, 'change_date': '2024-04-22'}, {'trainer': 'F Head', 'trainer_id': 12682, 'change_date': '2023-06-10'}]",2019-03-11,4971,82231,"{'runs': '3', 'wins': '0'}",1968,23,False,George Strawbridge,75954,13%,,False,0,,915436,0%,-29.82,0%,GB,22,https://www.racingpost.com/racecards/16/musselburgh/2026-04-12/915436,3841764/mirsky,143695,"Upper Helmsley, N Yorks",19,+0.53,Flat,16,Inchinor,3841764,[],FR,55,Turf,2026-04-12,733304,"{'runs': '3', 'wins': '2'}",72,CH,-19.00,9,IRE,GB,,586703,George Strawbridge (2024-04-22),False,G,Siyouni,False,Latice,0,22839,9,-22.00,,,False,Good,0,"{'runs': '0', 'wins': '0'}",11,J N Blackburn
Musselburgh,17:15,Sky Bet For The Fans Holyrood Handicap,,1m1f,3,4yo+,0-95,"£26,170",12,James McHenry,6,gelding,4,6,Edward Bethell,Callum Rodriguez,,False,132,92,105,87,67,2/0-94,Lightly raced since finishing runner-up in the 2024 Cambridgeshire; doesn't look solid,"Three wins at about 1m and finished runner-up in the 2024 Cambridgeshire, but lightly raced since; not beaten far into fourth of ten at Kempton (1m, AW) last time, but still 5lb above his last winning mark and doesn't look solid back from another short break; stable also runs Noche Clasica.","2024-09-28 | James McHenry | 4518771 | bet365 Cambridgeshire (Heritage Handicap) | 873968 | Newmarket | 38 | 9 | 1980 | You'd have to be delighted with that performance. James McHenry was beaten by a better-handicapped horse today and he was beaten fair and square. We can't be anything but proud of him - Ed Bethell, trainer.||2023-05-13 | James McHenry | 4518771 | Pertemps Network Handicap | 838181 | Haydock | 23 | 8 | 1752 | The Britannia was the race in the back of my mind at the start of the season. I've not had a runner at Royal Ascot so far but I have seven or eight possibles this year, including a nice two-year-old who hasn't run yet. Callum thinks James McHenry could go up to a mile and a quarter but a stiff mile could be his next alternative - Ed Bethell, trainer.","James McHenry | 4518771 | This colt is a real dude and has done nothing but please me this year. Last season he ran four times, making the frame every time, but having done well over the winter he has really kicked off this year in great style. He won at Ripon and Haydock, both over a mile, and that meant he'd gone up 12lb, so I felt it would be good to see how far he had progressed by running him in the Silver Bowl at Haydock last weekend. Unfortunately, he was slowly away and had to use up petrol earlier than ideal, and having managed to get into a good position he understandably tied up late on. The winner Covey looked different class, but we're unlikely to face horses like him every time. 01-06-23",54.55,True,19%,1m208y,3,[],2020-04-17,1112984,94225,"{'runs': '6', 'wins': '0'}",1968,12,False,Carisbrooke Stud,446691,16%,,False,33,,915436,29%,-5.63,27%,GB,11,https://www.racingpost.com/racecards/16/musselburgh/2026-04-12/915436,4518771/james-mchenry,320771,"Middleham, N Yorks",14,-0.56,Flat,16,Verglas,4518771,[],AUS,90,Turf,2026-04-12,726295,"{'runs': '1', 'wins': '0'}",25,GR,+1.25,9,IRE,IRE,,874090,,False,G,Starspangledbanner,False,Savvy,4,38073,4,+21.25,,,False,Good,4,"{'runs': '0', 'wins': '0'}",17,Peter Jeffers
Musselburgh,17:15,Sky Bet For The Fans Holyrood Handicap,,1m1f,3,4yo+,0-95,"£26,170",12,Noche Clasica,4,filly,5,1,Edward Bethell,Kevin Stott,,False,129,89,105,99,167,41131-,Progressive in six starts last year (641131); off 167 days but open to further improvement,"Progressive in six starts for three different stables last year (641131) including making a successful debut for this one at Redcar (1m, good to soft) in October; has a 6lb higher mark and a 167-day absence to overcome, but she remains open to further improvement.",,,54.55,True,12%,1m208y,3,"[{'trainer': 'James Owen', 'trainer_id': 40072, 'change_date': '2025-10-21'}, {'trainer': 'Kevin Ryan', 'trainer_id': 22525, 'change_date': '2025-08-16'}]",2022-05-04,1100184,91867,"{'runs': '2', 'wins': '2'}",1968,12,False,Merriebelle Irish Farm Ltd,740981,16%,,False,33,,915436,10%,-5.63,27%,IRE,11,https://www.racingpost.com/racecards/16/musselburgh/2026-04-12/915436,7382712/noche-clasica,292553,"Middleham, N Yorks",10,-10.67,Flat,16,Lope De Vega,7382712,[],IRE,17,Turf,2026-04-12,839502,"{'runs': '0', 'wins': '0'}",25,B,-7.50,9,IRE,IRE,,1098240,Clasica Partners (2025-08-16),False,F,Night Of Thunder,False,Isabel De Urbina,1,38073,4,+21.25,,,False,Good,4,"{'runs': '0', 'wins': '0'}",2,The Rogues Gallery
Musselburgh,17:15,Sky Bet For The Fans Holyrood Handicap,,1m1f,3,4yo+,0-95,"£26,170",12,Per Contra,5,gelding,6,4,Tim Easterby,David Allan,p,False,128,88,103,86,14,2710-9,Successful in one of his last 17 starts; needs to step up from his Doncaster return,"Won three of his first four starts for Ollie Sangster between July 2023 and April 2024, but has only been successful in one of his last 17 starts and that was on the AW; needs to step up from his Doncaster return (1m2f, good to soft) a fortnight ago.",,"Per Contra | 5141711 | I had him in a Listed race at Haydock last Saturday but I didn't run him and I'm now looking at the Champagne and the Royal Lodge - he's probably going to go up to a mile next time. He wasn't that expensive, but he's a big horse and he's shown up well since the spring. We rather expected him to do what he did first time out at Chepstow and then he won easily at Ffos Las. He's only going to improve as he still has plenty of learning to do and I think he's going to be a better horse next year, when he'll probably want a mile and a quarter. I've raced him in relatively Mickey Mouse races so it's hard to get a guide as to how good he is, but I hope he'll do well for the winter. He'll be a stakes horse. 12-09-23",27.27,True,14%,1m208y,0,"[{'trainer': 'Ollie Sangster', 'trainer_id': 40346, 'change_date': '2025-04-21'}]",2021-02-22,1073250,78223,"{'runs': '4', 'wins': '0'}",1968,33,False,James Ross Ancell,596550,12%,,False,0,,915436,11%,-54.28,0%,IRE,30,https://www.racingpost.com/racecards/16/musselburgh/2026-04-12/915436,5141711/per-contra,99724,"Great Habton, N Yorks",18,-30.28,Flat,16,Fastnet Rock,5141711,[],GB,94,Turf,2026-04-12,602494,"{'runs': '0', 'wins': '0'}",153,B,-4.00,9,IRE,AUS,,1017328,Wathnan Racing (2025-04-21)||A M A S Al-Hajri (2023-07-26)||O R J Sangster (2023-07-25),False,G,Footstepsinthesand,False,Nonetheless,2,10152,18,-30.00,,,False,Good,0,"{'runs': '0', 'wins': '0'}",13,Ryedale Partners No 3
Musselburgh,17:15,Sky Bet For The Fans Holyrood Handicap,,1m1f,3,4yo+,0-95,"£26,170",12,Impartiality,4,gelding,7,11,Phillip Makin,Rowan Scott,,False,126,86,106,96,195,22034-,Has won fresh so 195-day absence not a major concern; still 12lb above last winning mark,"Won his first three starts in 2025 so the 195-day absence isn't a major concern, but he is still 12lb above his last winning mark; cheekpieces worn in last four outings removed.",,,66.67,True,10%,1m208y,0,[],2022-04-11,1082614,92565,"{'runs': '3', 'wins': '3'}",1968,3,False,Jarosa Stud,668175,12%,,False,0,,915436,8%,-3.75,0%,GB,3,https://www.racingpost.com/racecards/16/musselburgh/2026-04-12/915436,6130357/impartiality,223945,"Easingwold, N Yorks",12,-46.88,Flat,16,Lawman,6130357,[],CAN,80,Turf,2026-04-12,1909735,"{'runs': '1', 'wins': '0'}",17,B,-9.50,9,IRE,FR,,899818,,False,G,Sergei Prokofiev,False,Fairs Fair,1,35791,2,-3.00,,,False,Good,0,"{'runs': '0', 'wins': '0'}",8,J Toes & J OLoan
Musselburgh,17:15,Sky Bet For The Fans Holyrood Handicap,,1m1f,3,4yo+,0-95,"£26,170",12,Thunder Wonder,4,gelding,8,8,Charlie Johnston,Callum Shepherd,,False,125,85,111,107,23,8700-0,"Modest since last summer, but he is 2-2 around here and 7lb below his last winning mark","Efforts since last summer leave plenty to be desired, including last month's Wolverhampton reappearance (8.6f, AW; first start since being gelded); however, he is 2-2 here (1m/1m1f) and 7lb lower than when last successful; worth a second look; stable also runs Sir Paul Ramsey.",,,42.31,True,0%,1m208y,2,[],2022-03-07,1131215,93343,"{'runs': '8', 'wins': '2'}",1968,28,False,L H Laroche,760422,16%,,False,11,,915436,10%,-15.82,8%,IRE,26,https://www.racingpost.com/racecards/16/musselburgh/2026-04-12/915436,5982510/thunder-wonder,80485,"Middleham Moor, N Yorks",21,-9.00,Flat,16,Casamento,5982510,[],IRE,9,Turf,2026-04-12,839502,"{'runs': '4', 'wins': '1'}",120,CH,+12.00,9,IRE,IRE,,1562835,,False,G,Night Of Thunder,False,Princess Yaiza,2,40131,19,+2.38,,,False,Good,3,"{'runs': '2', 'wins': '2'}",0,John Brown & Megan Dennis
Musselburgh,17:15,Sky Bet For The Fans Holyrood Handicap,,1m1f,3,4yo+,0-95,"£26,170",12,Sir Paul Ramsey,4,gelding,9,12,Charlie Johnston,Andrew Mullen,,False,123,83,110,95,9,09-374,1lb above last winning mark and latest effort suggested this stiffer test might suit,"Just 1lb higher than for the latest of two wins on turf last year and suggested a stiffer test might suit when beaten just over a length into fourth of 12 at Lingfield (1m, AW) nine days ago; shortlisted.",,,42.31,True,10%,1m208y,2,[],2022-04-12,1725,81166,"{'runs': '4', 'wins': '2'}",1968,28,False,Miss K Rausing,107700,16%,,False,11,,915436,15%,-15.82,8%,GB,26,https://www.racingpost.com/racecards/16/musselburgh/2026-04-12/915436,6023331/sir-paul-ramsey,47755,"Middleham Moor, N Yorks",20,+7.75,Flat,16,Pivotal,6023331,[],GER,228,Turf,2026-04-12,846783,"{'runs': '2', 'wins': '0'}",120,B,+8.00,9,GB,GB,,870531,,False,G,Sea The Moon,False,Seychelloise,3,40131,19,+2.38,,,False,Good,3,"{'runs': '0', 'wins': '0'}",23,Paul Dean
Musselburgh,17:15,Sky Bet For The Fans Holyrood Handicap,,1m1f,3,4yo+,0-95,"£26,170",12,Redarna,12,gelding,10,5,Dianne Sayer,Joanna Mason,,False,119,79,104,93,194,86814-,12yo who has won 17 races; has tended to need his reappearance in recent years,"Showed he still had it what it takes when gaining his ninth course success at Ayr (1m, good to soft) last September and ran well despite a 10lb rise back there 12 days later; has tended to need his reappearance in recent years.","2024-10-01 | Redarna | 1006061 | Virgin Bet Best Odds Daily Handicap | 875820 | Ayr | 3 | 7 | 1590 | Redarna is a wonderful little horse who tries his heart out, which he certainly did there. He's just fabulous. It's quite strange that he's now winning over seven [furlongs] when it always used to be eight ? he's gone the opposite way to most horses.  There's no race for him at the final meeting at Ayr, so he'll probably go to the grass now and we'll be back to give it another go next year - Dianne Sayer, trainer.||2019-05-20 | Redarna | 1006061 | Blackwell Handicap (Div I) | 728863 | Carlisle | 8 | 7 | 1515 | Redarna has run some good races here. I thought he needed soft ground so he's proved me wrong. The cheekpieces have helped him come out of the stalls as that was the best he has broke - Dianne Sayer, trainer.||2018-07-30 | Redarna | 1006061 | Wemyss Bay Holiday Park Handicap (Div II) | 708489 | Ayr | 3 | 7 | 1590 | Redarna has run some good races at five and six furlongs so I wouldn't say he was necessarily any better at this trip. The ground was probably too quick for him last time and he was just that bit sharper today - Dianne Sayer, trainer.||2017-07-31 | Redarna | 1006061 | Wemyss Bay Holiday Park Handicap (Div II) | 681960 | Ayr | 3 | 7 | 1590 | Redarna stayed on well over a stiff five furlongs at Carlisle last time and we thought bringing him here and trying him over seven furlongs we could learn a bit more about him. This is probably the right trip for him but the cut in the ground was also a help. It would be nice if we could find a suitable amateurs' race for him now, so that I can ride him! - Emma Sayer, trainer's daughter.",,100,True,9%,1m208y,0,[],2014-05-01,18823,85782,"{'runs': '9', 'wins': '2'}",1968,1,False,A H Bennett,589690,18%,,False,0,,915436,8%,+11.75,-,GB,0,https://www.racingpost.com/racecards/16/musselburgh/2026-04-12/915436,1006061/redarna,254054,"Hackthorpe, Cumbria",24,-30.67,Flat,16,Dubawi,1006061,[],GB,57,Turf,2026-04-12,685231,"{'runs': '0', 'wins': '0'}",34,CH,-12.00,9,GB,IRE,,408416,Mrs Dianne Sayer (2017-09-15)||Dianne Sayer Anna Noble Arnie Flower (2017-02-11),False,G,Aqlaam,False,Curtains,2,10678,6,0.00,,,False,Good,0,"{'runs': '1', 'wins': '0'}",5,Graham Lund And Dianne Sayer
Musselburgh,17:15,Sky Bet For The Fans Holyrood Handicap,,1m1f,3,4yo+,0-95,"£26,170",12,Flying Fletcher,5,gelding,11,9,Richard & Peter Fahey,Cam Hardie,,False,117,77,106,90,16,-21723,Mainly seen on the Newcastle AW (3-18) and is 0-10 on turf; others preferred,"Mainly seen on the Newcastle AW (3-18) and ran well to finish third of 12 off this mark there (1m) 16 days ago, but he is 0-10 on turf; others preferred.",,,52.38,True,6%,1m208y,4,"[{'trainer': 'Richard Fahey', 'trainer_id': 8010, 'change_date': '2026-03-23'}]",2021-03-27,1115337,92732,"{'runs': '2', 'wins': '0'}",1968,26,False,P Winkworth,446691,0%,,False,15,,915436,4%,-2.00,19%,GB,21,https://www.racingpost.com/racecards/16/musselburgh/2026-04-12/915436,5168470/flying-fletcher,215356,"Musley Bank, N Yorks",25,-16.26,Flat,16,Verglas,5168470,[],GB,81,Turf,2026-04-12,855467,"{'runs': '0', 'wins': '0'}",2,GR,-22.00,9,IRE,IRE,,707825,,False,G,Muhaarar,False,Tropical Paradise,1,42996,0,+4.50,,,False,Good,4,"{'runs': '0', 'wins': '0'}",5,Middleham Park Racing LXXII
Musselburgh,17:15,Sky Bet For The Fans Holyrood Handicap,,1m1f,3,4yo+,0-95,"£26,170",12,Dwindling Funds,5,gelding,12,2,Jim Goldie,Rhys Elliott,p,False,116,76,106,97,158,31162-,Won six times over 7f-1m2f on turf between July and October last year; off five months,"Only made her debut a year ago and won six times over 7f-1m2f on turf between July and October, five of them at Ayr; ended the campaign with a nose defeat here (1m, soft) and just 1lb higher, but not sure what to expect after five months off; 2lb out of the weights.",,,28.57,True,8%,1m208y,0,[],2021-04-20,1123610,102867,"{'runs': '9', 'wins': '2'}",1968,14,False,Auroras Encore 2 Ltd,661629,12%,,False,0,,915436,0%,-103.31,0%,GB,14,https://www.racingpost.com/racecards/16/musselburgh/2026-04-12/915436,7339104/dwindling-funds,246614,"Uplawmoor, Lanarkshire",4,-27.00,Flat,16,Sakhees Secret,7339104,[],GB,51,Turf,2026-04-12,417370,"{'runs': '1', 'wins': '1'}",362,B,-4.00,9,GB,GB,5,890278,,False,G,Intrinsic,False,Kashtan,0,7795,44,-14.00,,5,False,Good,0,"{'runs': '3', 'wins': '0'}",4,D P Van Der Hoeven & D G Pryde
Musselburgh,17:45,Sky Bet Extra Places Handicap (GBBPlus Race),,1m4½f,4,4yo+,0-80,"£15,462",14,Northwest Passage,4,gelding,1,7,Ivan Furtado,David Nolan,,False,135,80,91,73,169,46412-,"Did well at 1m2f in the mud, then well beaten hurdling; wind surgery since 31,000gns buy","Considerable improvement over 1m2f in the mud once gelded last August, but well beaten in both his hurdle races this winter; this is first run since leaving Roger Teal for 31,000gns in February and given wind surgery; not as solid as some of these but stable is among the winners.",,,47.06,True,5%,1m4f104y,4,"[{'trainer': 'Roger Teal', 'trainer_id': 19203, 'change_date': '2026-04-06'}]",2022-04-22,1125318,14332,"{'runs': '2', 'wins': '0'}",2744,17,True,Clearwater Stud,55444,18%,,False,24,,915437,7%,+9.50,24%,GB,17,https://www.racingpost.com/racecards/16/musselburgh/2026-04-12/915437,6587053/northwest-passage,224389,"Wiseton, S Yorks",15,-45.25,Flat,16,Linamix,6587053,"[{'date': '2026-03-10', 'type': 'Wind Surgery'}]",IRE,57,Turf,2026-04-12,875049,"{'runs': '0', 'wins': '0'}",11,RG,-2.00,12.5,GB,FR,,755865,Crimbourne Bloodstock (2026-04-06),False,G,Ulysses,False,Dijlah,1,30867,2,+21.00,,,False,Good,4,"{'runs': '0', 'wins': '0'}",3,Alfa Site Services Ltd
Musselburgh,17:45,Sky Bet Extra Places Handicap (GBBPlus Race),,1m4½f,4,4yo+,0-80,"£15,462",14,Ludos Landing,6,gelding,2,11,Charlie Johnston,Jason Hart,b,False,133,78,92,75,37,73-551,Returned to form with AW win last month when wearing first headgear since 2023,"Won off 2lb higher at Thirsk (1m4f, good) last June and returned to form with AW win at Newcastle last month; considered, but the latter win was with first headgear since 2023 and he did not back it up in that campaign.",,,42.31,True,16%,1m4f104y,2,"[{'trainer': 'Charlie & Mark Johnston', 'trainer_id': 39124, 'change_date': '2023-04-14'}]",2020-03-26,1121486,90243,"{'runs': '7', 'wins': '2'}",2744,28,False,Armitage Bloodstock,732354,16%,,False,11,,915437,10%,-15.82,8%,IRE,26,https://www.racingpost.com/racecards/16/musselburgh/2026-04-12/915437,4315424/ludos-landing,317346,"Middleham Moor, N Yorks",39,-24.72,Flat,16,Canford Cliffs,4315424,[],GB,110,Turf,2026-04-12,582877,"{'runs': '8', 'wins': '2'}",120,B,-4.25,12.5,GB,IRE,,886385,,False,G,Kodiac,False,Most Beautiful,4,40131,19,+2.38,,,False,Good,3,"{'runs': '0', 'wins': '0'}",18,Phil & Jude Jones
Musselburgh,17:45,Sky Bet Extra Places Handicap (GBBPlus Race),,1m4½f,4,4yo+,0-80,"£15,462",14,Humble Spark,6,gelding,3,6,Jim Goldie,Paul Mulrennan,p,True,133,78,92,77,8,3-4554,"1-11 on turf; creditable fourth in Queen's Cup here (1m6f, soft) last week; cheekpieces on","Sometimes starts slowly; 1-11 record on turf is none too persuasive but fourth of 13 in Queen's Cup here (1m6f, soft) last week was creditable; occasionally hooded and now tries cheekpieces.",,"Humble Spark | 4076099 | What a year he's had. He was coming in the Stayers' Handicap on his last run but we were hoping to get into the 1m2f race as that's his trip, but you'd say he was a player at the 2m race. His ability to switch off is impressive, especially on the all-weather. We're hoping to get him into the Northumberland Plate, so we'll probably go back to Newcastle on Saturday. He'll probably have to go up to get into it, and if not we'll get in the Vase on the same day. He's another with stall issues but we're getting around them. He's not showing signs of diminishing. He's interesting, he's not straightforward but I don't think good horses are. We've had a lot of fun with him. He's got a good pedigree and he's getting there. 07-05-25",28.57,True,17%,1m4f104y,0,[],2020-02-20,1112844,79371,"{'runs': '6', 'wins': '0'}",2744,14,False,Rbr Bloodstock,670119,12%,,False,0,,915437,16%,-103.31,0%,IRE,14,https://www.racingpost.com/racecards/16/musselburgh/2026-04-12/915437,4076099/humble-spark,252694,"Uplawmoor, Lanarkshire",19,-35.28,Flat,16,New Approach,4076099,[],GB,267,Turf,2026-04-12,541314,"{'runs': '10', 'wins': '2'}",362,B,-10.82,12.5,GB,IRE,,844495,Frank Brady (2024-01-29),False,G,Acclamation,False,Maiden Approach,3,7795,44,-14.00,,,False,Good,0,"{'runs': '1', 'wins': '0'}",46,James Callow & J S Goldie
Musselburgh,17:45,Sky Bet Extra Places Handicap (GBBPlus Race),,1m4½f,4,4yo+,0-80,"£15,462",14,LEagle Aid,5,gelding,4,5,Charlie Johnston,Callum Shepherd,,False,132,77,91,88,22,5116-5,Possibilities if reappearance three weeks ago has brought him back to his best,238 days off before his Newcastle run three weeks ago when he may well have been in need of the race and interference exacerbated his margin of defeat; possibilities if that has brought him back to his best.,,,42.31,True,0%,1m4f104y,2,[],2021-03-19,7096,93343,"{'runs': '6', 'wins': '1'}",2744,28,False,M Duffy,695547,16%,,False,11,,915437,10%,-15.82,8%,IRE,26,https://www.racingpost.com/racecards/16/musselburgh/2026-04-12/915437,5472320/leagle-aid,231932,"Middleham Moor, N Yorks",21,-9.00,Flat,16,Sea The Stars,5472320,[],IRE,9,Turf,2026-04-12,826250,"{'runs': '7', 'wins': '3'}",120,B,+12.00,12.5,IRE,IRE,,3490540,,False,G,Free Eagle,False,Acres Of Diamonds,2,40131,19,+2.38,,,False,Good,3,"{'runs': '0', 'wins': '0'}",0,Two Goldfish & A Balloon
Musselburgh,17:45,Sky Bet Extra Places Handicap (GBBPlus Race),,1m4½f,4,4yo+,0-80,"£15,462",14,Fox Journey,6,gelding,5,4,Declan Carroll,Zak Wheatley,,False,132,77,92,68,181,63056-,"Below form last year for Kevin Ryan; 22,000gns buy in October; 23lb below his peak mark","No win since May 2024 when trained by Sir Michael Stoute; below form last year for Kevin Ryan, followed by a 22,000gns sale in October; he's 23lb below his peak mark but the tide needs to turn.","2024-05-17 | Fox Journey | 4580178 | Trustatrader Approved And Reviewed Trades People Handicap | 865715 | Newmarket | 38 | 12 | 2640 | Fox Journey has always been the type to do well at four, as was Hosanna Power who won at Newbury. Sir Michael will have a chat with the owners and decide where he goes next but I dare say there will be a top hat involved - James Savage, trainer's assistant.",,0,True,21%,1m4f104y,0,"[{'trainer': 'Kevin Ryan', 'trainer_id': 22525, 'change_date': '2026-04-06'}, {'trainer': 'Sir Michael Stoute', 'trainer_id': 619, 'change_date': '2025-05-26'}]",2020-01-25,1096589,96669,"{'runs': '9', 'wins': '3'}",2744,9,False,Highbank Stud Llp,531769,19%,,False,0,,915437,13%,+8.28,0%,GB,7,https://www.racingpost.com/racecards/16/musselburgh/2026-04-12/915437,4580178/fox-journey,3741,"Malton, N Yorks",8,+11.28,Flat,16,Galileo,4580178,[],USA,39,Turf,2026-04-12,1573747,"{'runs': '6', 'wins': '2'}",42,GR,0.00,12.5,IRE,IRE,3,2821632,King Power Racing Co Ltd (2026-04-06),False,G,Roaring Lion,False,Follow A Star,1,3297,8,-7.00,,3,False,Good,0,"{'runs': '0', 'wins': '0'}",8,Brian Chambers
Musselburgh,17:45,Sky Bet Extra Places Handicap (GBBPlus Race),,1m4½f,4,4yo+,0-80,"£15,462",14,Sixpack,6,gelding,6,10,James Owen,Cieren Fallon,p,False,130,75,93,74,197,02587-,"Beaten a nose last May off 2lb higher, far and away the best of six runs for James Owen","Beaten a nose at Goodwood (1m6f, good; 2lb lower today) last May but that's far and away the best of his six runs for James Owen, who won this race in 2024 and 2025; beaten 24l when evens for hurdling debut in October when last seen; needs a major revival.","2024-05-20 | Sixpack | 4642854 | Racing Again Here On June 10th Handicap | 868695 | Roscommon | 196 | 12 | 2654 | I thought the step up in trip would be a big help to Sixpack. It was a bit of a messy race here last time, they didn't go quick and didn't the gaps when he needed. Everything went to plan today, we went a nice even gallop and I was able to get the gap turning in. I thought he stayed on well to the line and the more racing the better he'll get - Ben Coen, jockey, speaking to Racing TV",Sixpack | 4642854 | I bought him from Johnny Murtagh. He's having a break but I really like him and I think he can compete in the nice Saturday staying races for new owners in the yard. I was keen to go jumping with him but we'll probably do that next year. 01-01-25,50,True,0%,1m4f104y,3,"[{'trainer': 'J P Murtagh', 'trainer_id': 28180, 'change_date': '2024-10-28'}]",2020-02-10,1103477,98519,"{'runs': '5', 'wins': '2'}",2744,44,False,Simon W Clarke,519359,33%,,False,9,,915437,11%,+49.88,9%,GB,34,https://www.racingpost.com/racecards/16/musselburgh/2026-04-12/915437,4642854/sixpack,332538,"Newmarket, Suffolk",27,-18.00,Flat,16,Kutub,4642854,[],GER,18,Turf,2026-04-12,846783,"{'runs': '5', 'wins': '1'}",12,B,-9.00,12.5,FR,IRE,,730312,Any Excuse For A Holiday Syndicate (2025-04-01),False,G,Sea The Moon,False,Terre Du Vent,3,40072,4,-21.50,,,False,Good,4,"{'runs': '0', 'wins': '0'}",0,Houghton And Lang
Musselburgh,17:45,Sky Bet Extra Places Handicap (GBBPlus Race),,1m4½f,4,4yo+,0-80,"£15,462",14,Terrorise,5,gelding,7,9,Brian Ellison,Ben Robinson,,False,130,75,90,81,183,51060-,2m winner last July; had wind surgery last month and perhaps best watched this time,"Won a novice hurdle last May and convincingly at York (2m, good to firm; 4lb higher today) in July; however, comfortably held twice off his revised mark, before a heavy defeat in October when last seen; had wind surgery last month and perhaps best watched this time.",,"Terrorise | 4826966 | He's done well from two to three. His first run last year was good as he finished third at Newcastle, one place behind a smart horse of Adrian Keatley's [Ballymount Boy]. He then went downhill because he was too weak, but he didn't run badly at Newcastle on Tuesday on his return. 03-04-24",40,True,14%,1m4f104y,0,[],2021-04-12,1075207,95279,"{'runs': '3', 'wins': '0'}",2744,21,True,The Pocock Family,531769,11%,,False,0,,915437,0%,-11.59,0%,GB,13,https://www.racingpost.com/racecards/16/musselburgh/2026-04-12/915437,4826966/terrorise,350243,"Norton, N Yorks",6,-2.59,Flat,16,Galileo,4826966,"[{'date': '2026-03-03', 'type': 'Wind Surgery'}]",IRE,43,Turf,2026-04-12,864563,"{'runs': '0', 'wins': '0'}",36,B,-6.00,12.5,GB,IRE,,964984,A Barnes & M Hulin (2024-10-07),False,G,Territories,False,Timely Words,0,4431,4,-13.00,,,False,Good,0,"{'runs': '0', 'wins': '0'}",6,A Barnes & Partner
Musselburgh,17:45,Sky Bet Extra Places Handicap (GBBPlus Race),,1m4½f,4,4yo+,0-80,"£15,462",14,Velvet Whisper,4,filly,8,2,Edward Bethell,Callum Rodriguez,,False,130,75,91,72,158,86211-,"Back to life in the autumn, relatively lightly raced and could have more to offer","Back to life in the autumn on last three starts, beaten a neck on first occasion (good to soft) before front-running wins at Nottingham (1m2f, heavy) and Musselburgh (1m4f, soft); the ground may not be so testing for this reappearance but she's relatively lightly raced and could have more to offer.",,,54.55,True,19%,1m4f104y,3,[],2022-04-15,1130009,94225,"{'runs': '1', 'wins': '0'}",2744,12,False,David Byrne & Pierce Molony,546212,16%,,False,33,,915437,29%,-5.63,27%,IRE,11,https://www.racingpost.com/racecards/16/musselburgh/2026-04-12/915437,6560232/velvet-whisper,350131,"Middleham, N Yorks",14,-0.56,Flat,16,High Chaparral,6560232,"[{'date': '2025-07-15', 'type': 'Wind Surgery'}]",GB,90,Turf,2026-04-12,2031533,"{'runs': '1', 'wins': '1'}",25,B,+1.25,12.5,GB,IRE,,844990,,False,F,Calyx,False,Delhi,4,38073,4,+21.25,,,False,Good,4,"{'runs': '1', 'wins': '1'}",17,C Wright D Kilburn A Dick And P Snook
Musselburgh,17:45,Sky Bet Extra Places Handicap (GBBPlus Race),,1m4½f,4,4yo+,0-80,"£15,462",14,Say What You See,4,gelding,9,14,Liam Bailey,Billy Garritty,,False,130,75,96,73,14,221D1-3,Excellent end to 2025 and a respectable return to action at Doncaster two weeks ago,Last five races in 2025 (1m2f/1m4f) saw him first past the post three times and second twice; on final start he finished well on top at Doncaster (1m2f) but was disqualified for a banned substance; only 2lb higher today and made a respectable return to action at Doncaster two weeks ago; return to 1m4f should be okay and he's one for the shortlist.,"2025-09-14 | Say What You See | 6247248 | I Love Julie Parkes Handicap (GBBPlus Race) (Div II) | 903727 | Doncaster | 15 | 10 | 2243 | On proper soft ground Say What You See would be a fair operator. He takes nothing out of himself, he's so relaxed and switched off - Liam Bailey, trainer.||2025-07-07 | Say What You See | 6247248 | racingtv.com/freetrial Handicap | 897318 | Ayr | 3 | 10 | 2200 | I gave Say What You See a very poor ride. When I turned in [to the home straight] I wheeled him out into the middle of the track on his own and, for a young horse, I should have kept him in amongst them. He's a good type of horse, he's still learning the job and he's not fully furnished yet and he'll be an even better four-year-old. I should have kept him with a bit of cover out of the headwind but luckily enough he won - Billy Garritty, jockey, speaking on Racing TV.",,66.67,True,11%,1m4f104y,0,[],2022-04-13,1060442,95152,"{'runs': '3', 'wins': '0'}",2744,6,False,Newtown Anner Stud,589690,11%,,False,0,,915437,7%,-4.00,0%,IRE,6,https://www.racingpost.com/racecards/16/musselburgh/2026-04-12/915437,6247248/say-what-you-see,229095,"Middleham, N Yorks",14,-33.87,Flat,16,Dubawi,6247248,[],IRE,90,Turf,2026-04-12,859649,"{'runs': '2', 'wins': '1'}",79,GR,-2.00,12.5,IRE,IRE,,4231653,,False,G,Belardo,False,Catchphrase,1,35710,9,-6.00,,,False,Good,0,"{'runs': '1', 'wins': '0'}",10,Oakfield Racing
Musselburgh,17:45,Sky Bet Extra Places Handicap (GBBPlus Race),,1m4½f,4,4yo+,0-80,"£15,462",14,Simple Star,8,gelding,10,12,Dianne Sayer,Sam James,,False,129,74,93,73,211,45128-,Three C&D wins; has a mixed reappearance record but went close in this race in 2024,"Plentiful form at Musselburgh with three C&D wins, including last August for his only Flat win last year (5lb higher today); has a mixed reappearance record but went close in this race in 2024, so has to be considered.","2024-07-04 | Simple Star | 3247363 | AEJ Facilities Management Handicap Hurdle | 870226 | Perth | 41 | 16 | 3567 | We were very disappointed last week at Carlisle so Doreen [Monteith, owner] said let's try Simple Star back over hurdles. He was a little star for us last year on the Flat. He came back this season and ran a great race at Musselburgh and then I think it was trainer error putting him into tracks that started with a downhill and he just got too keen. Hopefully, he'll be back at Musselburgh at the end of the Flat season - Dianne Sayer, trainer, speaking to Racing TV.",,100,True,22%,1m4f104y,0,"[{'trainer': 'Iain Jardine', 'trainer_id': 21516, 'change_date': '2023-01-30'}, {'trainer': 'Marco Botti', 'trainer_id': 9003, 'change_date': '2021-12-31'}, {'trainer': 'William Haggas', 'trainer_id': 3415, 'change_date': '2020-11-18'}]",2018-02-20,1025488,87290,"{'runs': '12', 'wins': '3'}",2744,1,False,Sunderland Holding Inc,537646,18%,,False,0,,915437,5%,+11.75,-,IRE,0,https://www.racingpost.com/racecards/16/musselburgh/2026-04-12/915437,3247363/simple-star,31574,"Hackthorpe, Cumbria",21,+29.28,Flat,16,Street Cry,3247363,"[{'date': '2022-03-24', 'type': 'Wind Surgery'}]",IRE,121,Turf,2026-04-12,695547,"{'runs': '9', 'wins': '3'}",34,B,-16.00,12.5,USA,IRE,,863966,K Sohi & Partner (2021-12-31)||Sunderland Holding Inc (2020-11-18),False,G,Sea The Stars,False,Simple Elegance,1,10678,6,0.00,,,False,Good,0,"{'runs': '14', 'wins': '3'}",27,Mrs D Monteith
Musselburgh,17:45,Sky Bet Extra Places Handicap (GBBPlus Race),,1m4½f,4,4yo+,0-80,"£15,462",14,Dust Cover,4,gelding,11,13,Ross Burdon,Paddy Bradley,,False,128,73,93,59,67,012-11,AW success story at 1m3f; clear scope for more over 1m4f if he's as effective on turf,"Lightly raced before finding his stride upped in trip on AW this winter, winning three of his last four starts (Southwell/Kempton) and beaten a nose in the other; all those were 1m3f but the style of them, launching late bids, gives clear scope for further improvement over this extra 1f if he's as effective on turf.",,,25,True,-,1m4f104y,0,"[{'trainer': 'Ralph Beckett', 'trainer_id': 13917, 'change_date': '2025-07-08'}]",2022-01-26,210,92276,"{'runs': '1', 'wins': '0'}",2744,4,False,Queen Elizabeth II,589690,-,,False,0,,915437,18%,0.00,0%,GB,4,https://www.racingpost.com/racecards/16/musselburgh/2026-04-12/915437,7365387/dust-cover,331597,"Newmarket, Suffolk",11,0.00,Flat,16,Dubawi,7365387,[],GB,0,Turf,2026-04-12,736110,"{'runs': '0', 'wins': '0'}",0,B,+18.00,12.5,GB,IRE,,2800238,HM The King & HM The Queen (2025-07-08),False,G,Showcasing,False,Dusty Dream,2,42295,0,-4.00,,,False,Good,0,"{'runs': '0', 'wins': '0'}",0,The Unlucky Rovers
Musselburgh,17:45,Sky Bet Extra Places Handicap (GBBPlus Race),,1m4½f,4,4yo+,0-80,"£15,462",14,Haveyoumissedme,8,gelding,12,1,Iain Jardine,Andrew Mullen,,False,128,73,93,36,38,46-352,Tenth in this race in 2024 on his only run here but he's firmly in the mix on other counts,Absent 348 days before last September but usually competitive since regaining his fitness and went down by a head last month on latest outing; tenth in this race in 2024 on his only appearance at Musselburgh but he's firmly in the mix on other counts.,,"Haveyoumissedme | 3193516 | He was off for a long time and things haven't exactly worked out since he came back but I've always held him in high regard. His best run was last time at Hamilton, where he was held up off a nice gallop and finished well. I feel as though a win with him is imminent, at anything from 1m5f to 2m. He's dangerously handicapped. 26-07-24",62.5,True,10%,1m4f104y,1,[],2018-02-05,1026720,81166,"{'runs': '4', 'wins': '1'}",2744,17,False,Whatton Manor Stud,637859,10%,,False,6,,915437,15%,+18.28,9%,GB,11,https://www.racingpost.com/racecards/16/musselburgh/2026-04-12/915437,3193516/haveyoumissedme,303881,"Carrutherstown, D'fries & G'way",20,+7.75,Flat,16,Sir Percy,3193516,[],AUS,228,Turf,2026-04-12,779353,"{'runs': '7', 'wins': '1'}",238,B,+8.00,12.5,GB,GB,,865247,S Brown & I Jardine (2021-05-05),False,G,Helmet,False,Haydns Lass,3,21516,23,-7.25,,,False,Good,1,"{'runs': '1', 'wins': '0'}",23,Lycett Racing Ltd & I Jardine
Musselburgh,17:45,Sky Bet Extra Places Handicap (GBBPlus Race),,1m4½f,4,4yo+,0-80,"£15,462",14,Made All,5,gelding,13,8,Sam England,Oisin Orr,t,False,127,72,92,77,23,7238-1,Did well on turf last year; AW win on return; major player if he's effective at this track,Comes from off the pace; twice beaten about 2l over C&D last July; flourished elsewhere with three 1m4f turf wins last May-August and he returned from hurdling to break his AW duck at Wolverhampton last month; up 3lb today; major player if he's effective at this track.,"2025-07-16 | Made All | 5289576 | AJA Novice Flat Amateur Jockeys' Handicap (For Riders With 3 Wins Or Fewer At Start Of Season) | 898104 | Catterick | 10 | 12 | 2653 | I don't think what's happened has kicked in quite yet. I got a slow break away, but Made All travelled really nicely and sort of settled me down in a way. Then I waited and waited - Rebecca Hitchen, jockey, speaking to Racing TV.","Made All | 5289576 | He's another legend who loves his work; the more you give him the better. His winning form coincided with fitting a tongue-strap, but also figuring out you have to ride him cold. When he's been ridden a bit closer to the pace, he doesn't necessarily finish. He's risen 20lb in the handicap this year but was unlucky three runs ago at Catterick, where he bumped into an improving three-year-old. 29-10-25",36.84,True,16%,1m4f104y,0,"[{'trainer': 'Antony Brittain', 'trainer_id': 30941, 'change_date': '2025-05-06'}]",2021-02-06,1131860,93884,"{'runs': '8', 'wins': '0'}",2744,19,False,Al Rabban Racing/Lope De Vega Syndicate,840020,0%,,False,0,,915437,19%,-9.00,0%,GB,7,https://www.racingpost.com/racecards/16/musselburgh/2026-04-12/915437,5289576/made-all,334712,"Guiseley, W Yorks",16,-12.93,Flat,16,Kingman,5289576,"[{'date': '2024-10-08', 'type': 'Wind Surgery'}]",IRE,88,Turf,2026-04-12,740981,"{'runs': '11', 'wins': '4'}",9,B,+5.00,12.5,GB,GB,,1969878,,False,G,Lope De Vega,False,Albanderi,3,31667,0,-7.00,,,False,Good,0,"{'runs': '2', 'wins': '0'}",14,Made Profiles Ltd
Musselburgh,17:45,Sky Bet Extra Places Handicap (GBBPlus Race),,1m4½f,4,4yo+,0-80,"£15,462",14,Fast Fred,6,gelding,14,3,Phillip Makin,Rowan Scott,p,False,126,71,91,88,31,3D666-2,Good second on return one month ago; this is a warm race but he has a competitive mark,"Carlisle 1m3f win last July; as good as ever when second at Newcastle (1m4f, AW) one month ago; this is a warm race but he has a competitive mark.",,,66.67,True,10%,1m4f104y,0,[],2020-03-28,1132041,92565,"{'runs': '4', 'wins': '0'}",2744,3,False,Star Story Partnership,695547,12%,,False,0,,915437,8%,-3.75,0%,GB,3,https://www.racingpost.com/racecards/16/musselburgh/2026-04-12/915437,5641192/fast-fred,252975,"Easingwold, N Yorks",12,-46.88,Flat,16,Sea The Stars,5641192,[],GB,80,Turf,2026-04-12,839591,"{'runs': '6', 'wins': '2'}",17,B,-9.50,12.5,GB,IRE,,1156884,,False,G,Outstrip,False,Star Story,1,35791,2,-3.00,,,False,Good,0,"{'runs': '0', 'wins': '0'}",8,J A Swinbank
Musselburgh,18:15,Sky Bet Proud To Support Young Lives Vs Cancer Handicap,,7f,4,4yo+,0-80,"£12,885",11,Benacre,6,gelding,1,6,Charlie Johnston,Jason Hart,,False,135,78,90,79,16,-72160,"Hasn't won on turf since 2022; back off last winning mark, but not sure what to expect","Form has an up and down look to it these days and hasn't won on turf since he was a 2yo; back off his last winning mark, but not quite sure what to expect.","2025-05-02 | Benacre | 4336824 | Roflow Environmental Engineering Specialist Ventilation Services Handicap | 891869 | Newcastle (AW) | 1353 | 7 | 1554 | It's been a long time between drinks for Benacre but he's a bit of a favourite at home and I'm delighted to see him get his head back in front. He had a frustrating campaign last year and, in hindsight when we were trying different things, we were going in the wrong direction in terms of trip. After his comeback run at Chelmsford this year we thought coming back to seven [furlongs] was worth a try - Charlie Johnston, trainer, speaking to Sky Sports Racing.",,42.31,True,16%,7f15y,2,"[{'trainer': 'Charlie & Mark Johnston', 'trainer_id': 39124, 'change_date': '2023-03-27'}]",2020-04-16,22755,90243,"{'runs': '12', 'wins': '1'}",1555,28,False,C O P Hanbury,602494,16%,,False,11,,915438,10%,-15.82,8%,IRE,26,https://www.racingpost.com/racecards/16/musselburgh/2026-04-12/915438,4336824/benacre,292037,"Middleham Moor, N Yorks",39,-24.72,Flat,16,Footstepsinthesand,4336824,[],GB,110,Turf,2026-04-12,826492,"{'runs': '26', 'wins': '6'}",120,B,-4.25,7,IRE,GB,,738219,,False,G,Australia,False,Sent From Heaven,4,40131,19,+2.38,,,False,Good,3,"{'runs': '3', 'wins': '0'}",18,Susan And John Waterworth
Musselburgh,18:15,Sky Bet Proud To Support Young Lives Vs Cancer Handicap,,7f,4,4yo+,0-80,"£12,885",11,Cargin Bhui,5,gelding,2,3,David & Nicola Barron,Connor Beasley,,False,135,78,89,70,16,331125,"0-12 on turf, but has gone close on a couple of occasions; no problem with this sharp 7f","In good form on the AW this year including two wins over 6f; 0-12 on turf, but has gone close on a couple of occasions and should have no problem with this sharp 7f; player.",,,55.56,True,15%,7f15y,1,[],2021-04-09,1075680,90868,"{'runs': '4', 'wins': '0'}",1555,9,False,Ringfort Stud,528206,18%,,False,11,,915438,13%,+17.00,11%,IRE,9,https://www.racingpost.com/racecards/16/musselburgh/2026-04-12/915438,5317159/cargin-bhui,222331,"Maunby, N Yorks",15,-10.17,Flat,16,Medicean,5317159,[],IRE,96,Turf,2026-04-12,1463745,"{'runs': '4', 'wins': '0'}",84,B,-3.17,7,GB,GB,,862308,,False,G,Invincible Army,False,Ragtime Dancer,2,39387,15,-1.50,,,False,Good,1,"{'runs': '1', 'wins': '0'}",14,Laurence OKane/Harrowgate BloodstockLtd
Musselburgh,18:15,Sky Bet Proud To Support Young Lives Vs Cancer Handicap,,7f,4,4yo+,0-80,"£12,885",11,They All Know Me,4,gelding,3,8,Richard & Peter Fahey,Warren Fentiman,,False,132,75,85,43,65,233-28,0-7 but unplaced for the first time on latest start; needs to bounce back,"0-7, but was finishing unplaced for the first time when eighth of 11 behind Benacre at Newcastle (7f, AW) in February; cheekpieces removed after one use; needs to bounce back; stable also runs Ziggy's Condor.",,,52.38,True,33%,7f15y,4,"[{'trainer': 'Richard Fahey', 'trainer_id': 8010, 'change_date': '2026-04-06'}]",2022-01-12,366,104019,"{'runs': '2', 'wins': '0'}",1555,26,False,Whitsbury Manor Stud,860893,0%,,False,15,,915438,0%,-2.00,19%,GB,21,https://www.racingpost.com/racecards/16/musselburgh/2026-04-12/915438,6238172/they-all-know-me,221690,"Musley Bank, N Yorks",7,+1.50,Flat,16,Brazen Beau,6238172,[],CAN,3,Turf,2026-04-12,1909735,"{'runs': '4', 'wins': '0'}",2,GR,-7.00,7,GB,AUS,3,2550936,,False,G,Sergei Prokofiev,False,Silver Machine,0,42996,0,+4.50,,3,False,Good,4,"{'runs': '0', 'wins': '0'}",1,M J Macleod
Musselburgh,18:15,Sky Bet Proud To Support Young Lives Vs Cancer Handicap,,7f,4,4yo+,0-80,"£12,885",11,Sea Suite,4,gelding,4,5,James Owen,Cieren Fallon,,False,131,74,93,54,22,2809-1,Off the mark at Southwell last month; only 2lb higher and no problem with return to turf,"Had shown ability before making it ninth-time lucky after a 141-day absence at Southwell (7f, AW) last month; only 2lb higher and should have no problem with the return to turf; high on list.",,,50,True,0%,7f15y,3,"[{'trainer': 'Charles Hills', 'trainer_id': 25628, 'change_date': '2025-07-29'}]",2022-01-21,1138429,98519,"{'runs': '2', 'wins': '0'}",1555,44,False,Golden Farm TBreds& Sunderland Holdings,577888,33%,,False,9,,915438,11%,+49.88,9%,IRE,34,https://www.racingpost.com/racecards/16/musselburgh/2026-04-12/915438,7365386/sea-suite,332538,"Newmarket, Suffolk",27,-18.00,Flat,16,Exceed And Excel,7365386,[],IRE,18,Turf,2026-04-12,695547,"{'runs': '2', 'wins': '1'}",12,CH,-9.00,7,IRE,AUS,,2914634,Teme Valley Racing (2025-07-29),False,G,Sea The Stars,False,Sweet Affection,3,40072,4,-21.50,,,False,Good,4,"{'runs': '0', 'wins': '0'}",0,Houghton And Lang
Musselburgh,18:15,Sky Bet Proud To Support Young Lives Vs Cancer Handicap,,7f,4,4yo+,0-80,"£12,885",11,Ziggys Condor,5,gelding,5,12,Richard & Peter Fahey,Ethan Tindall,p,False,131,74,91,81,17,317726,"Just 1lb above last winning mark; has run well over 7f, but it does appear to stretch him","Just 1lb higher than when winning at Newcastle (6f, AW) in January; return to turf not a problem and has run well over 7f including here, but the trip does appear to just stretch him.",,,52.38,True,0%,7f15y,4,"[{'trainer': 'Richard Fahey', 'trainer_id': 8010, 'change_date': '2026-03-23'}]",2021-03-24,26553,101888,"{'runs': '8', 'wins': '0'}",1555,26,False,Ballyhane Stud,582826,0%,,False,15,,915438,25%,-2.00,19%,IRE,21,https://www.racingpost.com/racecards/16/musselburgh/2026-04-12/915438,5048126/ziggys-condor,153423,"Musley Bank, N Yorks",8,-4.00,Flat,16,Diamond Green,5048126,[],GB,4,Turf,2026-04-12,1371798,"{'runs': '12', 'wins': '0'}",2,BR,+10.00,7,IRE,FR,5,765365,Middleham Park Racing&simon&les Wood (2025-09-08)||Middleham Park Racing XXXI (2023-07-04),False,G,Havana Grey,False,Dolly Colman,2,42996,0,+4.50,,5,False,Good,4,"{'runs': '2', 'wins': '0'}",0,Middleham Park Racing XXXI
Musselburgh,18:15,Sky Bet Proud To Support Young Lives Vs Cancer Handicap,,7f,4,4yo+,0-80,"£12,885",11,Polygram,4,filly,6,7,Tristan Davidson,Rowan Scott,,False,131,74,88,79,173,34235-,0-8; may need further than this now and probably best watched on stable debut,"0-8 albeit placed four times, though her very best form has come on the AW; makes her debut for another new yard after six months off having been picked up for 24,000gns in December; may need further than this now and probably best watched.","2025-05-02 | Polygram | 6215348 | Roflow Memorial Race Maiden Fillies' Stakes (GBB Race) | 891870 | Newcastle (AW) | 1353 | 8 | 1765 | It was a nice run. There wasn't much pace on and it was a bit tactical but the first two are two nice fillies who have had a good battle to the line. Polygram was still a little bit green under pressure but she'll take another step forward and she'll probably be seen to better effect when she gets on the grass - Callum Rodriguez, jockey, speaking to Sky Sports Racing.",,14.29,True,10%,7f15y,0,"[{'trainer': 'Harry Charlton', 'trainer_id': 41024, 'change_date': '2026-04-06'}, {'trainer': 'Sir Michael Stoute', 'trainer_id': 619, 'change_date': '2025-04-03'}]",2022-03-15,17612,92565,"{'runs': '1', 'wins': '0'}",1555,7,False,Juddmonte Farms Ltd,840020,4%,,False,0,,915438,8%,-22.00,0%,GB,4,https://www.racingpost.com/racecards/16/musselburgh/2026-04-12/915438,6215348/polygram,354132,"Irthington, Cumbria",12,-46.88,Flat,16,Kingman,6215348,[],IRE,80,Turf,2026-04-12,671647,"{'runs': '2', 'wins': '0'}",27,GR,-9.50,7,GB,GB,,2360449,Juddmonte (2026-04-06),False,F,Dark Angel,False,Clerisy,1,22401,1,-4.00,,,False,Good,0,"{'runs': '0', 'wins': '0'}",8,Hugh Brunton
Musselburgh,18:15,Sky Bet Proud To Support Young Lives Vs Cancer Handicap,,7f,4,4yo+,0-80,"£12,885",11,Abduction,8,gelding,7,4,Jim Goldie,Kaiya Fraser,,False,131,74,89,88,44,0-6104,6lb lower than for his latest success on turf; capable of playing a part,"6lb lower than when winning from a poor draw at Chester (7.6f, good to firm) last August and just 1lb higher than when successful at Newcastle (7f, AW) in January; ran well when a close fourth of 12 at Wolverhampton (7f, AW) last time and capable of playing a part; stable also runs Kelpie Grey.",,"Abduction | 3106233 | He joined us earlier this month from Charlie Wallis and his first run at Musselburgh was very encouraging when third of 11 over 7f. He ran even better than that last week at Doncaster when beaten only one and a half lengths. For a horse who needs the race to be run at an end-to-end gallop he did not enjoy proceedings on Town Moor as they crawled most of the way before it developed into a sprint, so all things considered it was a fine effort. Both of his runs for me have been over 7f but I am trying him over a mile at Carlisle on Wednesday. His current mark of 73 is very fair and I would be very hopeful of him winning before long. 22-06-22",28.57,True,7%,7f15y,0,"[{'trainer': 'Grant Tuer', 'trainer_id': 15158, 'change_date': '2022-09-05'}, {'trainer': 'Charlie Wallis', 'trainer_id': 30178, 'change_date': '2022-05-30'}, {'trainer': 'Richard Fahey', 'trainer_id': 8010, 'change_date': '2022-02-07'}]",2018-04-25,1118759,101188,"{'runs': '18', 'wins': '2'}",1555,14,False,Skymarch Farm Inc & Ecurie Des Charmes,657462,12%,,False,0,,915438,11%,-103.31,0%,FR,14,https://www.racingpost.com/racecards/16/musselburgh/2026-04-12/915438,3106233/abduction,47618,"Uplawmoor, Lanarkshire",9,-6.00,Flat,16,Holy Roman Emperor,3106233,[],GB,45,Turf,2026-04-12,541314,"{'runs': '37', 'wins': '6'}",362,B,+4.00,7,IRE,IRE,,784446,Merchants and Missionaries (2022-02-07),False,G,Acclamation,False,Perfect Day,1,7795,44,-14.00,,,False,Good,0,"{'runs': '13', 'wins': '0'}",3,Dab Hand Racing
Musselburgh,18:15,Sky Bet Proud To Support Young Lives Vs Cancer Handicap,,7f,4,4yo+,0-80,"£12,885",11,Hectic,6,gelding,8,11,Liam Bailey,NON-RUNNER,p,False,130,73,,,17,419-44,Non-runner,Non-runner.,"2022-07-16 | Hectic | 4175487 | bet365 EBF Novice Stakes | 815055 | Newbury | 36 | 6 | 1320 | Hectic is very straightforward, he trains himself. We've made a lot of entries for him and when we've gone to declare we haven't. He was there to be shot at in front and there's a lot of improvement to come. Dobby loved him and said the ground didn't feel that quick on him; I'd say the ground's lovely. You might look at something like the Acomb, and he's very nice. He's a heavy-set, strong lad, so we'll have to be careful and I'd say he'd get seven furlongs no problem. That was probably quite a smart race - Richard Hannon, trainer.","Hectic | 4175487 | We struggled to get him back last year after he failed mentally to handle his second outing at York. He ran a super race in a Newbury handicap over seven furlongs on soft ground on his reappearance, though, and I think he'll be a lot better on a sounder surface and with that run under his belt. I was disappointed he went up 6lb, but I think he'll still be very competitive in good handicaps on his way to the Britannia. 02-05-23||Hectic | 4175487 | Some of the horses just aren't getting their heads in front and this guy is one. He's taken a couple of runs to get fit this year but he's got them under his belt now. He ran a massive race to finish fourth at York last month under Hollie Doyle and we were pleased with that. Unfortunately at Doncaster on his next start, Kieran O'Neill dropped his reins in the last 100 yards and we were just beaten in a photo-finish by Silver Samurai. He might go to Pontefract on Sunday and he'll be a solid handicapper who'll go to the likes of York and be competitive - he was a good fifth there last weekend. 21-06-24",66.67,True,-,7f15y,0,"[{'trainer': 'Roger Fell', 'trainer_id': 32385, 'change_date': '2025-03-22'}, {'trainer': 'Roger Fell & Sean Murray', 'trainer_id': 40519, 'change_date': '2024-10-05'}, {'trainer': 'Richard Hannon', 'trainer_id': 28787, 'change_date': '2024-04-05'}]",2020-05-04,1118508,74971,"{'runs': '7', 'wins': '1'}",1555,6,False,Miss Nell Kent & Miss Sophie Bates,577888,11%,,False,0,,915438,-,-4.00,0%,GB,6,https://www.racingpost.com/racecards/16/musselburgh/2026-04-12/915438,4175487/hectic,197378,"Middleham, N Yorks",0,0.00,Flat,16,Exceed And Excel,4175487,[],IRE,0,Turf,2026-04-12,875004,"{'runs': '16', 'wins': '0'}",79,B,0.00,7,GB,AUS,,732357,R G Fell (2025-03-22)||High Hopes Partnership (2024-10-05)||Highclere TBred Racing - Desmond Tutu (2024-04-05),False,G,Massaat,True,Ceedwell,0,35710,9,-6.00,,,False,Good,0,"{'runs': '1', 'wins': '0'}",0,Mrs Ailsa Stirling
Musselburgh,18:15,Sky Bet Proud To Support Young Lives Vs Cancer Handicap,,7f,4,4yo+,0-80,"£12,885",11,Kelpie Grey,6,gelding,9,9,Jim Goldie,Paul Mulrennan,,False,128,71,89,88,158,95705-,2-5 around here and very well treated on form as recently as last summer; proven fresh,"0-14 since winning four of his five starts between October 2023 and May 2024, but is 2-5 around here and very well treated on form as recently as last summer; off five months, but is proven fresh.",,"Kelpie Grey | 4469691 | He doesn't really look after himself as he goes flat out. He managed to give himself a stress fracture, so I've stuck a screw in it and he's on the way back. He seems well. He likes cut in the ground. He's the opposite from Tafsir, who is very laid back. He's an improving, athletic horse. With cut in the ground, he'll be tasty. He's hard to catch, but he is vulnerable on faster ground. I'd think he's six weeks away from a run. We'll look forward to him. 07-05-25",28.57,True,17%,7f15y,0,"[{'trainer': 'Declan Carroll', 'trainer_id': 3297, 'change_date': '2023-04-24'}]",2020-03-25,366,79371,"{'runs': '8', 'wins': '2'}",1555,14,False,Whitsbury Manor Stud,303702,12%,,False,0,,915438,16%,-103.31,0%,GB,14,https://www.racingpost.com/racecards/16/musselburgh/2026-04-12/915438,4469691/kelpie-grey,303352,"Uplawmoor, Lanarkshire",19,-35.28,Flat,16,Prince Sabo,4469691,[],GB,267,Turf,2026-04-12,1371798,"{'runs': '11', 'wins': '3'}",362,GR,-10.82,7,IRE,GB,,644505,Eamond George Murray (2026-04-06),False,G,Havana Grey,False,Malelane,3,7795,44,-14.00,,,False,Good,0,"{'runs': '5', 'wins': '2'}",46,Paul Stewart
Musselburgh,18:15,Sky Bet Proud To Support Young Lives Vs Cancer Handicap,,7f,4,4yo+,0-80,"£12,885",11,Invincible Ruby,4,filly,10,10,Iain Jardine,Andrew Mullen,,False,127,70,88,71,211,21608-,Regressed in her last three outings; return from seven months off with a bit to prove,"Improved to get off the mark at the sixth attempt at Catterick (7f, good) last July, but regressed in three subsequent outings; returns from seven months off with a bit to prove; stable also runs Qazaq.",,Invincible Ruby | 7441072 | A filly who has pleased us this year. She won at Catterick in July and is probably better over 7f round a bend. She's got ability and there are more races for her. She's very tough. 10-09-25,62.5,True,10%,7f15y,1,[],2022-05-02,1050905,81166,"{'runs': '3', 'wins': '0'}",1555,17,False,Eimear Mulhern,446691,10%,,False,6,,915438,15%,+18.28,9%,IRE,11,https://www.racingpost.com/racecards/16/musselburgh/2026-04-12/915438,7441072/invincible-ruby,320923,"Carrutherstown, D'fries & G'way",20,+7.75,Flat,16,Verglas,7441072,[],IRE,228,Turf,2026-04-12,1463745,"{'runs': '6', 'wins': '1'}",238,GR,+8.00,7,FR,IRE,,721020,,False,F,Invincible Army,False,Satwa Ruby,3,21516,23,-7.25,,,False,Good,1,"{'runs': '1', 'wins': '0'}",23,Duncan McCready
Musselburgh,18:15,Sky Bet Proud To Support Young Lives Vs Cancer Handicap,,7f,4,4yo+,0-80,"£12,885",11,Maldevious,4,filly,11,2,Brian Ellison,Ben Robinson,,False,124,67,87,52,2,7/47-4,0-7; better effort when fourth of 15 at Thirsk on Friday; each-way claims,"0-7; returning from five months off and having her first start since wind surgery when fourth of 15 at Thirsk (6f, good) on Friday; each-way claims if building on that.",,,40,True,14%,7f15y,0,"[{'trainer': 'Hugo Palmer', 'trainer_id': 25009, 'change_date': '2025-11-14'}]",2022-02-11,340,95279,"{'runs': '3', 'wins': '0'}",1555,21,False,Rathbarry Stud,670119,11%,,False,0,,915438,0%,-11.59,0%,IRE,13,https://www.racingpost.com/racecards/16/musselburgh/2026-04-12/915438,6256669/maldevious,347649,"Norton, N Yorks",6,-2.59,Flat,16,New Approach,6256669,"[{'date': '2025-11-22', 'type': 'Wind Surgery'}]",IRE,43,Turf,2026-04-12,855564,"{'runs': '4', 'wins': '0'}",36,B,-6.00,7,IRE,IRE,,2991597,,True,F,Kodi Bear,False,Piacere,0,4431,4,-13.00,,,False,Good,0,"{'runs': '0', 'wins': '0'}",6,Returnedwithahorse
Musselburgh,18:15,Sky Bet Proud To Support Young Lives Vs Cancer Handicap,,7f,4,4yo+,0-80,"£12,885",11,Qazaq,5,gelding,12,1,Iain Jardine,Greg Fairley,,False,123,66,92,75,16,968387,"Won his first three starts on the AW for Roger Varian, but placed once in 13 outings since","Won his first three starts over 7f/1m on the AW for Roger Varian, but placed just once in 13 outings since; 24lb lower than when last on turf, but he still has plenty to prove.",,"Qazaq | 5330871 | If he gets in it would be his first run on turf but I like him and he won his first three on the all-weather. He probably wasn't quite right when beaten on New Year's Day, so we gave him a break and he's on the comeback trail. His work has been nice and I think the stiff seven will suit him. He should handle anything between good to firm and good to soft on turf.   09-06-25",62.5,True,8%,7f15y,1,"[{'trainer': 'Roger Varian', 'trainer_id': 24890, 'change_date': '2025-11-12'}]",2021-02-24,1098998,84020,"{'runs': '2', 'wins': '0'}",1555,17,False,Al Shahania Stud,662598,10%,,False,6,,915438,33%,+18.28,9%,FR,11,https://www.racingpost.com/racecards/16/musselburgh/2026-04-12/915438,5330871/qazaq,259699,"Carrutherstown, D'fries & G'way",3,-1.00,Flat,16,Scat Daddy,5330871,[],GB,13,Turf,2026-04-12,840020,"{'runs': '9', 'wins': '2'}",238,B,+9.00,7,USA,USA,,2205898,Nurlan Bizakov (2025-11-12),False,G,Kingman,False,Qabala,1,21516,23,-7.25,,,False,Good,1,"{'runs': '0', 'wins': '0'}",1,Dave Stone
Musselburgh,18:45,Sky Bet Price Boosts Handicap,,5f,4,4yo+,0-80,"£12,885",17,Right And Exact,4,gelding,1,1,Declan Carroll,Zak Wheatley,,False,135,79,86,70,222,122-,Solid record (122) in novice events last term; open to progress in handicaps this season,"Solid record (122) in 5f novice events in his first season last year, the success at Catterick on good ground; plausibly open to progress in handicaps this season; respected.",,,0,True,21%,5f1y,0,[],2022-02-07,3951,96669,"{'runs': '2', 'wins': '1'}",1101,9,False,Meon Valley Stud,577888,19%,,False,0,,915439,13%,+8.28,0%,GB,7,https://www.racingpost.com/racecards/16/musselburgh/2026-04-12/915439,6523106/right-and-exact,143695,"Malton, N Yorks",8,+11.28,Flat,16,Exceed And Excel,6523106,[],GB,39,Turf,2026-04-12,565797,"{'runs': '3', 'wins': '1'}",42,B,0.00,5,GB,AUS,3,1021358,,False,G,Oasis Dream,False,Excellent Sounds,1,3297,8,-7.00,,3,False,Good,0,"{'runs': '0', 'wins': '0'}",8,J N Blackburn
Musselburgh,18:45,Sky Bet Price Boosts Handicap,,5f,4,4yo+,0-80,"£12,885",17,Northern Spirit,6,gelding,2,17,Brian Ellison,Ben Robinson,,False,134,78,88,87,14,-6R573,Respectable third in big field at Doncaster on the return to turf; on a workable mark,Effective on AW and turf; respectable third in big field at Doncaster (6f) returned to this sphere last time; remains on a workable mark and gained last two wins over 5f.,"2024-09-08 | Northern Spirit | 4350767 | Hanson Springs Handicap | 873965 | York | 107 | 6 | 1320 | Northern Spirit is the second horse I've bred - the first one wasn't too great. He was in great form and we knew he'd like the ground, but I was concerned about the draw - Brian Ellison, trainer.",Northern Spirit | 4350767 | He won three times last year. He finished fourth at Newcastle last time when he ran well again. He's a homebred and a solid handicapper. He tried seven furlongs last year and I think we'll step him up to that trip as he settles a lot better now. 03-04-24,40,True,14%,5f1y,0,[],2020-04-10,1111903,95279,"{'runs': '8', 'wins': '1'}",1101,21,False,Northern Water Services & Brian Ellison,726295,11%,,False,0,,915439,0%,-11.59,0%,GB,13,https://www.racingpost.com/racecards/16/musselburgh/2026-04-12/915439,4350767/northern-spirit,347568,"Norton, N Yorks",6,-2.59,Flat,16,Starspangledbanner,4350767,"[{'date': '2025-12-18', 'type': 'Wind Surgery'}, {'date': '2024-03-25', 'type': 'Wind Surgery'}]",IRE,43,Turf,2026-04-12,861261,"{'runs': '9', 'wins': '2'}",36,B,-6.00,5,IRE,AUS,,2604532,Northern Water Services & Brian Ellison (2024-07-26),False,G,Adaay,False,Amelia Grace,0,4431,4,-13.00,,,False,Good,0,"{'runs': '0', 'wins': '0'}",6,Steel A Win & Spring Cottage Syndicate 3
Musselburgh,18:45,Sky Bet Price Boosts Handicap,,5f,4,4yo+,0-80,"£12,885",17,Emerald Harmony,5,mare,3,6,Paul Midgley,Barry McHugh,,False,134,78,89,80,24,0323-2,Traded at 1.01 en route to going close at Newcastle on stable/seasonal debut; in the mix,"Two turf wins in Ireland; traded at 1.01 in running, only to be nabbed on the line at Newcastle (5f, AW) on stable/seasonal debut; possibilities, provided she builds on that effort.","2024-08-09 | Emerald Harmony | 5784828 | Irish Stallion Farms EBF Maiden | 874316 | Tipperary | 202 | 5 | 1100 | Emerald Harmony is improving and learning to sprint. The ground was probably as quick as she wanted it but she is going the right way - Ben Coen, rider",,27.27,True,8%,5f1y,1,"[{'trainer': 'J P Murtagh', 'trainer_id': 28180, 'change_date': '2026-03-13'}]",2021-05-02,1078416,78398,"{'runs': '11', 'wins': '1'}",1101,12,False,B Kennedy & Mrs Ann Marie Kennedy,596219,5%,,False,8,,915439,9%,-27.25,9%,IRE,11,https://www.racingpost.com/racecards/16/musselburgh/2026-04-12/915439,5784828/emerald-harmony,319685,"Westow, N Yorks",11,-4.50,Flat,16,Oratorio,5784828,[],GB,13,Turf,2026-04-12,1860072,"{'runs': '21', 'wins': '2'}",37,B,-6.67,5,IRE,IRE,,793356,JP Murtagh Racing (2026-03-13),False,M,Soldiers Call,False,Green Chorus,1,15948,2,-4.50,,,False,Good,1,"{'runs': '0', 'wins': '0'}",1,Wrenegade Racing
Musselburgh,18:45,Sky Bet Price Boosts Handicap,,5f,4,4yo+,0-80,"£12,885",17,Al Hussar,4,gelding,4,11,Grant Tuer,Oliver Stammers,,False,133,77,89,83,8,1203-3,Ties in with Montezuma on C&D reappearance form; successful twice off current mark,"Placed over C&D last week on reappearance, while leaving the impression he'll come on for the run; ties in closely with Montezuma on that bare form; nicely handicapped, having been successful twice off current mark; one for the shortlist.",,"Al Hussar | 5708731 | He's had a fairly frustrating summer as he's talented, but he started the year high enough in the handicap. He's quick - he wants the fastest five you can get - and he's starting to look well handicapped again. He's just been held up by some ringworm but he's started back breezing and is on the way back now. He goes on the all-weather as well. 04-09-25",50,True,8%,5f1y,1,[],2022-02-20,1068697,97584,"{'runs': '7', 'wins': '0'}",1101,9,False,Biddestone Stud Ltd,565797,21%,,False,11,,915439,0%,+13.69,13%,GB,8,https://www.racingpost.com/racecards/16/musselburgh/2026-04-12/915439,5708731/al-hussar,341572,"Birkby, N Yorks",4,-26.17,Flat,16,Oasis Dream,5708731,[],GB,49,Turf,2026-04-12,739856,"{'runs': '21', 'wins': '4'}",80,BR,-4.00,5,GB,GB,,1020651,,False,G,Bated Breath,False,Queens Charter,0,15158,17,+7.00,,,False,Good,1,"{'runs': '2', 'wins': '0'}",4,The Gathering And Partner
Musselburgh,18:45,Sky Bet Price Boosts Handicap,,5f,4,4yo+,0-80,"£12,885",17,Equity Law,5,gelding,5,12,Tim Easterby,Sean Kirrane,p,False,133,77,88,81,184,14188-,Pattern shown last term for new stable suggests he's best watched on 2026 reappearance,"Took a while to hit winning form last term for new stable; probably best watched off current mark on 2026 reappearance, unless the market suggests otherwise.","2025-09-09 | Equity Law | 4924699 | ROA Supporting Racing To School's Milestone Handicap | 901430 | Catterick | 10 | 5 | 1100 | Equity Law was down in grade but he jumped [off] the best of them all. I can't fault him. He had horses running all over him from all over the place in the final furlong, but quickened nicely, so full credit to him - Sean Kirrane, jockey.||2024-04-26 | Equity Law | 4924699 | bet365 Handicap | 864393 | Sandown | 54 | 5 | 1110 | Equity Law was quick out of the stalls from his wide draw which was helpful and it was an easy race to ride on paper. He's obviously improved for his comeback run on soft ground at Bath - Oisin Murphy, jockey.",,27.27,True,8%,5f1y,0,"[{'trainer': 'Andrew Balding', 'trainer_id': 15605, 'change_date': '2025-04-10'}]",2021-02-26,1641,96177,"{'runs': '9', 'wins': '2'}",1101,33,False,Littleton Stud,577888,12%,,False,0,,915439,5%,-54.28,0%,GB,30,https://www.racingpost.com/racecards/16/musselburgh/2026-04-12/915439,4924699/equity-law,357149,"Great Habton, N Yorks",19,-20.50,Flat,16,Exceed And Excel,4924699,[],FR,36,Turf,2026-04-12,692355,"{'runs': '18', 'wins': '3'}",153,B,-17.17,5,GB,AUS,,997317,J C Smith (2025-04-10),False,G,Equiano,False,Fair Cop,1,10152,18,-30.00,,,False,Good,0,"{'runs': '0', 'wins': '0'}",3,The Oyster Catchers & Partner
Musselburgh,18:45,Sky Bet Price Boosts Handicap,,5f,4,4yo+,0-80,"£12,885",17,Blind Beggar,8,gelding,6,4,Jessica Macey,Lewis Edmunds,b,False,133,77,89,85,51,2405-0,Unable to hold his form for new yard; failed to beat a rival when last seen,Record of 24050 for new yard reflects that he hasn't been able to hold his form; failed to beat a rival in sole outing this year; others have better claims.,"2025-07-24 | Blind Beggar | 3130334 | Texas At Sandown Park 7 August Handicap | 898306 | Sandown | 54 | 5 | 1110 | Blind Beggar had dropped to a good mark and jumped much cleaner today. I was hoping to get a really clean trip for him and then gradually work through the gears. I thought we went an even gallop and I was keen to get the momentum rolling forward because I knew he'd gallop through the line - Luke Morris, jockey.","Blind Beggar | 3130334 | We bought him at the October sales from Ger Lyons' yard with one win to his name. I've given him three runs on the all-weather since he arrived and he has won two of them at Southwell and Chelmsford. The most recent was six weeks ago and I've deliberately put him away now with a turf campaign in mind. He's effective over 5f and 6f and is up to a mark of 84, which looks quite workable. He's well capable of winning off that and hopefully improving some more. 22-03-23",14.29,True,0%,5f1y,0,"[{'trainer': 'Michael Appleby', 'trainer_id': 10363, 'change_date': '2025-08-25'}, {'trainer': 'G M Lyons', 'trainer_id': 8567, 'change_date': '2022-12-05'}, {'trainer': 'Richard Fahey', 'trainer_id': 8010, 'change_date': '2022-04-05'}, {'trainer': 'Michael Dods', 'trainer_id': 5079, 'change_date': '2020-09-19'}]",2018-02-17,14561,94663,"{'runs': '11', 'wins': '2'}",1101,7,False,Pat Beirne,537646,0%,,False,0,,915439,19%,-4.00,0%,IRE,7,https://www.racingpost.com/racecards/16/musselburgh/2026-04-12/915439,3130334/blind-beggar,361565,"Doncaster, S Yorks",27,-6.00,Flat,16,Street Cry,3130334,[],FR,6,Turf,2026-04-12,692355,"{'runs': '34', 'wins': '5'}",4,B,-1.00,5,USA,IRE,,840928,Mayflower Racing Club (2025-08-28)||B & M Pallets Ltd (2025-08-25)||Gaelic Thoroughbreds (2022-12-05)||Merchants and Missionaries (2022-04-05),False,G,Equiano,False,Beylerbey,5,37813,0,-7.00,,,False,Good,0,"{'runs': '1', 'wins': '0'}",0,New Vision Bloodstock & Steel A Win
Musselburgh,18:45,Sky Bet Price Boosts Handicap,,5f,4,4yo+,0-80,"£12,885",17,Kinetic Force,4,gelding,7,13,Ruth Carr,Joanna Mason,,False,133,77,94,86,16,7898-4,Close fourth at Newcastle on stable/seasonal debut; similar type to Emerald Harmony,"Two wins (AW/turf) for previous yard; close fourth at Newcastle (5f, AW) on stable/seasonal debut; fighting chance provided he builds on that effort; similar type to Emerald Harmony.",,,32,True,9%,5f1y,2,"[{'trainer': 'D Donovan', 'trainer_id': 21550, 'change_date': '2026-03-21'}]",2022-03-09,210,85782,"{'runs': '4', 'wins': '1'}",1101,25,False,Queen Elizabeth II,527373,11%,,False,8,,915439,8%,-1.67,8%,GB,25,https://www.racingpost.com/racecards/16/musselburgh/2026-04-12/915439,5991242/kinetic-force,252869,"Stillington, N Yorks",24,-30.67,Flat,16,Kyllachy,5991242,[],IRE,57,Turf,2026-04-12,1909732,"{'runs': '15', 'wins': '2'}",37,B,-12.00,5,GB,GB,,860592,W P Flynn (2026-03-21),False,G,Land Force,False,Kinematic,2,20045,4,-7.50,,,False,Good,2,"{'runs': '0', 'wins': '0'}",5,Miss Vanessa Church & Toby Brereton
Musselburgh,18:45,Sky Bet Price Boosts Handicap,,5f,4,4yo+,0-80,"£12,885",17,South Parade,5,mare,8,14,Richard & Peter Fahey,Warren Fentiman,,False,132,76,91,82,167,13079-,Not sure what to expect on seasonal debut; others are higher in calculations,"Went close on reappearance last term but had ended the 2024 campaign in good form, which differs from the way she concluded 2025; not sure what to expect on seasonal debut.",,,52.38,True,33%,5f1y,4,"[{'trainer': 'Richard Fahey', 'trainer_id': 8010, 'change_date': '2026-04-06'}]",2021-04-17,1657,104019,"{'runs': '5', 'wins': '0'}",1101,26,False,Grangemore Stud,576872,0%,,False,15,,915439,0%,-2.00,19%,IRE,21,https://www.racingpost.com/racecards/16/musselburgh/2026-04-12/915439,5123492/south-parade,218252,"Musley Bank, N Yorks",7,+1.50,Flat,16,Pastoral Pursuits,5123492,[],IRE,3,Turf,2026-04-12,1463745,"{'runs': '19', 'wins': '2'}",2,B,-7.00,5,GB,GB,3,835599,Mrs H Steel (2024-05-21),False,M,Invincible Army,False,Rural Celebration,0,42996,0,+4.50,,3,False,Good,4,"{'runs': '1', 'wins': '1'}",1,Richard Fahey Ebor Racing Club Ltd
Musselburgh,18:45,Sky Bet Price Boosts Handicap,,5f,4,4yo+,0-80,"£12,885",17,Zarzyni,9,gelding,9,15,David & Nicola Barron,Connor Beasley,p,False,130,74,87,85,8,178-79,Three-time C&D winner; unlucky third in this race 12 months ago; enters calculations,"Three-time C&D winner, including twice off higher marks in the month of April; unlucky third, having found daylight too late, in this race 12 months ago; soft ground was against him here last weekend; likely player if the cards drop right.","2024-09-15 | Zarzyni | 2710303 | Watch On Racing TV Handicap | 874824 | Musselburgh | 16 | 5 | 1101 | It worked out well. I haven't a clue why Zarzyni won there, we've tried everything with him. He's very smart, but I don't think the horse knows he's won. If he had time to think he'd have got beaten. He's a handy type to have in the yard as he's a very good work horse. When we have sprinters we have to work, he's the boy. We're thankful he's won and Musselburgh's been a lucky place for us -  oint-trainer David Barron, speaking on Racing TV.||2019-06-16 | Zarzyni | 2710303 | Irish Stallion Farms EBF Maiden (Plus 10 Race) | 733390 | Gowran Park | 184 | 7 | 1540 | Zarzyni is very straightforward and had been working well. For one of ours to win first time is always a good sign. We thought he was up to winning a maiden but not necessarily first time - Michael Halford, trainer.",,55.56,True,15%,5f1y,1,"[{'trainer': 'David Barron', 'trainer_id': 542, 'change_date': '2022-03-29'}, {'trainer': 'M Halford', 'trainer_id': 1132, 'change_date': '2021-03-08'}]",2017-02-03,22522,90868,"{'runs': '16', 'wins': '1'}",1101,9,False,His Highness The Aga Khans Studs S C,506927,18%,,False,11,,915439,13%,+17.00,11%,IRE,9,https://www.racingpost.com/racecards/16/musselburgh/2026-04-12/915439,2710303/zarzyni,222331,"Maunby, N Yorks",15,-10.17,Flat,16,Invincible Spirit,2710303,[],FR,96,Turf,2026-04-12,733304,"{'runs': '38', 'wins': '4'}",84,B,-3.17,5,IRE,IRE,,867266,H H Aga Khan (2021-03-08),False,G,Siyouni,False,Zunera,2,39387,15,-1.50,,,False,Good,1,"{'runs': '9', 'wins': '3'}",14,Laurence OKane/Harrowgate BloodstockLtd
Musselburgh,18:45,Sky Bet Price Boosts Handicap,,5f,4,4yo+,0-80,"£12,885",17,Vince LAmour,5,gelding,10,7,Tim Easterby,David Allan,tb,False,129,73,88,84,14,9186-8,Quite interesting returned to this C&D with Doncaster reappearance under his belt,Registered his last success in C&D event (off just 2lb lower) in October; quite interesting returned to this scenario with Doncaster reappearance (midfield) under his belt.,,,27.27,True,14%,5f1y,0,[],2021-01-19,1112569,78223,"{'runs': '14', 'wins': '1'}",1101,33,False,Mark Hanly & Stephanie Hanly,659772,12%,,False,0,,915439,11%,-54.28,0%,IRE,30,https://www.racingpost.com/racecards/16/musselburgh/2026-04-12/915439,5134070/vince-lamour,248554,"Great Habton, N Yorks",18,-30.28,Flat,16,Dutch Art,5134070,[],IRE,94,Turf,2026-04-12,1463745,"{'runs': '26', 'wins': '3'}",153,B,-4.00,5,GB,GB,,2245155,,False,G,Invincible Army,False,Red Romance,2,10152,18,-30.00,,,False,Good,0,"{'runs': '2', 'wins': '1'}",13,Reality Partnerships X
Musselburgh,18:45,Sky Bet Price Boosts Handicap,,5f,4,4yo+,0-80,"£12,885",17,Jm Jhingree,4,gelding,11,9,Ewan Whillans,Rowan Scott,,False,127,71,90,81,98,4146-5,Returns from 98-day break on debut for new stable; yet to win when fresh,"Scored three times, including over C&D, during his spell with Jim Goldie; remains in same ownership; returns from 98-day break on debut for new stable; yet to win when fresh.",,,50,True,10%,5f1y,1,"[{'trainer': 'Jim Goldie', 'trainer_id': 7795, 'change_date': '2026-04-06'}, {'trainer': 'John & Sean Quinn', 'trainer_id': 41095, 'change_date': '2025-04-16'}]",2022-01-25,1133840,92565,"{'runs': '6', 'wins': '1'}",1101,10,False,L Foley & Ballygowan Bloodstock Ltd,807236,4%,,False,20,,915439,8%,-33.50,20%,IRE,5,https://www.racingpost.com/racecards/16/musselburgh/2026-04-12/915439,5878991/jm-jhingree,357386,"Hawick, Scottish Borders",12,-46.88,Flat,16,Pennys Picnic,5878991,[],IRE,80,Turf,2026-04-12,637069,"{'runs': '25', 'wins': '4'}",49,B,-9.50,5,FR,IRE,,2054288,Mps Racing & The Ayrshire Tradesmen 1 (2025-04-16),False,G,Dandy Man,False,La Pergola,1,38714,2,+7.00,,,False,Good,2,"{'runs': '7', 'wins': '1'}",8,Aim Equestrian Ltd
Musselburgh,18:45,Sky Bet Price Boosts Handicap,,5f,4,4yo+,0-80,"£12,885",17,Montezuma,4,gelding,12,10,Jim Goldie,Paul Mulrennan,,False,127,71,90,85,8,4326-2,Nine-race maiden; eye-catching second over C&D last weekend; could well go one better,"Nine-race maiden whose two attempts over 5f comprise second-place finishes at Musselburgh, the latest eight days ago on seasonal debut when an eye-catcher amid traffic issues; could well go one better off the same mark, provided this pans out better.",,,28.57,True,17%,5f1y,0,"[{'trainer': 'Charlie Appleby', 'trainer_id': 28338, 'change_date': '2025-06-20'}]",2022-02-21,24598,79371,"{'runs': '4', 'wins': '0'}",1101,14,False,Godolphin,506927,12%,,False,0,,915439,16%,-103.31,0%,GB,14,https://www.racingpost.com/racecards/16/musselburgh/2026-04-12/915439,6577898/montezuma,309740,"Uplawmoor, Lanarkshire",19,-35.28,Flat,16,Invincible Spirit,6577898,[],IRE,267,Turf,2026-04-12,1025027,"{'runs': '2', 'wins': '0'}",362,BR,-10.82,5,GB,IRE,,2527557,Godolphin (2025-06-20),False,G,Blue Point,False,Seneca Falls,3,7795,44,-14.00,,,False,Good,0,"{'runs': '2', 'wins': '0'}",46,B Jordan Brian Jordan S Jordan & N McConnell
Musselburgh,18:45,Sky Bet Price Boosts Handicap,,5f,4,4yo+,0-80,"£12,885",17,Impressor,9,gelding,13,3,Phillip Makin,Sam James,p,False,126,70,90,82,14,1567-4,Chance depends on the weather's actions; ideally needs ground softer than good,Eight wins; close fourth at Doncaster on reappearance but his chance of repeating or bettering that effort depends on the weather's actions; ideally needs ground softer than good.,"2024-10-18 | Impressor | 2734126 | Sam Hall Memorial Handicap | 876832 | Redcar | 47 | 5 | 1100 | In the middle of the summer Impressor had a couple of near misses, he nudged up a couple of pounds and then had a couple of poor efforts. We thought maybe his chance was gone, but he does like the ground and still seems quite well in himself - Phillip Makin, trainer, speaking to Racing TV.||2023-07-24 | Impressor | 2734126 | Jaimie Kerr Memorial Handicap | 844126 | Beverley | 6 | 5 | 1100 | Impressor is an in-form horse at the moment and Phil's horses are flying. This lad loves the ground. Before when he used to get caught on a wing like that he wouldn't really battle hard for you but he's turned a corner and he dug deep when needed - Shane Gray, jockey, speaking on Racing TV.||2019-08-14 | Impressor | 2734126 | British EBF Molson Coors Novice Stakes (Plus 10 Race) (Div II) | 737719 | Salisbury | 52 | 6 | 1320 | Impressor has got loads of speed and I wouldn't be rushing to go over seven furlongs with him. He's in the Mill Reef at Newbury and that's a likely type of race to run him in - Marcus Tregoning, trainer.",,66.67,True,22%,5f1y,0,"[{'trainer': 'Marcus Tregoning', 'trainer_id': 12125, 'change_date': '2021-03-30'}]",2017-02-18,1080922,87290,"{'runs': '10', 'wins': '0'}",1101,3,False,Cottage Bloodstock,657462,12%,,False,0,,915439,5%,-3.75,0%,IRE,3,https://www.racingpost.com/racecards/16/musselburgh/2026-04-12/915439,2734126/impressor,223945,"Easingwold, N Yorks",21,+29.28,Flat,16,Holy Roman Emperor,2734126,"[{'date': '2019-12-09', 'type': 'Wind Surgery'}]",GB,121,Turf,2026-04-12,602494,"{'runs': '26', 'wins': '4'}",17,B,-16.00,5,IRE,IRE,,871645,Aidan ORyan And Partner (2022-05-30)||R C C Villers (2021-03-30),False,G,Footstepsinthesand,False,Little Empress,1,35791,2,-3.00,,,False,Good,0,"{'runs': '1', 'wins': '0'}",27,J Toes & J OLoan
Musselburgh,18:45,Sky Bet Price Boosts Handicap,,5f,4,4yo+,0-80,"£12,885",17,Lions House,5,gelding,14,2,Linda Perratt,Kaiya Fraser,,False,126,70,92,89,38,693135,Four AW wins; finished third off 10lb higher in both C&D attempts; not ruled out,"Campaigned mostly on AW, winning four times; bled from nose latest start; 0-6 on turf but finished third off 10lb higher in both attempts over C&D; not dismissed.",,,0,True,7%,5f1y,0,"[{'trainer': 'Roger Varian', 'trainer_id': 24890, 'change_date': '2025-04-22'}]",2021-03-02,1063842,101188,"{'runs': '2', 'wins': '0'}",1101,2,False,Aislabie Bloodstock Ltd,643137,8%,,False,0,,915439,11%,-30.00,0%,GB,2,https://www.racingpost.com/racecards/16/musselburgh/2026-04-12/915439,5172514/lions-house,38230,"East Kilbride, S Lanarks",9,-6.00,Flat,16,First Samurai,5172514,[],GB,45,Turf,2026-04-12,565797,"{'runs': '15', 'wins': '2'}",141,B,+4.00,5,USA,USA,,816660,Paul Corrigan (2026-04-06)||Mrs Victoria Machen (2025-04-22),False,G,Oasis Dream,False,Muqantara,1,5728,11,-2.00,,,False,Good,0,"{'runs': '2', 'wins': '0'}",3,Miss L A Perratt
Musselburgh,18:45,Sky Bet Price Boosts Handicap,,5f,4,4yo+,0-80,"£12,885",17,Arnhem,10,gelding,15,5,Jim Goldie,Cieren Fallon,,False,126,70,91,89,8,7-2388,"Veteran whose form has dipped in last two outings, latest over C&D; poor strike-rate","Veteran whose form has dipped in last two outings, latest over C&D eight days ago; doesn't look as if he's about to improve his poor strike-rate (long time between drinks).",,,28.57,True,0%,5f1y,0,"[{'trainer': 'Rebecca Menzies', 'trainer_id': 28511, 'change_date': '2025-08-12'}, {'trainer': 'M G Quinn', 'trainer_id': 3447, 'change_date': '2025-04-04'}, {'trainer': 'Jack W Davison', 'trainer_id': 33642, 'change_date': '2023-06-19'}, {'trainer': 'Miss Natalia Lupini', 'trainer_id': 30945, 'change_date': '2022-05-10'}]",2016-03-31,12130,98519,"{'runs': '15', 'wins': '2'}",1101,14,False,Leslie Laverty,513047,12%,,False,0,,915439,11%,-103.31,0%,IRE,14,https://www.racingpost.com/racecards/16/musselburgh/2026-04-12/915439,2901179/arnhem,254266,"Uplawmoor, Lanarkshire",27,-18.00,Flat,16,Giants Causeway,2901179,[],IRE,18,Turf,2026-04-12,637069,"{'runs': '29', 'wins': '1'}",362,B,-9.00,5,IRE,USA,,644157,Leslie Laverty & David Laverty (2025-04-04)||Leslie Laverty & Natalia Lupini (2022-05-10)||Leslie Laverty & Miss Natalia Lupini (2021-05-04)||Miss Natalia Lupini (2020-06-18),False,G,Dandy Man,False,My Causeway Dream,3,7795,44,-14.00,,,False,Good,0,"{'runs': '6', 'wins': '0'}",0,D Laverty
Musselburgh,18:45,Sky Bet Price Boosts Handicap,,5f,4,4yo+,0-80,"£12,885",17,Classy Al,8,gelding,16,8,Jim Goldie,Lauren Young,p,False,125,69,88,73,8,1400-0,Posted a duck egg over C&D on reappearance; has gained all wins at Ayr/Hamilton,"Posted a duck egg over C&D last weekend on reappearance, taking Musselburgh record to 0-8; has done all his winning at Ayr and Hamilton; not the percentage call.",,"Classy Al | 3588751 | He's a bairn I know well as I trained his dam and granny, but he hasn't been easy to train. First time out this year he dropped Paul Mulrennan going to the start but, despite his quirks, he has an engine. I have an idea to run him on the all-weather to change the script a little. He's in grand form at home and we'll look at the 5f and 7f handicaps next week at Ayr. 12-09-22",28.57,True,11%,5f1y,0,[],2018-04-03,1122787,103748,"{'runs': '20', 'wins': '5'}",1101,14,False,John McGrandles,535308,12%,,False,0,,915439,0%,-103.31,0%,GB,14,https://www.racingpost.com/racecards/16/musselburgh/2026-04-12/915439,3588751/classy-al,304548,"Uplawmoor, Lanarkshire",4,-9.70,Flat,16,Orientor,3588751,[],IRE,19,Turf,2026-04-12,828617,"{'runs': '20', 'wins': '4'}",362,B,-4.00,5,GB,GB,5,810187,,False,G,Fountain Of Youth,False,Classy Anne,0,7795,44,-14.00,,5,False,Good,0,"{'runs': '8', 'wins': '0'}",2,Barraston Racing & J S Goldie
Musselburgh,18:45,Sky Bet Price Boosts Handicap,,5f,4,4yo+,0-80,"£12,885",17,Pop Star,6,gelding,17,16,Iain Jardine,Andrew Mullen,,False,124,68,87,92,8,6-7900,Far from solid on his form for current yard; always towards rear over C&D last time,"Well treated if proving resurgent but otherwise looks far from solid on his form for current yard, most recently always towards the rear in C&D contest last weekend.","2023-08-31 | Pop Star | 4420156 | Simonstown Maiden | 848375 | Navan | 193 | 6 | 1264 | Pop Star got a setback and has missed a lot of time. He was quite green late on but I was more than happy with him. He is quick, if he gets seven he is definitely stakes class - Seamie Heffernan, rider.",,62.5,True,10%,5f1y,1,"[{'trainer': 'Alice Haynes', 'trainer_id': 38170, 'change_date': '2025-12-23'}, {'trainer': 'A P OBrien', 'trainer_id': 7978, 'change_date': '2023-12-01'}]",2020-03-03,1029155,81166,"{'runs': '11', 'wins': '1'}",1101,17,False,Pier House Stud,21738,10%,,False,6,,915439,15%,+18.28,9%,IRE,11,https://www.racingpost.com/racecards/16/musselburgh/2026-04-12/915439,4420156/pop-star,366064,"Carrutherstown, D'fries & G'way",20,+7.75,Flat,16,Soviet Star,4420156,"[{'date': '2023-11-15', 'type': 'Wind Surgery'}]",USA,228,Turf,2026-04-12,1417665,"{'runs': '17', 'wins': '1'}",238,B,+8.00,5,IRE,USA,,761760,Coral Racing Club (2025-12-23)||Gary Allsopp And A Haynes (2025-05-12)||Miss Alice Haynes (2024-07-13)||Miss Samantha Elliott (2024-06-20)||Mrs John Magnier/Michael Tabor/Derrick Smith/Westerberg (2023-12-01),False,G,Sioux Nation,False,Knock Stars,3,21516,23,-7.25,,,False,Good,1,"{'runs': '2', 'wins': '0'}",23,Darrell Torrens & Gary Allsopp
Wincanton,13:47,Visit Bridles Care Home Wincanton Handicap Chase (GBB Race),,3m1f,4,5yo+,0-115,"£5,149",3,Masterdream,9,gelding,1,,Neil Mulholland,Conor OFarrell,tp,False,159,107,124,101,174,U41113,Back from a break; competitive mark despite three chase wins this season,Still on a competitive mark despite winning three times over fences already this season and had a break since a poor performance last time in October; good or good to soft is fine.,,,54.84,True,20%,3m1f30y,5,"[{'trainer': 'Tim Vaughan', 'trainer_id': 17740, 'change_date': '2021-07-20'}, {'trainer': 'John M Oxx', 'trainer_id': 4117, 'change_date': '2020-11-27'}]",2017-04-26,1110696,85846,"{'runs': '18', 'wins': '5'}",5530,31,False,Haras De Saint Julien & A Tamagni-Bodmer,104011,9%,,False,16,,915308,25%,-79.29,17%,FR,30,https://www.racingpost.com/racecards/90/wincanton/2026-04-12/915308,2394510/masterdream,226257,"Limpley Stoke, Wilts",16,-3.53,Chase,90,Danehill Dancer,2394510,"[{'date': '2021-06-02', 'type': 'Wind Surgery'}]",IRE,15,Turf,2026-04-12,695547,"{'runs': '8', 'wins': '3'}",163,B,+0.78,25,FR,IRE,,781235,O S Harris (2021-11-19)||Mrs Antoinette Tamagni-Bodmer (2020-11-27)||Mrs Caitriona Oxx (2020-08-03),False,G,Sea The Stars,False,Santa Christiana,4,20451,14,-6.22,,,False,Good,5,"{'runs': '0', 'wins': '0'}",3,Dave Harris
Wincanton,13:47,Visit Bridles Care Home Wincanton Handicap Chase (GBB Race),,3m1f,4,5yo+,0-115,"£5,149",3,Special John,7,gelding,2,,Sam Thomas,Matt Griffiths,,False,156,104,125,115,26,-21155,Figures of 115 over fences for this yard; below-par run on latest start was over hurdles,"Hit the ground running for this yard with two chase wins in the autumn (3m/3m2f, good to soft) and then ran pretty well in a marathon chase at Windsor; latest defeat was over hurdles and is probably best forgiven.",,,,True,-,3m1f30y,0,"[{'trainer': 'Alexandra Dunn', 'trainer_id': 27500, 'change_date': '2025-11-11'}, {'trainer': 'Chris Down', 'trainer_id': 2646, 'change_date': '2025-04-14'}, {'trainer': 'Jazmin Hosgood', 'trainer_id': 29388, 'change_date': '2024-12-26'}, {'trainer': 'Paul Hosgood', 'trainer_id': 30286, 'change_date': '2024-02-17'}]",2019-03-26,4361,87970,"{'runs': '1', 'wins': '0'}",5530,0,False,J Lenihan,84432,43%,,False,,,915308,-,+23.97,-,IRE,0,https://www.racingpost.com/racecards/90/wincanton/2026-04-12/915308,5554936/special-john,364536,"Lisvane, South Glamorgan",0,0.00,Chase,90,Kings Theatre,5554936,[],IRE,0,Turf,2026-04-12,660612,"{'runs': '2', 'wins': '1'}",21,B,0.00,25,IRE,IRE,,704406,Miss J Hosgood (2025-11-11),False,G,Soldier Of Fortune,False,Royal Choice,0,31438,9,0.00,,,False,Good,0,"{'runs': '1', 'wins': '1'}",0,Luggs
Wincanton,13:47,Visit Bridles Care Home Wincanton Handicap Chase (GBB Race),,3m1f,4,5yo+,0-115,"£5,149",3,Mahler Moon,8,gelding,3,,Fergal OBrien,Jonathan Burke,tp,False,156,104,122,109,5,223P12,"Ran well last week at Exeter, for all that only two got round (hampered by the faller)","Won 3m handicap hurdle at Newbury last March on good to soft; dug deepest to get off the mark over fences at Huntingdon (2m7f, good) and ran well last week at Exeter, for all that only two got round (he was hampered by the faller).","2026-03-18 | Mahler Moon | 4211315 | Weatherbys nhstallions.co.uk Novices' Handicap Chase (GBB Race) | 913430 | Huntingdon | 26 | 23.5 | 5189 | Mahler Moon never gave up and neither did Jonny Burke. He's enjoyed the better ground - Fergal O'Brien, trainer, speaking to Racing TV.",,64.29,True,12%,3m1f30y,5,"[{'trainer': 'Dan Skelton', 'trainer_id': 16270, 'change_date': '2024-10-17'}]",2018-04-10,1043875,91759,"{'runs': '13', 'wins': '1'}",5530,28,False,Miss Lillian Barry,96595,11%,,False,21,,915308,8%,-31.42,19%,IRE,26,https://www.racingpost.com/racecards/90/wincanton/2026-04-12/915308,4211315/mahler-moon,363034,"Withington, Gloucs",25,-43.76,Chase,90,Presenting,4211315,"[{'date': '2024-12-09', 'type': 'Wind Surgery'}, {'date': '2023-11-15', 'type': 'Wind Surgery'}, {'date': '2023-06-29', 'type': 'Wind Surgery'}]",GB,85,Turf,2026-04-12,660597,"{'runs': '8', 'wins': '1'}",62,B,-6.50,25,IRE,GB,,2868224,Mr & Mrs Gordon Pink (2025-10-06),False,G,Mahler,False,Celestial Spirit,2,13986,7,+4.23,,,False,Good,6,"{'runs': '0', 'wins': '0'}",10,Mrs K M Pink
Wincanton,14:20,Dot Tolson Memorial Handicap Hurdle,,3m½f,4,4yo+,0-120,"£4,621",3,Sinchi Roca,6,gelding,1,,Syd Hosie,Tom Bellamy,,False,160,116,126,110,19,291452,Form respected but he's never raced beyond 2m1f under rules,"Point winner on good ground over 2m4f; bumper winner on heavy and won his maiden here on soft (1m7f); nearly went in again in a Taunton novice last time but this is a huge hike in trip for only his second handicap, having never raced beyond 2m1f under rules.",,,60,True,10%,3m150y,0,"[{'trainer': 'Anthony Charlton', 'trainer_id': 15351, 'change_date': '2025-11-03'}, {'trainer': 'Eamonn ODonovan', 'trainer_id': 41942, 'change_date': '2025-02-03'}]",2020-04-01,7299,89945,"{'runs': '2', 'wins': '0'}",5430,5,False,D W Macauley,572721,11%,,False,0,,915309,18%,+1.75,0%,IRE,5,https://www.racingpost.com/racecards/90/wincanton/2026-04-12/915309,6829592/sinchi-roca,364237,"Sherborne, Dorset",28,-48.92,Hurdle,90,Gold Well,6829592,[],GER,98,Turf,2026-04-12,657490,"{'runs': '0', 'wins': '0'}",79,CH,-2.13,24.5,IRE,GB,,1599386,Cahill Hosie Van Der Horst (2025-11-03)||Syd Hosie (2025-02-17)||The Macauley Family (2025-02-03),False,G,Getaway,False,Quri,5,39321,9,-5.00,,,False,Good,0,"{'runs': '1', 'wins': '1'}",10,Cahill & Van Der Horst
Wincanton,14:20,Dot Tolson Memorial Handicap Hurdle,,3m½f,4,4yo+,0-120,"£4,621",3,Kitty Foyle,6,mare,2,,Daisy Hitchins,Robbie David,,False,160,116,125,112,139,0F-353,Headed to Kempton last time unproven over this far but saw it out fine to finish third,Flat/hurdle winner; headed to Kempton last time unproven over this far but saw it out fine to finish third of the nine runners (on good ground); solid chance off 1lb higher.,,,66.67,True,11%,3m150y,0,"[{'trainer': 'Jack Jones', 'trainer_id': 39483, 'change_date': '2024-06-25'}, {'trainer': 'Simon & Ed Crisford', 'trainer_id': 37478, 'change_date': '2024-01-29'}]",2020-04-27,24598,103590,"{'runs': '6', 'wins': '1'}",5430,6,False,Godolphin,589690,8%,,False,0,,915309,0%,+12.00,0%,IRE,5,https://www.racingpost.com/racecards/90/wincanton/2026-04-12/915309,5079223/kitty-foyle,300056,"Sherborne, Dorset",4,+18.00,Hurdle,90,Dubawi,5079223,[],IRE,18,Turf,2026-04-12,649434,"{'runs': '1', 'wins': '0'}",24,BR,-4.00,24.5,GB,IRE,5,1039092,The Gambie Gang (2024-06-25)||Rabbah Racing (2024-01-29),False,M,Teofilo,False,Kazimiera,0,41262,2,-5.00,,5,False,Good,0,"{'runs': '0', 'wins': '0'}",2,Troika Racing
Wincanton,14:20,Dot Tolson Memorial Handicap Hurdle,,3m½f,4,4yo+,0-120,"£4,621",3,Byzantium,6,gelding,3,,Paul Nicholls,Harry Cobden,ht,False,156,112,127,110,24,-61144,All wins on good ground; pulled hard over shorter last time but now Cobden takes over,All three wins on good ground; won a 2m3f handicap at Warwick pretty easily and followed up back in novice company; well held since but he was returning from a lengthy break when pulling way too hard to Ludlow last month (2m5f); will need to settle if he's to stay this far but Harry Cobden takes over.,,"Byzantium | 5424974 | Has been a revelation since finally learning to settle. With his preference for good ground we kept him on the go over the summer and a 3lb rise for his Newton Abbot success in June still left him on a workable handicap mark. He cut himself that day and had to have two months off so we were always playing catch-up a little bit. Can be a bit too fresh and keen for his own good, so Saturday's run at Ascot will help take the freshness out of him. Will definitely step up in trip next time. 04-11-25",58.33,True,31%,3m150y,7,"[{'trainer': 'Alain Couetil', 'trainer_id': 17733, 'change_date': '2023-11-01'}]",2020-04-08,1133921,94230,"{'runs': '7', 'wins': '2'}",5430,36,False,Ecurie Cap Orne & John Studd,545201,24%,,False,19,,915309,15%,-67.91,19%,FR,36,https://www.racingpost.com/racecards/90/wincanton/2026-04-12/915309,5424974/byzantium,350506,"Ditcheat, Somerset",34,-15.81,Hurdle,90,Saint Des Saints,5424974,"[{'date': '2024-07-31', 'type': 'Wind Surgery'}]",IRE,160,Turf,2026-04-12,851035,"{'runs': '0', 'wins': '0'}",246,GR,-9.24,24.5,FR,FR,,1204931,Chris Giles & Brendan McManus (2024-11-16)||John Studd (2024-03-05),False,G,Magneticjim,False,Ticket Holder,5,5767,60,-4.44,,,False,Good,7,"{'runs': '1', 'wins': '0'}",49,Brendan McManus
Wincanton,14:55,Bridles Care Home In Wincanton Maiden Hurdle (GBB Race),,1m7f,4,4yo+,,"£5,281",7,Eternity Rose,5,gelding,1,,Fergal OBrien,Jonathan Burke,,False,158,,104,75,20,3-4305,Made frame in three bumpers; place chance despite yet to get anything going over hurdles,"Made the frame in three bumpers but has yet to get anything going over hurdles; could do better in handicaps and he'll get a mark after this, but probably still has a place chance.",,,64.29,False,12%,1m7f50y,5,[],2021-05-07,31035,91759,"{'runs': '3', 'wins': '0'}",3350,28,False,Coln Valley Stud,87715,11%,,False,21,,915307,8%,-31.42,19%,GB,26,https://www.racingpost.com/racecards/90/wincanton/2026-04-12/915307,7200242/eternity-rose,287490,"Withington, Gloucs",25,-43.76,Hurdle,90,Midnight Legend,7200242,[],GB,85,Turf,2026-04-12,851134,"{'runs': '4', 'wins': '0'}",62,B,-6.50,15,GB,GB,,750806,,False,G,Time Test,False,Cinderella Rose,2,13986,7,+4.23,,,False,Good,6,"{'runs': '0', 'wins': '0'}",10,Coln Valley Partnership
Wincanton,14:55,Bridles Care Home In Wincanton Maiden Hurdle (GBB Race),,1m7f,4,4yo+,,"£5,281",7,Kilnew Supreme,5,gelding,2,,Paul Nicholls,NON-RUNNER,t,False,158,,112,,20,22,Not beaten far in a point or at this track in a bumper and maiden hurdle,All runs on good ground; runner-up in a 3m point and both a bumper and a maiden hurdle at his track (latterly after wind surgery); wasn't beaten far on any of those occasions and he's the standout danger to Siorai.,,Kilnew Supreme | 7365441 | His sire is starting to get some nice winners over jumps and this one was bought at the April sales after finishing runner-up in a 3m Irish maiden point-to-point. He'll start off in a bumper and then probably go novice hurdling. 04-11-25,58.33,False,-,1m7f50y,7,[],2021-05-20,1114382,74971,"{'runs': '2', 'wins': '0'}",3350,36,False,Miceal Anthony Sammon,84432,24%,,False,19,,915307,-,-67.91,19%,IRE,36,https://www.racingpost.com/racecards/90/wincanton/2026-04-12/915307,7365441/kilnew-supreme,364240,"Ditcheat, Somerset",0,0.00,Hurdle,90,Kings Theatre,7365441,"[{'date': '2025-11-24', 'type': 'Wind Surgery'}]",IRE,0,Turf,2026-04-12,897418,"{'runs': '2', 'wins': '0'}",246,B,0.00,15,IRE,IRE,,3461225,,True,G,Harzand,True,Littlemissfit,0,5767,60,-4.44,,,False,Good,7,"{'runs': '2', 'wins': '0'}",0,J Ellery
Wincanton,14:55,Bridles Care Home In Wincanton Maiden Hurdle (GBB Race),,1m7f,4,4yo+,,"£5,281",7,Louis Des Landes,5,gelding,3,,Joe Tizzard,Freddie Gingell,,False,158,,99,57,59,05,Pretty much tailed off in a bumper (good to firm) and on hurdle debut at Taunton (heavy),Pretty much tailed off in a bumper (good to firm) and on hurdle debut at Taunton (heavy); hard to make a case.,,,44,False,12%,1m7f50y,3,[],2021-04-13,1140662,101546,"{'runs': '0', 'wins': '0'}",3350,25,False,Dominique & Martine Bourgeais,468918,13%,,False,12,,915307,36%,-5.43,12%,FR,25,https://www.racingpost.com/racecards/90/wincanton/2026-04-12/915307,8414350/louis-des-landes,124817,"Milborne Port, Dorset",25,-7.00,Hurdle,90,Evening World,8414350,[],FR,73,Turf,2026-04-12,823699,"{'runs': '0', 'wins': '0'}",206,CH,+3.61,15,FR,FR,,856726,,False,G,Voiladenuo,False,Grandchampenoise,9,39475,27,-14.63,,,False,Good,3,"{'runs': '0', 'wins': '0'}",9,John and Heather Snook
Wincanton,14:55,Bridles Care Home In Wincanton Maiden Hurdle (GBB Race),,1m7f,4,4yo+,,"£5,281",7,Trooper,6,gelding,4,,Neil Mulholland,Richie McLernon,,False,158,,68,,16,86,Plenty of ability on the Flat but hasn't shown any of it in two runs over hurdles,"5-25 during Flat career on the continent so has ability, but hasn't shown any of it in two runs over hurdles.",,,54.84,False,13%,1m7f50y,5,"[{'trainer': 'Tom George', 'trainer_id': 8036, 'change_date': '2026-03-21'}, {'trainer': 'C Von Der Recke', 'trainer_id': 10048, 'change_date': '2025-12-05'}]",2020-04-30,1117672,83698,"{'runs': '1', 'wins': '0'}",3350,31,False,Eichenhof Zuchtkreis,21738,9%,,False,16,,915307,11%,-79.29,17%,GER,30,https://www.racingpost.com/racecards/90/wincanton/2026-04-12/915307,8498832/trooper,366319,"Limpley Stoke, Wilts",18,-21.89,Hurdle,90,Soviet Star,8498832,[],IRE,47,Turf,2026-04-12,771042,"{'runs': '0', 'wins': '0'}",163,CH,-6.27,15,GER,USA,,797478,T R George (2026-01-02)||Stall Tommy (2025-12-05),False,G,Hunters Light,False,Tipsy Tangerine,2,20451,14,-6.22,,,False,Good,5,"{'runs': '0', 'wins': '0'}",6,Forte Sports
Wincanton,14:55,Bridles Care Home In Wincanton Maiden Hurdle (GBB Race),,1m7f,4,4yo+,,"£5,281",7,La Cadalora,5,mare,5,,Harry Fry,Bryan Carver,ht,True,151,,104,84,38,7,Respected on Flat form as she'll stay okay; tongue-tie fitted after quiet hurdle debut,Showed ability without winning for James Fanshawe and stayed 1m6f; never counted on her hurdling debut here (good to soft; 28-1) and a tongue-tie now joins the regular hood; could fare better.,,,44.44,False,5%,1m7f50y,2,"[{'trainer': 'James Fanshawe', 'trainer_id': 4540, 'change_date': '2026-02-27'}]",2021-02-24,492,96526,"{'runs': '0', 'wins': '0'}",3350,10,False,Newsells Park Stud,657462,7%,,False,20,,915307,38%,-39.42,22%,GB,9,https://www.racingpost.com/racecards/90/wincanton/2026-04-12/915307,5431204/la-cadalora,368686,"Corscombe, Dorset",16,-41.80,Hurdle,90,Holy Roman Emperor,5431204,[],IRE,77,Turf,2026-04-12,748243,"{'runs': '1', 'wins': '0'}",57,B,+25.85,15,IRE,IRE,,811705,Mrs A M Swinburn (2026-02-27),False,M,Nathaniel,False,Royal Empress,6,27170,4,+2.73,,,False,Good,2,"{'runs': '1', 'wins': '0'}",4,Beckford Chasers
Wincanton,14:55,Bridles Care Home In Wincanton Maiden Hurdle (GBB Race),,1m7f,4,4yo+,,"£5,281",7,Pivotal Days,4,gelding,6,,Syd Hosie,Ciaran Gethings,,False,150,,,,,,1-12 on the Flat; not bred for hurdles and might not stay,"7f winner on heavy ground for Ed Walker, his only win in 11 runs for that yard; joined this one for 7,500gns and finished last in a 1m Class 5 handicap at Chelmsford a month ago; not bred for hurdles and might not stay.",,,60,False,6%,1m7f50y,0,"[{'trainer': 'Ed Walker', 'trainer_id': 23926, 'change_date': '2026-03-02'}]",2022-04-17,1053981,92564,"{'runs': '0', 'wins': '0'}",3350,5,False,Laundry Cottage Stud Farm,529902,11%,,False,0,,915307,14%,+1.75,0%,GB,5,https://www.racingpost.com/racecards/90/wincanton/2026-04-12/915307,5708811/pivotal-days,340655,"Sherborne, Dorset",14,-22.50,Hurdle,90,Noverre,5708811,[],GB,33,Turf,2026-04-12,2223782,"{'runs': '0', 'wins': '0'}",79,B,+0.50,15,GB,USA,,697782,Ms A Lau (2026-03-02),False,G,Mohaather,False,Wake Up Call,2,39321,9,-5.00,,,False,Good,0,"{'runs': '0', 'wins': '0'}",2,Mrs Kate Kenyon & Syd Hosie
Wincanton,14:55,Bridles Care Home In Wincanton Maiden Hurdle (GBB Race),,1m7f,4,4yo+,,"£5,281",7,Blue Siam,4,filly,7,,Syd Hosie,Paddy Hanlon,h,True,143,,94,73,15,5,Modest Flat maiden; behind Siorai when tailed off at Stratford two weeks ago; hood added,Modest Flat maiden; well behind Siorai when tailed off at Stratford two weeks ago; hood added.,,,60,False,7%,1m7f50y,0,"[{'trainer': 'Hugo Palmer', 'trainer_id': 25009, 'change_date': '2026-03-07'}]",2022-03-12,1126378,102840,"{'runs': '1', 'wins': '0'}",3350,5,False,Ms Mary Gallagher,606745,11%,,False,0,,915307,8%,+1.75,0%,IRE,5,https://www.racingpost.com/racecards/90/wincanton/2026-04-12/915307,6296530/blue-siam,212202,"Sherborne, Dorset",12,-6.50,Hurdle,90,Manduro,6296530,[],IRE,15,Turf,2026-04-12,1025027,"{'runs': '0', 'wins': '0'}",79,B,-2.50,15,IRE,GER,5,4259416,C R Hirst & M Owen (2026-03-07),False,F,Blue Point,False,Golden Temps,1,39321,9,-5.00,,5,False,Good,0,"{'runs': '0', 'wins': '0'}",1,The Summer Club
Wincanton,14:55,Bridles Care Home In Wincanton Maiden Hurdle (GBB Race),,1m7f,4,4yo+,,"£5,281",7,Siorai,4,filly,8,,Harry Derham,Harry Reed,ht,False,143,,123,112,15,52,Easily best of the rest at Stratford when second to a long odds-on winner; the one to beat,"Some promise in 1m2f/1m4f maidens for Jim Bolger; has raced freely in both her races over hurdles, despite the hood going on last time at Stratford where she was easily the best of the rest behind a long odds-on winner; a 4yo filly receiving all the allowances and looks hard to beat.",,,50,False,3%,1m7f50y,1,"[{'trainer': 'J S Bolger', 'trainer_id': 995, 'change_date': '2026-02-05'}]",2022-04-04,3150,93277,"{'runs': '1', 'wins': '0'}",3350,14,False,J S Bolger,531769,24%,,False,7,,915307,11%,+4.00,7%,IRE,14,https://www.racingpost.com/racecards/90/wincanton/2026-04-12/915307,7378565/siorai,367839,"Upper Lambourn, Berks",9,-24.00,Hurdle,90,Galileo,7378565,[],IRE,39,Turf,2026-04-12,1266576,"{'runs': '0', 'wins': '0'}",41,BR,-5.50,15,IRE,IRE,,678448,Mrs J S Bolger (2026-02-05),False,F,Masar,False,Solas Na Greine,1,40085,10,-10.25,,,False,Good,1,"{'runs': '0', 'wins': '0'}",1,Mundy Group Ltd
Wincanton,15:27,Bridles New Luxury Care Home Handicap Chase,,1m7½f,5,5yo+,0-105,"£3,829",6,Calgary Tiger,11,gelding,1,,William de Best-Turner,Brendan Powell,,False,168,100,105,95,29,33-F55,Offered little following a year out but this is a much easier race than he's accustomed to,"Front-runner who hasn't offered a great deal since returning from nearly a year out and it's seldom easy for veterans to rediscover their form; however, this is a much easier race than he's accustomed to.","2023-03-03 | Calgary Tiger | 2418434 | West Berkshire Mencap Handicap Chase (For The Geoffrey Gilbey Trophy) | 832389 | Newbury | 36 | 16.5 | 3612 | Ben just clicks with Calgary Tiger and gets on with him so well. He's not an easy horse to hang on to and a couple of jockeys have tried to, but Ben has a great rapport with him. We'll go for a third win. I didn't want to run him too soon after Wincanton last time and I'll give him a similar gap. We've won a Class 4 and 3 now, so we'll look for a Class 2. William de Best-Turner, trainer",,0,True,13%,1m7f149y,0,[],2015-04-26,1047107,90406,"{'runs': '5', 'wins': '1'}",3449,1,False,W De Best-Turner,94673,25%,,False,0,,915310,0%,+47.00,0%,GB,1,https://www.racingpost.com/racecards/90/wincanton/2026-04-12/915310,2418434/calgary-tiger,100785,"Lambourn, Berks",30,-55.44,Chase,90,Celtic Swing,2418434,[],GB,206,Turf,2026-04-12,521086,"{'runs': '12', 'wins': '2'}",4,B,-30.00,15.5,GB,GB,,538845,,False,G,Tiger Groom,False,Sachiko,0,13707,1,-1.00,,,False,Good,0,"{'runs': '2', 'wins': '1'}",26,W De Best-Turner
Wincanton,15:27,Bridles New Luxury Care Home Handicap Chase,,1m7½f,5,5yo+,0-105,"£3,829",6,Redbridge Rambler,8,gelding,2,,Martin Keighley,Tom Bellamy,,False,167,99,104,84,105,-P4234,This trip is on the tight side but he's in a weak race and might be ridden forcefully,Suited by good or quicker ground; similar sort of form in his last four races in handicaps from 2m4f to 3m1f; this trip is on the tight side but he's in a weak race and might be ridden forcefully.,"2025-03-20 | Redbridge Rambler | 4725808 | Glidevale Protect Handicap Chase | 888309 | Chepstow | 12 | 23.5 | 5191 | To carry that weight was a really good performance. It was almost like a summer's day today and Redbridge Rambler loves having the sun on his back and good ground. He comes alive at this time of the season. James [Best] gave him a lovely ride ? he never got tempted in going for glory too early and timed it to perfection - Martin Keighley, trainer.","Redbridge Rambler | 4725808 | He ran well at Hereford on his last run. He suffers from stomach ulcers, but we seem to have got on top of those now. He's put two good runs together now and, on the back of his third last time out, he should be winning again soon. When he goes and wins, he looks impressive, like at Ascot and Chepstow. It's just trying to get him back in that top form, but he seems to be getting there. 12-11-25",20,True,10%,1m7f149y,1,[],2018-05-29,1106193,89945,"{'runs': '14', 'wins': '2'}",3449,5,False,Mrs A L Merry & Mr Brett Merry,77411,27%,,False,20,,915310,18%,+14.00,20%,IRE,5,https://www.racingpost.com/racecards/90/wincanton/2026-04-12/915310,4725808/redbridge-rambler,187609,"Luckley, Gloucs",28,-48.92,Chase,90,Kadastrof,4725808,[],GB,98,Turf,2026-04-12,660597,"{'runs': '7', 'wins': '0'}",15,B,-2.13,15.5,GB,FR,,736600,,False,G,Mahler,False,Entertain Me,5,15642,4,+5.00,,,False,Good,1,"{'runs': '0', 'wins': '0'}",10,David Maughan
Wincanton,15:27,Bridles New Luxury Care Home Handicap Chase,,1m7½f,5,5yo+,0-105,"£3,829",6,No Guarantee,6,gelding,3,,Alexander Gibbons,James Turner,tv,False,152,84,,,25,11563P,Capable hurdler but didn't look a natural on last month's chase debut and was pulled up,"Dual hurdle winner and only 2lb higher than for his win at Hereford in December; however, didn't look a natural on last month's chase debut and was pulled up.",,,,True,0%,1m7f149y,0,"[{'trainer': 'Max Comley', 'trainer_id': 35548, 'change_date': '2025-10-27'}, {'trainer': 'Cynthia Woods', 'trainer_id': 17107, 'change_date': '2025-06-11'}]",2020-03-04,1641,99065,"{'runs': '14', 'wins': '0'}",3449,1,False,Littleton Stud,596550,0%,,False,0,,915310,50%,-4.00,-,GB,0,https://www.racingpost.com/racecards/90/wincanton/2026-04-12/915310,5355677/no-guarantee,286444,"Broad Hinton, Wilts",2,-10.00,Chase,90,Fastnet Rock,5355677,[],IRE,10,Turf,2026-04-12,898611,"{'runs': '14', 'wins': '2'}",4,B,+4.00,15.5,GB,AUS,5,964632,S W Racing (2025-10-27)||High Weald Racing (2025-06-11)||G Woods (2023-11-03),False,G,The Gurkha,False,Tropical Rock,1,35896,0,0.00,,5,False,Good,0,"{'runs': '2', 'wins': '0'}",0,Alexander Gibbons
Wincanton,15:27,Bridles New Luxury Care Home Handicap Chase,,1m7½f,5,5yo+,0-105,"£3,829",6,Daany,9,gelding,4,,Joe Tickle,Bryan Carver,h,False,148,80,,,19,-P5780,Struggled under both codes after a year out; this is a belated first attempt at chasing,"Three-time Flat winner and successful four times over hurdles; however, hasn't been running all that well under either code following a year on the sidelines and this is a belated first attempt at chasing.",,,50,True,5%,1m7f149y,0,"[{'trainer': 'Adam West', 'trainer_id': 32235, 'change_date': '2022-12-06'}, {'trainer': 'Mitchell Hunt', 'trainer_id': 38394, 'change_date': '2021-08-07'}, {'trainer': 'Kevin Bishop', 'trainer_id': 649, 'change_date': '2021-05-06'}, {'trainer': 'Owen Burrows', 'trainer_id': 31779, 'change_date': '2021-03-05'}]",2017-01-27,12571,96526,"{'runs': '8', 'wins': '2'}",3449,4,False,Shadwell Estate Company Limited,564704,11%,,False,0,,915310,38%,-2.50,0%,IRE,4,https://www.racingpost.com/racecards/90/wincanton/2026-04-12/915310,3161512/daany,339623,"Stoodleigh, Devon",16,-41.80,Chase,90,Clodovil,3161512,"[{'date': '2025-06-10', 'type': 'Wind Surgery'}]",GB,77,Turf,2026-04-12,107700,"{'runs': '16', 'wins': '2'}",19,B,+25.85,15.5,IRE,IRE,,841083,Duckhaven D Kenealy W Sprigg M Sprigg (2024-01-04)||Ownaracehorse And Tom Cusden (2022-12-06)||T Cusden (2022-04-04)||Mrs P Hunt (2021-08-07)||Hamdan Al Maktoum (2021-03-05),False,G,Pivotal,False,Ejadah,6,29286,2,-4.00,,,False,Good,0,"{'runs': '6', 'wins': '1'}",4,Duckhaven D Kenealy W Sprigg M Sprigg
Wincanton,15:27,Bridles New Luxury Care Home Handicap Chase,,1m7½f,5,5yo+,0-105,"£3,829",6,Richforadaay,6,gelding,5,,I Chanin,Ciaran Gethings,,False,144,76,99,83,25,9004,Beaten 14l on chase/handicap debut but was backed and ran well to a point,"Lightly raced maiden but he was backed on last month's chase/handicap debut at Hereford (2m, good) and ran well to a point (beaten 14l); could build on that.",,,0,True,6%,1m7f149y,0,"[{'trainer': 'Robert Chanin', 'trainer_id': 17025, 'change_date': '2026-01-09'}]",2020-03-09,1112838,92564,"{'runs': '1', 'wins': '0'}",3449,2,False,John & Paul Frampton,96075,0%,,False,0,,915310,14%,-6.00,0%,GB,2,https://www.racingpost.com/racecards/90/wincanton/2026-04-12/915310,7169760/richforadaay,342811,"Tiverton, Devon",14,-22.50,Chase,90,Anabaa,7169760,[],IRE,33,Turf,2026-04-12,861261,"{'runs': '4', 'wins': '0'}",6,B,+0.50,15.5,GB,USA,,661140,,False,G,Adaay,False,Small Fortune,2,30754,0,-2.00,,,False,Good,0,"{'runs': '3', 'wins': '0'}",2,John Frampton & Michele Frampton
Wincanton,15:27,Bridles New Luxury Care Home Handicap Chase,,1m7½f,5,5yo+,0-105,"£3,829",6,My Rockstar,10,gelding,6,,Helen Rees,Ben Godfrey,,False,143,75,105,91,11,245-45,A weakener in 2m4f chases here on last two outings; the drop back in trip could help,Record of 2-16 over fences; beaten about 11l in two 2m4f handicaps here since an absence and there are positives to take out of both those runs; this drop back in trip could help.,,,0,True,8%,1m7f149y,0,"[{'trainer': 'Sam Thomas', 'trainer_id': 31438, 'change_date': '2021-12-23'}, {'trainer': 'Patrick Eugene Turley', 'trainer_id': 37639, 'change_date': '2021-06-15'}]",2016-04-02,1041064,96166,"{'runs': '11', 'wins': '1'}",3449,1,False,Butlersgrove Stud,105810,13%,,False,0,,915310,0%,+0.50,0%,IRE,1,https://www.racingpost.com/racecards/90/wincanton/2026-04-12/915310,3232207/my-rockstar,62675,"Chalmington, Dorset",8,-3.50,Chase,90,Shantou,3232207,[],FR,96,Turf,2026-04-12,820054,"{'runs': '4', 'wins': '0'}",8,B,-8.00,15.5,IRE,USA,,3232237,Beswick Brothers Bloodstock (2021-12-23)||Mrs Patrick Turley (2021-06-15),False,G,Valirann,False,All Notoriety,0,10850,1,-1.00,,,False,Good,0,"{'runs': '8', 'wins': '1'}",8,Mrs H E Rees
Wincanton,16:00,Bridles Care Home In Wincanton Handicap Hurdle,,2m5½f,3,4yo+,0-130,"£10,562",6,John Barbour,7,gelding,1,,Fergal OBrien,Jonathan Burke,t,False,168,128,129,122,29,41212P,First blip for a while last time at Uttoxeter; definite chance if back on song,Has done well since raised to 2m4f and narrowly beaten at Ascot on his penultimate start by one who was well handicapped; beaten too far out at Uttoxeter last time to blame the longer trip (2m7f) but definite chance at this level if he's back on his game.,"2025-12-31 | John Barbour | 5889967 | Simply Logistics Handicap Hurdle | 909528 | Uttoxeter | 84 | 20 | 4387 | I'm delighted with that. John Barbour was great again and he's been a fantastic syndicate horse for us. He's a quirky horse, but I think he likes the long straight at Uttoxeter and when he turns up and does his job, he's very good. Jonny [Burke] knows him very well and that's important to him. You don't want to get in front too soon, but sometimes he travels well enough that you have to. He's backed up the Leicester run great, especially as that was a hard race and not that long ago - Fergal O'Brien, trainer.||2025-03-22 | John Barbour | 5889967 | John Haine Memorial Novices' Hurdle (GBB Race) | 888351 | Newbury | 36 | 16.5 | 3589 | John Barbour is full of ability but he's very quirky. When he won his first bumper he beat some lovely horses and then the next day didn't really go to plan. He then travelled and jumped all at Ludlow. If you could guarantee he could focus his mind he'd be a very good horse. Johnny [Burke] does a brilliant job on him. He's the sort of horse we might look at the Persian War with. We'll run him again because he needs experience, even if he's beaten - Fergal O'Brien, trainer.",,64.29,True,12%,2m5f82y,5,"[{'trainer': 'Tom George', 'trainer_id': 8036, 'change_date': '2024-11-11'}]",2019-05-08,1078972,91759,"{'runs': '6', 'wins': '2'}",4702,28,False,Mr & Mrs R Kelvin-Hughes,96595,11%,,False,21,,915306,8%,-31.42,19%,GB,26,https://www.racingpost.com/racecards/90/wincanton/2026-04-12/915306,5889967/john-barbour,351666,"Withington, Gloucs",25,-43.76,Hurdle,90,Presenting,5889967,"[{'date': '2025-08-26', 'type': 'Wind Surgery'}]",IRE,85,Turf,2026-04-12,583841,"{'runs': '1', 'wins': '0'}",62,B,-6.50,21.5,IRE,GB,,704170,Mr & Mrs R Kelvin-Hughes (2024-11-11),False,G,Yeats,False,Lindeman,2,13986,7,+4.23,,,False,Good,6,"{'runs': '0', 'wins': '0'}",10,Old Gold Racing 26
Wincanton,16:00,Bridles Care Home In Wincanton Handicap Hurdle,,2m5½f,3,4yo+,0-130,"£10,562",6,Doc McCoy,8,gelding,2,,Jamie Snowden,Isabelle Ryder,,False,165,125,130,128,168,12021P,Off since October; bit to prove off this mark even if returning in good order,"Strike-rate of 5-12 over hurdles and won easily at Warwick (2m5f, good) before pulling up at Ascot in October; he does have a bit to prove off this mark even if returning in good order.","2025-05-22 | Doc McCoy | 4173233 | Adept GRP Cabinets Conditional Jockeys' Handicap Hurdle | 894096 | Ffos Las | 1212 | 20 | 4400 | Doc McCoy comes from a showjumping background, so she's very good over obstacles. I hope she can keep progressing - Jamie Snowden, trainer.||2023-10-30 | Doc McCoy | 4173233 | Premier League Offers At Rhino.Bet Maiden Hurdle (GBB Race) | 850745 | Huntingdon | 26 | 19.5 | 4317 | It's a shame Doc McCoy didn't win his bumper, but he has always been a proper jumper. He is an embryonic chaser as he won a point-to-point at Great Trethew. He bowled along in front when he won his point-to-point so we thought we would let him bowl along and make it a test. We could aim him at the EBF Final at Sandown in March. That  is probably his kind of race as it suits proper staying chasers. That will probably be his target - Jamie Snowden, trainer.","Doc McCoy | 4173233 | He's been an absolute legend. I think he's run 13 times since Christmas, and he's won four of them. He loves good ground and staying trips, and hopefully he'll continue to be a lot of fun. He'll probably have a winter holiday and come back for the spring. 05-11-25||Doc McCoy | 4173233 | Novice hurdling is the plan for him and he jumps well, while he performed to a good level in his bumpers, finishing in the places on all three starts. It was a shame he didn't win one, but Datsalrightgino didn't either. 28-09-23",46.67,True,22%,2m5f82y,3,"[{'trainer': 'Ian Chanin', 'trainer_id': 30167, 'change_date': '2022-10-05'}]",2018-04-03,1052997,101293,"{'runs': '10', 'wins': '4'}",4702,15,False,Donie OBrien,462135,18%,,False,20,,915306,30%,-8.15,20%,IRE,15,https://www.racingpost.com/racecards/90/wincanton/2026-04-12/915306,4173233/doc-mccoy,236482,"Lambourn, Berks",10,-1.25,Hurdle,90,Oscar,4173233,[],GER,9,Turf,2026-04-12,657490,"{'runs': '4', 'wins': '2'}",34,CH,+7.50,21.5,IRE,IRE,5,943799,Ian Chanin Tom Hooper Peter Kingwell & Mark Booth (2022-10-19),False,G,Getaway,False,Salvatrice,3,20814,6,+1.00,,5,False,Good,3,"{'runs': '0', 'wins': '0'}",2,League Of Nations
Wincanton,16:00,Bridles Care Home In Wincanton Handicap Hurdle,,2m5½f,3,4yo+,0-130,"£10,562",6,Nardaran,5,gelding,3,,Paul Nicholls,Harry Cobden,tp,False,164,124,130,117,29,-11P66,Latest run at Kempton was more encouraging and 2m5f is worth persevering with,"Won two small-field handicaps at 2m (good to soft) in the autumn; hasn't kicked on, though latest run at Kempton was more encouraging and 2m5f is worth persevering with.","2025-10-20 | Nardaran | 6005950 | Bet Goodwin Handicap Hurdle | 904322 | Plumpton | 44 | 16 | 3495 | It wasn't a great bit of riding down to the last. I think I asked Nardaran up when there was nothing there, but he's a lovely horse and has improved a lot for the summer - Harry Cobden, speaking to Sky Sports Racing.","Nardaran | 6005950 | An ex-Aga Khan Flat horse in France, he ran a shocker at Musselburgh in February when a lot of ours were under a cloud, before getting off the mark at Taunton. He was over the top when making no show in the novice hurdle final at Sandown on the final day. He had a breathing operation in the close season and a summer out clearly did him the world of good, as he came back at Plumpton last month and put up a really tidy performance to win a handicap hurdle. Cobby must have been impressed by him at home because he had stuck him in his Six to Follow in our stable horses-to-follow competition. I was impressed, too, with what I saw the other day and we'll look to raise him a bit in grade next time. There's quite a valuable handicap hurdle at Plumpton a fortnight on Monday. 04-11-25",58.33,True,31%,2m5f82y,7,"[{'trainer': 'F-H Graffard', 'trainer_id': 26118, 'change_date': '2024-07-03'}]",2021-04-28,16049,94230,"{'runs': '4', 'wins': '0'}",4702,36,False,S A Aga Khan,589690,24%,,False,19,,915306,15%,-67.91,19%,FR,36,https://www.racingpost.com/racecards/90/wincanton/2026-04-12/915306,6005950/nardaran,173878,"Ditcheat, Somerset",34,-15.81,Hurdle,90,Dubawi,6005950,"[{'date': '2025-06-16', 'type': 'Wind Surgery'}]",GB,160,Turf,2026-04-12,1132517,"{'runs': '2', 'wins': '0'}",246,B,-9.24,21.5,IRE,IRE,,837771,H H Aga Khan (2024-12-21),False,G,Waldgeist,False,Narniyn,5,5767,60,-4.44,,,False,Good,7,"{'runs': '0', 'wins': '0'}",49,Martin Broughton & Friends 2
Wincanton,16:00,Bridles Care Home In Wincanton Handicap Hurdle,,2m5½f,3,4yo+,0-130,"£10,562",6,Reallyntruthfully,7,gelding,4,,Kim Bailey & Mat Nicholls,Tom Bellamy,,False,163,123,128,,42,19-16P,On a fair mark for this return to hurdles and has a strike-rate of 2-6 in this discipline,Chase campaign aborted after two forgettable efforts since a winning start in October (2m3f); on a fair mark for this return to hurdles and has a strike-rate of 2-6 in this discipline.,,"Reallyntruthfully | 5019581 | He's a solid English point-to-pointer and we're waiting for a handicap mark to go chasing. I like him and think he's all right. 19-11-24||Reallyntruthfully | 5019581 | He bolted up at Fontwell first time over fences and we shouldn't have run him at Exeter in November. He'd travelled to Bangor two days before but the ground was too bad and we took him out, and then we took him to Exeter. He wouldn't be the most robust of horses and didn't like the soft ground but has had a bit of a break since and we'll be looking for some respectable ground in January. 24-12-25",62.5,True,10%,2m5f82y,1,"[{'trainer': 'Kim Bailey', 'trainer_id': 695, 'change_date': '2025-01-13'}, {'trainer': 'Tom Ellis', 'trainer_id': 20164, 'change_date': '2024-03-26'}]",2019-05-26,1038129,89945,"{'runs': '4', 'wins': '1'}",4702,8,False,Arctic Tack Stud,99911,20%,,False,13,,915306,18%,-3.00,13%,IRE,8,https://www.racingpost.com/racecards/90/wincanton/2026-04-12/915306,5019581/reallyntruthfully,342633,"Cheltenham, Gloucs",28,-48.92,Hurdle,90,Heron Island,5019581,[],GB,98,Turf,2026-04-12,761950,"{'runs': '3', 'wins': '2'}",10,B,-2.13,21.5,IRE,IRE,,750383,,False,G,Jet Away,False,Style Of Campile,5,42023,2,-3.00,,,False,Good,1,"{'runs': '0', 'wins': '0'}",10,Nothingbutthetruth
Wincanton,16:00,Bridles Care Home In Wincanton Handicap Hurdle,,2m5½f,3,4yo+,0-130,"£10,562",6,Khafre,6,gelding,5,,Syd Hosie,Paddy Hanlon,,False,163,123,129,109,19,7411,"Back-to-back wins at Taunton, the latest on handicap debut; looking progressive",Seems to be improving having followed up his novice success with another 2m3f win at Taunton 19 days ago (handicap debut; good); Paddy Hanlon rides again off a 5lb higher mark; this 3m Irish point winner is much respected.,,,60,True,7%,2m5f82y,0,[],2020-04-19,1079299,102840,"{'runs': '1', 'wins': '1'}",4702,5,False,E A R L De Faydeau,563239,11%,,False,0,,915306,8%,+1.75,0%,FR,5,https://www.racingpost.com/racecards/90/wincanton/2026-04-12/915306,6671023/khafre,368370,"Sherborne, Dorset",12,-6.50,Hurdle,90,Nickname,6671023,[],IRE,15,Turf,2026-04-12,692957,"{'runs': '0', 'wins': '0'}",79,B,-2.50,21.5,FR,FR,5,903895,Frosell Hosie Kellaway-Moore Trembath (2026-02-20),False,G,Cima De Triomphe,False,Beyonce Du Lys,1,39321,9,-5.00,,5,False,Good,0,"{'runs': '1', 'wins': '0'}",1,C R Trembath & R Frosell
Wincanton,16:00,Bridles Care Home In Wincanton Handicap Hurdle,,2m5½f,3,4yo+,0-130,"£10,562",6,Time To Bite,11,gelding,6,,Chris Honour,Bryan Carver,b,False,149,109,132,110,37,211413,Most wins and best form are over fences but he did win his last race over hurdles,"Most wins and best form are over fences and he ran pretty well at Exeter last month; the time before, in October, he won a small-field handicap hurdle at Exeter off his much lower hurdle mark (now 3lb higher); could have some part to play.",,,,True,5%,2m5f82y,0,"[{'trainer': 'L J Archdeacon', 'trainer_id': 11584, 'change_date': '2022-08-16'}]",2015-05-14,21728,96526,"{'runs': '21', 'wins': '6'}",4702,0,False,Barry Murphy,163,0%,,False,,,915306,38%,-10.00,-,IRE,0,https://www.racingpost.com/racecards/90/wincanton/2026-04-12/915306,2653194/time-to-bite,335190,"Ashburton, Devon",16,-41.80,Hurdle,90,Rakaposhi King,2653194,[],IRE,77,Turf,2026-04-12,603566,"{'runs': '8', 'wins': '3'}",10,B,+25.85,21.5,GB,GB,,685663,C Honour (2023-09-13)||Gerard John Murphy (2022-08-16),False,G,Scorpion,False,Time To Act,6,30179,0,0.00,,,False,Good,0,"{'runs': '0', 'wins': '0'}",4,The Chris Honour Racing Club
Wincanton,16:30,Bruton Mares' Handicap Chase (GBB Race),,1m7½f,3,5yo+,0-140,"£13,203",4,Queens Gamble,8,mare,1,,Harry Derham,Paul OBrien,,False,168,131,132,113,43,9-3312,"A winner at Listed level in bumpers, over hurdles and fences; recent efforts very solid","A winner at Listed level in bumpers, over hurdles and fences; jumped particularly well when flooring odds-on Bluey here in February (heavy) and again ran well behind a sharp improver at Doncaster six weeks ago (soft; off 1lb higher); has won on good ground; very solid.","2026-02-14 | Queens Gamble | 4251616 | BetMGM Agatha Christie Mares' Novices' Chase (Listed Race) (GBB Race) | 913147 | Wincanton | 90 | 15.5 | 3449 | I think this will probably be Queens Gamble's last season. She's going to have an appointment with Golden Horn at some stage. She's an incredibly important mare for the Frost and Galvin family. They've always wanted to run her; they've been very sporting with her, and I'd love to run her again somewhere nice in the spring. We'll thoroughly enjoy this because a lot of people have put a lot of work into her, and it's satisfying for them - Harry Derham, trainer.||2023-12-30 | Queens Gamble | 4251616 | Byerley Stud Mares' Novices' Hurdle (Listed Race) (GBB Race) | 855404 | Taunton | 73 | 16.5 | 3624 | I was very happy with her performance. I'd hate to say exactly what's next without speaking to Alex and Ed, but I'd imagine Queens Gamble will go straight to Cheltenham. She's a dual winner round the track in bumpers and I don't think she needs to run again, but I'll speak to her owners to confirm that - Harry Derham, trainer.||2023-11-13 | Queens Gamble | 4251616 | Watch Racing TV Novices' Hurdle (GBB Race) | 851871 | Kempton | 28 | 16 | 3520 | That was good and Queens Gamble is obviously a good mare. I'm always nervous when you bring a horse to the races that is not fully wound up that it will catch them out. Johnny (Burke) and I said last night if she is as good as we hope then she won't need to be fully wound up today. A day in March is the time we need to have her right as the mares' novices' hurdle at the Cheltenham Festival will be absolutely made for her. She has won at Cheltenham before so we just need to plot our way there - Harry Derham, trainer.trainer.||2023-05-01 | Queens Gamble | 4251616 | eventmasters.co.uk Mares' Maiden Hurdle (GBB Race) | 837153 | Warwick | 85 | 16 | 3520 | You're on a hiding to nothing at those odds and it's a case of job done. Queens Gamble schooled well at home but will improve for the experience. She'll have a break now. Brian [Hughes] felt she would be fine over two and a half miles -   Oliver Sherwood, trainer||2022-04-14 | Queens Gamble | 4251616 | Spreadex Sports Betting Mares' Open National Hunt Flat Race (Category 1 Elimination) (GBB Race) | 807293 | Cheltenham | 11 | 17 | 3699 | What you see at home you don't necessarily see on the racecourse, I've been at it long enough to know that, but it was nice to see that. I'm chuffed for Alex (Frost, joint-owner), to do it as a home-bred, he was in floods of tears. Queens Gamble travelled great and was just so professional, I thought she'd be a bit weak. She wants the better ground and will be a stronger mare next season - Oliver Sherwood, trainer.","Queens Gamble | 4251616 | I was extremely pleased with how she took to chasing at Bangor first time out - she just got tired from the back of the third-last. She'll improve massively as she had two bouts of colic in a torrid summer, but she showed the ability is still there. There's a Listed mares' novice chase in the middle of December at Warwick over two and a half miles and that would be her target this side of Christmas. She's not had much luck, but I think she could get black type over fences. 19-11-25||Queens Gamble | 4251616 | She's in good nick. Her schooling has been good and she'll run on November 9 at Newbury with the plan to go to their Winter Carnival on December 4 for the mares' Listed hurdle. She didn't jump very well on her hurdling debut at Warwick, so I want to get another run into her before she goes into Listed company. She's in good form. 18-10-23",50,True,17%,1m7f149y,1,"[{'trainer': 'Oliver Sherwood', 'trainer_id': 188, 'change_date': '2023-10-01'}]",2018-02-25,1076171,92112,"{'runs': '4', 'wins': '4'}",3449,14,False,Ardmulchan Stud,547525,24%,,False,7,,917094,17%,+4.00,7%,IRE,14,https://www.racingpost.com/racecards/90/wincanton/2026-04-12/917094,4251616/queens-gamble,316167,"Upper Lambourn, Berks",12,+23.25,Chase,90,Hawk Wing,4251616,[],GER,59,Turf,2026-04-12,657490,"{'runs': '9', 'wins': '5'}",41,CH,-5.63,15.5,IRE,USA,,834408,,False,M,Getaway,False,Gambling Girl,2,40085,10,-10.25,,,False,Good,1,"{'runs': '1', 'wins': '1'}",10,A Frost And E Galvin
Wincanton,16:30,Bruton Mares' Handicap Chase (GBB Race),,1m7½f,3,5yo+,0-140,"£13,203",4,Somespring Special,8,mare,2,,Philip Hobbs & Johnson White,Harry Cobden,t,False,162,125,134,124,29,-2F315,Likeable mare but on a career-high mark and this trip is another slight query,"4-14 over fences; October's Chepstow win (2m3f, good) triggered this career-high mark, off which she was found wanting by some way at Kempton, admittedly in a useful handicap; this shorter trip is another slight query.","2024-04-18 | Somespring Special | 4305379 | NAF Mares' Handicap Chase | 863277 | Cheltenham | 11 | 16.5 | 3582 | That was very good. Somespring Special is better on that ground and I was really pleased with how she travelled and went like a two-miler - at Plumpton she found it all very fast. She was economical over her fences too. It was a bit of a chuckaway entry at first but when she won at Plumpton we thought she had to run. I was shocked by her price, I usually have a good idea what they'll go off, but I thought she'd be much bigger - Anthony Honeyball, trainer.",Somespring Special | 4305379 | She won really nicely at Chepstow's big meeting last month and she's on her winter break now. We'll get her back for a spring campaign. She's a nice mare and will win more races. 20-11-25||Somespring Special | 4305379 | She's going chasing this season and we're hoping she can progress up to competing in Listed mares' novice chases. She'll need to improve but there's some 0-120s and hopefully she'd be ready in time for those. 12-10-23,50,True,31%,1m7f149y,1,"[{'trainer': 'Chris Gordon', 'trainer_id': 19837, 'change_date': '2025-03-18'}, {'trainer': 'Anthony Honeyball', 'trainer_id': 18639, 'change_date': '2024-07-15'}, {'trainer': 'Max Young', 'trainer_id': 35752, 'change_date': '2022-11-07'}]",2018-02-09,1116830,94230,"{'runs': '14', 'wins': '5'}",3449,12,False,The Natural Spring Partnership,57937,16%,,False,8,,917094,15%,-24.91,8%,IRE,12,https://www.racingpost.com/racecards/90/wincanton/2026-04-12/917094,4305379/somespring-special,129628,"Bilbrook, Somerset",34,-15.81,Chase,90,Generous,4305379,"[{'date': '2025-07-22', 'type': 'Wind Surgery'}]",GB,160,Turf,2026-04-12,561095,"{'runs': '3', 'wins': '1'}",62,B,-9.24,15.5,GB,IRE,,744151,Mrs K D Yeo (2022-11-17),False,M,Westerner,False,Natural Spring,5,40315,10,-10.00,,,False,Good,1,"{'runs': '5', 'wins': '1'}",49,Yeo Racing Partnership
Wincanton,16:30,Bruton Mares' Handicap Chase (GBB Race),,1m7½f,3,5yo+,0-140,"£13,203",4,Obsessedwithyou,7,mare,3,,Jamie Snowden,Jonathan Burke,,False,156,119,136,130,175,113212,3-7 over fences and has a chance at these weights if fitness isn't an issue,"Made it 3-6 over fences when winning easily in a small field at Sedgefield in October (2m) and later that month she bumped into the useful Bluey (whom Queens Gamble beat for her last win) at Kempton (2m2f, good); chance at these weights if fitness isn't an issue.","2025-05-22 | Obsessedwithyou | 4657059 | Merched Y Mor Mares' Handicap Chase | 894094 | Ffos Las | 1212 | 16 | 3520 | It's not going to work [the Junior National Hunt Development Programme]. They've got the penalty structure wrong with those [horses], and Obsessedwithyou ended up in no-man's land for two years. But it's nice to see her back on track - Jamie Snowden, trainer.","Obsessedwithyou | 4657059 | She lost her way a bit last season in the mud, but she has more to give off her handicap mark on decent ground and will jump a fence in time. 06-11-24||Obsessedwithyou | 4657059 | She started in those new junior hurdle races last season and won twice, while also finishing fourth at Listed level and in a Cheltenham Grade 3. I think she's unexposed because it might be hard for the handicapper to get a grip on those races. She's matured and strengthened, and the Grade 2 EBF mares' race at Newbury next spring could be a target for her. 28-09-23",46.67,True,12%,1m7f149y,3,[],2019-04-04,1128610,91759,"{'runs': '12', 'wins': '3'}",3449,15,False,John Kilpatrick & Richard Mark Venn,64780,18%,,False,20,,917094,8%,-8.15,20%,FR,15,https://www.racingpost.com/racecards/90/wincanton/2026-04-12/917094,4657059/obsessedwithyou,357804,"Lambourn, Berks",25,-43.76,Chase,90,Sleeping Car,4657059,[],GER,85,Turf,2026-04-12,820042,"{'runs': '12', 'wins': '4'}",34,B,-6.50,15.5,FR,FR,,794196,The Picnic Party & Awr Consultancy (2025-04-29)||Lodge Down Stables Syndicate (2022-11-28),False,M,Bathyrhon,False,Carmona,2,20814,6,+1.00,,,False,Good,3,"{'runs': '0', 'wins': '0'}",10,Awr Consultancy Ltd & The Folly Partners
Wincanton,16:30,Bruton Mares' Handicap Chase (GBB Race),,1m7½f,3,5yo+,0-140,"£13,203",4,Northern Air,7,mare,4,,D J Jeffreys,Miss Heidi Palin,t,False,142,105,132,89,8,P-44P2,Opposable on chase form; recent 2nd over hurdles was in a Class 5 handicap,"Won a maiden hurdle for Fergal O'Brien in early 2025; three disappointing chase runs for Dan Skelton leave her with questions to answer in this discipline and, although she steadied the ship with a second back over hurdles at Newton Abbot, that was only a Class 5 handicap.",,"Northern Air | 4952226 | A new mare to us, she's a lovely type who's ready to go chasing - starting in a 2m4f mares' handicap at Carlisle on Monday. I don't know much about her yet but she gives the team a good feel at home and I think she can do the business over fences. 10-11-25",66.67,True,-,1m7f149y,1,"[{'trainer': 'Dan Skelton', 'trainer_id': 16270, 'change_date': '2026-03-30'}, {'trainer': 'Fergal OBrien', 'trainer_id': 13986, 'change_date': '2025-11-04'}]",2019-04-03,15932,102173,"{'runs': '1', 'wins': '0'}",3449,3,False,Michael And Fiona OConnor,83674,0%,,False,33,,917094,20%,-3.00,33%,IRE,3,https://www.racingpost.com/racecards/90/wincanton/2026-04-12/917094,4952226/northern-air,341468,"Hinton on the Green, Worcs",5,0.00,Chase,90,Turtle Island,4952226,"[{'date': '2024-12-11', 'type': 'Wind Surgery'}, {'date': '2024-06-01', 'type': 'Wind Surgery'}]",IRE,0,Turf,2026-04-12,656570,"{'runs': '7', 'wins': '1'}",3,B,+6.00,15.5,IRE,IRE,5,453853,Harry Redknapp (2024-02-26),False,M,Vendangeur,False,Ellesmere,1,35958,0,+4.50,,5,False,Good,1,"{'runs': '1', 'wins': '0'}",0,Redknapp And Hill
Wincanton,17:00,Visit Bridles Care Home Wincanton Handicap Hurdle,,1m7f,5,4yo+,0-100,"£3,565",9,Ribba Hill,5,gelding,1,,Syd Hosie,Tom Bellamy,,False,168,98,98,78,20,9540P2,Needs good ground; second here last time and the winner has bolted up since,Flat winner who is 0-6 over hurdles but had his favoured good ground when second over 2m4f here three weeks ago and the well-backed winner followed up in easy fashion at Ludlow; drops in trip but has a big shout off 1lb higher provided the rain stays away.,,,60,True,10%,1m7f50y,0,"[{'trainer': 'Grant Tuer', 'trainer_id': 15158, 'change_date': '2025-10-20'}]",2021-04-22,1127423,89945,"{'runs': '3', 'wins': '0'}",3350,5,False,Irish Emerald Stud,541314,11%,,False,0,,915311,18%,+1.75,0%,IRE,5,https://www.racingpost.com/racecards/90/wincanton/2026-04-12/915311,5875773/ribba-hill,363579,"Sherborne, Dorset",28,-48.92,Hurdle,90,Acclamation,5875773,[],IRE,98,Turf,2026-04-12,893929,"{'runs': '0', 'wins': '0'}",79,B,-2.13,15,IRE,GB,,789794,Grant Tuer (2025-10-20),False,G,Ribchester,False,Anklet,5,39321,9,-5.00,,,False,Good,0,"{'runs': '2', 'wins': '0'}",10,Syd Hosie Racing Syndicate - Ribba Hill
Wincanton,17:00,Visit Bridles Care Home Wincanton Handicap Hurdle,,1m7f,5,4yo+,0-100,"£3,565",9,Victory Shout,5,gelding,2,,Syd Hosie,Paddy Hanlon,,False,168,98,95,75,11,-09P12,Won at Taunton; the winner got away from him when second here 11 days ago,"Pretty useful on the Flat at his best, superior to stablemate Ribba Hill; ridden out to win at Taunton (2m, good) after a break and the winner got away from him (he was beaten 12l) when he was penalised here over 2m4f; can be given another chance despite another 2lb, especially back in trip.",,,60,True,7%,1m7f50y,0,"[{'trainer': 'Anthony Charlton', 'trainer_id': 15351, 'change_date': '2025-10-31'}, {'trainer': 'K R Burke', 'trainer_id': 5019, 'change_date': '2024-12-09'}]",2021-04-30,1113861,102840,"{'runs': '2', 'wins': '1'}",3350,5,False,S A S U Ecurie Des Monceaux Et Al,602045,11%,,False,0,,915311,8%,+1.75,0%,FR,5,https://www.racingpost.com/racecards/90/wincanton/2026-04-12/915311,5109661/victory-shout,353863,"Sherborne, Dorset",12,-6.50,Hurdle,90,Shamardal,5109661,[],GB,15,Turf,2026-04-12,763453,"{'runs': '0', 'wins': '0'}",79,B,-2.50,15,GB,USA,5,2077211,Syd Hosie (2025-01-13)||Zhang Yuesheng (2024-12-09),False,G,Frankel,False,Correze,1,39321,9,-5.00,,5,False,Good,0,"{'runs': '1', 'wins': '0'}",1,Kenyon & Van Der Horst
Wincanton,17:00,Visit Bridles Care Home Wincanton Handicap Hurdle,,1m7f,5,4yo+,0-100,"£3,565",9,Postponed Legacy,5,gelding,3,,Martin Keighley,Beau Morgan,p,False,167,97,98,85,34,911216,Better than he showed last time but could now be on a challenging mark,Very progressive until a laboured performance at Taunton (good) five weeks ago when he raced freely and jumped poorly; he's better than that but could now be on a challenging mark.,,,20,True,27%,1m7f50y,1,[],2021-03-19,1050145,100870,"{'runs': '7', 'wins': '0'}",3350,5,False,Blythe Park Stud,104011,27%,,False,20,,915311,33%,+14.00,20%,GB,5,https://www.racingpost.com/racecards/90/wincanton/2026-04-12/915311,5864566/postponed-legacy,343733,"Luckley, Gloucs",3,+7.33,Hurdle,90,Danehill Dancer,5864566,[],IRE,11,Turf,2026-04-12,836837,"{'runs': '7', 'wins': '2'}",15,CH,+7.00,15,IRE,IRE,5,729439,,False,G,Postponed,False,Zaralanta,1,15642,4,+5.00,,5,False,Good,1,"{'runs': '1', 'wins': '0'}",3,Martin Keighley Racing Partnership 20
Wincanton,17:00,Visit Bridles Care Home Wincanton Handicap Hurdle,,1m7f,5,4yo+,0-100,"£3,565",9,Ugo Bingo,7,gelding,4,,Joe Tizzard,Brendan Powell,tb,False,165,95,103,95,38,254464,A wilting fourth in this new headgear here last time and remains below his best,Has slipped to a good mark but didn't really find any improvement (based on early-season form) for this new headgear combination when a wilting fourth here last month; needs to find extra.,,,44,True,13%,1m7f50y,3,"[{'trainer': 'Anthony Charlton', 'trainer_id': 15351, 'change_date': '2025-03-22'}, {'trainer': 'Syd Hosie', 'trainer_id': 39321, 'change_date': '2024-08-26'}, {'trainer': 'Gabriel Leenders', 'trainer_id': 29370, 'change_date': '2024-01-01'}]",2019-04-17,1133318,90406,"{'runs': '7', 'wins': '0'}",3350,25,False,Pierre Lamy & Horse & Feed,525302,13%,,False,12,,915311,0%,-5.43,12%,FR,25,https://www.racingpost.com/racecards/90/wincanton/2026-04-12/915311,5554908/ugo-bingo,186650,"Milborne Port, Dorset",30,-55.44,Hurdle,90,Baryshnikov,5554908,[],GER,206,Turf,2026-04-12,870908,"{'runs': '7', 'wins': '1'}",206,B,-30.00,15,FR,AUS,,635033,A K Hosie J P Romans W Van Der Horst (2025-03-22)||Jacques Bisson (2024-01-01),False,G,Walzertakt,False,Krasota,0,39475,27,-14.63,,,False,Good,3,"{'runs': '6', 'wins': '1'}",26,J P Romans
Wincanton,17:00,Visit Bridles Care Home Wincanton Handicap Hurdle,,1m7f,5,4yo+,0-100,"£3,565",9,Anthracite,5,gelding,5,,Neil Mulholland,Richie McLernon,p,True,148,78,85,63,19,6P08,80-1 when well behind Victory Shout last time at Taunton; now tries cheekpieces,Little worthwhile form under Flat or hurdle codes; 80-1 when well behind Victory Shout last time at Taunton; now tries cheekpieces.,,,54.84,True,13%,1m7f50y,5,"[{'trainer': 'Robert Eddery', 'trainer_id': 25052, 'change_date': '2024-04-16'}]",2021-04-27,1110202,83698,"{'runs': '2', 'wins': '0'}",3350,31,False,Natton House Thoroughbreds Ltd,660604,9%,,False,16,,915311,11%,-79.29,17%,GB,30,https://www.racingpost.com/racecards/90/wincanton/2026-04-12/915311,5366267/anthracite,142237,"Limpley Stoke, Wilts",18,-21.89,Hurdle,90,Mount Nelson,5366267,[],IRE,47,Turf,2026-04-12,875004,"{'runs': '2', 'wins': '0'}",163,B,-6.27,15,GB,GB,,840562,Robert Eddery (2024-04-16)||Westminster Racing Syndicate (2023-11-16),False,G,Massaat,False,Mylington Light,2,20451,14,-6.22,,,False,Good,5,"{'runs': '2', 'wins': '0'}",6,The Boot Inn Partnership
Wincanton,17:00,Visit Bridles Care Home Wincanton Handicap Hurdle,,1m7f,5,4yo+,0-100,"£3,565",9,Forest Hills,5,gelding,6,,Carroll Gray,Ciaran Gethings,,False,148,78,81,48,51,707,1m2f Flat winner who has been tailed off in three runs over hurdles; handicap debut,"1m2f Flat winner who has been completely tailed off in all three runs over hurdles; at least goes handicapping off a lowly mark and drying ground would help matters, so watch the weather.",,,0,True,6%,1m7f50y,0,"[{'trainer': 'Rod Millman', 'trainer_id': 4550, 'change_date': '2025-12-26'}]",2021-05-07,1094873,92564,"{'runs': '1', 'wins': '0'}",3350,2,False,Mrs S A J Kinsella-Hurley,503875,5%,,False,0,,915311,14%,-17.50,0%,IRE,2,https://www.racingpost.com/racecards/90/wincanton/2026-04-12/915311,5289592/forest-hills,366118,"Spaxton, Somerset",14,-22.50,Hurdle,90,Dansili,5289592,[],IRE,33,Turf,2026-04-12,695767,"{'runs': '1', 'wins': '0'}",21,B,+0.50,15,GB,GB,,1003398,Ms Sharon Kinsella (2025-12-26),False,G,Mastercraftsman,False,Kinni,2,10132,1,-2.00,,,False,Good,0,"{'runs': '1', 'wins': '0'}",2,J Reeves & S Reeves
Wincanton,17:00,Visit Bridles Care Home Wincanton Handicap Hurdle,,1m7f,5,4yo+,0-100,"£3,565",9,Prince Rhinegold,8,gelding,7,,Linda Blackford,Bryan Carver,p,False,146,76,100,93,11,002529,Second here last month but a pretty miserable run 11 days ago; can be up and down,Had Ugo Bingo behind when second over C&D last month but his run here 11 days ago was pretty miserable and he can be up and down.,,,0,True,5%,1m7f50y,0,[],2018-03-04,1054880,96526,"{'runs': '13', 'wins': '1'}",3350,3,False,Joseph And Anthony Smiddy,12460,0%,,False,0,,915311,38%,-21.00,0%,IRE,3,https://www.racingpost.com/racecards/90/wincanton/2026-04-12/915311,4241651/prince-rhinegold,315958,"Rackenford, Devon",16,-41.80,Hurdle,90,El Conquistador,4241651,[],GER,77,Turf,2026-04-12,657490,"{'runs': '7', 'wins': '0'}",21,B,+25.85,15,GB,GB,,730843,,False,G,Getaway,False,Water Rock,6,6636,0,-3.00,,,False,Good,0,"{'runs': '7', 'wins': '0'}",4,Mrs D Robinson Mrs & Mrs Livesey-Van Dorst
Wincanton,17:00,Visit Bridles Care Home Wincanton Handicap Hurdle,,1m7f,5,4yo+,0-100,"£3,565",9,Saucats,5,gelding,8,,Joe Tickle,Ben Godfrey,t,False,143,73,101,95,19,P3P094,Behind Victory Shout at Taunton and no obvious reason why he should reverse those placings,Longstanding maiden over hurdles; it wasn't a bad run behind Victory Shout at Taunton but there's no obvious reason why he should reverse those placings.,,,50,True,8%,1m7f50y,0,"[{'trainer': 'Chris Down', 'trainer_id': 2646, 'change_date': '2025-10-03'}, {'trainer': 'David Pipe', 'trainer_id': 10157, 'change_date': '2025-04-03'}, {'trainer': 'Yannick Fouin', 'trainer_id': 13565, 'change_date': '2024-07-22'}, {'trainer': 'D Bressou', 'trainer_id': 16288, 'change_date': '2024-04-17'}]",2021-02-07,1129593,96166,"{'runs': '6', 'wins': '0'}",3350,4,False,S A R L Ecuries Babsen Courses,109077,11%,,False,0,,915311,0%,-2.50,0%,FR,4,https://www.racingpost.com/racecards/90/wincanton/2026-04-12/915311,5758903/saucats,265971,"Stoodleigh, Devon",8,-3.50,Hurdle,90,Astarabad,5758903,"[{'date': '2025-07-01', 'type': 'Wind Surgery'}, {'date': '2024-09-17', 'type': 'Wind Surgery'}]",FR,96,Turf,2026-04-12,2571582,"{'runs': '6', 'wins': '0'}",19,B,-8.00,15,FR,USA,,1390501,D Pipe (2025-04-03)||Tom Malone (2024-07-22)||Ecurie Sagara (2024-04-17),False,G,Nirvana Du Berlais,False,Taneshka,0,29286,2,-4.00,,,False,Good,0,"{'runs': '1', 'wins': '0'}",8,Bellies Syndicate
Wincanton,17:00,Visit Bridles Care Home Wincanton Handicap Hurdle,,1m7f,5,4yo+,0-100,"£3,565",9,Little Lady Lucy,5,mare,9,,Neil Mulholland,Bradley Harris,p,False,142,72,99,56,25,5599PP,Flat winner; 0-11 over hurdles and achieved zilch in three runs after an absence,Flat winner; 0-11 over hurdles and achieved zilch in three runs after an absence.,,,54.84,True,11%,1m7f50y,5,"[{'trainer': 'Joseph Patrick OBrien', 'trainer_id': 32145, 'change_date': '2024-11-29'}]",2021-03-20,1384,100441,"{'runs': '4', 'wins': '0'}",3350,31,False,Mount Coote Stud,589092,9%,,False,16,,915311,14%,-79.29,17%,IRE,30,https://www.racingpost.com/racecards/90/wincanton/2026-04-12/915311,5431173/little-lady-lucy,183651,"Limpley Stoke, Wilts",7,-12.50,Hurdle,90,Caradak,5431173,[],GB,37,Turf,2026-04-12,1500591,"{'runs': '2', 'wins': '0'}",163,B,-3.00,15,IRE,IRE,3,3366942,Mr B Walsh (2026-01-27)||Jimmy Dalton (2025-01-30)||Dalton & Digger (2024-11-29),False,M,Expert Eye,False,Jazzy Belle,1,20451,14,-6.22,,3,False,Good,5,"{'runs': '0', 'wins': '0'}",4,Neil Mulholland Racing Club
Wincanton,17:30,Castle Cary Mares' Open National Hunt Flat Race (Category 1 Elimination) (GBB Race),,1m7f,2,4-6yo,,"£8,169",5,Western Charm,5,mare,1,,Anthony Honeyball,Ben Godfrey,,False,160,,118,116,36,619,Free-going tendencies remain a worry but she has strong form claims at this level,Quite free when drawing clear to win on heavy ground here in January but that was even more the case when tailed off in stronger company at Sandown; needs to settle down but has major form claims at this level.,,,45.45,False,8%,1m7f50y,2,[],2021-04-13,1118722,96166,"{'runs': '0', 'wins': '0'}",3350,22,False,Clarendon Farm Ltd,88726,13%,,False,9,,917095,0%,+19.13,9%,GB,22,https://www.racingpost.com/racecards/90/wincanton/2026-04-12/917095,8520785/western-charm,35720,"Mosterton, Dorset",8,-3.50,NH Flat,90,Double Trigger,8520785,[],GB,96,Turf,2026-04-12,875278,"{'runs': '2', 'wins': '1'}",150,B,-8.00,15,GB,IRE,,686724,,False,M,Frontiersman,False,Charmaine Wood,0,18639,20,-15.20,,,False,Good,2,"{'runs': '1', 'wins': '1'}",8,R W Huggins
Wincanton,17:30,Castle Cary Mares' Open National Hunt Flat Race (Category 1 Elimination) (GBB Race),,1m7f,2,4-6yo,,"£8,169",5,Hollie Potter,5,mare,2,,Henry Daly,Stan Sheppard,,False,156,,,,,,The well-related dam won a Listed bumper and 2m3f hurdle; kicks off in a modest race,The well-related dam won a Listed bumper and 2m3f hurdle; she's kicking off in a modest race and stable has occasional success in bumpers.,,,25,False,27%,1m7f50y,1,[],2021-04-19,1128618,92990,"{'runs': '0', 'wins': '0'}",3350,10,False,James And Jean Potter Ltd,550396,17%,,False,10,,917095,38%,-1.88,13%,GB,8,https://www.racingpost.com/racecards/90/wincanton/2026-04-12/917095,9082147/hollie-potter,274030,"Ludlow, Shropshire",8,+1.00,NH Flat,90,Black Sam Bellamy,9082147,[],USA,22,Turf,2026-04-12,793060,"{'runs': '0', 'wins': '0'}",18,B,+7.00,15,GB,IRE,,863386,,False,M,Masterstroke,False,Hollies Pearl,3,13003,3,-4.50,,,False,Good,1,"{'runs': '0', 'wins': '0'}",6,James & Jean Potter Ltd
Wincanton,17:30,Castle Cary Mares' Open National Hunt Flat Race (Category 1 Elimination) (GBB Race),,1m7f,2,4-6yo,,"£8,169",5,Sorgean,5,mare,3,,Harry Fry,Bryan Carver,t,True,156,,,,,,"Bought for £38,000 after finishing second in a 3m Irish point on yielding ground","Bought for £38,000 after finishing second in a 3m Irish point on yielding ground; the winner is unraced for Emmet Mullins.",,,44.44,False,5%,1m7f50y,2,[],2021-02-26,1142342,96526,"{'runs': '0', 'wins': '0'}",3350,10,False,Bernard Bolt Anne Blot & Sophie Blot,700750,7%,,False,20,,917095,38%,-39.42,22%,FR,9,https://www.racingpost.com/racecards/90/wincanton/2026-04-12/917095,7203266/sorgean,317999,"Corscombe, Dorset",16,-41.80,NH Flat,90,Vision DEtat,7203266,[],FR,77,Turf,2026-04-12,1917680,"{'runs': '0', 'wins': '0'}",57,B,+25.85,15,FR,FR,,1010783,,False,M,Beaumec De Houelle,False,Daligala,6,27170,4,+2.73,,,False,Good,2,"{'runs': '0', 'wins': '0'}",4,G Firmager
Wincanton,17:30,Castle Cary Mares' Open National Hunt Flat Race (Category 1 Elimination) (GBB Race),,1m7f,2,4-6yo,,"£8,169",5,Lady Litigator,4,filly,4,,Anthony Honeyball,Jonathan Burke,,False,152,,106,57,43,1U6,Debut winner; well held last time and looks the yard second string on jockey bookings,Newbury debut winner who was in contention when unseating next time; disappointed back at Newbury in late February and jockey bookings suggest that Western Charm is the yard's main hope.,,,45.45,False,12%,1m7f50y,2,[],2022-02-15,1140447,91759,"{'runs': '0', 'wins': '0'}",3350,22,False,Mrs Phil Browne,582554,13%,,False,9,,917095,8%,+19.13,9%,IRE,22,https://www.racingpost.com/racecards/90/wincanton/2026-04-12/917095,8313805/lady-litigator,363861,"Mosterton, Dorset",25,-43.76,NH Flat,90,Alkaadhem,8313805,[],GB,85,Turf,2026-04-12,767000,"{'runs': '0', 'wins': '0'}",150,B,-6.50,15,IRE,GB,,8313825,,False,F,Maxios,False,Erin Brockovich,2,18639,20,-15.20,,,False,Good,2,"{'runs': '0', 'wins': '0'}",10,Fishwick Goodall McCullough & Race
Wincanton,17:30,Castle Cary Mares' Open National Hunt Flat Race (Category 1 Elimination) (GBB Race),,1m7f,2,4-6yo,,"£8,169",5,Princess Of Ballea,4,filly,5,,Daisy Hitchins,Harry Cobden,h,False,148,,98,,164,35,"Has raced freely in both races, so didn't perform badly; Cobden replaces a claimer","Third at Huntingdon and fifth at Stratford, beaten about 6l and 11l respectively; needs better, but has raced freely (hooded both times) and Harry Cobden takes over from a claimer.",,,66.67,False,31%,1m7f50y,0,[],2022-04-11,1140162,94230,"{'runs': '1', 'wins': '0'}",3350,6,False,Ms Louise A OMahony,480864,8%,,False,0,,917095,15%,+12.00,0%,IRE,5,https://www.racingpost.com/racecards/90/wincanton/2026-04-12/917095,8210156/princess-of-ballea,985,"Sherborne, Dorset",34,-15.81,NH Flat,90,Kalanisi,8210156,[],GB,160,Turf,2026-04-12,1139473,"{'runs': '1', 'wins': '0'}",24,B,-9.24,15,IRE,IRE,,2245104,,False,F,Pillar Coral,False,Kalanisi Og,5,41262,2,-5.00,,,False,Good,0,"{'runs': '0', 'wins': '0'}",49,Mike Rowe
Ffos Las,14:03,3A's Wales' Largest Motorhome Sales Mares' Novices' Limited Handicap Hurdle,,2m4f,5,4yo+,0-95,"£3,697",12,Miss Kassiopi,7,mare,1,,Richard J Bandey,Harry Bannister,,False,169,98,96,81,6,866221,Won well at Hereford on Monday; 7lb penalty but respected against unpersuasive rivals,"Back to form on last three starts (about 2m4f, variety of ground) and latest saw her get off the mark at 15th attempt, doing so by 9l from the front in a six-runner race at Hereford on Monday; carries 7lb penalty in a larger field but should have a huge shout as an in-form candidate against unpersuasive rivals.",,,70,True,6%,2m4f,1,"[{'trainer': 'Danni ONeill', 'trainer_id': 35123, 'change_date': '2025-09-27'}]",2019-03-20,1058921,92302,"{'runs': '2', 'wins': '0'}",4400,10,False,Fawley House Stud,471066,10%,,False,10,,915304,11%,-15.67,14%,GB,7,https://www.racingpost.com/racecards/1212/ffos-las/2026-04-12/915304,5447233/miss-kassiopi,224570,"Tadley, Hants",18,-24.67,Hurdle,1212,Kayf Tara,5447233,"[{'date': '2023-10-05', 'type': 'Wind Surgery'}]",IRE,35,Turf,2026-04-12,714819,"{'runs': '7', 'wins': '1'}",30,B,-9.50,20,GB,GB,,5447237,Fawley House Stud (2025-09-27),False,M,Recharge,False,Centplicity,2,28146,3,-3.50,,,False,Good To Soft,1,"{'runs': '0', 'wins': '0'}",2,Richard J Bandey
Ffos Las,14:03,3A's Wales' Largest Motorhome Sales Mares' Novices' Limited Handicap Hurdle,,2m4f,5,4yo+,0-95,"£3,697",12,Polkaface,6,mare,2,,Ben Case,Sam Twiston-Davies,t,False,166,95,87,51,28,557-43,Needs improvement on this handicap debut but it looks a weak race,"Bits of modest form in her three bumpers and three maiden hurdles, easily best from this sphere over 2m5f at Huntingdon (heavy) on penultimate start; tongue tied last two outings; needs improvement on this handicap debut but it looks a weak race.",,,57.14,True,16%,2m4f,3,[],2020-05-18,1131309,88023,"{'runs': '1', 'wins': '0'}",4400,7,False,Motabower House Stud,96075,0%,,False,43,,915304,3%,-3.00,43%,IRE,7,https://www.racingpost.com/racecards/1212/ffos-las/2026-04-12/915304,5299466/polkaface,328595,"Edgcote, Northants",33,-48.20,Hurdle,1212,Anabaa,5299466,[],FR,100,Turf,2026-04-12,861213,"{'runs': '2', 'wins': '0'}",3,B,-28.00,20,GB,USA,,648719,,False,M,Vadamos,False,Compose,1,13888,0,+14.50,,,False,Good To Soft,3,"{'runs': '0', 'wins': '0'}",16,Jopla Racing
Ffos Las,14:03,3A's Wales' Largest Motorhome Sales Mares' Novices' Limited Handicap Hurdle,,2m4f,5,4yo+,0-95,"£3,697",12,La Belle Argentee,5,mare,3,,Max Comley,David Bass,tp,True,164,93,95,64,66,4-27P5,Failed to cut any ice in two handicaps for Dan Skelton; tries tongue-tie and cheekpieces,"Showed some ability initially over hurdles but failed to cut any ice in her two handicaps (2m and near 2m4f, soft); same owners but she's now left Dan Skelton and tries tongue-tie and cheekpieces both for first time.",,,22.22,True,18%,2m4f,0,"[{'trainer': 'Dan Skelton', 'trainer_id': 16270, 'change_date': '2026-03-31'}]",2021-03-01,1137091,85932,"{'runs': '1', 'wins': '0'}",4400,9,False,S C E A De La Perrigne Et Al,90537,33%,,False,0,,915304,7%,+10.00,0%,FR,9,https://www.racingpost.com/racecards/1212/ffos-las/2026-04-12/915304,6741745/la-belle-argentee,351820,"Warminster, Wiltshire",14,-7.50,Hurdle,1212,Poliglote,6741745,[],FR,38,Turf,2026-04-12,570564,"{'runs': '1', 'wins': '0'}",3,GR,-10.50,20,FR,GB,,1249477,,False,M,Kapgarde,False,Cry For You,1,35548,1,-9.00,,,False,Good To Soft,0,"{'runs': '0', 'wins': '0'}",7,Perfect 10 Racing
Ffos Las,14:03,3A's Wales' Largest Motorhome Sales Mares' Novices' Limited Handicap Hurdle,,2m4f,5,4yo+,0-95,"£3,697",12,Feet On The Ground,8,mare,4,,Fergal OBrien,Tom Broughton,t,False,163,92,101,68,19,022P04,Three seconds among her minor honours but below form on last three outings,"Three seconds among her minor honours but below form on last three outings, with tongue tied on last two; a leading contender if judged on her Southwell second (extended 2m4f, good to soft) in December.",,,64.29,True,33%,2m4f,5,"[{'trainer': 'John E & Thomas Kiely', 'trainer_id': 40445, 'change_date': '2024-11-18'}]",2018-02-13,1097636,93738,"{'runs': '2', 'wins': '0'}",4400,28,False,Brucetown Farms Ltd,533451,17%,,False,21,,915304,11%,+1.37,19%,IRE,26,https://www.racingpost.com/racecards/1212/ffos-las/2026-04-12/915304,5671332/feet-on-the-ground,268502,"Withington, Gloucs",9,+10.00,Hurdle,1212,Milan,5671332,[],GB,3,Turf,2026-04-12,561095,"{'runs': '4', 'wins': '0'}",53,B,-6.25,20,IRE,GB,5,3939770,Mrs Claire Gleeson (2024-11-18),False,M,Westerner,False,Eyes On The Stars,1,13986,9,+4.23,,5,False,Good To Soft,6,"{'runs': '0', 'wins': '0'}",1,The Fob Racing Partnership 4
Ffos Las,14:03,3A's Wales' Largest Motorhome Sales Mares' Novices' Limited Handicap Hurdle,,2m4f,5,4yo+,0-95,"£3,697",12,Yanka Blue,5,mare,5,,Barry John Murphy,Tom Cannon,,False,159,88,98,76,112,534522,"Another new yard after 112 days off, with place chance if she resumes in the same vein","Second in maiden hurdle at Sedgefield (2m1f, good) in November on final start for Alison Thorpe and 19l second in a handicap at Fakenham (2m, soft) in December on her only run for the Flints; with another new yard after 112 days off, with place chance if she resumes in the same vein.",,,0,True,17%,2m4f,0,"[{'trainer': 'John & Rhys Flint', 'trainer_id': 41207, 'change_date': '2026-04-06'}, {'trainer': 'Alison Thorpe', 'trainer_id': 14036, 'change_date': '2025-12-15'}, {'trainer': 'Cormac Doyle', 'trainer_id': 36760, 'change_date': '2025-06-14'}]",2021-02-04,1123780,87503,"{'runs': '2', 'wins': '0'}",4400,2,False,Oldcourt Stud,572780,20%,,False,0,,915304,9%,+5.00,0%,IRE,1,https://www.racingpost.com/racecards/1212/ffos-las/2026-04-12/915304,7622719/yanka-blue,218557,"Caerfyrddin, Carmarthenshire",23,+3.00,Hurdle,1212,Shirocco,7622719,[],FR,12,Turf,2026-04-12,703532,"{'runs': '2', 'wins': '0'}",5,B,-13.67,20,GB,GER,,7622718,A Evans (2025-06-19),False,M,Blue Bresil,False,Bee Yanka,2,31549,1,-1.00,,,False,Good To Soft,0,"{'runs': '0', 'wins': '0'}",2,L H Evans
Ffos Las,14:03,3A's Wales' Largest Motorhome Sales Mares' Novices' Limited Handicap Hurdle,,2m4f,5,4yo+,0-95,"£3,697",12,Jlow,5,mare,6,,Ryan Potter,Lorcan Williams,t,False,156,85,99,95,25,93346P,Place claims judged on efforts last summer but the bottom line may well be that she's 0-17,Tailed off on the Flat in September on final start last year and pulled up over hurdles last month on her only start since; place claims judged on efforts last summer but the bottom line may well be that she's 0-17.,,,0,True,3%,2m4f,0,"[{'trainer': 'C W J Farrell', 'trainer_id': 13964, 'change_date': '2025-03-31'}]",2021-04-18,1138411,94978,"{'runs': '0', 'wins': '0'}",4400,3,False,B McNeill,679954,9%,,False,0,,915304,0%,+1.25,0%,IRE,3,https://www.racingpost.com/racecards/1212/ffos-las/2026-04-12/915304,5326979/jlow,356685,"Sellack, H'fords",11,-34.50,Hurdle,1212,Fast Company,5326979,[],GB,39,Turf,2026-04-12,602494,"{'runs': '2', 'wins': '0'}",35,B,-11.00,20,IRE,IRE,,1444222,Brendan McNeill (2025-03-31),False,M,Footstepsinthesand,False,Boreagh Lass,0,26798,3,-3.00,,,False,Good To Soft,0,"{'runs': '1', 'wins': '0'}",1,Miss O Kent
Ffos Las,14:03,3A's Wales' Largest Motorhome Sales Mares' Novices' Limited Handicap Hurdle,,2m4f,5,4yo+,0-95,"£3,697",12,Camshaft,5,mare,7,,Jonjo & A J ONeill,Jonjo ONeill Jr,p,True,155,84,96,73,28,705,No solid form; handicapping should offer more of a chance and she also now sports headgear,"Beaten 30l, 82l and 47l over hurdles in her only three races (2m3f-2m5f); no solid form but handicapping should offer her more of a chance and she also now sports headgear; market may guide.",,,48.15,True,8%,2m4f,2,[],2021-03-24,23393,96455,"{'runs': '2', 'wins': '0'}",4400,27,False,Jim Lanigan,660597,12%,,False,7,,915304,10%,+27.50,8%,IRE,26,https://www.racingpost.com/racecards/1212/ffos-las/2026-04-12/915304,8607161/camshaft,366117,"Cheltenham, Gloucs",20,-1.25,Hurdle,1212,Mahler,8607161,[],GER,62,Turf,2026-04-12,572780,"{'runs': '1', 'wins': '0'}",25,B,-9.25,20,IRE,GB,,2664811,,False,M,Shirocco,False,Honey Come Home,2,41384,3,-15.25,,,False,Good To Soft,2,"{'runs': '0', 'wins': '0'}",5,Camshaft Family Racing
Ffos Las,14:03,3A's Wales' Largest Motorhome Sales Mares' Novices' Limited Handicap Hurdle,,2m4f,5,4yo+,0-95,"£3,697",12,Milady Du Breuil,4,filly,8,,Christian Williams,Jack Tudor,,False,153,92,94,61,34,6454,"Whiff of ability does not get near today's opening mark, but up from 2m for handicap debut",The whiff of ability in her one bumper and three hurdle races does not get near today's opening mark but she moves up from 2m for this handicap debut; worth a market check.,,,35.71,True,14%,2m4f,1,[],2022-03-31,1140449,98673,"{'runs': '1', 'wins': '0'}",4400,14,False,Franck Sutterlet & Eric Helye,52360,8%,,False,7,,915304,17%,-48.54,7%,FR,14,https://www.racingpost.com/racecards/1212/ffos-las/2026-04-12/915304,8313801/milady-du-breuil,363859,"Ogmore-By-Sea, Glamorgan",23,-32.00,Hurdle,1212,Turgeon,8313801,[],FR,126,Turf,2026-04-12,1917680,"{'runs': '0', 'wins': '0'}",79,B,-7.50,20,FR,USA,,8313826,,False,F,Beaumec De Houelle,False,Nash Has,4,33186,6,-11.75,,,False,Good To Soft,1,"{'runs': '0', 'wins': '0'}",18,Buckingham & Chapman
Ffos Las,14:03,3A's Wales' Largest Motorhome Sales Mares' Novices' Limited Handicap Hurdle,,2m4f,5,4yo+,0-95,"£3,697",12,Paradise Park,8,mare,9,,Thomas Faulkner,Tabitha Worsley,,False,145,74,90,67,36,/9-697,"Beaten at least 30l in her four hurdles races, the latest when 80-1 for her handicap debut","Fourth in her only bumper (April 2024) but beaten at least 30l in her four hurdles races, the latest when 80-1 for her handicap debut at Hereford (2m, good) five weeks ago; now has a second attempt beyond 2m.",,,72.73,True,0%,2m4f,0,"[{'trainer': 'Deborah Faulkner', 'trainer_id': 32250, 'change_date': '2024-12-21'}]",2018-06-12,1052056,91902,"{'runs': '0', 'wins': '0'}",4400,12,False,Tommy James,304239,33%,,False,8,,915304,18%,-0.38,0%,IRE,1,https://www.racingpost.com/racecards/1212/ffos-las/2026-04-12/915304,5851321/paradise-park,318394,"Devauden, Monmouths",11,-24.00,Hurdle,1212,Bob Back,5851321,[],IRE,24,Turf,2026-04-12,602597,"{'runs': '1', 'wins': '0'}",3,B,+4.00,20,IRE,USA,,796646,,False,M,Walk In The Park,False,Paradise Lily,2,41633,1,-1.00,,,False,Good To Soft,1,"{'runs': '0', 'wins': '0'}",0,Faulkner & Jenkins
Ffos Las,14:03,3A's Wales' Largest Motorhome Sales Mares' Novices' Limited Handicap Hurdle,,2m4f,5,4yo+,0-95,"£3,697",12,Lily Grace,8,mare,10,,Venetia Williams,Ned Fox,,False,145,74,82,40,34,80/055,"Closest was a 30l defeat at Stratford (2m7f, soft; 33-1) last time in her second handicap","Closest finish was a 30l defeat at Stratford (2m7f, soft; 33-1) last time in her second handicap; no recognisable claims yet.",,,0,True,22%,2m4f,0,[],2018-04-10,1129537,99669,"{'runs': '3', 'wins': '0'}",4400,7,False,Allen & Monica Powley,555560,14%,,False,0,,915304,0%,-26.00,0%,GB,6,https://www.racingpost.com/racecards/1212/ffos-las/2026-04-12/915304,4820566/lily-grace,214935,"Kings Caple, H'fords",7,-4.38,Hurdle,1212,Fair Mix,4820566,[],FR,23,Turf,2026-04-12,703532,"{'runs': '1', 'wins': '0'}",78,GR,-7.00,20,GB,IRE,3,846491,,False,M,Blue Bresil,False,Fine Lily,0,9746,11,-6.00,,3,False,Good To Soft,0,"{'runs': '0', 'wins': '0'}",5,Allen & Monica Powley
Ffos Las,14:03,3A's Wales' Largest Motorhome Sales Mares' Novices' Limited Handicap Hurdle,,2m4f,5,4yo+,0-95,"£3,697",12,Half Pint Daisy,7,mare,11,,Clive Boultbee-Brooks,Richard Patrick,,False,145,74,96,80,27,408866,4lb wrong today in her fourth handicap and she has very ropey claims,4lb wrong today in her fourth handicap and she has very ropey claims; maybe a move away from soft ground will help.,,,0,True,14%,2m4f,0,[],2019-04-02,1121397,93320,"{'runs': '2', 'wins': '0'}",4400,4,False,Andrew Mahon,84432,26%,,False,0,,915304,-,+9.25,0%,IRE,3,https://www.racingpost.com/racecards/1212/ffos-las/2026-04-12/915304,7669956/half-pint-daisy,313879,"Woolhope, H'fords",0,-12.75,Hurdle,1212,Kings Theatre,7669956,[],IRE,57,Turf,2026-04-12,660612,"{'runs': '2', 'wins': '0'}",27,B,0.00,20,IRE,IRE,,798126,C Boultbee-Brooks (2025-11-18),False,M,Soldier Of Fortune,False,Passlands,0,38093,7,-3.00,,,False,Good To Soft,0,"{'runs': '2', 'wins': '0'}",8,C & C Boultbee Brooks
Ffos Las,14:03,3A's Wales' Largest Motorhome Sales Mares' Novices' Limited Handicap Hurdle,,2m4f,5,4yo+,0-95,"£3,697",12,Tipperary Star,8,mare,12,,Warren Greatrex,Sean Bowen,,False,145,74,80,58,18,/9/9F7,Makes handicap debut from 6lb wrong; probably instructive to gauge market strength,Thrown in judged on 2022 bumpers but her four hurdle races have yielded nothing approaching that; two wind operations (2023 and 2025); makes handicap debut from 6lb wrong; Sean Bowen rides and it will probably be instructive to gauge market strength.,,,40,True,23%,2m4f,0,[],2018-02-12,1077682,93186,"{'runs': '3', 'wins': '0'}",4400,15,False,Distillery Stud,96595,11%,,False,0,,915304,13%,-32.13,0%,GB,13,https://www.racingpost.com/racecards/1212/ffos-las/2026-04-12/915304,4652544/tipperary-star,357070,"Upper Lambourn, Berks",38,+14.83,Hurdle,1212,Presenting,4652544,"[{'date': '2025-10-14', 'type': 'Wind Surgery'}, {'date': '2023-09-14', 'type': 'Wind Surgery'}]",GER,234,Turf,2026-04-12,657490,"{'runs': '2', 'wins': '0'}",61,B,-22.18,20,IRE,GB,,2655996,Glassex Holdings Ltd (2025-12-29),False,M,Getaway,False,Presenteea,5,22011,7,-13.00,,,False,Good To Soft,0,"{'runs': '0', 'wins': '0'}",54,Glassex Ltd
Ffos Las,14:38,Amroth Bay Static Caravan Sales Maiden Hurdle (GBB Race),,2m4f,4,4yo+,,"£5,446",11,Doujadou,6,gelding,1,,Rebecca Curtis,Sean Bowen,,False,160,116,126,114,23,23,"Chepstow 2nd was fine start over hurdles, not matched next time but he's a leading player","Won an Irish point in November; second to a good one at Chepstow (2m, soft) was a fine start over hurdles, which he probably didn't match when third at Newbury (2m4f, good to soft) three weeks ago, but he's still one of the leading players in this line-up.",,"Doujadou | 5727978 | I think a lot of this one even though I'm still learning about him. He's had just one run for us when second over 2m at Chepstow last month. He wants further than that, though. He'll have one or two more races this season and then go novice chasing next season. He's something of an unknown quantity but one thing I'm sure of is that he has loads of ability. He tells me that with the way he works. 25-02-26",33.33,False,23%,2m4f,1,[],2020-05-15,1141309,93186,"{'runs': '1', 'wins': '0'}",4400,6,False,Hubert Langot & Bernard Clep,500330,11%,,False,17,,915299,13%,-54.09,17%,FR,6,https://www.racingpost.com/racecards/1212/ffos-las/2026-04-12/915299,5727978/doujadou,363936,"Newport, Pembrokeshire",38,+14.83,Hurdle,1212,Enrique,5727978,[],FR,234,Turf,2026-04-12,704015,"{'runs': '1', 'wins': '0'}",136,RG,-22.18,20,FR,GB,,1720194,,False,G,Blek,False,Majadouce,5,20251,15,-3.13,,,False,Good To Soft,1,"{'runs': '0', 'wins': '0'}",54,Conyers McDermott And Prowting
Ffos Las,14:38,Amroth Bay Static Caravan Sales Maiden Hurdle (GBB Race),,2m4f,4,4yo+,,"£5,446",11,Grand Teton,5,gelding,2,,Nicky Henderson,James Bowen,,False,160,,111,99,71,5,Might be a big improver on this second start; powerful yard also runs eyecatching newcomer,"100,000euros 3yo; half-brother to three winners, two useful; 10-1 when 12l fifth of six in novice at Sandown (2m, heavy) ten weeks ago, which does not set the world alight in form terms but he was a detached last at halfway and made late headway; moves up in trip and might be a big improver but his powerful stable also runs an eye-catching newcomer in Into The Blue.",,,30,False,14%,2m4f,4,[],2021-05-01,1115956,96830,"{'runs': '0', 'wins': '0'}",4400,20,False,Parkville Stud,96595,34%,,False,20,,915299,4%,+33.28,21%,IRE,19,https://www.racingpost.com/racecards/1212/ffos-las/2026-04-12/915299,7347749/grand-teton,355855,"Upper Lambourn, Berks",24,-25.92,Hurdle,1212,Presenting,7347749,[],IRE,132,Turf,2026-04-12,602597,"{'runs': '0', 'wins': '0'}",41,B,-20.25,20,IRE,GB,,752722,,False,G,Walk In The Park,False,Gift Of Freedom,1,311,14,-11.49,,,False,Good To Soft,4,"{'runs': '0', 'wins': '0'}",18,M Buckley C Noell And M Hankin
Ffos Las,14:38,Amroth Bay Static Caravan Sales Maiden Hurdle (GBB Race),,2m4f,4,4yo+,,"£5,446",11,Guardami Ancora,5,gelding,3,,Mrs C Williams,Conor Ring,,False,160,111,117,113,25,02262,"Runner-up in three of five races, all over hurdles; probably placed at best again","Runner-up in three of five races, all over hurdles; best form on last three outings, the latest at Hereford (2m4f, good) last month, and he'll probably be placed at best again.",,"Guardami Ancora | 8313814 | He ran well when up with the pace at Hereford on Monday and came second in a novice hurdle at Taunton last month - he would have won had he not stumbled at the last. He's progressive and, for a young horse, there's ­nothing babyish about him. It's difficult to say if he'll make a chaser ­because he isn't that big. But he has loads of ability and, with a summer on his back, he'll be a force to be reckoned with next season. 14-01-26",25,False,5%,2m4f,0,"[{'trainer': 'Evan Williams', 'trainer_id': 13451, 'change_date': '2026-03-12'}]",2021-03-29,1133798,88667,"{'runs': '2', 'wins': '0'}",4400,14,False,Tim Dineen,52360,0%,,False,0,,915299,10%,-4.00,0%,FR,12,https://www.racingpost.com/racecards/1212/ffos-las/2026-04-12/915299,8313814/guardami-ancora,352525,"Llancarfan, Vale of Glamorgan",10,-94.72,Hurdle,1212,Turgeon,8313814,[],GER,119,Turf,2026-04-12,820042,"{'runs': '1', 'wins': '0'}",4,B,0.00,20,FR,USA,,8313824,,False,G,Bathyrhon,False,Perlara,1,16278,0,-12.00,,,False,Good To Soft,0,"{'runs': '0', 'wins': '0'}",6,Red & Black Magic
Ffos Las,14:38,Amroth Bay Static Caravan Sales Maiden Hurdle (GBB Race),,2m4f,4,4yo+,,"£5,446",11,Into The Blue,6,gelding,4,,Nicky Henderson,Nico de Boinville,,False,160,,,,,,Dam winning sister to high-class 2m1f-2m5f hurdle/chase winner Radjhani Express,"First foal; dam fair 2m hurdle winner, sister to high-class 2m1f-2m5f hurdle/chase winner Radjhani Express, half-sister to useful 2m-2m4f hurdle/chase winner Shatabdi, out of 2m2f Flat and useful 2m1f-2m4f hurdle/chase winner; one to note on debut for notable connections.",,,30,False,38%,2m4f,4,[],2020-03-05,1038776,87644,"{'runs': '0', 'wins': '0'}",4400,20,False,Upton Viva Stud,96595,34%,,False,20,,915299,21%,+33.28,21%,GB,19,https://www.racingpost.com/racecards/1212/ffos-las/2026-04-12/915299,9024521/into-the-blue,15243,"Upper Lambourn, Berks",14,+20.53,Hurdle,1212,Presenting,9024521,[],FR,26,Turf,2026-04-12,703532,"{'runs': '0', 'wins': '0'}",41,BR,-7.93,20,GB,GB,,875483,,False,G,Blue Bresil,False,The Missus,3,311,14,-11.49,,,True,Good To Soft,4,"{'runs': '0', 'wins': '0'}",10,Robert Waley-Cohen
Ffos Las,14:38,Amroth Bay Static Caravan Sales Maiden Hurdle (GBB Race),,2m4f,4,4yo+,,"£5,446",11,Karpenn,5,gelding,5,,Venetia Williams,Charlie Deutsch,,False,160,112,88,59,26,3253-7,Three minor honours in France; had wind surgery; underwhelming British debut in March,"Three minor honours in five-race French career; had wind surgery in December, before an underwhelming British debut in maiden hurdle at Exeter (2m, good to soft; beaten 31l at 10-1) in March which suggests he is best watched.",,,0,False,10%,2m4f,0,"[{'trainer': 'J Delaunay', 'trainer_id': 25555, 'change_date': '2026-03-11'}]",2021-03-14,31139,92270,"{'runs': '1', 'wins': '0'}",4400,7,False,Gheorghe Codre,570564,14%,,False,0,,915299,0%,-26.00,0%,FR,6,https://www.racingpost.com/racecards/1212/ffos-las/2026-04-12/915299,7320633/karpenn,159066,"Kings Caple, H'fords",3,-40.13,Hurdle,1212,Kapgarde,7320633,"[{'date': '2025-12-17', 'type': 'Wind Surgery'}]",FR,68,Turf,2026-04-12,1886131,"{'runs': '0', 'wins': '0'}",78,CH,-3.00,20,FR,FR,,7320632,Francois Nicolle Ecurie Delaunay Et Al (2026-03-11)||Francois Nicolle (2025-01-17),True,G,Goliath Du Berlais,False,Karpathina,0,9746,11,-6.00,,,False,Good To Soft,0,"{'runs': '0', 'wins': '0'}",7,Mrs S Ricci
Ffos Las,14:38,Amroth Bay Static Caravan Sales Maiden Hurdle (GBB Race),,2m4f,4,4yo+,,"£5,446",11,Knead A Win,6,gelding,6,,Sam Thomas,Dylan Johnston,t,False,160,122,128,105,142,O23-2,Placed from the front on testing ground in three maiden hurdles; form suggests a big run,"Ran out on debut; however, he's been placed from the front on testing ground in his three maiden hurdles since, tongue tied first time when stepped up to 2m4f at Chepstow latest; absent since November and moving away from soft ground would ask a question, but his form suggests a big run.",,Knead A Win | 6604746 | We think a lot of this horse and he's going to make an unbelievable chaser in time. The form of his third at Ffos Las worked out nicely and I wasn't disappointed with his second at Chepstow on Friday behind a horse Harry Derham thinks a lot of. He had a big blow afterwards and I'd imagine he'll come forward a lot. It won't be long until he gets his head in front. 23-11-25,,False,9%,2m4f,0,[],2020-04-03,1025292,98887,"{'runs': '1', 'wins': '0'}",4400,0,False,S C E A Du Haras Des Sablonnets,656918,15%,,False,,,915299,22%,-16.00,-,FR,0,https://www.racingpost.com/racecards/1212/ffos-las/2026-04-12/915299,6604746/knead-a-win,101553,"Lisvane, South Glamorgan",9,-18.68,Hurdle,1212,Barastraight,6604746,[],IRE,22,Turf,2026-04-12,663655,"{'runs': '2', 'wins': '0'}",27,B,+0.75,20,FR,GB,,2550270,,False,G,Authorized,False,Eau Berge Des Iles,2,31438,4,0.00,,,False,Good To Soft,0,"{'runs': '1', 'wins': '0'}",2,Walters Plant Hire Ltd
Ffos Las,14:38,Amroth Bay Static Caravan Sales Maiden Hurdle (GBB Race),,2m4f,4,4yo+,,"£5,446",11,Mr Rafiki,5,gelding,7,,Jonjo & A J ONeill,Jonjo ONeill Jr,t,False,160,,,,186,4,Useful pedigree; last of 4 at Ludlow (good to firm) in a bumper in October; wind op since,"Half-brother to five winners including Yeah Man (2m7f hurdle/3m4f chase), Fletcher (2m3f/2m4f hurdle) and The Jukebox Kid (bumper, 2m4f-3m hurdle/chase), all useful; tongue tied and 7-1 outsider of four when he trailed in last at Ludlow (good to firm) in a bumper in October; had a wind operation soon afterwards and needs a transformation.",,,48.15,False,8%,2m4f,2,[],2021-05-25,1119495,96455,"{'runs': '0', 'wins': '0'}",4400,27,True,Brandon View Stud,480864,12%,,False,7,,915299,10%,+27.50,8%,IRE,26,https://www.racingpost.com/racecards/1212/ffos-las/2026-04-12/915299,7347762/mr-rafiki,356594,"Cheltenham, Gloucs",20,-1.25,Hurdle,1212,Kalanisi,7347762,"[{'date': '2025-10-15', 'type': 'Wind Surgery'}]",IRE,62,Turf,2026-04-12,865578,"{'runs': '0', 'wins': '0'}",25,B,-9.25,20,IRE,IRE,,850431,,False,G,Order Of St George,False,Baraza,2,41384,3,-15.25,,,False,Good To Soft,2,"{'runs': '0', 'wins': '0'}",5,Rafiki Partnership
Ffos Las,14:38,Amroth Bay Static Caravan Sales Maiden Hurdle (GBB Race),,2m4f,4,4yo+,,"£5,446",11,Shuil Rocco,5,gelding,8,,Mickey Bowen,Shane Fenelon,,False,160,,,,17,7,Ran in points; 26l seventh of ten in bumper at Chepstow (good to soft; 28-1) 17 days ago,"Ran in two points (good) last May, third of five over 2m4f on second occasion; 26l seventh of ten in bumper at Chepstow (good to soft; 28-1) 17 days ago suggests he is a longer-term prospect.",,,33.33,False,6%,2m4f,1,"[{'trainer': 'Cormac Doyle', 'trainer_id': 36760, 'change_date': '2026-03-20'}]",2021-02-25,1041069,99195,"{'runs': '1', 'wins': '0'}",4400,14,False,Miss Carmel Whelan,96595,11%,,False,7,,915299,17%,-10.92,8%,IRE,12,https://www.racingpost.com/racecards/1212/ffos-las/2026-04-12/915299,7529862/shuil-rocco,370012,"Haverfordwest, Pembrokes",6,+83.00,Hurdle,1212,Presenting,7529862,[],GER,35,Turf,2026-04-12,572780,"{'runs': '0', 'wins': '0'}",35,CH,+2.50,20,IRE,GB,5,654522,Mrs Karen Bowen (2026-03-25),False,G,Shirocco,False,Shuil Direach,1,28905,4,-3.50,,5,False,Good To Soft,1,"{'runs': '0', 'wins': '0'}",2,Holly Nelmes & Gareth Peters
Ffos Las,14:38,Amroth Bay Static Caravan Sales Maiden Hurdle (GBB Race),,2m4f,4,4yo+,,"£5,446",11,Johnnys Belle,6,mare,9,,Barry John Murphy,Dylan OConnor,,False,153,,99,67,18,34,First and second in two Irish points for mares; the minor honours since are modest form,"Started this year with first and second in two Irish points for mares; the minor honours since in a bumper here and 2m4f maiden hurdle at Hereford represent modest form, so she has major work to do.",,,0,False,-,2m4f,0,[],2020-05-04,1095692,104226,"{'runs': '0', 'wins': '0'}",4400,2,False,Kilfeacle Stud,96578,20%,,False,0,,915299,0%,+5.00,0%,IRE,1,https://www.racingpost.com/racecards/1212/ffos-las/2026-04-12/915299,8683963/johnnys-belle,24834,"Caerfyrddin, Carmarthenshire",1,0.00,Hurdle,1212,Flemensfirth,8683963,[],GER,0,Turf,2026-04-12,601396,"{'runs': '1', 'wins': '0'}",5,B,-1.00,20,IRE,USA,7,1398121,,False,M,Malinas,False,Oh Deja Vu,0,31549,1,-1.00,,7,False,Good To Soft,0,"{'runs': '1', 'wins': '0'}",0,A Evans
Ffos Las,14:38,Amroth Bay Static Caravan Sales Maiden Hurdle (GBB Race),,2m4f,4,4yo+,,"£5,446",11,Pappariche,6,mare,10,,Christian Williams,Jack Tudor,,False,153,,,,,,Well related; first and second this year in two Irish points for mares,"40,000euros 3yo; third foal; half-sister to bumper winner Hemlock; dam pulled up in a point, half-sister to winners Massini's Maguire (smart bumper and 2m-3m hurdle/chase) and Twirling Magnet (useful bumper and 2m-3m hurdle/chase); first and second this year in two Irish points for mares; could be an interesting recruit, albeit perhaps more for a later stage.",,,35.71,False,14%,2m4f,1,[],2020-05-03,1125173,98673,"{'runs': '0', 'wins': '0'}",4400,14,False,Peel Bloodstock,96595,8%,,False,7,,915299,17%,-48.54,7%,GB,14,https://www.racingpost.com/racecards/1212/ffos-las/2026-04-12/915299,7169796/pappariche,227660,"Ogmore-By-Sea, Glamorgan",23,-32.00,Hurdle,1212,Presenting,7169796,[],GB,126,Turf,2026-04-12,660597,"{'runs': '0', 'wins': '0'}",79,BR,-7.50,20,IRE,GB,,963864,,False,M,Mahler,False,He Said She Said,4,33186,6,-11.75,,,False,Good To Soft,1,"{'runs': '0', 'wins': '0'}",18,All Stars Sports Racing
Ffos Las,14:38,Amroth Bay Static Caravan Sales Maiden Hurdle (GBB Race),,2m4f,4,4yo+,,"£5,446",11,Savon,4,gelding,11,,Mickey Bowen,Richard Patrick,,False,150,,,,30,5,Faded to a heavy defeat in bumper at Doncaster (good to soft; 14-1) one month ago,Well related for the Flat but he faded to meet with a heavy defeat in bumper at Doncaster (good to soft; 14-1) one month ago.,,,33.33,False,14%,2m4f,1,"[{'trainer': 'J S Bolger', 'trainer_id': 995, 'change_date': '2026-03-03'}]",2022-04-18,3150,93320,"{'runs': '1', 'wins': '0'}",4400,14,False,J S Bolger,449177,11%,,False,7,,915299,-,-10.92,8%,IRE,12,https://www.racingpost.com/racecards/1212/ffos-las/2026-04-12/915299,6238169/savon,208562,"Haverfordwest, Pembrokes",0,-12.75,Hurdle,1212,Lils Boy,6238169,[],IRE,57,Turf,2026-04-12,649434,"{'runs': '0', 'wins': '0'}",35,B,0.00,20,IRE,USA,,685710,Mrs J S Bolger (2026-03-03),False,G,Teofilo,False,Ard Fheis,0,28905,4,-3.50,,,False,Good To Soft,1,"{'runs': '0', 'wins': '0'}",8,Mickey Bowen
Ffos Las,15:13,Paned At 3A's Novices' Hurdle (GBB Race),,2m,4,4yo+,,"£5,446",12,Cinquenta,6,gelding,1,,Jamie Snowden,Gavin Sheehan,,False,164,124,130,117,36,3-2216,Consistent; ran respectably in big novice handicap at Sandown last time; the form pick,"Has a consistent record, latterly over 2m4f with win at Market Rasen (good to soft) then respectable sixth in big novice handicap at Sandown; gives the impression he'll be as effective back down in trip; the form pick.","2026-02-01 | Cinquenta | 6613692 | Book Into Our Altior's Resturant Today EBF 'National Hunt' Novices' Hurdle (Qualifier) (GBB Race) | 4803312 | Market Rasen | 35 | 20.5 | 4539 | It was a nice performance. Cinquenta stepped forward for the step up in trip and a bit of softer ground. The penny is beginning to drop, but he's a big, backward baby and he's learning all of the time. Today was a slightly easier race than the ones he'd been competing in. We won the EBF Final last year with Laurens Bay and I'd say he's in a similar mould, he's a future staying chaser. Laurens Bay has progressed over fences and is going to go to the National Hunt Chase and you'd like to think Cinquenta might be that sort of horse next year - Jamie Snowden, trainer.","Cinquenta | 6613692 | He goes well and I was surprised he didn't win a bumper, but maybe he was still weak. He's grown and strengthened through the summer. He'll go novice hurdling. 05-11-25",46.67,False,21%,1m7f182y,3,[],2020-03-23,1055981,88907,"{'runs': '3', 'wins': '1'}",3482,15,False,Michel Larobe,551799,26%,,False,20,,915300,20%,+12.55,20%,FR,15,https://www.racingpost.com/racecards/1212/ffos-las/2026-04-12/915300,6613692/cinquenta,156760,"Lambourn, Berks",5,+11.80,Hurdle,1212,Martaline,6613692,"[{'date': '2025-09-19', 'type': 'Wind Surgery'}]",FR,78,Turf,2026-04-12,834284,"{'runs': '3', 'wins': '0'}",50,B,+14.00,16,FR,GB,,6613694,,False,G,Cokoriko,False,Opaline Song,1,20814,13,+1.00,,,False,Good To Soft,3,"{'runs': '0', 'wins': '0'}",16,Martin Jocelyn & Steve Broughton
Ffos Las,15:13,Paned At 3A's Novices' Hurdle (GBB Race),,2m,4,4yo+,,"£5,446",12,Adrian,9,gelding,2,,Bernard Llewellyn,NON-RUNNER,b,False,157,,94,,144,3,Modest third of four over C&D (hurdles debut) when last seen; opposed,Hasn't won on the Flat since his German days a long time ago; modest third of four over C&D (hurdles debut) when last seen; opposed.,,,42.86,False,-,1m7f182y,0,"[{'trainer': 'Henk Grewe', 'trainer_id': 29732, 'change_date': '2022-04-29'}]",2017-04-09,6998,74971,"{'runs': '0', 'wins': '0'}",3482,8,False,Gestut Rottgen,94325,2%,,False,13,,915300,-,-46.50,0%,GER,1,https://www.racingpost.com/racecards/1212/ffos-las/2026-04-12/915300,2897522/adrian,336212,"Fochriw, Mid Glamorgan",0,0.00,Hurdle,1212,Desert Style,2897522,[],GB,0,Turf,2026-04-12,748255,"{'runs': '1', 'wins': '0'}",51,GR,0.00,16,GER,IRE,,891928,B J Llewellyn (2025-04-28)||Chris Smith & Partners (2024-07-06)||B J Llewellyn (2023-10-09)||Gestut Auenquelle (2022-04-29),False,G,Reliable Man,True,Anna Desta,0,5106,1,-1.00,,,False,Good To Soft,1,"{'runs': '1', 'wins': '0'}",0,Chris Smith & Partners
Ffos Las,15:13,Paned At 3A's Novices' Hurdle (GBB Race),,2m,4,4yo+,,"£5,446",12,Angel Wave,5,gelding,3,,Sam Thomas,Dylan Johnston,,False,157,,71,44,49,57,Gives the impression he may improve for this drop in trip and switch to faster ground,Beaten long way in a couple of 2m3f events on soft/heavy but gives the impression he may improve for this drop in distance and switch to forecast faster ground.,,,,False,9%,1m7f182y,0,[],2021-04-14,1083197,98887,"{'runs': '0', 'wins': '0'}",3482,0,False,Walters Plant Hire,471066,15%,,False,,,915300,22%,-16.00,-,GB,0,https://www.racingpost.com/racecards/1212/ffos-las/2026-04-12/915300,8725524/angel-wave,101553,"Lisvane, South Glamorgan",9,-18.68,Hurdle,1212,Kayf Tara,8725524,[],IRE,22,Turf,2026-04-12,653262,"{'runs': '0', 'wins': '0'}",27,B,+0.75,16,GB,GB,,879017,,False,G,Gentlewave,False,Angel Face,2,31438,4,0.00,,,False,Good To Soft,0,"{'runs': '0', 'wins': '0'}",2,Walters Plant Hire Ltd
Ffos Las,15:13,Paned At 3A's Novices' Hurdle (GBB Race),,2m,4,4yo+,,"£5,446",12,Annual Invitation,5,gelding,4,,Christian Williams,Jack Tudor,,False,157,,76,73,22,7,Placed in Irish points; didn't fare nearly so well in Bangor maiden hurdle,Placed in a couple of Irish points; didn't fare nearly so well in Bangor maiden hurdle (2m3f) on the switch to rules and may be one for handicaps later on.,,,35.71,False,14%,1m7f182y,1,[],2021-04-10,1070007,98673,"{'runs': '0', 'wins': '0'}",3482,14,False,Drumlin Bloodstock,657490,8%,,False,7,,915300,17%,-48.54,7%,IRE,14,https://www.racingpost.com/racecards/1212/ffos-las/2026-04-12/915300,7436467/annual-invitation,34642,"Ogmore-By-Sea, Glamorgan",23,-32.00,Hurdle,1212,Getaway,7436467,[],IRE,126,Turf,2026-04-12,602597,"{'runs': '0', 'wins': '0'}",79,B,-7.50,16,IRE,GER,,5856705,,False,G,Walk In The Park,False,Tip Tap Toe,4,33186,6,-11.75,,,False,Good To Soft,1,"{'runs': '0', 'wins': '0'}",18,Sue Howell
Ffos Las,15:13,Paned At 3A's Novices' Hurdle (GBB Race),,2m,4,4yo+,,"£5,446",12,Bahati Bahati,6,gelding,5,,Gordon Treacy,Rian Corcoran,,False,157,,98,63,20,P6,Weak claims on form,Has weak claims on point and hurdles form; handicaps are likely to be more suitable shortly.,,,0,False,33%,1m7f182y,0,"[{'trainer': 'Amie Treacy', 'trainer_id': 42050, 'change_date': '2026-02-28'}]",2020-04-30,9416,103118,"{'runs': '1', 'wins': '0'}",3482,2,False,Michael Healy,66840,0%,,False,0,,915300,17%,-2.00,0%,IRE,2,https://www.racingpost.com/racecards/1212/ffos-las/2026-04-12/915300,7374134/bahati-bahati,353798,"Higher Lowton Stables, Devon",6,+4.30,Hurdle,1212,Great Palm,7374134,[],IRE,6,Turf,2026-04-12,760422,"{'runs': '2', 'wins': '0'}",2,B,-2.75,16,IRE,USA,5,978918,,False,G,Casamento,False,Fitzgrey,1,42047,0,-2.00,,5,False,Good To Soft,0,"{'runs': '0', 'wins': '0'}",2,Rathkenny Racing Syndicate
Ffos Las,15:13,Paned At 3A's Novices' Hurdle (GBB Race),,2m,4,4yo+,,"£5,446",12,Barford Brook,5,gelding,6,,Kevin Bishop,Luke Scott,,False,157,,,,37,P,Achieved nothing in Exeter contest,"Achieved nothing, eventually pulled up, in Exeter contest (2m) for an inauspicious debut.",,,,False,14%,1m7f182y,0,[],2021-03-12,1074266,98714,"{'runs': '1', 'wins': '0'}",3482,0,False,Barrow Hill,57937,0%,,False,,,915300,0%,-1.00,-,GB,0,https://www.racingpost.com/racecards/1212/ffos-las/2026-04-12/915300,8899528/barford-brook,370637,"Spaxton, Somerset",3,-5.56,Hurdle,1212,Generous,8899528,[],IRE,7,Turf,2026-04-12,818366,"{'runs': '1', 'wins': '0'}",1,GR,-3.00,16,GB,IRE,3,770229,K Bishop (2026-04-06),False,G,Telescope,False,Wassailing Queen,0,649,0,0.00,,3,False,Good To Soft,0,"{'runs': '0', 'wins': '0'}",1,Barford Brook Racing
Ffos Las,15:13,Paned At 3A's Novices' Hurdle (GBB Race),,2m,4,4yo+,,"£5,446",12,Bebe And Bean,6,gelding,7,,Olly Murphy,Sean Bowen,,False,157,,,,429,55-,Bumper form for Paul Nicholls has substance; interesting with improvement possible,"Similar efforts in bumpers during the winter of 2024-25 for Paul Nicholls, finishing fifth both times; the form has substance; remains in same ownership; interesting on belated reappearance, with improvement possible.",,,41.18,False,23%,1m7f182y,8,"[{'trainer': 'Paul Nicholls', 'trainer_id': 5767, 'change_date': '2026-04-06'}]",2020-05-10,1079580,93186,"{'runs': '1', 'wins': '0'}",3482,34,False,George Stanners,4722,27%,,False,24,,915300,13%,+9.57,25%,GB,32,https://www.racingpost.com/racecards/1212/ffos-las/2026-04-12/915300,6838429/bebe-and-bean,248934,"Wilmcote, Warks",38,+14.83,Hurdle,1212,Moscow Society,6838429,"[{'date': '2024-07-31', 'type': 'Wind Surgery'}]",IRE,234,Turf,2026-04-12,569100,"{'runs': '2', 'wins': '0'}",67,B,-22.18,16,FR,USA,,855853,,False,G,Doyen,False,Bling Noir,5,33553,18,+9.32,,,False,Good To Soft,8,"{'runs': '0', 'wins': '0'}",54,Gordon & Su Hall
Ffos Las,15:13,Paned At 3A's Novices' Hurdle (GBB Race),,2m,4,4yo+,,"£5,446",12,Laios Tresor,5,gelding,8,,Georgie Howell,Tabitha Worsley,,False,157,,87,30,80,8,Soundly beaten at Huntingdon on rules debut,"Soundly beaten in big field over 2m at Huntingdon, failing to build on his effort in small-field Irish point.",,,0,False,0%,1m7f182y,0,[],2021-06-13,1141262,91902,"{'runs': '0', 'wins': '0'}",3482,1,False,Joel Menard,302157,0%,,False,0,,915300,18%,-14.00,0%,FR,1,https://www.racingpost.com/racecards/1212/ffos-las/2026-04-12/915300,7082590/laios-tresor,203382,"Tenbury Wells, Worcestershire",11,-24.00,Hurdle,1212,Saint Cyrien,7082590,[],GB,24,Turf,2026-04-12,2273211,"{'runs': '1', 'wins': '0'}",14,B,+4.00,16,FR,FR,,1379740,,False,G,Roman Candle,False,Reine Tresor,2,26729,0,-1.00,,,False,Good To Soft,0,"{'runs': '0', 'wins': '0'}",0,Ms G Howell
Ffos Las,15:13,Paned At 3A's Novices' Hurdle (GBB Race),,2m,4,4yo+,,"£5,446",12,My Boy Aaron,6,gelding,9,,Robert Stephens,Sean Houlihan,,False,157,110,117,94,26,2-0533,Has shown better hurdles form since having wind surgery; again holds place claims,"Seven-race maiden who has shown better hurdles form, namely third-place finishes over 2m at Newbury and Exeter, since having wind surgery; again holds place claims.",,,75,False,7%,1m7f182y,0,[],2020-02-07,15641,94129,"{'runs': '1', 'wins': '0'}",3482,4,False,Deerpark Stud,96463,5%,,False,25,,915300,6%,-13.50,0%,IRE,2,https://www.racingpost.com/racecards/1212/ffos-las/2026-04-12/915300,5743647/my-boy-aaron,209591,"Caldicot, Monmouthshire",18,-38.67,Hurdle,1212,Halling,5743647,"[{'date': '2025-12-08', 'type': 'Wind Surgery'}]",IRE,67,Turf,2026-04-12,679954,"{'runs': '5', 'wins': '0'}",22,B,-16.00,16,GB,USA,,846934,,False,G,Fast Company,False,Hallouella,1,28265,1,-2.00,,,False,Good To Soft,1,"{'runs': '1', 'wins': '0'}",5,Mrs V James
Ffos Las,15:13,Paned At 3A's Novices' Hurdle (GBB Race),,2m,4,4yo+,,"£5,446",12,Vivre Le Reve,4,gelding,10,,Ben Pauling,Ben Jones,,False,156,,84,17,43,19P,Won sole French start; disappointing in two British attempts but can't be written off yet,"Bought for £100,000 after winning sole start in France; disappointing in two juvenile hurdles in Britain, folding tamely both times, but he's in excellent hands and can't be written off yet.",,,33.33,False,17%,1m7f182y,2,[],2022-05-21,1079081,96449,"{'runs': '1', 'wins': '0'}",3482,27,False,Yorton Farm Stud,103879,30%,,False,7,,915300,17%,+39.34,7%,GB,27,https://www.racingpost.com/racecards/1212/ffos-las/2026-04-12/915300,8697838/vivre-le-reve,366975,"Naunton, Gloucs",30,-43.09,Hurdle,1212,Solon,8697838,[],IRE,172,Turf,2026-04-12,819428,"{'runs': '2', 'wins': '0'}",70,B,+5.75,16,FR,GER,,863820,,False,G,Pethers Moon,False,Solojorie,5,28480,21,-20.75,,,False,Good To Soft,2,"{'runs': '0', 'wins': '0'}",29,Burns P & M Morrall Stokes & Wicks
Ffos Las,15:13,Paned At 3A's Novices' Hurdle (GBB Race),,2m,4,4yo+,,"£5,446",12,Tonis Legacy,5,mare,11,,Kevin Bishop,James Best,,False,150,,84,54,38,0,Far from solid on form,Far from solid on her Flat record and one attempt over hurdles.,,,,False,7%,1m7f182y,0,"[{'trainer': 'Neil Mulholland', 'trainer_id': 20451, 'change_date': '2026-02-27'}]",2021-03-09,1053933,91230,"{'runs': '1', 'wins': '0'}",3482,0,False,T C Dawson,695767,0%,,False,,,915300,0%,-1.00,-,GB,0,https://www.racingpost.com/racecards/1212/ffos-las/2026-04-12/915300,6229197/tonis-legacy,359095,"Spaxton, Somerset",19,-8.04,Hurdle,1212,Mastercraftsman,6229197,[],GB,70,Turf,2026-04-12,620671,"{'runs': '1', 'wins': '0'}",1,B,-19.00,16,IRE,IRE,,904450,,False,M,Dragon Dancer,False,Golden Isles,0,649,0,0.00,,,False,Good To Soft,0,"{'runs': '0', 'wins': '0'}",5,Brian Williams
Ffos Las,15:13,Paned At 3A's Novices' Hurdle (GBB Race),,2m,4,4yo+,,"£5,446",12,Berkshire Smudge,4,gelding,12,,Rebecca Curtis,James Bowen,,False,149,,114,92,75,46,"May improve returned to Ffos Las, having gained sole Flat win here; interesting","Has shaped with some promise, without making a major impact, in juvenile hurdles at Doncaster and Chepstow; may show improvement returned to Ffos Las, having gained sole Flat win here (soft); interesting.",,,33.33,False,14%,1m7f182y,1,"[{'trainer': 'Andrew Balding', 'trainer_id': 15605, 'change_date': '2025-08-07'}]",2022-02-22,1036392,96830,"{'runs': '1', 'wins': '0'}",3482,6,False,Mountain View Stud,784856,11%,,False,17,,915300,4%,-54.09,17%,IRE,6,https://www.racingpost.com/racecards/1212/ffos-las/2026-04-12/915300,5708600/berkshire-smudge,306502,"Newport, Pembrokeshire",24,-25.92,Hurdle,1212,Camelot,5708600,[],GB,132,Turf,2026-04-12,582877,"{'runs': '2', 'wins': '0'}",136,B,-20.25,16,IRE,GB,,2268106,,False,G,Kodiac,False,Arctic Ocean,1,20251,15,-3.13,,,False,Good To Soft,1,"{'runs': '0', 'wins': '0'}",18,Berkshire Parts & Panels Ltd No1 Fanclub
Ffos Las,15:13,Paned At 3A's Novices' Hurdle (GBB Race),,2m,4,4yo+,,"£5,446",12,Ettore,4,gelding,13,,Nicky Henderson,Nico de Boinville,,False,149,,99,51,19,63,"Has lacked fluency in two hurdles attempts but ran well, clear third, at Taunton latest","Record of 0-4 on Flat for previous yard; has lacked fluency in two attempts over hurdles (2m) but managed to run well, clear third, at Taunton latest; may take another step forward, especially if jumping better.",,"Ettore | 7677632 | He's come to us from Roger Varian to go jumping. He's had four runs and he's a fine, big horse. For a three-year-old to go jumping, he's a very good type. 21-10-25",30,False,38%,1m7f182y,4,"[{'trainer': 'Roger Varian', 'trainer_id': 24890, 'change_date': '2025-10-01'}]",2022-05-10,1060445,87644,"{'runs': '1', 'wins': '0'}",3482,20,False,Bloodstock Agency Ltd,450464,34%,,False,20,,915300,21%,+33.28,21%,IRE,19,https://www.racingpost.com/racecards/1212/ffos-las/2026-04-12/915300,7677632/ettore,367837,"Upper Lambourn, Berks",14,+20.53,Hurdle,1212,Cape Cross,7677632,[],FR,26,Turf,2026-04-12,2177988,"{'runs': '2', 'wins': '0'}",41,B,-7.93,16,IRE,IRE,,680106,John Connolly (2026-02-21),False,G,Sottsass,False,Recambe,3,311,14,-11.49,,,False,Good To Soft,4,"{'runs': '0', 'wins': '0'}",10,Exors Of The Late John Connolly
Ffos Las,15:50,Tommy Williams Memorial Handicap Hurdle,,2m4f,4,4yo+,0-120,"£4,594",11,Milldam,8,gelding,1,,Jamie Snowden,Gavin Sheehan,t,False,170,122,125,107,34,-965P4,Inconsistent this season but will be dangerous off current mark if on song,"Five-time hurdle winner; inconsistent this season and not yet proven over this far but the form of his fifth in a valuable race at Windsor (2m, soft) in January reads very well in this context, and he didn't run badly when fourth at Stratford (2m, soft) last month; big player if on song.","2024-12-21 | Milldam | 3896796 | Betfred Hat-Trick Heaven Handicap Hurdle (Challenger Two Mile Hurdle Series Qualifier) | 882409 | Haydock | 23 | 15.5 | 3444 | Milldam was a bit gassy last time and probably just needed it. He'd actually want the ground heavier again because we're not getting in deep there. He was brave going to the last and even braver coming away from it. He wants two miles and a flat, galloping track, but the ground is the key - Gavin Sheehan, jockey.||2023-03-15 | Milldam | 3896796 | Bet At racingtv.com Maiden Hurdle (GBB Race) | 833470 | Huntingdon | 26 | 16 | 3471 | Milldam has had a wind operation since his last run and enjoyed this ground which Gavin said was good, good to soft - Jamie Snowden, trainer.","Milldam | 3896796 | Two miles on soft ground is his ideal. He won at Haydock in December, and the Winter Million will be for him. He'll have one run beforehand and then we'll try to go there. 05-11-25||Milldam | 3896796 | He made his first start for us in what is known as the Fred Winter last year and he ran respectably last season before he won at Huntingdon in March. But all those races were around two miles and I'm optimistic he can improve when stepping up in trip. 28-09-23",46.67,True,21%,2m4f,3,"[{'trainer': 'A Chaille-Chaille', 'trainer_id': 11333, 'change_date': '2022-01-25'}]",2018-02-06,1125743,88907,"{'runs': '4', 'wins': '0'}",4400,15,False,R Corveller & Mrs A Corveller,545201,26%,,False,20,,915301,20%,+12.55,20%,FR,15,https://www.racingpost.com/racecards/1212/ffos-las/2026-04-12/915301,3896796/milldam,311918,"Lambourn, Berks",5,+11.80,Hurdle,1212,Saint Des Saints,3896796,"[{'date': '2023-01-04', 'type': 'Wind Surgery'}]",GB,78,Turf,2026-04-12,551799,"{'runs': '1', 'wins': '0'}",50,GR,+14.00,20,FR,FR,,1216781,Richard Corveller (2022-01-25),False,G,Martaline,False,Santa Dame,1,20814,13,+1.00,,,False,Good To Soft,3,"{'runs': '1', 'wins': '1'}",16,Neil Goulden Kevin & Sue Hopgood
Ffos Las,15:50,Tommy Williams Memorial Handicap Hurdle,,2m4f,4,4yo+,0-120,"£4,594",11,Shabalko dHerm,6,gelding,2,,Nigel & Willy Twiston-Davies,Sam Twiston-Davies,,False,170,122,118,109,92,2-1156,Won first two hurdle races but weakened tamely on next two outings; handicap debut,Launched hurdling career with two 2m wins in the autumn (good/soft) but weakened tamely on next two outings (bled from nose last time); up in trip for handicap debut and may still have potential but comes with risk.,,,31.82,True,16%,2m4f,2,"[{'trainer': 'Nigel Twiston-Davies', 'trainer_id': 306, 'change_date': '2025-10-09'}]",2020-03-26,1138188,88023,"{'runs': '0', 'wins': '0'}",4400,22,False,E A R L Ecurie De LHerminet,567732,17%,,False,9,,915301,3%,-4.80,9%,FR,22,https://www.racingpost.com/racecards/1212/ffos-las/2026-04-12/915301,6550767/shabalko-dherm,227257,"Naunton, Gloucs",33,-48.20,Hurdle,1212,Dalakhani,6550767,"[{'date': '2025-09-11', 'type': 'Wind Surgery'}]",FR,100,Turf,2026-04-12,595446,"{'runs': '0', 'wins': '0'}",6,BB,-28.00,20,FR,IRE,,2604424,,False,G,Balko,False,Shamaya Rosaires,1,42340,1,-10.50,,,False,Good To Soft,2,"{'runs': '0', 'wins': '0'}",16,Babbitt Racing
Ffos Las,15:50,Tommy Williams Memorial Handicap Hurdle,,2m4f,4,4yo+,0-120,"£4,594",11,Fresh Speculation,8,gelding,3,,Henry Daly,David Bass,,False,168,120,121,111,51,P-6112,In career-best form over C&D this year but the ground is likely to be much quicker today,"Two wins this season, the latter over C&D (soft); posted another career-best effort when close second to El Gavilan over C&D (heavy) in February but may not be as good on the much quicker ground today.",,"Fresh Speculation | 5047963 | He's on a hat-trick but didn't run at Ascot last time out because the ground wasn't soft enough. He wants it absolutely bottomless - if you needed a snorkel and flippers, he'd be very happy. Unfortunately, Ascot had lots of rain but not enough for him. Hopefully on Friday he'll go to Ffos Las, where he'll carry top weight. 18-02-26",25,True,18%,2m4f,1,[],2018-03-12,1050824,85932,"{'runs': '3', 'wins': '0'}",4400,10,False,Mike Green,462135,16%,,False,10,,915301,7%,-4.00,13%,GB,8,https://www.racingpost.com/racecards/1212/ffos-las/2026-04-12/915301,5047963/fresh-speculation,301097,"Ludlow, Shropshire",14,-7.50,Hurdle,1212,Oscar,5047963,[],IRE,38,Turf,2026-04-12,819428,"{'runs': '8', 'wins': '3'}",19,B,-10.50,20,IRE,IRE,,803193,,False,G,Pethers Moon,False,Wilde Speculation,1,13003,3,-4.50,,,False,Good To Soft,1,"{'runs': '4', 'wins': '2'}",7,Mike Green & Sally Beech
Ffos Las,15:50,Tommy Williams Memorial Handicap Hurdle,,2m4f,4,4yo+,0-120,"£4,594",11,Watchful Protector,6,gelding,4,,Mickey Bowen,Sean Bowen,p,True,168,120,118,86,127,2-0105,Soundly beaten over 2m7f on stable debut; drops back in trip with cheekpieces added,"Won Tipperary maiden (2m3f, good to yielding) for Emmet Mullins in October but was well below that form when fifth in Chepstow novice (2m7f, good to soft) for new stable in December; drops back in trip with cheekpieces added today; needs a much better performance.",,,33.33,True,23%,2m4f,1,"[{'trainer': 'Emmet Mullins', 'trainer_id': 30971, 'change_date': '2025-12-01'}]",2020-04-01,1054815,93186,"{'runs': '1', 'wins': '0'}",4400,14,False,Kieran Magee,96578,11%,,False,7,,915301,13%,-10.92,8%,IRE,12,https://www.racingpost.com/racecards/1212/ffos-las/2026-04-12/915301,7055605/watchful-protector,365380,"Haverfordwest, Pembrokes",38,+14.83,Hurdle,1212,Flemensfirth,7055605,[],GB,234,Turf,2026-04-12,660604,"{'runs': '2', 'wins': '1'}",35,B,-22.18,20,IRE,USA,,4429432,Mickey Bowen (2025-12-05)||Paul Byrne (2025-12-01),False,G,Mount Nelson,False,Shannon Waters,5,28905,4,-3.50,,,False,Good To Soft,1,"{'runs': '0', 'wins': '0'}",54,Mrs N Unsworth & Jenkins Partnership
Ffos Las,15:50,Tommy Williams Memorial Handicap Hurdle,,2m4f,4,4yo+,0-120,"£4,594",11,Manigod,5,gelding,5,,Warren Greatrex,Harry Bannister,t,False,166,118,120,87,53,2221,Clear winner on handicap debut in February and will be fine on the faster ground here,"Runner-up on first three hurdling starts before winning by over 4l on handicap debut at Ludlow (2m5f, soft) in February; 7lb higher here but will be fine on the forecast faster ground and could have more to offer.",,,40,True,6%,2m4f,0,"[{'trainer': 'P Decouz', 'trainer_id': 27078, 'change_date': '2025-11-10'}]",2021-03-08,1140611,92302,"{'runs': '1', 'wins': '0'}",4400,15,False,Philippe Decouz & Scea Du Bas Bugey,589733,11%,,False,0,,915301,11%,-32.13,0%,FR,13,https://www.racingpost.com/racecards/1212/ffos-las/2026-04-12/915301,5937896/manigod,124013,"Upper Lambourn, Berks",18,-24.67,Hurdle,1212,Hurricane Run,5937896,"[{'date': '2025-09-22', 'type': 'Wind Surgery'}]",FR,35,Turf,2026-04-12,786334,"{'runs': '3', 'wins': '0'}",61,B,-9.50,20,GB,IRE,,849189,SAS Racing D & Olivier De Seyssel (2025-11-10),False,G,American Devil,False,Waldfest,2,22011,7,-13.00,,,False,Good To Soft,0,"{'runs': '0', 'wins': '0'}",2,Million In Mind Partnership
Ffos Las,15:50,Tommy Williams Memorial Handicap Hurdle,,2m4f,4,4yo+,0-120,"£4,594",11,Meatloaf,7,gelding,6,,Paul Nicholls,Miss Olive Nicholls,p,True,165,117,121,102,30,P-4636,Placed two starts ago but weakened tamely last time; cheekpieces now added,"Placed off 1lb lower at Wincanton (2m4f, soft) in January and is also suited by faster ground but weakened tamely on latest outing and has basically become a shade disappointing; sports first-time cheekpieces.","2023-11-11 | Meatloaf | 4730069 | EBF Stallions ""National Hunt"" Novices' Hurdle (Qualifier) (GBB Race) | 851843 | Wincanton | 90 | 15 | 3350 | Meatloaf is a smart horse and I like him a lot. He won two races last season, and he was not beaten not far at Cheltenham last season. He'll get better with experience. Two miles is fine for him. He might even progress to run at Aintree in the Grade One (Formby Novices' Hurdle) on Boxing Day - Paul Nicholls, trainer.","Meatloaf | 4730069 | He's back from a season off, having got a leg when last running at Aintree in May last year. He'd landed a couple of novice hurdles and will now resume in handicaps, when I predict further success provided we keep him to the right level. He's looking really well in his coat at present and is not far off a run. 04-11-25",58.33,True,100%,2m4f,7,[],2019-02-01,1129105,101726,"{'runs': '6', 'wins': '3'}",4400,36,False,G Garcon J Garcon & I Garcon,528581,26%,,False,19,,915301,0%,+2.46,19%,FR,36,https://www.racingpost.com/racecards/1212/ffos-las/2026-04-12/915301,4730069/meatloaf,324964,"Ditcheat, Somerset",4,+2.75,Hurdle,1212,Samum,4730069,"[{'date': '2024-07-17', 'type': 'Wind Surgery'}]",FR,1,Turf,2026-04-12,603344,"{'runs': '4', 'wins': '1'}",39,CH,-4.00,20,GER,GER,5,905175,,False,G,Doctor Dino,False,Jane,0,5767,10,-4.44,,5,False,Good To Soft,7,"{'runs': '0', 'wins': '0'}",1,The Stewart Family Sira Ferguson & G Mason
Ffos Las,15:50,Tommy Williams Memorial Handicap Hurdle,,2m4f,4,4yo+,0-120,"£4,594",11,Tradecraft,7,gelding,7,,Nicky Henderson,Nico de Boinville,p,True,163,115,115,,119,61-P9P,Low-mileage 7yo; well beaten in two chases in the autumn; back hurdling in cheekpieces,"Lightly raced 7yo who won a three-runner Sandown novice (2m, soft) last season; well beaten in two 2m4f handicap chases in the autumn (blinkered last time) and now reverts to hurdling in cheekpieces; tricky to weigh up.",,Tradecraft | 5073360 | He won at Sandown last season but it was a poor race and it meant he was given an opening mark of 119. He'll go chasing and will be one of our first runners out this season as we're ready to rock and roll. 21-10-25,30,True,38%,2m4f,4,[],2019-03-04,1108532,87644,"{'runs': '2', 'wins': '0'}",4400,20,False,Ambrose Madden,76009,34%,,False,20,,915301,21%,+33.28,21%,IRE,19,https://www.racingpost.com/racecards/1212/ffos-las/2026-04-12/915301,5073360/tradecraft,331063,"Upper Lambourn, Berks",14,+20.53,Hurdle,1212,Hernando,5073360,"[{'date': '2025-08-01', 'type': 'Wind Surgery'}]",FR,26,Turf,2026-04-12,703532,"{'runs': '3', 'wins': '0'}",41,B,-7.93,20,GB,FR,,841326,,False,G,Blue Bresil,False,Rowlestone Lass,3,311,14,-11.49,,,False,Good To Soft,4,"{'runs': '0', 'wins': '0'}",10,M Buckley & C Noell
Ffos Las,15:50,Tommy Williams Memorial Handicap Hurdle,,2m4f,4,4yo+,0-120,"£4,594",11,Havefunontherun,6,gelding,8,,Fergal OBrien,NON-RUNNER,t,True,160,112,118,,113,4-1427,Off since below-par run in December went close on handicap debut two runs ago,"Lightly raced 6yo who won a maiden (2m, good) last spring and went close on handicap debut at Southwell (2m4f, good to soft) in November; off since lesser run in December (2m7f) but still considered; tongue-tie added.",,,64.29,True,-,2m4f,5,[],2020-03-10,1055245,74971,"{'runs': '3', 'wins': '0'}",4400,28,False,Cathal Ennis,583841,17%,,False,21,,915301,-,+1.37,19%,IRE,26,https://www.racingpost.com/racecards/1212/ffos-las/2026-04-12/915301,7200251/havefunontherun,199331,"Withington, Gloucs",0,0.00,Hurdle,1212,Yeats,7200251,[],FR,0,Turf,2026-04-12,603344,"{'runs': '1', 'wins': '0'}",53,B,0.00,20,IRE,IRE,,974165,,False,G,Doctor Dino,True,Rebel Yeats,0,13986,9,+4.23,,,False,Good To Soft,6,"{'runs': '0', 'wins': '0'}",0,Paul & Clare Rooney
Ffos Las,15:50,Tommy Williams Memorial Handicap Hurdle,,2m4f,4,4yo+,0-120,"£4,594",11,Letterston Lily,6,mare,9,,Mickey Bowen,NON-RUNNER,,False,160,112,,,513,13U40-,"Quite promising novice in early part of last season, winning twice; back from long absence","Quite promising novice in early part of last season, winning twice on good ground (2m/2m4f), but this is her first run for 513 days and regular partner Sean Bowen rides the stable's other one.","2024-09-27 | Letterston Lily | 5740915 | Dragonbet Fixed Brush Hurdle Series Final Novices' Handicap Hurdle (GBB Race) | 875649 | Worcester | 101 | 20 | 4400 | Letterston Lily should become a lovely horse. We only ran her because it was such a big race and it'll be about next spring for her. She could be an exciting filly - Michael Bowen, joint-trainer.||2024-06-30 | Letterston Lily | 5740915 | Hadwins Mares' Novices' Hurdle (GBB Race) | 869132 | Cartmel | 9 | 17 | 3786 | I'm delighted with Letterston Lily. She jumped absolutely superbly. She's always worked brilliantly. She was a bit green at Aintree but she ran a blinder that day. Hopefully there's a bit more to come. She's got a fair turn of foot, that's why we put her in the Aintree bumper, and she showed it there today -  joint-trainer Peter Bowen, speaking on Racing TV.",,33.33,True,-,2m4f,1,"[{'trainer': 'Peter & Michael Bowen', 'trainer_id': 41395, 'change_date': '2026-04-06'}, {'trainer': 'Peter Bowen', 'trainer_id': 2864, 'change_date': '2024-05-06'}]",2020-05-06,1125173,74971,"{'runs': '2', 'wins': '1'}",4400,14,False,Peel Bloodstock,96595,11%,,False,7,,915301,-,-10.92,8%,GB,12,https://www.racingpost.com/racecards/1212/ffos-las/2026-04-12/915301,5740915/letterston-lily,306347,"Haverfordwest, Pembrokes",0,0.00,Hurdle,1212,Presenting,5740915,[],GER,0,Turf,2026-04-12,657490,"{'runs': '4', 'wins': '1'}",35,B,0.00,20,IRE,GB,,915021,,False,M,Getaway,True,Whenskiesareblue,0,28905,4,-3.50,,,False,Good To Soft,1,"{'runs': '0', 'wins': '0'}",0,Peter Bowen Racing Group
Ffos Las,15:50,Tommy Williams Memorial Handicap Hurdle,,2m4f,4,4yo+,0-120,"£4,594",11,Mossy Fen Coolio,6,gelding,10,,Jonjo & A J ONeill,Jonjo ONeill Jr,,False,159,111,119,112,22,42,Displayed clear promise on first two hurdle starts; likely contender on handicap debut,"Irish point winner who displayed clear promise on his first two hurdling starts, more recently when second of ten at Bangor (2m3f, good) three weeks ago; can improve in handicaps; likely contender.",,Mossy Fen Coolio | 7108250 | We've always liked this horse and we're already looking forward to him going chasing next season. He won his point-to-point easily and hopefully he can make his mark over hurdles this term. He'll probably start over two and a half miles and has a touch of class about him. 18-11-25,48.15,True,8%,2m4f,2,[],2020-04-24,1137170,96455,"{'runs': '0', 'wins': '0'}",4400,27,False,Andy Measham,96595,12%,,False,7,,915301,10%,+27.50,8%,GB,26,https://www.racingpost.com/racecards/1212/ffos-las/2026-04-12/915301,7108250/mossy-fen-coolio,179597,"Cheltenham, Gloucs",20,-1.25,Hurdle,1212,Presenting,7108250,[],GB,62,Turf,2026-04-12,471066,"{'runs': '1', 'wins': '0'}",25,B,-9.25,20,GB,GB,,881030,,False,G,Kayf Tara,False,Little Acorn,2,41384,3,-15.25,,,False,Good To Soft,2,"{'runs': '0', 'wins': '0'}",5,Brook Farm Bloodstock
Ffos Las,15:50,Tommy Williams Memorial Handicap Hurdle,,2m4f,4,4yo+,0-120,"£4,594",11,El Gavilan,5,gelding,11,,Clive Boultbee-Brooks,Richard Patrick,tp,False,159,111,122,108,27,721115,Three course wins this year; managed only fifth off this career-high mark last time,"Aided by cheekpieces this year, winning three in a row here (2m-2m4f, heavy) in January/February; also suited by faster ground but managed only fifth behind Jack's Jury off this career-high mark over C&D (soft) last month.",,,0,True,14%,2m4f,0,"[{'trainer': 'Noel George & Amanda Zetterholm', 'trainer_id': 40244, 'change_date': '2024-12-02'}]",2021-03-25,1137303,93320,"{'runs': '4', 'wins': '0'}",4400,4,False,Emmanuel Dibatista Mme Claire Dibati,468072,26%,,False,0,,915301,-,+9.25,0%,FR,3,https://www.racingpost.com/racecards/1212/ffos-las/2026-04-12/915301,6824846/el-gavilan,313879,"Woolhope, H'fords",0,-12.75,Hurdle,1212,Muhtathir,6824846,[],GER,57,Turf,2026-04-12,890646,"{'runs': '3', 'wins': '1'}",27,B,0.00,20,FR,GB,,1381022,Mme Sonia Hadj MHamed (2024-05-27),False,G,Guignol,False,La Jalousie,0,38093,7,-3.00,,,False,Good To Soft,0,"{'runs': '4', 'wins': '3'}",8,C & C Boultbee Brooks
Ffos Las,15:50,Tommy Williams Memorial Handicap Hurdle,,2m4f,4,4yo+,0-120,"£4,594",11,Thewoodcorner,4,gelding,12,,Nicky Henderson,James Bowen,,False,150,112,129,109,22,6123,Kept on well for third on last month's handicap debut at Newbury; 1lb lower here,"Won Chepstow novice (2m, soft) in January and kept on well for third when upped to 2m3f for last month's handicap debut at Newbury (good to soft); 1lb lower here and not yet fully exposed; must be considered.",,Thewoodcorner | 8304699 | He came from France having won over two miles on the Flat and he's very well. He's a good jumper and we're well schooled now. He'll be in the front row among our juvenile hurdlers. 21-10-25,30,True,14%,2m4f,4,"[{'trainer': 'H-A Pantall', 'trainer_id': 11363, 'change_date': '2025-04-29'}]",2022-05-31,1132491,96830,"{'runs': '2', 'wins': '0'}",4400,20,False,Henri-Alex Pantall & Yvette Pantall,663655,34%,,False,20,,915301,4%,+33.28,21%,FR,19,https://www.racingpost.com/racecards/1212/ffos-las/2026-04-12/915301,8304699/thewoodcorner,365212,"Upper Lambourn, Berks",24,-25.92,Hurdle,1212,Authorized,8304699,[],IRE,132,Turf,2026-04-12,840712,"{'runs': '0', 'wins': '0'}",41,B,-20.25,20,FR,IRE,,2879795,Henri-Alex Pantall (2025-11-29),False,G,The Grey Gatsby,False,Goldy Hauty,1,311,14,-11.49,,,False,Good To Soft,4,"{'runs': '0', 'wins': '0'}",18,Owners Group 151
Ffos Las,15:50,Tommy Williams Memorial Handicap Hurdle,,2m4f,4,4yo+,0-120,"£4,594",11,Jacks Jury,6,gelding,13,,Barry John Murphy,Callum Pritchard,tp,False,143,95,122,108,17,536613,Won over C&D on last month's stable debut but this race is more competitive,"Back in prime form when scoring over C&D (soft; first-time cheekpieces) on last month's stable debut; not discredited when third under penalty at Chepstow (2m7f, good to soft) ten days later but others appeal more.",,,0,True,3%,2m4f,0,"[{'trainer': 'John & Rhys Flint', 'trainer_id': 41207, 'change_date': '2026-03-10'}, {'trainer': 'Alison Thorpe', 'trainer_id': 14036, 'change_date': '2026-02-23'}, {'trainer': 'Nicky Henderson', 'trainer_id': 311, 'change_date': '2025-01-24'}]",2020-04-19,21756,102437,"{'runs': '4', 'wins': '0'}",4400,2,False,Patrick Delaney,63578,20%,,False,0,,915301,9%,+5.00,0%,IRE,1,https://www.racingpost.com/racecards/1212/ffos-las/2026-04-12/915301,5708463/jacks-jury,218557,"Caerfyrddin, Carmarthenshire",22,-22.00,Hurdle,1212,Perpendicular,5708463,[],IRE,32,Turf,2026-04-12,709548,"{'runs': '5', 'wins': '1'}",5,GR,-15.25,20,IRE,GB,3,694058,Paul Holden (2025-01-24),False,G,Jukebox Jury,False,Shedan,2,31549,1,-1.00,,3,False,Good To Soft,0,"{'runs': '5', 'wins': '1'}",1,L H Evans
Ffos Las,16:20,3A's Horsebox Hire And Sales Handicap Chase,,2m3½f,5,5yo+,0-100,"£3,697",11,Boston Joe,10,gelding,1,,Rebecca Curtis,Ben Jones,,False,168,99,108,95,27,2-33P1,"Prevailed in similar event over C&D last time, taking Ffos Las record to 4-15","Prevailed from a solid rival in similar event over C&D (soft) last time, taking Ffos Las record to 4-15; should remain competitive despite going back up 4lb.",,Boston Joe | 3014355 | He was second at Chepstow last time but he cut his leg quite badly and we've given him a bit of time to let that heal. He's ready to run now and goes to Ffos Las on Thursday. 10-02-25,33.33,True,17%,2m3f83y,1,[],2016-03-03,973,96449,"{'runs': '7', 'wins': '2'}",4263,6,False,T Horgan,533451,11%,,False,17,,915303,17%,-54.09,17%,IRE,6,https://www.racingpost.com/racecards/1212/ffos-las/2026-04-12/915303,3014355/boston-joe,147635,"Newport, Pembrokeshire",30,-43.09,Chase,1212,Milan,3014355,[],IRE,172,Turf,2026-04-12,683209,"{'runs': '11', 'wins': '1'}",136,B,+5.75,19.5,IRE,GB,,2523561,,False,G,Sageburg,False,Supreme Millie,5,20251,15,-3.13,,,False,Good To Soft,1,"{'runs': '15', 'wins': '4'}",29,Miss Rebecca Curtis
Ffos Las,16:20,3A's Horsebox Hire And Sales Handicap Chase,,2m3½f,5,5yo+,0-100,"£3,697",11,Calli Black,8,mare,2,,David Weston,NON-RUNNER,,False,161,92,105,,123,-31557,Has failed to back up the form of her Worcester win last June,"Scored readily in similar event at Worcester (2m4f, good) last June but has failed to repeat the form in three starts (fences/hurdles) since; others preferred.",,,,True,-,2m3f83y,0,[],2018-05-16,1106067,74971,"{'runs': '4', 'wins': '0'}",4263,0,False,S L Rodwell,96595,0%,,False,,,915303,-,-2.00,-,IRE,0,https://www.racingpost.com/racecards/1212/ffos-las/2026-04-12/915303,4350652/calli-black,129157,"Marlborough, Wilts",0,0.00,Chase,1212,Presenting,4350652,"[{'date': '2025-01-21', 'type': 'Wind Surgery'}]",FR,0,Turf,2026-04-12,538460,"{'runs': '6', 'wins': '1'}",2,BB,0.00,19.5,IRE,GB,,724785,,False,M,Califet,True,Lady Rhinestone,0,29232,0,0.00,,,False,Good To Soft,0,"{'runs': '2', 'wins': '0'}",0,Miss E J Tanner
Ffos Las,16:20,3A's Horsebox Hire And Sales Handicap Chase,,2m3½f,5,5yo+,0-100,"£3,697",11,LEmpire Vert,6,gelding,3,,Sheila Lewis,Callum Pritchard,t,False,160,91,106,96,25,1F4P82,Best form over 2m on good ground; something to prove back up in trip,"Best form over 2m on good ground, including win in autumn and second-place finish at Hereford last time; step back up in distance presents a question mark.",,,33.33,True,3%,2m3f83y,0,"[{'trainer': 'Davide Satalia', 'trainer_id': 34521, 'change_date': '2024-12-12'}]",2020-04-01,1116158,102437,"{'runs': '3', 'wins': '0'}",4263,6,False,Ecurie Madame Patrick Papot,109077,5%,,False,0,,915303,9%,-23.00,0%,FR,6,https://www.racingpost.com/racecards/1212/ffos-las/2026-04-12/915303,5393983/lempire-vert,363227,"Brecon, Powys",22,-22.00,Chase,1212,Astarabad,5393983,[],FR,32,Turf,2026-04-12,703532,"{'runs': '6', 'wins': '0'}",42,B,-15.25,19.5,FR,USA,3,903269,E A R Morgans (2025-10-10)||Arf Racing (2024-12-12)||Mme Patrick Papot (2024-07-08),False,G,Blue Bresil,False,Femme En Or,2,26474,2,-6.00,,3,False,Good To Soft,0,"{'runs': '2', 'wins': '0'}",1,E A R Morgans C A Pengelly G Wilson
Ffos Las,16:20,3A's Horsebox Hire And Sales Handicap Chase,,2m3½f,5,5yo+,0-100,"£3,697",11,Golden Millie,8,mare,4,,Dan Horsford,Charlie Deutsch,h,False,158,89,,,26,567/77,May improve for the combination of switch to chasing and return to Ffos Las,Lightly raced 8yo who may improve for this combination of switch to chasing and return to Ffos Las; sole course start resulted in bumper win in 2022 (peak form).,,,,True,10%,2m3f83y,0,"[{'trainer': 'Simon Earle', 'trainer_id': 9623, 'change_date': '2025-04-05'}]",2018-02-22,1043717,92270,"{'runs': '3', 'wins': '0'}",4263,0,False,Netherfield House Stud,304240,-,,False,,,915303,0%,0.00,-,GB,0,https://www.racingpost.com/racecards/1212/ffos-las/2026-04-12/915303,4459198/golden-millie,314866,"Marlborough, Wiltshire",3,-40.13,Chase,1212,Trempolino,4459198,"[{'date': '2025-10-13', 'type': 'Wind Surgery'}]",IRE,68,Turf,2026-04-12,602597,"{'runs': '1', 'wins': '0'}",0,B,-3.00,19.5,FR,USA,,653896,,False,M,Walk In The Park,False,Mille Et Une,0,42262,0,0.00,,,False,Good To Soft,0,"{'runs': '1', 'wins': '1'}",7,Mrs Moni Williams
Ffos Las,16:20,3A's Horsebox Hire And Sales Handicap Chase,,2m3½f,5,5yo+,0-100,"£3,697",11,Just Aidan,7,gelding,5,,Harriet Dickin,James Best,p,False,157,88,101,78,25,-P7U15,Mixed results (U15) since switched to chasing; disappointing favourite last time,Mixed results (U15) since wearing cheekpieces and switched to chasing; disappointing favourite on good ground last time; rebound needed in the retained headgear.,,,14.29,True,7%,2m3f83y,0,"[{'trainer': 'Dominic Ruane', 'trainer_id': 40036, 'change_date': '2024-01-06'}]",2019-04-05,1098687,91230,"{'runs': '5', 'wins': '1'}",4263,7,False,Mrs Noreen OGorman,462135,3%,,False,0,,915303,0%,-29.38,0%,IRE,7,https://www.racingpost.com/racecards/1212/ffos-las/2026-04-12/915303,4992642/just-aidan,281294,"Midford, Somerset",19,-8.04,Chase,1212,Oscar,4992642,[],FR,70,Turf,2026-04-12,740223,"{'runs': '3', 'wins': '0'}",32,B,-19.00,19.5,IRE,IRE,,722740,D Ruane (2024-01-06),False,G,Diamond Boy,False,Tastytimes,0,39501,1,-7.00,,,False,Good To Soft,0,"{'runs': '2', 'wins': '0'}",5,Robin Dickin Racing Club
Ffos Las,16:20,3A's Horsebox Hire And Sales Handicap Chase,,2m3½f,5,5yo+,0-100,"£3,697",11,Manhattan Valley,6,gelding,6,,Christian Williams,Jack Tudor,,False,156,87,,,94,0-98P,Interesting on handicap/chase debut; the form of his point success has substance,The form of his point success has substance; unconvincing results over hurdles but looks open to improvement on this handicap/chase debut; interesting.,,,35.71,True,14%,2m3f83y,1,[],2020-04-05,1137185,98673,"{'runs': '3', 'wins': '0'}",4263,14,False,Scea De La Sapiniere & A Chaille-Chaill,521081,8%,,False,7,,915303,17%,-48.54,7%,FR,14,https://www.racingpost.com/racecards/1212/ffos-las/2026-04-12/915303,5652617/manhattan-valley,253372,"Ogmore-By-Sea, Glamorgan",23,-32.00,Chase,1212,Al Namix,5652617,[],FR,126,Turf,2026-04-12,976899,"{'runs': '1', 'wins': '0'}",79,B,-7.50,19.5,FR,FR,,5652661,Alan Rogers (2025-11-26),False,G,Castle Du Berlais,False,Grey Valley,4,33186,6,-11.75,,,False,Good To Soft,1,"{'runs': '1', 'wins': '0'}",18,C R P Williams
Ffos Las,16:20,3A's Horsebox Hire And Sales Handicap Chase,,2m3½f,5,5yo+,0-100,"£3,697",11,Italian Spirit,10,gelding,7,,Harriet Dickin,Miss Megan Bevan,b,False,155,86,96,78,26,-85354,0-4 over fences but shaped better than the bare result last time; could go well,Record of 0-4 since switched to fences but shaped better than bare result with blinkers fitted at Exeter (3m) most recently; drop back in trip looks ideal; could go well.,,Italian Spirit | 3271089 | Ran a most encouraging race on his debut at Ascot in October when second in what looked a decent race on paper. He learned plenty from that run and showed a terrific attitude to get up and win at Market Rasen last week. It was good to see him win and he will now have a break until the spring and nicer ground when we will bring him back for a better bumper. I think he will be a lovely novice hurdler next year. 09-12-20,14.29,True,0%,2m3f83y,0,"[{'trainer': 'Olly Murphy', 'trainer_id': 33553, 'change_date': '2024-04-29'}]",2016-03-28,1029996,101183,"{'runs': '4', 'wins': '0'}",4263,7,False,R Lynch,533451,3%,,False,0,,915303,-,-29.38,0%,IRE,7,https://www.racingpost.com/racecards/1212/ffos-las/2026-04-12/915303,3271089/italian-spirit,276183,"Midford, Somerset",0,-2.00,Chase,1212,Milan,3271089,[],GB,2,Turf,2026-04-12,695865,"{'runs': '6', 'wins': '1'}",32,B,0.00,19.5,IRE,GB,7,3271116,Donald Jordison & Miss Harriet Dickin (2026-01-23)||Donald Jordison (2025-11-24)||Ms J A Wakefield (2024-04-29),False,G,Fame And Glory,False,Coco Milan,0,39501,1,-7.00,,7,False,Good To Soft,0,"{'runs': '0', 'wins': '0'}",0,Miss H Dickin
Ffos Las,16:20,3A's Horsebox Hire And Sales Handicap Chase,,2m3½f,5,5yo+,0-100,"£3,697",11,Dublin To Milan,7,gelding,8,,Clive Boultbee-Brooks,Ned Fox,p,False,152,83,,,32,025-PP,Pulled up in both starts since switched to chasing but can't be written off yet,"Pulled up in both starts switched to chasing this term but can't be written off; remains the type who should do better in this sphere, having shown some promise in points.",,,0,True,22%,2m3f83y,0,"[{'trainer': 'Clive Boultbee-Brooks', 'trainer_id': 40187, 'change_date': '2024-10-01'}]",2019-05-08,1119964,99669,"{'runs': '3', 'wins': '0'}",4263,4,False,Joe Cashman,657490,26%,,False,0,,915303,0%,+9.25,0%,IRE,3,https://www.racingpost.com/racecards/1212/ffos-las/2026-04-12/915303,4965696/dublin-to-milan,313879,"Woolhope, H'fords",7,-4.38,Chase,1212,Getaway,4965696,[],GB,23,Turf,2026-04-12,533451,"{'runs': '2', 'wins': '0'}",27,B,-7.00,19.5,IRE,GER,3,3233324,,False,G,Milan,False,Glenlogan,0,38093,7,-3.00,,3,False,Good To Soft,0,"{'runs': '1', 'wins': '0'}",5,C & C Boultbee Brooks
Ffos Las,16:20,3A's Horsebox Hire And Sales Handicap Chase,,2m3½f,5,5yo+,0-100,"£3,697",11,Devilsrollthedice,6,gelding,9,,Gordon Treacy,Sean Houlihan,p,False,149,80,,,37,486PP,May see his race out better back down in distance; second chase attempt,Maiden who has pointing experience; folded tamely at Exeter (3m) on the switch to chasing most recently but may see his race out better back down in distance.,,,0,True,7%,2m3f83y,0,[],2020-05-02,14490,94129,"{'runs': '3', 'wins': '0'}",4263,2,False,John McEnery,303677,0%,,False,0,,915303,6%,-2.00,0%,IRE,2,https://www.racingpost.com/racecards/1212/ffos-las/2026-04-12/915303,6671022/devilsrollthedice,364711,"Higher Lowton Stables, Devon",18,-38.67,Chase,1212,Fayruz,6671022,[],GB,67,Turf,2026-04-12,845318,"{'runs': '3', 'wins': '0'}",2,CH,-16.00,19.5,IRE,GB,,595841,,False,G,Kingston Hill,False,Tara Tara,1,42047,0,-2.00,,,False,Good To Soft,0,"{'runs': '0', 'wins': '0'}",5,Iddesleigh Racing Syndicate
Ffos Las,16:20,3A's Horsebox Hire And Sales Handicap Chase,,2m3½f,5,5yo+,0-100,"£3,697",11,Lunar Ocean,7,gelding,10,,Billy Aprahamian,Gavin Sheehan,v,False,147,78,105,101,34,-26252,"Threatening to win, having finished second in six of his eight chase attempts; solid","Still a maiden but is threatening to win, having finished second in six of his eight chase attempts, latest in first-time visor at Plumpton (2m4f, good); solid chance.",,,33.33,True,21%,2m3f83y,1,"[{'trainer': 'Paul Webber', 'trainer_id': 9609, 'change_date': '2024-10-08'}]",2019-04-12,27681,88907,"{'runs': '2', 'wins': '0'}",4263,6,False,F Tobin,668175,10%,,False,17,,915303,20%,+1.00,17%,IRE,6,https://www.racingpost.com/racecards/1212/ffos-las/2026-04-12/915303,4948265/lunar-ocean,328543,"Towcester, Northants",5,+11.80,Chase,1212,Lawman,4948265,[],GB,78,Turf,2026-04-12,768554,"{'runs': '9', 'wins': '0'}",10,BR,+14.00,19.5,IRE,FR,,4948287,,False,G,Sea Moon,False,Lawfull,1,39334,1,-2.50,,,False,Good To Soft,1,"{'runs': '0', 'wins': '0'}",16,Sox & Co
Ffos Las,16:20,3A's Horsebox Hire And Sales Handicap Chase,,2m3½f,5,5yo+,0-100,"£3,697",11,Ezmerellda,6,mare,11,,Sarah-Jayne Davies,Charlie Price,p,False,142,73,,,19,4-F4P0,Form for new stable is far from convincing; chase debut,Hurdles winner in 2023 for previous yard; form for new stable is far from convincing; switch to fences needs to make a big difference.,"2023-12-29 | Ezmerellda | 4597229 | La-Z-Boy At KC Sofa's Fillies' Juvenile Maiden Hurdle (Series Qualifier) (GBB Race) | 855382 | Doncaster | 15 | 16.5 | 3648 | Ezmerellda is a nice big filly. She jumped well in a Listed race at Newbury and we thought she might be quite good. This was a qualifier for the Go North Series and the final at Musselburgh in April could be an option for her - Colin Mackenzie, part owner.","Ezmerellda | 4597229 | She won a Doncaster maiden hurdle last season and would have stayed on for third at Cheltenham on her final start had she not fallen, which would have earned invaluable black type. She made a satisfactory reappearance on very heavy ground at Stratford and should build on that. 07-11-24",25,True,8%,2m3f83y,0,"[{'trainer': 'Alan King', 'trainer_id': 13928, 'change_date': '2025-03-13'}]",2020-05-19,12571,95646,"{'runs': '3', 'wins': '1'}",4263,5,False,Shadwell Estate Company Limited,589690,6%,,False,0,,915303,0%,-23.67,0%,IRE,4,https://www.racingpost.com/racecards/1212/ffos-las/2026-04-12/915303,4597229/ezmerellda,213981,"Leominster, H'fords",8,-5.00,Chase,1212,Dubawi,4597229,[],GER,39,Turf,2026-04-12,820989,"{'runs': '2', 'wins': '0'}",33,B,-8.00,19.5,GB,IRE,,1014142,The Barbury Lions 8 (2025-03-13)||The Barbury Lions 7 (2024-10-14),False,M,Intello,False,Elraazy,0,27290,2,-4.00,,,False,Good To Soft,0,"{'runs': '0', 'wins': '0'}",3,Andrew Gough
Ffos Las,16:20,3A's Horsebox Hire And Sales Handicap Chase,,2m3½f,5,5yo+,0-100,"£3,697",11,Ferando,6,gelding,12,,Barry John Murphy,Tom Cannon,p,True,142,73,100,74,19,P4-F54,Chance depends on whether change of equipment sparks improvement,Six-race maiden whose chance of getting off the mark depends on whether a change of equipment prompts improvement; cheekpieces replace usual tongue-tie.,,"Ferando | 6759115 | He's very well and we were very disappointed with him at Newbury. We're not sure what went wrong, but we need him to do a bit better. 23-12-24",0,True,17%,2m3f83y,0,"[{'trainer': 'Alison Thorpe', 'trainer_id': 14036, 'change_date': '2026-03-10'}, {'trainer': 'Nicky Henderson', 'trainer_id': 311, 'change_date': '2025-01-24'}]",2020-05-01,1072456,87503,"{'runs': '0', 'wins': '0'}",4263,2,False,Mountainview Stud Ltd Tipperary,531949,20%,,False,0,,915303,9%,+5.00,0%,IRE,1,https://www.racingpost.com/racecards/1212/ffos-las/2026-04-12/915303,6759115/ferando,24834,"Caerfyrddin, Carmarthenshire",23,+3.00,Chase,1212,Network,6759115,[],GB,12,Turf,2026-04-12,561095,"{'runs': '2', 'wins': '0'}",5,BR,-13.67,19.5,FR,GER,,876617,Paul Holden (2025-01-24),False,G,Westerner,False,At The Top,2,31549,1,-1.00,,,False,Good To Soft,0,"{'runs': '3', 'wins': '0'}",2,A Evans
Ffos Las,16:50,3A's Leisure Motorhome Hire Handicap Chase,,3m,5,5yo+,0-105,"£3,697",8,Vision De Maine,7,gelding,1,,David Pipe,Jack Tudor,tp,False,168,105,113,103,86,34-3PP,Drop back in class and return to forecast faster ground may prompt a resurgence,"Commenced chase career with two wins; 0-7 since and has failed to back up reappearance effort in a light current campaign; however, this combination of a drop back in class and return to forecast faster ground may prompt a resurgence.","2024-10-18 | Vision De Maine | 4922450 | L J S Fencing Handicap Chase | 876669 | Uttoxeter | 84 | 24 | 5280 | Things didn't go right for Vision De Maine last season, but he's a lovely, big galloping type who jumps really well - Jack Tudor, jockey, talking to Sky Sports Racing.",,25,True,14%,2m7f177y,0,[],2019-04-23,1130490,98673,"{'runs': '3', 'wins': '1'}",5237,8,False,M Thierry Desgranges,74630,21%,,False,0,,915302,17%,+19.99,0%,FR,7,https://www.racingpost.com/racecards/1212/ffos-las/2026-04-12/915302,4922450/vision-de-maine,205559,"Nicholashayne, Somerset",23,-32.00,Chase,1212,Kadalko,4922450,"[{'date': '2023-12-15', 'type': 'Wind Surgery'}]",FR,126,Turf,2026-04-12,715738,"{'runs': '6', 'wins': '2'}",121,B,-7.50,24,FR,FR,,583196,,False,G,Bucks Boum,False,Bronnsa,4,10157,25,-7.00,,,False,Good To Soft,0,"{'runs': '0', 'wins': '0'}",18,Prof Caroline Tisdall
Ffos Las,16:50,3A's Leisure Motorhome Hire Handicap Chase,,3m,5,5yo+,0-105,"£3,697",8,Bali Body,11,gelding,2,,Stuart Edmunds,Charlie Hammond,tp,False,163,100,,69,15,/P-P5U,Far from solid on recent form but drops in grade off an attractive mark,"Lightly raced 11yo who isn't particularly solid, having failed to complete in three of his last four appearances; it remains a long time since his sole chase win; however, drops in grade off an attractive mark on best form.","2021-12-03 | Bali Body | 2501718 | Sargent Fifty Amateur Jockeys' Handicap Chase | 797102 | Sandown | 54 | 24 | 5317 | Bali Body was in top gear early on so I was inclined to let him find his feet and fiddle away. The further he went, the better he went and I was actually able to take a pull coming to the home turn and let something come to me. He's only six and was the unexposed horse in the race, and it's a long way off, but he could be one for the Midlands National - James King, rider.",,25,True,0%,2m7f177y,0,"[{'trainer': 'Dr Richard Newland & Jamie Insole', 'trainer_id': 40965, 'change_date': '2026-02-16'}, {'trainer': 'Dr Richard Newland', 'trainer_id': 17063, 'change_date': '2024-09-18'}, {'trainer': 'Joseph Patrick OBrien', 'trainer_id': 32145, 'change_date': '2021-01-04'}]",2015-05-16,1039316,93541,"{'runs': '2', 'wins': '0'}",5237,9,False,D Delaney,75837,0%,,False,0,,915302,0%,-5.00,0%,IRE,4,https://www.racingpost.com/racecards/1212/ffos-las/2026-04-12/915302,2501718/bali-body,299942,"Stewkley, Bucks",6,-23.00,Chase,1212,Beneficial,2501718,"[{'date': '2026-03-02', 'type': 'Wind Surgery'}, {'date': '2023-09-28', 'type': 'Wind Surgery'}, {'date': '2020-11-30', 'type': 'Wind Surgery'}]",IRE,23,Turf,2026-04-12,569100,"{'runs': '5', 'wins': '1'}",5,B,-6.00,24,IRE,GB,,700177,Mrs J Magnier (2021-01-04),True,G,Doyen,False,Burnt Oil Babe,0,30177,0,-4.00,,,False,Good To Soft,0,"{'runs': '0', 'wins': '0'}",0,Foxtrot Racing Bali Body
Ffos Las,16:50,3A's Leisure Motorhome Hire Handicap Chase,,3m,5,5yo+,0-105,"£3,697",8,Mythe Bridge,8,gelding,3,,Henry Daly,Sam Twiston-Davies,p,False,162,99,111,102,45,22-3F3,Maiden who has broadly consistent form (223F3) since switched to chasing; place claims,"Still a maiden but has a broadly consistent record (223F3) since switched to chasing, albeit proved unable to justify favouritism with cheekpieces fitted at Wetherby (3m, soft) most recently; place claims in the retained headgear.",,,25,True,16%,2m7f177y,1,"[{'trainer': 'Joanne Priest', 'trainer_id': 17128, 'change_date': '2025-02-11'}, {'trainer': 'Henry Daly', 'trainer_id': 13003, 'change_date': '2025-01-17'}, {'trainer': 'James Ridley', 'trainer_id': 29996, 'change_date': '2024-02-15'}]",2018-05-28,1069179,88023,"{'runs': '3', 'wins': '0'}",5237,10,False,Mrs S M Newell,303734,16%,,False,10,,915302,3%,-4.00,13%,GB,8,https://www.racingpost.com/racecards/1212/ffos-las/2026-04-12/915302,4725853/mythe-bridge,3422,"Ludlow, Shropshire",33,-48.20,Chase,1212,Slip Anchor,4725853,[],IRE,100,Turf,2026-04-12,550396,"{'runs': '4', 'wins': '0'}",19,B,-28.00,24,GB,GB,,588111,,False,G,Black Sam Bellamy,False,Lago DOro,1,13003,3,-4.50,,,False,Good To Soft,1,"{'runs': '1', 'wins': '0'}",16,Mrs S M Newell
Ffos Las,16:50,3A's Leisure Motorhome Hire Handicap Chase,,3m,5,5yo+,0-105,"£3,697",8,The Magus,6,gelding,4,,Mrs C Williams,Conor Ring,,False,160,97,114,102,25,033P62,Solid effort at Hereford last time; won off 3lb higher over hurdles last April; respected,"Suited by good ground; 0-5 since switched to fences but posted a solid effort, behind a subsequent scorer, at Hereford (3m1f) most recently; defied a 3lb higher mark last April for sole hurdles success; could well open his chase account.",,,25,True,5%,2m7f177y,0,"[{'trainer': 'Evan Williams', 'trainer_id': 13451, 'change_date': '2026-03-12'}]",2020-04-20,1029996,88667,"{'runs': '1', 'wins': '0'}",5237,14,False,R Lynch,96578,0%,,False,0,,915302,10%,-4.00,0%,IRE,12,https://www.racingpost.com/racecards/1212/ffos-las/2026-04-12/915302,6838427/the-magus,352525,"Llancarfan, Vale of Glamorgan",10,-94.72,Chase,1212,Flemensfirth,6838427,[],IRE,119,Turf,2026-04-12,583841,"{'runs': '2', 'wins': '0'}",4,B,0.00,24,IRE,USA,,636835,,False,G,Yeats,False,Regents Dancer,1,16278,0,-12.00,,,False,Good To Soft,0,"{'runs': '0', 'wins': '0'}",6,Red & Black Magic
Ffos Las,16:50,3A's Leisure Motorhome Hire Handicap Chase,,3m,5,5yo+,0-105,"£3,697",8,Montmartin,8,gelding,5,,Jonjo & A J ONeill,Jonjo ONeill Jr,tp,True,158,95,110,27,17,2/3-P8,Return to this scenario may suit; respectable third in this race last year (chase debut),Seven-race maiden; respectable third (off 5lb higher) in this race last year on chase debut; hasn't fared nearly so well in two starts elsewhere this term but may stage a revival returned to this scenario with cheekpieces added.,,,48.15,True,8%,2m7f177y,2,"[{'trainer': 'Jonjo ONeill', 'trainer_id': 397, 'change_date': '2025-03-31'}]",2018-04-25,882,96455,"{'runs': '5', 'wins': '0'}",5237,27,False,Paul Nataf,561095,12%,,False,7,,915302,10%,+27.50,8%,FR,26,https://www.racingpost.com/racecards/1212/ffos-las/2026-04-12/915302,4806351/montmartin,19747,"Cheltenham, Gloucs",20,-1.25,Chase,1212,Westerner,4806351,[],FR,62,Turf,2026-04-12,700739,"{'runs': '4', 'wins': '0'}",25,GR,-9.25,24,FR,GB,,906916,,False,G,Montmartre,False,Asiana,2,41384,3,-15.25,,,False,Good To Soft,2,"{'runs': '1', 'wins': '0'}",5,P Hickey
Ffos Las,16:50,3A's Leisure Motorhome Hire Handicap Chase,,3m,5,5yo+,0-105,"£3,697",8,Flemenstide,11,gelding,6,,Thomas Faulkner,James Best,p,False,155,92,103,49,17,P7/4P6,Not exactly solid on his chase form since returning from long absence,"Bumper/hurdles winner in 2021 for previous stable; not exactly solid on his chase form since returning from long absence and needs to build on latest effort, which was somewhat resurgent but only modest (RPR 90).","2021-11-20 | Flemenstide | 2846842 | Molton Brown Novices' Hurdle (GBB Race) | 795907 | Ascot | 2 | 21.5 | 4761 | Flemenstide is a staying chaser of the future. He's taken time to come to hand because he's so big and backward, and he's been green. He wasn't great schooling when we started and there are no mad plans for this season - Harry Derham, assistant trainer.","Flemenstide | 2846842 | Second on his debut at Sandown, he then won his bumper at Exeter last season. He ran ordinary at Ayr on his final start but that was the case with all my horses at that meeting after a torrid journey getting up there. We've had to be patient with him but he's ready to go novice hurdling soon and has plenty of potential. 08-11-21",72.73,True,7%,2m7f177y,0,"[{'trainer': 'Paul Nicholls', 'trainer_id': 5767, 'change_date': '2025-03-03'}]",2015-04-02,1073828,91230,"{'runs': '2', 'wins': '0'}",5237,12,False,Louis G Vambeck,90537,33%,,False,8,,915302,0%,-0.38,0%,IRE,1,https://www.racingpost.com/racecards/1212/ffos-las/2026-04-12/915302,2846842/flemenstide,335891,"Devauden, Monmouths",19,-8.04,Chase,1212,Poliglote,2846842,[],USA,70,Turf,2026-04-12,96578,"{'runs': '5', 'wins': '0'}",3,B,-19.00,24,FR,GB,,2846843,P K Barber And P J Vogt (2025-03-03),False,G,Flemensfirth,False,Keep Face,0,41633,1,-1.00,,,False,Good To Soft,1,"{'runs': '0', 'wins': '0'}",5,Mrs Gemma McAdam
Ffos Las,16:50,3A's Leisure Motorhome Hire Handicap Chase,,3m,5,5yo+,0-105,"£3,697",8,Bridget Mary,8,mare,7,,Rebecca Curtis,Ben Jones,t,False,155,92,109,47,17,1-23P2,Won well last April; best form this term when going very close at Chepstow most recently,Record of 2-7 over rules fences features a comfortable success on good ground at Bangor (3m) last April; best form this term when going very close at Chepstow (2m7f) most recently; another spring win looks plausible.,,Bridget Mary | 4824932 | She always works like a nice horse but I've been a bit disappointed with her. I think she'll prove to be better than she's turned out to be so far. 10-02-25,33.33,True,17%,2m7f177y,1,[],2018-06-08,1057147,96449,"{'runs': '2', 'wins': '0'}",5237,6,False,Imelda Harney,77280,11%,,False,17,,915302,17%,-54.09,17%,IRE,6,https://www.racingpost.com/racecards/1212/ffos-las/2026-04-12/915302,4824932/bridget-mary,337813,"Newport, Pembrokeshire",30,-43.09,Chase,1212,Alderbrook,4824932,"[{'date': '2025-01-27', 'type': 'Wind Surgery'}]",IRE,172,Turf,2026-04-12,548469,"{'runs': '10', 'wins': '1'}",136,B,+5.75,24,IRE,GB,,667642,,False,M,Sholokhov,False,Leanne,5,20251,15,-3.13,,,False,Good To Soft,1,"{'runs': '6', 'wins': '0'}",29,Bm Partners
Ffos Las,16:50,3A's Leisure Motorhome Hire Handicap Chase,,3m,5,5yo+,0-105,"£3,697",8,River Run Free,7,gelding,8,,David Pipe,Rian Corcoran,tp,False,153,90,111,94,37,-4P13P,Back on the regress since Leicester win in January; ran dismally last time,"Regained the winning thread at Leicester (2m6f) in January but back on the regress since, having performed below market expectations at Ffos Las (only third of four finishers) and Leicester (ran dismally).",,,25,True,33%,2m7f177y,0,[],2019-05-13,2532,103118,"{'runs': '4', 'wins': '1'}",5237,8,False,M Murphy,87715,21%,,False,0,,915302,17%,+19.99,0%,IRE,7,https://www.racingpost.com/racecards/1212/ffos-las/2026-04-12/915302,5428925/river-run-free,49738,"Nicholashayne, Somerset",6,+4.30,Chase,1212,Midnight Legend,5428925,[],IRE,6,Turf,2026-04-12,851050,"{'runs': '2', 'wins': '0'}",121,B,-2.75,24,GB,GB,5,882740,,False,G,Ol Man River,False,Midnight Velvet,1,10157,25,-7.00,,5,False,Good To Soft,0,"{'runs': '2', 'wins': '0'}",2,Aidan J Ryan
Ffos Las,17:20,Barry Murphy Racing Syndicate Handicap Hurdle,,3m,5,4yo+,0-100,"£3,248",16,I Am Spider Man,9,gelding,1,,Barry John Murphy,Dylan OConnor,h,False,168,100,99,82,94,70-76P,Well handicapped on old form and needs close attention in the betting on stable debut,"Pulled up on heavy ground for Debra Hamer in January but wasn't beaten far on first run for that stable, at Taunton (3m, good) in December; now with another new trainer and has become very well handicapped on old form; needs close attention in the betting.",,,0,True,-,2m7f191y,0,"[{'trainer': 'Debra Hamer', 'trainer_id': 6453, 'change_date': '2026-04-06'}, {'trainer': 'Alison Thorpe', 'trainer_id': 14036, 'change_date': '2025-11-27'}, {'trainer': 'John Joseph Hanlon', 'trainer_id': 18845, 'change_date': '2024-10-26'}, {'trainer': 'C Byrnes', 'trainer_id': 8910, 'change_date': '2024-09-17'}, {'trainer': 'Noel C Kelly', 'trainer_id': 17764, 'change_date': '2023-05-04'}, {'trainer': 'Matthew J Smith', 'trainer_id': 27395, 'change_date': '2022-05-25'}]",2017-03-01,1041256,104226,"{'runs': '3', 'wins': '1'}",5251,2,False,John Hore,96595,20%,,False,0,,915305,0%,+5.00,0%,IRE,1,https://www.racingpost.com/racecards/1212/ffos-las/2026-04-12/915305,3954931/i-am-spider-man,24834,"Caerfyrddin, Carmarthenshire",1,0.00,Hurdle,1212,Presenting,3954931,[],IRE,0,Turf,2026-04-12,602597,"{'runs': '2', 'wins': '0'}",5,B,-1.00,24,IRE,GB,7,1679668,Eventmasters Limited (2024-10-26)||Cathal Byrnes (2024-09-17)||Mrs Shauna Kelly (2023-05-04)||N H J Racing Syndicate (2022-05-25),False,G,Walk In The Park,False,Laurens Trix,0,31549,1,-1.00,,7,False,Good To Soft,0,"{'runs': '1', 'wins': '0'}",0,A Evans
Ffos Las,17:20,Barry Murphy Racing Syndicate Handicap Hurdle,,3m,5,4yo+,0-100,"£3,248",16,Less Destiny Star,7,gelding,2,,Ben Pauling,Ben Jones,,False,163,95,101,77,44,0-4P84,Remote when fourth on handicap debut but has been given a wind op since; still unexposed,"Bumper winner; remote when fourth on handicap debut at Doncaster (3m, good to soft) in February but was given a wind op last month and remains open to improvement over hurdles for his respected stable.",,,33.33,True,17%,2m7f191y,2,[],2019-05-15,1113081,96449,"{'runs': '2', 'wins': '0'}",5251,27,True,Coisdeel Bloodstock Limited,42337,30%,,False,7,,915305,17%,+39.34,7%,IRE,27,https://www.racingpost.com/racecards/1212/ffos-las/2026-04-12/915305,5457647/less-destiny-star,56199,"Naunton, Gloucs",30,-43.09,Hurdle,1212,Old Vic,5457647,"[{'date': '2026-03-02', 'type': 'Wind Surgery'}]",FR,172,Turf,2026-04-12,703532,"{'runs': '1', 'wins': '0'}",70,B,+5.75,24,IRE,GB,,856368,,False,G,Blue Bresil,False,Spendajennie,5,28480,21,-20.75,,,False,Good To Soft,2,"{'runs': '0', 'wins': '0'}",29,Les De La Haye
Ffos Las,17:20,Barry Murphy Racing Syndicate Handicap Hurdle,,3m,5,4yo+,0-100,"£3,248",16,Kantagua Du Large,6,mare,3,,Clive Boultbee-Brooks,Richard Patrick,p,False,162,94,99,94,19,7-5644,0-10 over hurdles but looked suited by step up to 3m when fourth at Taunton last month,Ex-French mare; generally disappointing in Britain since start of 2025 but looked suited by step up to 3m when respectable fourth off much reduced mark at Taunton (good) last month; a possible.,,,0,True,14%,2m7f191y,0,"[{'trainer': 'P & C Peltier', 'trainer_id': 39613, 'change_date': '2025-01-14'}]",2020-03-15,1103778,93320,"{'runs': '3', 'wins': '0'}",5251,4,False,Pascal Noue & Charlotte Thoreau,303865,26%,,False,0,,915305,-,+9.25,0%,FR,3,https://www.racingpost.com/racecards/1212/ffos-las/2026-04-12/915305,5526353/kantagua-du-large,313879,"Woolhope, H'fords",0,-12.75,Hurdle,1212,Cadoudal,5526353,[],IRE,57,Turf,2026-04-12,549398,"{'runs': '1', 'wins': '0'}",27,B,0.00,24,FR,FR,,731829,Pascal Noue & P & C Peltier (2025-01-14),False,M,Great Pretender,False,Antagua,0,38093,7,-3.00,,,False,Good To Soft,0,"{'runs': '0', 'wins': '0'}",8,C & C Boultbee Brooks
Ffos Las,17:20,Barry Murphy Racing Syndicate Handicap Hurdle,,3m,5,4yo+,0-100,"£3,248",16,An Buachaill Rua,6,gelding,4,,Sheila Lewis,Callum Pritchard,,False,161,93,98,92,22,056512,Won over 2m5f in February then showed better form when close second over 2m7f last month,"Came good at Ludlow (2m5f, good to soft) in February, his seventh hurdle run, and probably bettered that performance when close second at Bangor (2m7f, good) last month; still unexposed as a stayer; respected.",,,33.33,True,3%,2m7f191y,0,[],2020-01-10,1102902,102437,"{'runs': '3', 'wins': '1'}",5251,6,False,Ms M Kavanagh,84432,5%,,False,0,,915305,9%,-23.00,0%,IRE,6,https://www.racingpost.com/racecards/1212/ffos-las/2026-04-12/915305,6604839/an-buachaill-rua,190334,"Brecon, Powys",22,-22.00,Hurdle,1212,Kings Theatre,6604839,[],GER,32,Turf,2026-04-12,657490,"{'runs': '1', 'wins': '0'}",42,CH,-15.25,24,IRE,IRE,3,1007929,,False,G,Getaway,False,Out Of Africa,2,26474,2,-6.00,,3,False,Good To Soft,0,"{'runs': '0', 'wins': '0'}",1,Foxhunters In Mind
Ffos Las,17:20,Barry Murphy Racing Syndicate Handicap Hurdle,,3m,5,4yo+,0-100,"£3,248",16,Bradman,5,gelding,5,,Kevin Bishop,James Best,p,False,158,90,103,98,73,4-4116,Two 2m3f wins this winter; had ground excuse last time; upped in trip today,"Struck form with two 2m3f wins at Fontwell (good to soft/soft) this winter, and may not have been suited by heavy ground when disappointing on latest outing (2m4f); could have a say if suited by this new trip.",,,,True,7%,2m7f191y,0,"[{'trainer': 'Charlie Fellowes', 'trainer_id': 28913, 'change_date': '2024-12-26'}]",2021-03-29,1131862,91230,"{'runs': '4', 'wins': '1'}",5251,0,False,Gow Equine Ltd,659772,0%,,False,,,915305,0%,-1.00,-,GB,0,https://www.racingpost.com/racecards/1212/ffos-las/2026-04-12/915305,5289590/bradman,200115,"Spaxton, Somerset",19,-8.04,Hurdle,1212,Dutch Art,5289590,[],GB,70,Turf,2026-04-12,826492,"{'runs': '0', 'wins': '0'}",1,B,-19.00,24,GB,GB,,1452892,K Bishop (2025-01-10)||P Hickman (2024-12-26),False,G,Australia,False,Wazin,0,649,0,0.00,,,False,Good To Soft,0,"{'runs': '0', 'wins': '0'}",5,Monday Boys Partnership
Ffos Las,17:20,Barry Murphy Racing Syndicate Handicap Hurdle,,3m,5,4yo+,0-100,"£3,248",16,Rock On Cassie,10,mare,6,,Richard Armson,Philip Armson,,False,158,90,99,57,12,7/P5PP,Pulled up on three of her four starts since returning from a mammoth absence this season,"Pulled up on three of her four starts since returning from a mammoth absence this season, and has a lot to prove on first venture beyond 2m6f under rules.","2022-01-31 | Rock On Cassie | 3970586 | Punchestown Members Club Mares' Maiden Hurdle | 803770 | Punchestown | 195 | 20.5 | 4470 | Rock On Cassie is a mare that we will have a bit of fun with and she will jump a fence too - Gordon Elliott, trainer.",Rock On Cassie | 3970586 | A Punchestown bumper winner who was in the process of running a big race when he came down two out in a Listed race at Navan. She'll pay her way this season. 18-10-22,0,True,15%,2m7f191y,0,"[{'trainer': 'Gordon Elliott', 'trainer_id': 18145, 'change_date': '2023-10-12'}]",2016-04-18,1120666,97769,"{'runs': '2', 'wins': '0'}",5251,1,False,Eamon ONeill,462135,-,,False,0,,915305,0%,0.00,0%,IRE,1,https://www.racingpost.com/racecards/1212/ffos-las/2026-04-12/915305,3970586/rock-on-cassie,41149,"Staunton Harold Hall, Leics",3,+111.75,Hurdle,1212,Oscar,3970586,[],GER,26,Turf,2026-04-12,572780,"{'runs': '0', 'wins': '0'}",0,B,-3.00,24,IRE,IRE,3,2564302,Breakaways Syndicate (2023-10-12),False,M,Shirocco,False,Lissard Lady,0,8670,0,-1.00,,3,False,Good To Soft,0,"{'runs': '0', 'wins': '0'}",4,R J Armson
Ffos Las,17:20,Barry Murphy Racing Syndicate Handicap Hurdle,,3m,5,4yo+,0-100,"£3,248",16,Glengolly,7,gelding,7,,Billy Aprahamian,Gavin Sheehan,tv,True,157,89,101,94,25,412523,Placed three times since breakthrough win in December; enters calculations,"Seemingly aided by new tongue-tie when gaining breakthrough win at Hereford (3m1f, soft) in December, his 13th hurdle run, and has been placed on three of his four starts since; would appeal more on ground slower than good but still enters calculations; swaps usual cheekpieces for visor.",,,33.33,True,21%,2m7f191y,1,"[{'trainer': 'Paul Webber', 'trainer_id': 9609, 'change_date': '2024-11-23'}]",2019-03-31,1127950,88907,"{'runs': '7', 'wins': '0'}",5251,6,False,Wvtbs & Glanvilles Stud,66932,10%,,False,17,,915305,20%,+1.00,17%,GB,6,https://www.racingpost.com/racecards/1212/ffos-las/2026-04-12/915305,4824952/glengolly,2460,"Towcester, Northants",5,+11.80,Hurdle,1212,Alflora,4824952,"[{'date': '2025-09-01', 'type': 'Wind Surgery'}]",IRE,78,Turf,2026-04-12,550396,"{'runs': '6', 'wins': '0'}",10,B,+14.00,24,GB,IRE,,750409,,False,G,Black Sam Bellamy,False,Tsarinova,1,39334,1,-2.50,,,False,Good To Soft,1,"{'runs': '3', 'wins': '0'}",16,Miss S Pilkington
Ffos Las,17:20,Barry Murphy Racing Syndicate Handicap Hurdle,,3m,5,4yo+,0-100,"£3,248",16,Cote dAnge,5,gelding,8,,Sam Thomas,Dylan Johnston,,False,156,88,99,76,49,9-083,Just a respectable third of seven on handicap debut (2m5f) and needs improvement here,Unexposed after only four runs but was just a respectable third of seven when upped from 2m to 2m5f for handicap debut at Hereford (soft) in February and needs improvement here.,,,,True,9%,2m7f191y,0,[],2021-03-28,1124606,98887,"{'runs': '1', 'wins': '0'}",5251,0,False,A Fouilleul & S Fouilleul,567732,15%,,False,,,915305,22%,-16.00,-,FR,0,https://www.racingpost.com/racecards/1212/ffos-las/2026-04-12/915305,7169694/cote-dange,255875,"Lisvane, South Glamorgan",9,-18.68,Hurdle,1212,Dalakhani,7169694,[],GER,22,Turf,2026-04-12,820042,"{'runs': '0', 'wins': '0'}",27,B,+0.75,24,GB,IRE,,816265,,False,G,Bathyrhon,False,Cote Vermeille,2,31438,4,0.00,,,False,Good To Soft,0,"{'runs': '0', 'wins': '0'}",2,The Ipsden Invincibles
Ffos Las,17:20,Barry Murphy Racing Syndicate Handicap Hurdle,,3m,5,4yo+,0-100,"£3,248",16,Star Turn,6,gelding,9,,Mickey Bowen,James Bowen,tv,True,149,81,,,432,0/70P-,0-11 under all codes and absent since pulled up in 2m2f chase in February 2025,0-11 under all codes and absent since pulled up in 2m2f chase in February 2025; given a chance by the handicapper but could be considered only if lively in the betting; first run beyond about 2m3f; the visor is new.,,,33.33,True,14%,2m7f191y,1,"[{'trainer': 'Peter & Michael Bowen', 'trainer_id': 41395, 'change_date': '2026-04-06'}, {'trainer': 'Alan King', 'trainer_id': 13928, 'change_date': '2024-11-26'}]",2020-04-13,1082852,96830,"{'runs': '3', 'wins': '0'}",5251,14,False,Mrs D Camacho,301663,11%,,False,7,,915305,4%,-10.92,8%,GB,12,https://www.racingpost.com/racecards/1212/ffos-las/2026-04-12/915305,5096523/star-turn,10423,"Haverfordwest, Pembrokes",24,-25.92,Hurdle,1212,Night Shift,5096523,[],AUS,132,Turf,2026-04-12,837877,"{'runs': '0', 'wins': '0'}",35,B,-20.25,24,IRE,USA,,740330,Coupland Farrell Gemmell Marsh (2024-11-26),False,G,Zoustar,False,Thousandkissesdeep,1,28905,4,-3.50,,,False,Good To Soft,1,"{'runs': '0', 'wins': '0'}",18,T J Houlbrooke
Ffos Las,17:20,Barry Murphy Racing Syndicate Handicap Hurdle,,3m,5,4yo+,0-100,"£3,248",16,Makinbecon,6,gelding,10,,Barry John Murphy,Tom Cannon,,False,148,80,103,47,27,464,Well beaten in three slow-ground hurdles but may fare better on this handicap debut,Well beaten in three slow-ground maiden/novice hurdles this year (2m-2m4f; latest run was stable debut) but came second in two 3m Irish points last April (good/yielding) and looks interesting now back up in trip and back on forecast good ground for this handicap debut.,,,0,True,17%,2m7f191y,0,"[{'trainer': 'John & Rhys Flint', 'trainer_id': 41207, 'change_date': '2026-03-10'}]",2020-05-12,1079494,87503,"{'runs': '0', 'wins': '0'}",5251,2,False,Karina Casini,305241,20%,,False,0,,915305,9%,+5.00,0%,GB,1,https://www.racingpost.com/racecards/1212/ffos-las/2026-04-12/915305,5911199/makinbecon,24834,"Caerfyrddin, Carmarthenshire",23,+3.00,Hurdle,1212,Rashar,5911199,[],IRE,12,Turf,2026-04-12,583841,"{'runs': '0', 'wins': '0'}",5,B,-13.67,24,IRE,USA,,593253,,False,G,Yeats,False,Dedrunknmunky,2,31549,1,-1.00,,,False,Good To Soft,0,"{'runs': '3', 'wins': '0'}",2,A Evans
Ffos Las,17:20,Barry Murphy Racing Syndicate Handicap Hurdle,,3m,5,4yo+,0-100,"£3,248",16,Atlantic Power,6,gelding,11,,Richenda Ford,Sean Bowen,,False,147,79,103,99,49,13721P,Two wins this season; disappointed on latest outing but Sean Bowen is a good booking today,"Two wins this season, the latter at Lingfield (2m7f, heavy) in February; disappointed on latest outing and will have something to prove if the ground remains good but Sean Bowen is a good booking.",,,0,True,23%,2m7f191y,0,[],2020-02-11,1065726,93186,"{'runs': '7', 'wins': '1'}",5251,1,False,Philip Wheatley,522845,0%,,False,0,,915305,13%,-4.00,0%,IRE,1,https://www.racingpost.com/racecards/1212/ffos-las/2026-04-12/915305,5652633/atlantic-power,301804,"Brockhampton Green, Dorset",38,+14.83,Hurdle,1212,Nayef,5652633,[],GB,234,Turf,2026-04-12,561095,"{'runs': '2', 'wins': '1'}",4,B,-22.18,24,IRE,USA,,899874,,False,G,Westerner,False,Adarenna,5,25212,0,-1.00,,,False,Good To Soft,0,"{'runs': '0', 'wins': '0'}",54,Sturminster Newton Building Supplies Ltd
Ffos Las,17:20,Barry Murphy Racing Syndicate Handicap Hurdle,,3m,5,4yo+,0-100,"£3,248",16,Kingston Kid,9,gelding,12,,Georgie Howell,Tabitha Worsley,tb,False,147,79,76,61,10,/4P-75,Well handicapped on old Irish form but lightly raced and disappointing in recent years,Well handicapped on old Irish form but lightly raced and disappointing in recent years; difficult to enthuse over.,,,0,True,0%,2m7f191y,0,"[{'trainer': 'Eugene M OSullivan', 'trainer_id': 4181, 'change_date': '2024-05-06'}]",2017-05-26,1079971,91902,"{'runs': '3', 'wins': '0'}",5251,1,False,Gce Farm Ltd,533451,0%,,False,0,,915305,18%,-14.00,0%,IRE,1,https://www.racingpost.com/racecards/1212/ffos-las/2026-04-12/915305,3481829/kingston-kid,203382,"Tenbury Wells, Worcestershire",11,-24.00,Hurdle,1212,Milan,3481829,[],GB,24,Turf,2026-04-12,845318,"{'runs': '9', 'wins': '0'}",14,GR,+4.00,24,IRE,GB,,903238,Kingston Hill Partnership (2024-05-06),False,G,Kingston Hill,False,Millys Gesture,2,26729,0,-1.00,,,False,Good To Soft,0,"{'runs': '0', 'wins': '0'}",0,Ms G Howell
Ffos Las,17:20,Barry Murphy Racing Syndicate Handicap Hurdle,,3m,5,4yo+,0-100,"£3,248",16,Pooleys Promise,7,mare,13,,Neil Mulholland,Jack Tudor,tp,True,145,77,104,85,19,-14595,Well-held fifth on recent stable but won over C&D last spring; market strength interesting,"Unable to justify prominence in market when well-held fifth on recent stable debut at Taunton (3m, good; first-time cheekieces) but now 2lb lower than when winning over C&D (good) for Ryan Potter last spring; has tongue-tie fitted today; interesting if strong in the betting again.",,,54.84,True,14%,2m7f191y,5,"[{'trainer': 'Ryan Potter', 'trainer_id': 26798, 'change_date': '2026-02-17'}]",2019-04-29,24492,98673,"{'runs': '4', 'wins': '0'}",5251,31,False,Michael Ennis,75837,10%,,False,16,,915305,17%,-9.03,17%,IRE,30,https://www.racingpost.com/racecards/1212/ffos-las/2026-04-12/915305,6807926/pooleys-promise,343038,"Limpley Stoke, Wilts",23,-32.00,Hurdle,1212,Beneficial,6807926,[],GER,126,Turf,2026-04-12,572780,"{'runs': '3', 'wins': '1'}",96,B,-7.50,24,IRE,GB,,869485,R Sparks (2024-12-30),False,M,Shirocco,False,Wild Fern,4,20451,10,-6.22,,,False,Good To Soft,5,"{'runs': '1', 'wins': '1'}",18,RS Racing (Syndicates)
Ffos Las,17:20,Barry Murphy Racing Syndicate Handicap Hurdle,,3m,5,4yo+,0-100,"£3,248",16,Getaway Sam,6,gelding,14,,Matt Sheppard,Ned Fox,p,False,142,74,101,90,17,P8PP62,Close second in new cheekpieces at Warwick last month but that was a modest race,"0-8 over hurdles, including four non-completions; responded well to first-time cheekpieces when close second at Warwick (3m2f, good) last month but that was a modest race; others here are more persuasive.",,,,True,22%,2m7f191y,0,"[{'trainer': 'Nigel Twiston-Davies', 'trainer_id': 306, 'change_date': '2025-10-04'}]",2020-05-16,1102688,99669,"{'runs': '4', 'wins': '0'}",5251,0,False,P Cluskey & S Fanning,480864,0%,,False,,,915305,0%,-11.00,-,IRE,0,https://www.racingpost.com/racecards/1212/ffos-las/2026-04-12/915305,6750134/getaway-sam,125416,"Eastnor, H'fords",7,-4.38,Hurdle,1212,Kalanisi,6750134,[],GER,23,Turf,2026-04-12,657490,"{'runs': '0', 'wins': '0'}",11,B,-7.00,24,IRE,IRE,3,6750143,,False,G,Getaway,False,Newrath Dancer,0,9610,0,0.00,,3,False,Good To Soft,0,"{'runs': '0', 'wins': '0'}",5,Mrs Jan Johnson
Ffos Las,17:20,Barry Murphy Racing Syndicate Handicap Hurdle,,3m,5,4yo+,0-100,"£3,248",16,Mind Hunter,8,gelding,15,,Bernard Llewellyn,Harry Atkins,tb,False,142,74,103,89,146,8-2435,In fairly good form when last seen in the autumn but has modest strike-rate,In fairly good form when last seen in the autumn and still lightly raced over this sort of trip but his only win from 18 hurdling starts was nearly three years ago; others have more pressing claims.,,,42.86,True,40%,2m7f191y,0,"[{'trainer': 'Richard Hannon', 'trainer_id': 28787, 'change_date': '2021-09-27'}]",2018-01-23,1058611,101323,"{'runs': '8', 'wins': '0'}",5251,8,False,Saleh Al Homaizi & Imad Al Sagar,565797,2%,,False,13,,915305,10%,-46.50,0%,GB,1,https://www.racingpost.com/racecards/1212/ffos-las/2026-04-12/915305,3137664/mind-hunter,212277,"Fochriw, Mid Glamorgan",10,+10.50,Hurdle,1212,Oasis Dream,3137664,[],IRE,5,Turf,2026-04-12,859275,"{'runs': '3', 'wins': '0'}",51,B,-2.50,24,GB,GB,7,888721,B J Llewellyn (2021-11-08)||Mrs Fitri Hay (2021-09-27),False,G,Gleneagles,False,Gadwa,1,5106,1,-1.00,,7,False,Good To Soft,1,"{'runs': '5', 'wins': '0'}",2,Alex James & B J Llewellyn
Ffos Las,17:20,Barry Murphy Racing Syndicate Handicap Hurdle,,3m,5,4yo+,0-100,"£3,248",16,Miss Jaffa Cake,6,mare,16,,Polly Gundry,Ben Poste,,False,142,74,81,69,17,59U5P6,Soundly beaten in her first two handicaps and competes from 5lb out of the weights here,Soundly beaten in her first two handicaps (2m6f/3m2f) and competes from 5lb out of the weights here; needs to take a big step forward.,,,20,True,6%,2m7f191y,0,"[{'trainer': 'Edward Walker', 'trainer_id': 21116, 'change_date': '2025-05-22'}]",2020-05-14,1139008,88090,"{'runs': '1', 'wins': '0'}",5251,5,False,Mr & Mrs W Roffe-Silvester,75837,0%,,False,0,,915305,0%,-6.00,0%,GB,5,https://www.racingpost.com/racecards/1212/ffos-las/2026-04-12/915305,7499325/miss-jaffa-cake,263558,"Ottery St Mary, Devon",13,-31.17,Hurdle,1212,Beneficial,7499325,[],GB,54,Turf,2026-04-12,640961,"{'runs': '0', 'wins': '0'}",6,CH,-13.00,24,GB,GB,,775816,,False,M,Lindas Lad,False,Miss Cupcake,0,20052,0,-5.00,,,False,Good To Soft,0,"{'runs': '0', 'wins': '0'}",3,Mrs Pam Roffe-Silvester
Sha Tin,05:30,Bowring Griffin Plate (Turf),,5f,,3yo+,,"£50,715",6,Ka Ying Grateful,3,gelding,1,2,W K Mo,K C Leung,t,False,126,,,,,,Latest trial was a step in the right direction but he needs further progress today,Out of a dual 1m winner; seemed to take a step in the right direction in his latest trial but probably needs to make further progress on this official debut; tongue-tie fitted.,,,,False,7%,5f,0,[],2023-03-31,1941,88536,"{'runs': '0', 'wins': '0'}",1100,23,False,James Kelly,749313,7%,,False,0,,917914,10%,-161.35,0%,IRE,23,https://www.racingpost.com/racecards/416/sha-tin/2026-04-12/917914,9092790/ka-ying-grateful,243134,Hong Kong,21,-258.47,Flat,416,Excelebration,9092790,[],IRE,1359,Turf,2026-04-12,800174,"{'runs': '0', 'wins': '0'}",673,B,-10.10,5,FR,IRE,,1640291,,False,G,Toronado,False,La Peregrina,2,40731,45,-23.00,,,False,Good,0,"{'runs': '0', 'wins': '0'}",99,Leung Shek Kong
Sha Tin,05:30,Bowring Griffin Plate (Turf),,5f,,3yo+,,"£50,715",6,Perfect One,3,gelding,2,4,C H Yip,Zac Purton,,False,126,,,,,,Came second in a 5f trial last month and Zac Purton rides here; likely contender,Bred to be better suited by much longer trips than this but came second in a 5f trial last month and the booking of Zac Purton suggests a big run is expected.,,,,False,23%,5f,2,[],2023-05-17,1073319,82339,"{'runs': '0', 'wins': '0'}",1100,28,False,S.C.E.A. Des Prairies & B Jeffroy,561459,6%,,False,7,,917914,10%,-160.39,7%,FR,28,https://www.racingpost.com/racecards/416/sha-tin/2026-04-12/917914,9092792/perfect-one,370784,Hong Kong,42,-293.62,Flat,416,Sunday Break,9092792,[],IRE,1792,Turf,2026-04-12,800174,"{'runs': '0', 'wins': '0'}",1171,B,-27.25,5,FR,JPN,,1982992,,False,G,Toronado,False,Apple Chicha,4,15856,71,-7.60,,,False,Good,2,"{'runs': '0', 'wins': '0'}",417,Chan Wai Hang
Sha Tin,05:30,Bowring Griffin Plate (Turf),,5f,,3yo+,,"£50,715",6,Silvery Knight,3,gelding,3,3,Douglas Whyte,Lyle Hewitson,,False,126,,,,,,Makes official debut after some inauspicious trials,"Out of a three-time winner (6.5f-1m) who has produced a German 2,000gns winner; makes official debut after some inauspicious trials.",,,,False,7%,5f,2,[],2023-04-26,23512,95383,"{'runs': '0', 'wins': '0'}",1100,23,False,Unknown,657462,5%,,False,9,,917914,5%,-659.50,9%,FR,23,https://www.racingpost.com/racecards/416/sha-tin/2026-04-12/917914,9092791/silvery-knight,243706,Hong Kong,21,-341.11,Flat,416,Holy Roman Emperor,9092791,[],IRE,1419,Turf,2026-04-12,800174,"{'runs': '0', 'wins': '0'}",1198,B,-6.00,5,FR,IRE,,762147,,False,G,Toronado,False,Angel Of Harlem,1,36353,60,-11.40,,,False,Good,2,"{'runs': '0', 'wins': '0'}",95,Surplus Horse Racing Syndicate
Sha Tin,05:30,Bowring Griffin Plate (Turf),,5f,,3yo+,,"£50,715",6,Glorious Hero,2,colt,4,5,David A Hayes,Karis Teetan,,False,121,,,,,,Appeared to have a bit still to learn when down the field in his two trials,Out of a 1m winner; appeared to have a bit still to learn when down the field in his two trials.,,,,False,9%,5f,1,[],2023-09-06,100519,88634,"{'runs': '0', 'wins': '0'}",1100,31,False,Arrowfield Group Pty Ltd,636099,8%,,False,3,,917914,0%,-650.76,3%,AUS,31,https://www.racingpost.com/racecards/416/sha-tin/2026-04-12/917914,9092793/glorious-hero,243117,Hong Kong,30,-511.49,Flat,416,Deep Impact,9092793,[],JPN,1718,Turf,2026-04-12,754677,"{'runs': '0', 'wins': '0'}",1585,B,-30.00,5,JPN,JPN,,2239891,,False,C,Rulership,False,Pratolina,0,3550,126,-29.95,,,False,Good,1,"{'runs': '0', 'wins': '0'}",153,Friends Of The Saint Syndicate
Sha Tin,05:30,Bowring Griffin Plate (Turf),,5f,,3yo+,,"£50,715",6,Secret Ingredient,2,gelding,5,6,David A Hayes,Harry Bentley,,False,121,,,,,,Latest trial was more encouraging but he sill comes with risk attached on debut,Looked more professional than previously when third in a recent 4f trial but still comes with risk attached on official debut.,,,,False,6%,5f,1,[],2023-10-16,28100,88632,"{'runs': '0', 'wins': '0'}",1100,31,False,Emirates Park Pty Ltd,633824,8%,,False,3,,917914,8%,-650.76,3%,AUS,31,https://www.racingpost.com/racecards/416/sha-tin/2026-04-12/917914,9092794/secret-ingredient,370785,Hong Kong,24,-306.25,Flat,416,Snitzel,9092794,[],AUS,1190,Turf,2026-04-12,901048,"{'runs': '0', 'wins': '0'}",1585,B,-2.50,5,AUS,AUS,,8683943,,False,G,Capitalist,False,Mulhimah,2,3550,126,-29.95,,,False,Good,1,"{'runs': '0', 'wins': '0'}",69,Sze-To Ka Ming & Man Yu
Sha Tin,05:30,Bowring Griffin Plate (Turf),,5f,,3yo+,,"£50,715",6,Talents Champion,2,gelding,6,1,David A Hayes,M L Yeung,,False,121,,,,,,Out of a dual Group 3 sprint winner; made steady progress in his trials; considered,Out of a dual Group 3 sprint winner; made steady progress in his trials and wasn't beaten far when fourth over 4f in the most recent; one to consider.,,,,False,4%,5f,1,[],2023-09-26,1140214,88300,"{'runs': '0', 'wins': '0'}",1100,31,False,Widden Bloodstock Pty Ltd,581339,8%,,False,3,,917914,0%,-650.76,3%,AUS,31,https://www.racingpost.com/racecards/416/sha-tin/2026-04-12/917914,9092789/talents-champion,325570,Hong Kong,23,-142.68,Flat,416,Sequalo,9092789,[],AUS,987,Turf,2026-04-12,3190658,"{'runs': '0', 'wins': '0'}",1585,B,-23.00,5,AUS,AUS,,827432,,False,G,Portland Sky,False,Missy Longstocking,0,3550,126,-29.95,,,False,Good,1,"{'runs': '0', 'wins': '0'}",44,Talentogether Syndicate
Sha Tin,06:00,Gascoigne Hcp (C5) (Handicap) (Turf),,7f,,3yo+,,"£46,711",14,Good Fortune,6,gelding,1,6,P C Ng,Britney Wong,tb,False,135,40,56,,21,,Last month's fifths here were close ones and he's now dropped into a Class 5,Last month's fifths here were close ones; there are races in him off this mark and he drops in grade today; respected.,,,,True,9%,7f,0,[],2019-10-15,1041188,103216,"{'runs': '5', 'wins': '0'}",1540,24,False,Llanhennock Trust,592476,8%,,False,0,,917915,8%,-522.24,0%,NZ,24,https://www.racingpost.com/racecards/416/sha-tin/2026-04-12/917915,8084384/good-fortune,361718,Hong Kong,13,+1.40,Flat,416,Reset,8084384,[],NZ,274,Turf,2026-04-12,632831,"{'runs': '1', 'wins': '0'}",1357,B,-3.00,7,AUS,AUS,7,3050297,,False,G,Darci Brahma,False,Lion Blanc,1,39762,111,-24.00,,7,False,Good,0,"{'runs': '8', 'wins': '0'}",25,Happy United Front Syndicate
Sha Tin,06:00,Gascoigne Hcp (C5) (Handicap) (Turf),,7f,,3yo+,,"£46,711",14,One Love,4,gelding,2,7,J Size,Andrea Atzeni,,False,134,39,55,,42,,Very opposable on his form in Hong Kong and only fourth in a trial since last official run,Very opposable on his form in Hong Kong and only fourth in a trial since last official run; Atzeni rides on this drop in grade but reservations for now.,,,,True,9%,7f,2,[],2021-08-26,1120951,87349,"{'runs': '6', 'wins': '0'}",1540,22,False,Cape Schanck Stud,720303,12%,,False,9,,917915,11%,-226.63,9%,AUS,22,https://www.racingpost.com/racecards/416/sha-tin/2026-04-12/917915,8309211/one-love,237941,Hong Kong,35,-229.77,Flat,416,Northern Meteor,8309211,[],IRE,1028,Turf,2026-04-12,800174,"{'runs': '3', 'wins': '0'}",1845,CH,+1.60,7,AUS,AUS,,907189,,False,G,Toronado,False,Glitterama,4,12739,219,-11.40,,,False,Good,2,"{'runs': '4', 'wins': '0'}",92,Lo Profile Syndicate
Sha Tin,06:00,Gascoigne Hcp (C5) (Handicap) (Turf),,7f,,3yo+,,"£46,711",14,Setanta,8,gelding,3,9,Mark Newnham,L J Ferraris,t,False,134,39,57,,32,,"Happy Valley regular; has become very hard to win with, his losing run now 23","Has won over C&D but a regular at Happy Valley the last two years and has become very hard to win with, his losing run now up to 23; has been running the odd good race in Class 4s but he's not one to rely on; regular blinkers removed.",,,,True,7%,7f,5,"[{'trainer': 'David A Hayes', 'trainer_id': 3550, 'change_date': '2024-03-14'}, {'trainer': 'K W Lui', 'trainer_id': 12762, 'change_date': '2022-02-21'}, {'trainer': 'Ciaron Maher & David Eustace', 'trainer_id': 34990, 'change_date': '2022-01-03'}]",2017-11-14,1058928,98196,"{'runs': '41', 'wins': '3'}",1540,25,False,C Barham,460778,9%,,False,20,,917915,6%,-221.44,20%,AUS,25,https://www.racingpost.com/racecards/416/sha-tin/2026-04-12/917915,3014382/setanta,94095,Hong Kong,17,-195.06,Flat,416,Snippets,3014382,[],AUS,1146,Turf,2026-04-12,596550,"{'runs': '20', 'wins': '1'}",731,B,-10.00,7,AUS,AUS,,577885,Aquis Farm C J Barham Et Al (2022-01-03),False,G,Fastnet Rock,False,Legally Bay,1,32247,69,+7.70,,,False,Good,5,"{'runs': '29', 'wins': '2'}",76,James Lau Po Man & Alice Woo Wai See
Sha Tin,06:00,Gascoigne Hcp (C5) (Handicap) (Turf),,7f,,3yo+,,"£46,711",14,Call To Command,5,gelding,4,5,C W Chang,Harry Bentley,tp,False,133,38,52,,18,,Probably has a race in him off this mark and gives the impression that he'll stay 7f,No wins in 15 but was only a length away in a Class 5 at Happy Valley two runs back (over 6f) and was poorly drawn in a Class 4 back there last time; probably has a race in him off this mark and gives the impression that he'll stay 7f.,,,,True,6%,7f,1,[],2020-09-05,1138160,88632,"{'runs': '11', 'wins': '0'}",1540,18,False,B Basham,861058,6%,,False,6,,917915,8%,-258.15,6%,AUS,18,https://www.racingpost.com/racecards/416/sha-tin/2026-04-12/917915,7242702/call-to-command,355741,Hong Kong,24,-306.25,Flat,416,Speed N Power,7242702,[],AUS,1190,Turf,2026-04-12,876538,"{'runs': '0', 'wins': '0'}",992,B,-2.50,7,AUS,NZ,,7242701,,False,G,Holler,False,Power Of Joy,2,20011,57,-7.00,,,False,Good,1,"{'runs': '7', 'wins': '0'}",69,Lai Chak Lam
Sha Tin,06:00,Gascoigne Hcp (C5) (Handicap) (Turf),,7f,,3yo+,,"£46,711",14,Winning Cigar,4,gelding,5,11,David A Hayes,Brenton Avdulla,b,False,133,38,52,,28,,Disappointing dropped into a Class 5 on last run and has since finished last in a trial,Disappointing dropped into a Class 5 on last official run and has since finished last in a trial; now 0-8.,,,,True,7%,7f,1,[],2021-10-21,1125938,88939,"{'runs': '3', 'wins': '0'}",1540,31,False,Balius Farm Thoroughbreds,731950,8%,,False,3,,917915,0%,-650.76,3%,AUS,31,https://www.racingpost.com/racecards/416/sha-tin/2026-04-12/917915,7677595/winning-cigar,359235,Hong Kong,17,-276.43,Flat,416,I Am Invincible,7677595,[],IRE,927,Turf,2026-04-12,800174,"{'runs': '0', 'wins': '0'}",1585,B,-17.00,7,AUS,AUS,,872847,,False,G,Toronado,False,I Am Gypsy,0,3550,126,-29.95,,,False,Good,1,"{'runs': '3', 'wins': '0'}",69,Sure Win Buddies Syndicate
Sha Tin,06:00,Gascoigne Hcp (C5) (Handicap) (Turf),,7f,,3yo+,,"£46,711",14,Winning Diamond,4,gelding,6,3,C H Yip,Hugh Bowman,,False,133,38,52,,21,,Another runner who has been contesting higher-grade races but hasn't been showing a lot,"Another runner who has been contesting higher-grade races but hasn't been showing a lot, from 5f to 1m.",,,,True,12%,7f,2,[],2021-09-15,1138839,79529,"{'runs': '8', 'wins': '0'}",1540,28,False,Speriamo Bloodstock Pty Ltd,506927,6%,,False,7,,917915,10%,-160.39,7%,AUS,28,https://www.racingpost.com/racecards/416/sha-tin/2026-04-12/917915,7534493/winning-diamond,243114,Hong Kong,31,-255.60,Flat,416,Invincible Spirit,7534493,[],AUS,1186,Turf,2026-04-12,872464,"{'runs': '2', 'wins': '0'}",1171,B,+20.60,7,GB,IRE,,1552025,,False,G,Deep Field,False,Clearly,3,15856,71,-7.60,,,False,Good,2,"{'runs': '7', 'wins': '0'}",137,Eddie Chung Kwok Leung
Sha Tin,06:00,Gascoigne Hcp (C5) (Handicap) (Turf),,7f,,3yo+,,"£46,711",14,Basic Instinct,4,gelding,7,10,Y S Tsui,K C Leung,b,False,132,37,56,,28,,Well beaten dropped into a Class 5 on last official run and has stamina to prove,Yet to place in Hong Kong; second in a recent barrier trial but well beaten dropped into a Class 5 on last official run and has stamina to prove.,,,,True,7%,7f,0,[],2021-09-20,1023515,88536,"{'runs': '8', 'wins': '0'}",1540,17,False,R J Knight,736090,4%,,False,0,,917915,10%,-268.95,0%,NZ,17,https://www.racingpost.com/racecards/416/sha-tin/2026-04-12/917915,7307983/basic-instinct,337585,Hong Kong,21,-258.47,Flat,416,Shocking,7307983,[],AUS,1359,Turf,2026-04-12,869262,"{'runs': '2', 'wins': '0'}",819,BR,-10.10,7,NZ,AUS,,4013979,,False,G,Sweynesse,False,Prist,2,17998,32,-17.00,,,False,Good,0,"{'runs': '6', 'wins': '0'}",99,22/23 Me Tsui Yu Sak Trainer Syndicate
Sha Tin,06:00,Gascoigne Hcp (C5) (Handicap) (Turf),,7f,,3yo+,,"£46,711",14,Dash,4,gelding,8,4,Douglas Whyte,Alexis Badel,tb,False,132,37,56,,28,,A running-on third over 6f here four weeks ago and he's since won a trial,Nine-race maiden but appreciated the drop to this level when a running-on third over 6f here four weeks ago and he's since won a trial; quite interesting now raised a furlong from a good draw.,,,,True,7%,7f,2,[],2021-10-25,1110236,85541,"{'runs': '5', 'wins': '0'}",1540,23,False,Rifa Mustang Pty Ltd,633944,5%,,False,9,,917915,14%,-659.50,9%,AUS,23,https://www.racingpost.com/racecards/416/sha-tin/2026-04-12/917915,7276524/dash,247052,Hong Kong,29,-504.14,Flat,416,Stratum,7276524,[],AUS,1437,Turf,2026-04-12,837877,"{'runs': '0', 'wins': '0'}",1198,BR,-2.10,7,NZ,AUS,,880170,,False,G,Zoustar,False,Strata Lady,4,36353,60,-11.40,,,False,Good,2,"{'runs': '8', 'wins': '0'}",97,Benedict Sin
Sha Tin,06:00,Gascoigne Hcp (C5) (Handicap) (Turf),,7f,,3yo+,,"£46,711",14,Winning Machine,4,gelding,9,1,C Fownes,Joao Moreira,t,False,132,37,58,,14,,Running fairly well of late; he's got an ideal draw and Moreira takes over,Excellent second from a bad draw over C&D two runs back and that was his yard debut; no excuses from a good position when fourth two weeks ago but he's got an ideal draw here and Moreira takes over.,,,,True,17%,7f,4,"[{'trainer': 'C S Shum', 'trainer_id': 16058, 'change_date': '2026-02-07'}]",2021-10-12,422,84921,"{'runs': '5', 'wins': '0'}",1540,29,False,Seymour Bloodstock,640322,7%,,False,14,,917915,44%,-383.89,14%,AUS,29,https://www.racingpost.com/racecards/416/sha-tin/2026-04-12/917915,7338974/winning-machine,368954,Hong Kong,9,-106.74,Flat,416,Dylan Thomas,7338974,[],AUS,314,Turf,2026-04-12,1877671,"{'runs': '5', 'wins': '0'}",1338,B,+9.30,7,AUS,IRE,,843085,Sammy M H Kit Johnny C T Cheung & Chan S Shui (2026-03-07),False,G,Lean Mean Machine,False,Its Poets Day,4,16095,96,-10.70,,,False,Good,4,"{'runs': '11', 'wins': '0'}",52,Sammy Ma Hon Kit/Chan Sin Shui/Exec Of Est Of J C T Cheung
Sha Tin,06:00,Gascoigne Hcp (C5) (Handicap) (Turf),,7f,,3yo+,,"£46,711",14,Yee Cheong Raider,5,gelding,10,12,Brett Crawford,Lyle Hewitson,p,False,129,34,59,,28,,Would have been interesting returned to 7f but for stall 12,Longstanding maiden but deserves a break and had some of these behind (Dash was third) when beating all bar the favourite over 6f here last month; would have been interesting returned to 7f but for stall 12.,,,,True,7%,7f,1,"[{'trainer': 'Jamie Richards', 'trainer_id': 35043, 'change_date': '2026-02-18'}]",2020-08-22,1098141,95383,"{'runs': '11', 'wins': '0'}",1540,19,False,B Leonard,596550,9%,,False,5,,917915,5%,+6.50,5%,AUS,19,https://www.racingpost.com/racecards/416/sha-tin/2026-04-12/917915,5692560/yee-cheong-raider,323128,Hong Kong,21,-341.11,Flat,416,Fastnet Rock,5692560,[],AUS,1419,Turf,2026-04-12,872464,"{'runs': '7', 'wins': '0'}",162,B,-6.00,7,AUS,AUS,,1461606,,False,G,Deep Field,False,LElu,1,26238,14,+25.00,,,False,Good,1,"{'runs': '17', 'wins': '0'}",95,Choi Hiu Fung & Choi Chun Lung
Sha Tin,06:00,Gascoigne Hcp (C5) (Handicap) (Turf),,7f,,3yo+,,"£46,711",14,Panda Legend,7,gelding,11,13,W Y So,James Orman,tv,False,127,32,56,,35,,"Continues to run well now and again and this is his grade; however, stall 13 is offputting","Only 1-21 but continues to run well now and again and this is his grade; however, stall 13 is offputting.",,,,True,7%,7f,1,"[{'trainer': 'A T Millard', 'trainer_id': 14044, 'change_date': '2023-11-30'}]",2018-11-02,1060477,94434,"{'runs': '11', 'wins': '1'}",1540,20,False,Morning Rise Stud,596550,8%,,False,5,,917915,8%,-66.39,5%,AUS,20,https://www.racingpost.com/racecards/416/sha-tin/2026-04-12/917915,5162301/panda-legend,332641,Hong Kong,26,-67.10,Flat,416,Fastnet Rock,5162301,[],AUS,355,Turf,2026-04-12,905601,"{'runs': '8', 'wins': '1'}",1325,B,-16.10,7,AUS,AUS,,2639927,,False,G,Astern,False,Jessica Ann,2,28673,109,-14.50,,,False,Good,1,"{'runs': '16', 'wins': '1'}",24,Friends Of Panda Syndicate
Sha Tin,06:00,Gascoigne Hcp (C5) (Handicap) (Turf),,7f,,3yo+,,"£46,711",14,He Was Me,5,gelding,12,2,A S Cruz,Karis Teetan,tb,False,124,29,54,,14,,C&D winner last month; only eighth on his return visit and was behind Winning Machine,Off the mark when overcoming a wide draw over C&D last month but only eighth on his return visit and was behind Winning Machine.,,,,True,9%,7f,3,"[{'trainer': 'Patrick Payne', 'trainer_id': 19866, 'change_date': '2024-11-07'}]",2020-09-04,1057337,88634,"{'runs': '12', 'wins': '1'}",1540,29,False,Armidale Stud,303687,7%,,False,10,,917915,0%,-530.84,10%,AUS,29,https://www.racingpost.com/racecards/416/sha-tin/2026-04-12/917915,5784970/he-was-me,244425,Hong Kong,30,-511.49,Flat,416,Last Tycoon,5784970,[],AUS,1718,Turf,2026-04-12,782003,"{'runs': '15', 'wins': '1'}",1689,CH,-30.00,7,AUS,IRE,,1982969,Price Bloodstock Management Ltd & Farmhouse Holdings P/L (2024-11-07),False,G,Needs Further,False,Tycoon Sali,0,12767,126,-10.10,,,False,Good,3,"{'runs': '19', 'wins': '1'}",153,AA84 Syndicate
Sha Tin,06:00,Gascoigne Hcp (C5) (Handicap) (Turf),,7f,,3yo+,,"£46,711",14,Mr Good Vibes,6,gelding,13,8,D J Hall,Richard Kingscote,b,False,123,28,51,,52,,"1m winner here in Nov; subsequent defeats have been over 6f, can do better over this trip","Beat Panda Legend off 5lb lower over 1m here in November; subsequent defeats have been over an inadequate 6f, so he can do better this time.",,,,True,4%,7f,2,[],2019-10-17,4779,83554,"{'runs': '20', 'wins': '2'}",1540,20,False,G Harvey,455703,9%,,False,10,,917915,14%,-315.17,10%,NZ,20,https://www.racingpost.com/racecards/416/sha-tin/2026-04-12/917915,5381889/mr-good-vibes,242372,Hong Kong,21,-173.05,Flat,416,Encosta De Lago,5381889,[],AUS,247,Turf,2026-04-12,845972,"{'runs': '7', 'wins': '0'}",1262,GR,+4.30,7,AUS,AUS,,5381888,,False,G,El Roca,False,Rubi De Lago,3,23445,110,+5.70,,,False,Good,2,"{'runs': '18', 'wins': '2'}",9,Kenneth Shi Ho Ming
Sha Tin,06:00,Gascoigne Hcp (C5) (Handicap) (Turf),,7f,,3yo+,,"£46,711",14,Island Golden,6,gelding,14,14,K L Man,Angus Chung,tb,False,115,18,55,,52,,Both wins over 6f and doesn't arrive with any recent form on the board,Poor strike-rate and both wins have been over shorter; doesn't arrive with any recent form on the board.,,,,True,6%,7f,1,[],2019-10-02,1122393,101468,"{'runs': '22', 'wins': '1'}",1540,21,False,K J Hickman Onzm,561601,8%,,False,5,,917915,10%,-152.23,5%,NZ,21,https://www.racingpost.com/racecards/416/sha-tin/2026-04-12/917915,4642735/island-golden,308242,Hong Kong,21,-306.75,Flat,416,Spartacus,4642735,[],GB,1067,Turf,2026-04-12,851134,"{'runs': '11', 'wins': '0'}",1261,B,-5.80,7,NZ,IRE,2,4642734,,False,G,Time Test,False,The Beckett,2,12787,106,-17.10,,2,False,Good,1,"{'runs': '26', 'wins': '1'}",63,Ng Yick Lam
Sha Tin,06:00,Gascoigne Hcp (C5) (Handicap) (Turf),,7f,,3yo+,,"£46,711",14,Giddy Up,6,gelding,15,15,Jamie Richards,,t,False,134,39,58,,18,,Reserve; hard to win with at the best of times and he looks on a downer at the minute,Reserve; hard to win with at the best of times and he looks on a downer at the minute.,,,,True,,7f,1,[],2019-09-11,1110455,,"{'runs': '19', 'wins': '1'}",1540,14,False,B R Jaensch,656607,6%,,True,7,,917915,,-409.10,7%,AUS,14,https://www.racingpost.com/racecards/416/sha-tin/2026-04-12/917915,5453373/giddy-up,337973,Hong Kong,,,Flat,416,Strada,5453373,[],IRE,,Turf,2026-04-12,772731,"{'runs': '7', 'wins': '1'}",801,B,,7,AUS,AUS,,5453394,,False,G,Fiorente,False,Socarada,,35043,48,-1.00,,,False,Good,1,"{'runs': '13', 'wins': '1'}",,Lau Lee Ka
Sha Tin,06:00,Gascoigne Hcp (C5) (Handicap) (Turf),,7f,,3yo+,,"£46,711",14,View All Things,5,gelding,16,16,W K Mo,,t,False,132,37,53,,6,,Reserve; no placed form in 11 runs and best trip remains open to debate,Reserve; no placed form in 11 runs and best trip remains open to debate; only fifth over 6f here last week.,,,,True,,7f,0,"[{'trainer': 'Y S Tsui', 'trainer_id': 17998, 'change_date': '2025-09-11'}]",2020-10-19,1137628,,"{'runs': '8', 'wins': '0'}",1540,23,False,Miss L OHara,656388,7%,,True,0,,917915,,-161.35,0%,AUS,23,https://www.racingpost.com/racecards/416/sha-tin/2026-04-12/917915,6945307/view-all-things,242833,Hong Kong,,,Flat,416,Excites,6945307,[],AUS,,Turf,2026-04-12,879768,"{'runs': '3', 'wins': '0'}",673,BB,,7,AUS,AUS,,890037,,False,G,Pride Of Dubai,False,Storm Siren,,40731,45,-23.00,,,False,Good,0,"{'runs': '10', 'wins': '0'}",,Cheng Ying Yim
Sha Tin,06:30,Gillies Hcp (C5) (Handicap) (Turf),,1m,,3yo+,,"£46,711",14,Beauty Missile,6,gelding,1,9,Brett Crawford,Hugh Bowman,v,False,134,39,54,,49,,Strike-rate of 1-38 but that win came recently and his last run was a good one,"Finally off the mark over 1m1f at Happy Valley in January and backed that up with a close third over that trip here last time (behind Cool Blue); gets in off the same mark so, despite a strike-rate of 1-38, he needs considering.",,,,True,12%,1m,1,"[{'trainer': 'F C Lor', 'trainer_id': 33689, 'change_date': '2025-10-02'}]",2019-08-26,1073861,79529,"{'runs': '25', 'wins': '1'}",1760,19,False,Dr K Pendergast,704777,9%,,False,5,,917916,10%,+6.50,5%,AUS,19,https://www.racingpost.com/racecards/416/sha-tin/2026-04-12/917916,4855618/beauty-missile,148933,Hong Kong,31,-255.60,Flat,416,Sebring,4855618,[],AUS,1186,Turf,2026-04-12,780035,"{'runs': '10', 'wins': '0'}",162,BR,+20.60,8,AUS,AUS,,4277801,,False,G,Smart Missile,False,Five Card Charlie,3,26238,14,+25.00,,,False,Good,1,"{'runs': '35', 'wins': '0'}",137,Kwok Siu Ming
Sha Tin,06:30,Gillies Hcp (C5) (Handicap) (Turf),,1m,,3yo+,,"£46,711",14,Dashing Maurison,3,gelding,2,6,David A Hayes,Britney Wong,p,False,135,39,52,,32,,Has been knocking on the door and this is his first time in a Class 5 handicap,Struggled from a bad draw last time but had been knocking on the door and this is his first time in a Class 5 handicap; third in a recent trial; possibilities.,,,,True,9%,1m,1,[],2022-08-25,1071274,103216,"{'runs': '4', 'wins': '0'}",1760,31,False,S J E Family Trust,664565,8%,,False,3,,917916,8%,-650.76,3%,AUS,31,https://www.racingpost.com/racecards/416/sha-tin/2026-04-12/917916,7691570/dashing-maurison,242307,Hong Kong,13,+1.40,Flat,416,Street Sense,7691570,[],JPN,274,Turf,2026-04-12,848838,"{'runs': '3', 'wins': '0'}",1585,B,-3.00,8,AUS,USA,7,4217637,,False,G,Maurice,False,Stella Street,1,3550,126,-29.95,,7,False,Good,1,"{'runs': '7', 'wins': '0'}",25,Sound Of Silence Syndicate
Sha Tin,06:30,Gillies Hcp (C5) (Handicap) (Turf),,1m,,3yo+,,"£46,711",14,Iron Legion,5,gelding,3,7,A S Cruz,Angus Chung,ht,False,135,39,49,,49,,Narrow winner from Harry's Hero over C&D in January but lesser runs have followed,"Regular at this level; narrow winner from Harry's Hero over C&D in January but lesser runs have followed, and beaten in two trials last month.",,,,True,6%,1m,3,[],2021-02-23,14252,101468,"{'runs': '9', 'wins': '1'}",1760,29,False,Mountarmstrong Stud,531769,7%,,False,10,,917916,10%,-530.84,10%,IRE,29,https://www.racingpost.com/racecards/416/sha-tin/2026-04-12/917916,6974108/iron-legion,174669,Hong Kong,21,-306.75,Flat,416,Galileo,6974108,[],IRE,1067,Turf,2026-04-12,1463745,"{'runs': '2', 'wins': '1'}",1689,BR,-5.80,8,IRE,IRE,2,873259,,False,G,Invincible Army,False,La Reveuse,2,12767,126,-10.10,,2,False,Good,3,"{'runs': '6', 'wins': '1'}",63,The Hon & Mrs Kenneth Lau Ip Keung
Sha Tin,06:30,Gillies Hcp (C5) (Handicap) (Turf),,1m,,3yo+,,"£46,711",14,Rattan Galaxy,4,gelding,4,11,K L Man,C Y Ho,tp,False,134,38,54,,49,,Didn't convince with his stamina over 1m1f last time and even this far could be a stretch,His trial win was over 6f and the near miss here in December over 7f; didn't convince with his stamina over 1m1f here last time and even this far could be a stretch.,,,,True,9%,1m,1,[],2021-09-02,1098965,90687,"{'runs': '4', 'wins': '0'}",1760,21,False,Pencarrow Thoroughbreds Ltd,513047,8%,,False,5,,917916,5%,-152.23,5%,NZ,21,https://www.racingpost.com/racecards/416/sha-tin/2026-04-12/917916,7338975/rattan-galaxy,246732,Hong Kong,22,-333.74,Flat,416,Giants Causeway,7338975,[],AUS,1218,Turf,2026-04-12,577888,"{'runs': '0', 'wins': '0'}",1261,CH,+12.00,8,USA,USA,,741960,,False,G,Exceed And Excel,False,Barbadine,1,12787,106,-17.10,,,False,Good,1,"{'runs': '9', 'wins': '0'}",112,Wong Ting Bor
Sha Tin,06:30,Gillies Hcp (C5) (Handicap) (Turf),,1m,,3yo+,,"£46,711",14,Bling Bling Genius,5,gelding,5,3,Douglas Whyte,Brenton Avdulla,,False,133,37,53,,14,,Excellent runs over 7f here the last twice; burning question is whether he'll get the trip,"His previous attempt at 1m was too bad to be true and he has since produced two good efforts over 7f at this track, beating all bar the favourite two weeks ago; the burning question is whether he'll get the trip.",,,,True,7%,1m,2,[],2021-03-16,1115344,88939,"{'runs': '9', 'wins': '0'}",1760,23,False,Barnane Stud Ltd,500366,5%,,False,9,,917916,0%,-659.50,9%,IRE,23,https://www.racingpost.com/racecards/416/sha-tin/2026-04-12/917916,6903310/bling-bling-genius,283048,Hong Kong,17,-276.43,Flat,416,Jet Master,6903310,[],AUS,927,Turf,2026-04-12,726295,"{'runs': '1', 'wins': '0'}",1198,B,-17.00,8,SAF,SAF,,850537,,False,G,Starspangledbanner,False,In The Fast Lane,0,36353,60,-11.40,,,False,Good,2,"{'runs': '12', 'wins': '0'}",69,Stella Fung Siu Wan
Sha Tin,06:30,Gillies Hcp (C5) (Handicap) (Turf),,1m,,3yo+,,"£46,711",14,General Smart,4,gelding,6,13,C S Shum,Zac Purton,t,False,132,36,49,,35,,Has finished nowhere in two previous attempts at 1m and he's drawn wide,"Well beaten in a recent trial under Zac Purton but the top rider was aboard for his narrow miss over 7f here last month; however, has finished nowhere in two previous attempts at 1m and he's drawn wide.",,,,True,23%,1m,1,[],2021-10-23,29259,82339,"{'runs': '7', 'wins': '0'}",1760,18,False,Barree Stud,532968,8%,,False,6,,917916,10%,-357.18,6%,AUS,18,https://www.racingpost.com/racecards/416/sha-tin/2026-04-12/917916,6945312/general-smart,353438,Hong Kong,42,-293.62,Flat,416,Hussonet,6945312,[],AUS,1792,Turf,2026-04-12,824375,"{'runs': '2', 'wins': '0'}",1225,BR,-27.25,8,AUS,USA,,6945311,,False,G,Shamus Award,False,Deplorable,4,16058,100,-8.00,,,False,Good,1,"{'runs': '7', 'wins': '0'}",417,Alex Chau Man Lok Jack Chan Hoi Et Al
Sha Tin,06:30,Gillies Hcp (C5) (Handicap) (Turf),,1m,,3yo+,,"£46,711",14,Cool Blue,7,gelding,7,10,W Y So,Matthew Chadwick,et,False,129,33,46,,49,,Recent course winner over 1m1f; 6lb higher now and Purton looks elsewhere,Ridden by Zac Purton on last two appearances and finished well to seal the deal over 1m1f here in February; 6lb higher now and Purton looks elsewhere.,,,,True,5%,1m,1,"[{'trainer': 'W K Mo', 'trainer_id': 40731, 'change_date': '2025-03-24'}, {'trainer': 'F C Lor', 'trainer_id': 33689, 'change_date': '2024-09-12'}]",2018-11-04,1122142,88434,"{'runs': '14', 'wins': '2'}",1760,20,False,B J Lindsay Mnzm & Mrs J E A Lindsay,518730,8%,,False,5,,917916,0%,-66.39,5%,NZ,20,https://www.racingpost.com/racecards/416/sha-tin/2026-04-12/917916,4770047/cool-blue,325666,Hong Kong,14,-399.24,Flat,416,More Than Ready,4770047,[],AUS,1447,Turf,2026-04-12,780033,"{'runs': '8', 'wins': '1'}",1325,CH,-14.00,8,AUS,USA,,843075,,False,G,Foxwedge,False,Imanana,0,28673,109,-14.50,,,False,Good,1,"{'runs': '26', 'wins': '1'}",79,Active Blue Syndicate
Sha Tin,06:30,Gillies Hcp (C5) (Handicap) (Turf),,1m,,3yo+,,"£46,711",14,Speedy Trident,5,gelding,8,12,Y S Tsui,M L Yeung,,False,128,32,53,,28,,"Opposable on a few counts; still a maiden, isn't in great form and has stamina to prove","Opposable on a few counts as he's still a maiden, isn't in great form and has stamina to prove.",,,,True,4%,1m,0,[],2020-09-05,1044776,88300,"{'runs': '7', 'wins': '0'}",1760,17,False,Kooringal Stud,633824,4%,,False,0,,917916,0%,-268.95,0%,AUS,17,https://www.racingpost.com/racecards/416/sha-tin/2026-04-12/917916,7242703/speedy-trident,355742,Hong Kong,23,-142.68,Flat,416,Snitzel,7242703,[],AUS,987,Turf,2026-04-12,901057,"{'runs': '2', 'wins': '0'}",819,B,-23.00,8,AUS,AUS,,1391649,,False,G,Prized Icon,False,Miss Cacciatore,0,17998,32,-17.00,,,False,Good,0,"{'runs': '11', 'wins': '0'}",44,Chill Racing Syndicate
Sha Tin,06:30,Gillies Hcp (C5) (Handicap) (Turf),,1m,,3yo+,,"£46,711",14,Windicator Family,6,gelding,9,8,W K Mo,K C Leung,v,False,126,30,54,,35,,Behind some of these here last time but over 7f and this is more his trip; only 1-30,"Behind some of these here last time but over 7f and this is more his trip; however, a strike-rate of 1-30 speaks volumes.",,,,True,7%,1m,0,"[{'trainer': 'D J Hall', 'trainer_id': 23445, 'change_date': '2026-03-07'}]",2019-09-16,1123641,88536,"{'runs': '18', 'wins': '1'}",1760,23,False,C W Kwok,720303,7%,,False,0,,917916,10%,-161.35,0%,NZ,23,https://www.racingpost.com/racecards/416/sha-tin/2026-04-12/917916,5342111/windicator-family,285583,Hong Kong,21,-258.47,Flat,416,Northern Meteor,5342111,[],AUS,1359,Turf,2026-04-12,887517,"{'runs': '14', 'wins': '1'}",673,B,-10.10,8,AUS,AUS,,3577166,,False,G,Press Statement,False,Max It Out,2,40731,45,-23.00,,,False,Good,0,"{'runs': '16', 'wins': '0'}",99,Thomas Poon Ho Wing & Poon Chi Keung
Sha Tin,06:30,Gillies Hcp (C5) (Handicap) (Turf),,1m,,3yo+,,"£46,711",14,Gold Tack,7,gelding,10,5,D J Hall,Jerry Chau,,False,122,25,55,,84,,Hasn't raced officially for three months and recent trial runs were uninspiring,"1-36, the win coming over 1m1f here last summer; back on a competitive mark but hasn't raced officially for three months and recent trial runs were uninspiring.",,,,True,7%,1m,2,"[{'trainer': 'A T Millard', 'trainer_id': 14044, 'change_date': '2024-01-08'}]",2018-10-28,1045204,99123,"{'runs': '29', 'wins': '1'}",1760,20,False,Standard 2080 Ltd,596550,9%,,False,10,,917916,10%,-315.17,10%,NZ,20,https://www.racingpost.com/racecards/416/sha-tin/2026-04-12/917916,4741455/gold-tack,325141,Hong Kong,31,-176.54,Flat,416,Fastnet Rock,4741455,[],NZ,1114,Turf,2026-04-12,872449,"{'runs': '15', 'wins': '0'}",1262,BR,-6.30,8,AUS,AUS,2,4741454,,False,G,Preferment,False,Wild Rock,3,23445,110,+5.70,,2,False,Good,2,"{'runs': '19', 'wins': '1'}",74,Robert Chung Wai Shu & Jeanette Chung Siu Wah
Sha Tin,06:30,Gillies Hcp (C5) (Handicap) (Turf),,1m,,3yo+,,"£46,711",14,Harrys Hero,6,gelding,11,4,P F Yiu,Harry Bentley,h,False,117,21,57,,25,,Suffered two near misses before struggling from wicked draws on last two starts,"Another with a poor strike-rate but twice went agonisingly close over 1m here and at Happy Valley before struggling twice from wicked draws; now in box 4, he's on the shortlist.",,,,True,6%,1m,3,"[{'trainer': 'Alice Haynes', 'trainer_id': 38170, 'change_date': '2023-06-29'}]",2020-03-12,23452,88632,"{'runs': '21', 'wins': '2'}",1760,19,False,W N Greig,637859,10%,,False,16,,917916,8%,-70.09,16%,GB,19,https://www.racingpost.com/racecards/416/sha-tin/2026-04-12/917916,4303361/harrys-hero,177648,Hong Kong,24,-306.25,Flat,416,Sir Percy,4303361,[],USA,1190,Turf,2026-04-12,885694,"{'runs': '26', 'wins': '0'}",1416,CH,-2.50,8,GB,GB,,831426,Refai Alghuraban (2023-06-29)||The Hidden Brace (2022-07-05),False,G,Hawkbill,False,Flora Medici,2,13936,141,-10.50,,,False,Good,3,"{'runs': '22', 'wins': '1'}",69,Chow Yuet Kam
Sha Tin,06:30,Gillies Hcp (C5) (Handicap) (Turf),,1m,,3yo+,,"£46,711",14,Casa Legend,7,gelding,12,2,C W Chang,Karis Teetan,tb,False,116,20,53,,35,,Only 2l away here a month ago over 7f after losing his position mid-race; better at 1m,Dual C&D winner and was only 2l away here a month ago over 7f after losing his position mid-race; should stand some sort of chance.,,,,True,9%,1m,1,"[{'trainer': 'C S Shum', 'trainer_id': 16058, 'change_date': '2023-12-30'}]",2018-08-31,1122142,88634,"{'runs': '25', 'wins': '1'}",1760,18,False,B J Lindsay Mnzm & Mrs J E A Lindsay,777155,6%,,False,6,,917916,0%,-258.15,6%,NZ,18,https://www.racingpost.com/racecards/416/sha-tin/2026-04-12/917916,4140700/casa-legend,314105,Hong Kong,30,-511.49,Flat,416,Sepoy,4140700,[],NZ,1718,Turf,2026-04-12,716511,"{'runs': '16', 'wins': '2'}",992,B,-30.00,8,NZ,AUS,,4140699,,False,G,Tavistock,False,Sea Venture,0,20011,57,-7.00,,,False,Good,1,"{'runs': '35', 'wins': '2'}",153,Kenneth Wu Kai Chung
Sha Tin,06:30,Gillies Hcp (C5) (Handicap) (Turf),,1m,,3yo+,,"£46,711",14,Mr Aladdin,6,gelding,13,1,P C Ng,Alexis Badel,tp,False,117,15,57,,18,,Placed a few times but a longstanding maiden and hasn't threatened for a while,Placed a few times but a longstanding maiden and hasn't threatened for a while; out of the weights.,,,,True,7%,1m,0,[],2019-11-02,1041188,85541,"{'runs': '22', 'wins': '0'}",1760,24,False,Llanhennock Trust,304229,8%,,False,0,,917916,14%,-522.24,0%,NZ,24,https://www.racingpost.com/racecards/416/sha-tin/2026-04-12/917916,5396348/mr-aladdin,336868,Hong Kong,29,-504.14,Flat,416,Gone West,5396348,[],JPN,1437,Turf,2026-04-12,849441,"{'runs': '12', 'wins': '0'}",1357,B,-2.10,8,USA,USA,,2702771,,False,G,Satono Aladdin,False,Bateleur,4,39762,111,-24.00,,,False,Good,0,"{'runs': '14', 'wins': '0'}",97,Leung Siu Yin
Sha Tin,06:30,Gillies Hcp (C5) (Handicap) (Turf),,1m,,3yo+,,"£46,711",14,The Way We Win,5,gelding,14,14,Jamie Richards,H T Mo,tb,False,115,15,56,,35,,No wins in 20 and carrying more weight than his official rating entitles him to,No wins in 20 and carrying more weight than his official rating entitles him to.,,,,True,4%,1m,1,"[{'trainer': 'C S Shum', 'trainer_id': 16058, 'change_date': '2025-02-24'}]",2020-11-28,14632,95637,"{'runs': '7', 'wins': '0'}",1760,14,False,Windsor Park Stud Ltd,304532,6%,,False,7,,917916,0%,-409.10,7%,NZ,14,https://www.racingpost.com/racecards/416/sha-tin/2026-04-12/917916,6537141/the-way-we-win,349869,Hong Kong,10,-183.23,Flat,416,Grosvenor,6537141,[],IRE,426,Turf,2026-04-12,842791,"{'runs': '7', 'wins': '0'}",801,B,-10.00,8,NZ,NZ,2,557140,,False,G,Charm Spirit,False,The Mighty Lions,0,35043,48,-1.00,,2,False,Good,1,"{'runs': '13', 'wins': '0'}",15,Coffee Group Syndicate
Sha Tin,06:30,Gillies Hcp (C5) (Handicap) (Turf),,1m,,3yo+,,"£46,711",14,Smiling Emperor,4,gelding,15,15,Jimmy Ting,,p,False,126,30,54,,14,,Reserve; won at Happy Valley last summer but hasn't been threatening to double his tally,Reserve; won at Happy Valley last summer but hasn't been threatening to double his tally.,,,,True,,1m,2,[],2021-09-17,1043350,,"{'runs': '7', 'wins': '0'}",1760,13,False,Bridsan Bloodstock,633944,6%,,True,15,,917916,,-216.14,15%,AUS,13,https://www.racingpost.com/racecards/416/sha-tin/2026-04-12/917916,6042346/smiling-emperor,242355,Hong Kong,,,Flat,416,Stratum,6042346,[],AUS,,Turf,2026-04-12,901048,"{'runs': '12', 'wins': '1'}",818,BR,,8,AUS,AUS,,890956,,False,G,Capitalist,False,Meri Rani,,35035,52,+8.00,,,False,Good,2,"{'runs': '8', 'wins': '0'}",,Fung Kok Po
Sha Tin,06:30,Gillies Hcp (C5) (Handicap) (Turf),,1m,,3yo+,,"£46,711",14,Soaring Bronco,5,gelding,16,16,Mark Newnham,James Orman,,False,133,37,55,,25,,Reserve; C&D winner and first run for this yard when dead-heating at Happy Valley,Reserve; C&D winner and first run for this yard when dead-heating at Happy Valley last month (1m); overcame a troubled run off 5lb lower so good chance if he gets in.,,,,True,7%,1m,5,"[{'trainer': 'P C Ng', 'trainer_id': 39762, 'change_date': '2026-03-17'}]",2020-09-29,1078150,94434,"{'runs': '11', 'wins': '0'}",1760,25,False,Hallmark Stud Ltd & Trevor Hurley Trust,519564,9%,,True,20,,917916,8%,-221.44,20%,NZ,25,https://www.racingpost.com/racecards/416/sha-tin/2026-04-12/917916,5692559/soaring-bronco,341280,Hong Kong,26,-67.10,Flat,416,Pins,5692559,[],AUS,355,Turf,2026-04-12,901110,"{'runs': '19', 'wins': '2'}",731,B,-16.10,8,NZ,AUS,,5692558,Simon Yung Yun Sang Tang Ka Nin Et Al (2026-01-27),False,G,Tivaci,False,Sorellina,2,32247,69,+7.70,,,False,Good,5,"{'runs': '20', 'wins': '1'}",24,Simon Yung Yun Sang Tang Ka Nin Et Al
Sha Tin,07:00,Cox's Hcp (C4) (Handicap) (Turf),,7f,,3yo+,,"£62,459",14,Eighty Light Years,7,gelding,1,10,Brett Crawford,Lyle Hewitson,,False,134,60,75,,21,,Only 2-32 but couldn't have gone closer from an inside stall here three weeks ago,Only 2-32 but couldn't have gone closer from an inside stall here three weeks ago; drawn in 10 this time and perhaps vulnerable.,,,,True,7%,7f,1,"[{'trainer': 'T P Yung', 'trainer_id': 30441, 'change_date': '2025-11-20'}, {'trainer': 'Mick Price & Michael Kent Jnr', 'trainer_id': 36026, 'change_date': '2023-04-27'}]",2018-09-11,1108836,95383,"{'runs': '21', 'wins': '2'}",1540,19,False,Aquis Farm,596550,9%,,False,5,,917917,5%,+6.50,5%,AUS,19,https://www.racingpost.com/racecards/416/sha-tin/2026-04-12/917917,3923498/eighty-light-years,337854,Hong Kong,21,-341.11,Flat,416,Fastnet Rock,3923498,[],USA,1419,Turf,2026-04-12,761072,"{'runs': '16', 'wins': '0'}",162,B,-6.00,7,AUS,AUS,,1165271,Zhao Guoming (2023-11-16)||G J Johnson (2023-04-27),False,G,Dream Ahead,False,Blue Ocean,1,26238,14,+25.00,,,False,Good,1,"{'runs': '31', 'wins': '2'}",95,Zhao Guoming & Xiao Bing
Sha Tin,07:00,Cox's Hcp (C4) (Handicap) (Turf),,7f,,3yo+,,"£62,459",14,Happy Boss,4,gelding,2,13,David Eustace,L J Ferraris,tp,False,135,60,74,,28,,Unlucky here last time but that was from stall 2 and now he's in 13,"C&D winner on his second career start in December and might well have gone in again here four weeks ago with a clearer run; however, that was from stall 2 and now he's in 13; might do well to overcome that.",,,,True,7%,7f,4,[],2021-09-05,1120418,98196,"{'runs': '3', 'wins': '1'}",1540,26,False,Australian Racehorse Breeding Pty Ltd,704777,8%,,False,15,,917917,6%,-70.24,15%,AUS,26,https://www.racingpost.com/racecards/416/sha-tin/2026-04-12/917917,8432135/happy-boss,339640,Hong Kong,17,-195.06,Flat,416,Sebring,8432135,[],IRE,1146,Turf,2026-04-12,800174,"{'runs': '4', 'wins': '1'}",439,B,-10.00,7,AUS,AUS,,1714408,,False,G,Toronado,False,Art Series,1,41761,36,+0.50,,,False,Good,4,"{'runs': '4', 'wins': '1'}",76,Happy At Work Syndicate
Sha Tin,07:00,Cox's Hcp (C4) (Handicap) (Turf),,7f,,3yo+,,"£62,459",14,Top Time,4,gelding,3,2,W Y So,James Orman,,False,133,58,73,,63,,In good form until drawn out of contention on final run; second in a recent trial,A winner over further at Happy Valley 12 months ago; had been running pretty well over 7f/1m before being drawn out of contention last time; that was two months ago but he has since finished second in a trial.,,,,True,7%,7f,1,[],2021-10-27,1120942,94434,"{'runs': '8', 'wins': '0'}",1540,20,False,D E Nakhle,459025,8%,,False,5,,917917,8%,-66.39,5%,NZ,20,https://www.racingpost.com/racecards/416/sha-tin/2026-04-12/917917,6582525/top-time,256519,Hong Kong,26,-67.10,Flat,416,OReilly,6582525,[],GB,355,Turf,2026-04-12,851134,"{'runs': '6', 'wins': '0'}",1325,B,-16.10,7,NZ,NZ,,849912,,False,G,Time Test,False,Needlly,2,28673,109,-14.50,,,False,Good,1,"{'runs': '7', 'wins': '0'}",24,Alice Ming Bo Ting
Sha Tin,07:00,Cox's Hcp (C4) (Handicap) (Turf),,7f,,3yo+,,"£62,459",14,Lightness Of Being,5,gelding,4,4,A S Cruz,Angus Chung,tp,False,130,55,67,,21,,Won in Ireland but it's been tough work in Hong Kong,Won in Ireland but it's been tough work in Hong Kong and dropping in grade did nothing last time.,"2024-06-29 | Lightness Of Being | 5147980 | La Celia Wines Irish EBF (C & G) Maiden | 871663 | Curragh | 178 | 7 | 1540 | Arnaman had his first run in Dundalk and we found the same as the previous, that top of the ground suits him best. He mightn't have been in love with the ground but Billy picked the best of it and got the job done. He showed a bit of resolution and Billy said he'd be better with a lead. Ultimately, he'll join Robert Siong's team in Hong Kong as that's what he was bought for - Ken Condon, trainer.",,,True,6%,7f,3,"[{'trainer': 'K J Condon', 'trainer_id': 15240, 'change_date': '2025-03-06'}, {'trainer': 'M G Quinn', 'trainer_id': 3447, 'change_date': '2024-06-25'}, {'trainer': 'Miss Natalia Lupini', 'trainer_id': 30945, 'change_date': '2024-03-18'}]",2021-05-02,12130,101468,"{'runs': '3', 'wins': '0'}",1540,29,False,Leslie Laverty,513047,7%,,False,10,,917917,10%,-530.84,10%,IRE,29,https://www.racingpost.com/racecards/416/sha-tin/2026-04-12/917917,5147980/lightness-of-being,210404,Hong Kong,21,-306.75,Flat,416,Giants Causeway,5147980,[],IRE,1067,Turf,2026-04-12,637069,"{'runs': '4', 'wins': '1'}",1689,BR,-5.80,7,IRE,USA,2,644157,Robert Ng (2025-03-06)||Dr J Syndicate (2024-06-25)||D W Sloan (2024-03-18),False,G,Dandy Man,False,My Causeway Dream,2,12767,126,-10.10,,2,False,Good,3,"{'runs': '5', 'wins': '0'}",63,Nikki Ng Mien Hua
Sha Tin,07:00,Cox's Hcp (C4) (Handicap) (Turf),,7f,,3yo+,,"£62,459",14,Gallant Design,3,gelding,5,9,Jamie Richards,Brenton Avdulla,tb,False,129,54,72,,21,,Positives to take from all three runs; lightly raced and his turn looks near,"Unlucky not to make winning debut over 6f here in January and again didn't get the breaks last time over 7f, when 2l off the winner after starting slowly (Eighty Light Years runner-up); could be better drawn but his turn looks near.",,,,True,7%,7f,1,[],2022-08-20,1052618,88939,"{'runs': '2', 'wins': '0'}",1540,14,False,N J R Werrett,633824,6%,,False,7,,917917,0%,-409.10,7%,AUS,14,https://www.racingpost.com/racecards/416/sha-tin/2026-04-12/917917,8725448/gallant-design,243951,Hong Kong,17,-276.43,Flat,416,Snitzel,8725448,[],AUS,927,Turf,2026-04-12,3031713,"{'runs': '1', 'wins': '0'}",801,B,-17.00,7,AUS,AUS,,1970979,,False,G,Ole Kirk,False,Pop Girl,0,35043,48,-1.00,,,False,Good,1,"{'runs': '3', 'wins': '0'}",69,Equity Syndicate
Sha Tin,07:00,Cox's Hcp (C4) (Handicap) (Turf),,7f,,3yo+,,"£62,459",14,Massive Glory,4,gelding,6,12,F C Lor,Jerry Chau,tp,False,127,52,,,,,Mixed record in a handful of trials but he did win the latest only recently,Mixed record in a handful of trials but he did win the latest only recently; drawn wide though for official Hong Kong debut and likely best watched.,,,,True,7%,7f,2,[],2022-02-06,1129993,99123,"{'runs': '0', 'wins': '0'}",1540,31,False,Castlehyde Stud & Barronstown Stud,531769,9%,,False,6,,917917,10%,-360.81,6%,IRE,31,https://www.racingpost.com/racecards/416/sha-tin/2026-04-12/917917,9092795/massive-glory,332598,Hong Kong,31,-176.54,Flat,416,Galileo,9092795,[],AUS,1114,Turf,2026-04-12,726295,"{'runs': '0', 'wins': '0'}",1650,CH,-6.30,7,IRE,IRE,2,2236317,,False,G,Starspangledbanner,False,Bright And Sunny,3,33689,156,-24.90,,2,False,Good,2,"{'runs': '0', 'wins': '0'}",74,Alan Chan Kin On
Sha Tin,07:00,Cox's Hcp (C4) (Handicap) (Turf),,7f,,3yo+,,"£62,459",14,Invictus Dragon,4,gelding,7,8,K W Lui,Zac Purton,,False,126,51,70,,14,,Ran a cracker to be second to an in-form rival from stall 12 over C&D two weeks ago,Yet to win but hasn't always had luck on his side and ran a cracker to be second to an in-form rival from stall 12 over C&D two weeks ago; Zac Purton keeps the faith.,,,,True,23%,7f,2,[],2021-09-23,1107853,82339,"{'runs': '8', 'wins': '0'}",1540,24,False,Supreme Thoroughbreds,867339,11%,,False,8,,917917,10%,-211.24,8%,AUS,24,https://www.racingpost.com/racecards/416/sha-tin/2026-04-12/917917,7566077/invictus-dragon,358425,Hong Kong,42,-293.62,Flat,416,Shooting To Win,7566077,[],IRE,1792,Turf,2026-04-12,1025027,"{'runs': '2', 'wins': '0'}",1429,B,-27.25,7,AUS,AUS,,7566076,,False,G,Blue Point,False,Madeleine,4,12762,160,+17.50,,,False,Good,2,"{'runs': '10', 'wins': '0'}",417,Louis Wong Ping Cheong
Sha Tin,07:00,Cox's Hcp (C4) (Handicap) (Turf),,7f,,3yo+,,"£62,459",14,Cheerful Wongchoy,4,gelding,8,5,P C Ng,Karis Teetan,he,False,125,50,67,,32,,Debut was okay but second run at Happy Valley not so encouraging,Belated debut when shaping okay at Happy Valley but his second run there not so encouraging; steps up to 7f from 6f.,,,,True,9%,7f,0,[],2021-10-28,1062993,88634,"{'runs': '1', 'wins': '0'}",1540,24,False,T V Rider,546212,8%,,False,0,,917917,0%,-522.24,0%,NZ,24,https://www.racingpost.com/racecards/416/sha-tin/2026-04-12/917917,8807020/cheerful-wongchoy,154890,Hong Kong,30,-511.49,Flat,416,High Chaparral,8807020,[],USA,1718,Turf,2026-04-12,681421,"{'runs': '0', 'wins': '0'}",1357,CH,-30.00,7,NZ,IRE,,8807019,,False,G,Per Incanto,False,High Lady,0,39762,111,-24.00,,,False,Good,0,"{'runs': '0', 'wins': '0'}",153,Lester C H Kwok
Sha Tin,07:00,Cox's Hcp (C4) (Handicap) (Turf),,7f,,3yo+,,"£62,459",14,Tycoon Express,3,gelding,9,11,C Fownes,Joao Moreira,t,False,125,50,65,,42,,Quite eyecatching from poor draws in 6f/7f races here; unfortunately he has another,Has run well in both visits here (6f/7f) as he was poorly drawn on both occasions; his luck in that respect hasn't improved but he's very much one to keep an eye on.,,,,True,17%,7f,4,[],2022-10-12,1120073,84921,"{'runs': '2', 'wins': '0'}",1540,29,False,Yulong Investments Yulong Stud,602045,7%,,False,14,,917917,44%,-383.89,14%,AUS,29,https://www.racingpost.com/racecards/416/sha-tin/2026-04-12/917917,8660919/tycoon-express,242381,Hong Kong,9,-106.74,Flat,416,Shamardal,8660919,[],AUS,314,Turf,2026-04-12,633815,"{'runs': '1', 'wins': '0'}",1338,CH,+9.30,7,IRE,USA,,1129529,,False,G,Written Tycoon,False,Ghadaayer,4,16095,96,-10.70,,,False,Good,4,"{'runs': '2', 'wins': '0'}",52,Brian Leung Hung Tak & Sophie Leung Lau Yau Fun
Sha Tin,07:00,Cox's Hcp (C4) (Handicap) (Turf),,7f,,3yo+,,"£62,459",14,Golden Win,3,gelding,10,1,K L Man,K C Leung,,False,123,48,67,,28,,Smidgens of promise in two of his three races over 6f at this track,Smidgens of promise in two of his three races over 6f at this track; mark has dropped only 4lb but he is raised in trip and has a handy draw; possible.,,,,True,7%,7f,1,[],2022-08-19,1095543,88536,"{'runs': '1', 'wins': '0'}",1540,21,False,Dr R McClenahan,867339,8%,,False,5,,917917,10%,-152.23,5%,AUS,21,https://www.racingpost.com/racecards/416/sha-tin/2026-04-12/917917,8725452/golden-win,367255,Hong Kong,21,-258.47,Flat,416,Shooting To Win,8725452,[],AUS,1359,Turf,2026-04-12,2948035,"{'runs': '0', 'wins': '0'}",1261,B,-10.10,7,AUS,AUS,,3011824,,False,G,Kings Legacy,False,I Like Toucans,2,12787,106,-17.10,,,False,Good,1,"{'runs': '3', 'wins': '0'}",99,Gibson Lau Wai Chi Wu Kai Char Et Al
Sha Tin,07:00,Cox's Hcp (C4) (Handicap) (Turf),,7f,,3yo+,,"£62,459",14,Sweet Briar,7,gelding,11,7,Jimmy Ting,Richard Kingscote,tb,False,122,47,73,,35,,Has dropped to a very appealing mark but seemingly for good reason; opposable right now,Has dropped to a very appealing mark but seemingly for good reason; opposable right now.,,,,True,4%,7f,2,"[{'trainer': 'K W Lui', 'trainer_id': 12762, 'change_date': '2025-11-24'}]",2018-10-17,1130328,83554,"{'runs': '17', 'wins': '1'}",1540,13,False,Blossom Trading & Breeding Company Ltd,704787,6%,,False,15,,917917,14%,-216.14,15%,NZ,13,https://www.racingpost.com/racecards/416/sha-tin/2026-04-12/917917,4982019/sweet-briar,329155,Hong Kong,21,-173.05,Flat,416,Von Costa De Hero,4982019,[],NZ,247,Turf,2026-04-12,805811,"{'runs': '6', 'wins': '0'}",818,B,+4.30,7,AUS,AUS,,2780406,,False,G,Shamexpress,False,Allawara,3,35035,52,+8.00,,,False,Good,2,"{'runs': '16', 'wins': '2'}",9,Sammy To Ping Kwan & Cheng Shenn
Sha Tin,07:00,Cox's Hcp (C4) (Handicap) (Turf),,7f,,3yo+,,"£62,459",14,Supreme Feeling,3,gelding,12,14,David A Hayes,Harry Bentley,b,False,121,46,68,,32,,Has yet to finish closer than seventh and may need further help from the handicapper,Still early doors but has yet to finish closer than seventh and may need further help from the handicapper; all runs over 6f.,,,,True,6%,7f,1,[],2022-09-08,1141075,88632,"{'runs': '2', 'wins': '0'}",1540,31,False,S Benger & T Scales,805811,8%,,False,3,,917917,8%,-650.76,3%,NZ,31,https://www.racingpost.com/racecards/416/sha-tin/2026-04-12/917917,8615747/supreme-feeling,301164,Hong Kong,24,-306.25,Flat,416,Shamexpress,8615747,[],AUS,1190,Turf,2026-04-12,820752,"{'runs': '0', 'wins': '0'}",1585,BR,-2.50,7,NZ,NZ,,2755517,,False,G,Proisir,False,Diva Express,2,3550,126,-29.95,,,False,Good,1,"{'runs': '2', 'wins': '0'}",69,Dr & Mrs Anthony W K Chow & Justin Chow
Sha Tin,07:00,Cox's Hcp (C4) (Handicap) (Turf),,7f,,3yo+,,"£62,459",14,Amazing Fun,6,gelding,13,6,C H Yip,Matthew Chadwick,t,False,119,44,73,,28,,Suffered a near miss here in January but two very disappointing runs have followed,Near miss off a reduced mark over C&D in January but two very disappointing runs have followed.,,,,True,5%,7f,2,[],2019-09-05,1096899,88434,"{'runs': '6', 'wins': '1'}",1540,28,False,JML Bloodstock Ltd,519564,6%,,False,7,,917917,0%,-160.39,7%,NZ,28,https://www.racingpost.com/racecards/416/sha-tin/2026-04-12/917917,5417242/amazing-fun,337335,Hong Kong,14,-399.24,Flat,416,Pins,5417242,[],AUS,1447,Turf,2026-04-12,901110,"{'runs': '6', 'wins': '0'}",1171,B,-14.00,7,NZ,AUS,,772179,,False,G,Tivaci,False,Queen Of Pop,0,15856,71,-7.60,,,False,Good,2,"{'runs': '14', 'wins': '1'}",79,Mr & Mrs Roger Ngan
Sha Tin,07:00,Cox's Hcp (C4) (Handicap) (Turf),,7f,,3yo+,,"£62,459",14,The Concentration,5,gelding,14,3,P F Yiu,Andrea Atzeni,b,False,117,42,69,,35,,Upgraded here but he's been bang in form in Class 5s; nearly won his last race as well,Has been plying his trade in Class 5s but he only narrowly failed to bring up the hat-trick last time; raised 2lb for that but firmly in the reckoning over his optimum trip.,,,,True,9%,7f,3,[],2020-10-16,1100825,87349,"{'runs': '21', 'wins': '4'}",1540,19,False,Robrick Lodge Thoroughbreds Pty Ltd,678385,10%,,False,16,,917917,11%,-70.09,16%,AUS,19,https://www.racingpost.com/racecards/416/sha-tin/2026-04-12/917917,5329131/the-concentration,276065,Hong Kong,35,-229.77,Flat,416,Arlington,5329131,[],AUS,1028,Turf,2026-04-12,893171,"{'runs': '14', 'wins': '3'}",1416,BR,+1.60,7,AUS,AUS,,5007922,,False,G,Hellbent,False,Ivy Blue,4,13936,141,-10.50,,,False,Good,3,"{'runs': '25', 'wins': '4'}",92,Ken Chan Chun Ning
Sha Tin,07:00,Cox's Hcp (C4) (Handicap) (Turf),,7f,,3yo+,,"£62,459",14,Z Prince,3,gelding,15,15,D J Hall,,,False,127,52,,,,,Reserve; insufficient promise in his trials to believe he'll be a player on official debut,Reserve; insufficient promise in his trials to believe he'll be a player on official debut.,,,,True,,7f,2,[],2022-10-21,1105173,,"{'runs': '0', 'wins': '0'}",1540,20,False,Miss C A Charles,509432,9%,,True,10,,917917,,-315.17,10%,AUS,20,https://www.racingpost.com/racecards/416/sha-tin/2026-04-12/917917,9092797/z-prince,370786,Hong Kong,,,Flat,416,Good Journey,9092797,[],NZ,,Turf,2026-04-12,872458,"{'runs': '0', 'wins': '0'}",1262,B,,7,AUS,USA,,9092796,,False,G,Kermadec,False,Zombie Queen,,23445,110,+5.70,,,False,Good,2,"{'runs': '0', 'wins': '0'}",,Lee Ching Woon & Candy Chan Chor Tan
Sha Tin,07:00,Cox's Hcp (C4) (Handicap) (Turf),,7f,,3yo+,,"£62,459",14,Polar Patch,3,gelding,16,16,Mark Newnham,,t,False,127,52,46,,21,,Reserve; some promise in trials and wasn't well drawn when down the field on debut,Reserve; some promise in trials and wasn't well drawn when down the field on debut here over 6f; others still preferred.,,,,True,,7f,5,[],2022-08-26,1120073,,"{'runs': '0', 'wins': '0'}",1540,25,False,Yulong Investments Yulong Stud,829900,9%,,True,20,,917917,,-221.44,20%,AUS,25,https://www.racingpost.com/racecards/416/sha-tin/2026-04-12/917917,8949267/polar-patch,272655,Hong Kong,,,Flat,416,Verrazano,8949267,[],AUS,,Turf,2026-04-12,2901126,"{'runs': '0', 'wins': '0'}",731,B,,7,AUS,USA,,8949266,,False,G,Tagaloa,False,Miss Stunning,,32247,69,+7.70,,,False,Good,5,"{'runs': '1', 'wins': '0'}",,Angela Yeung Kit Ming
Sha Tin,07:30,Hart Hcp (C4) (Handicap) (Turf),,6f,,3yo+,,"£62,459",12,Spicy Standard,4,gelding,1,11,J Size,Andrea Atzeni,,False,135,60,80,,21,,"Progressing but, as when unable to threaten last time, he's got a tough draw","Progressive in four starts here last year, winning over C&D in September; still on a fair mark but, as when unable to threaten last time, he's got a tough draw.",,,,True,9%,6f,2,[],2021-10-18,1095190,87349,"{'runs': '2', 'wins': '1'}",1320,22,False,D Tamblyn,657462,12%,,False,9,,917918,11%,-226.63,9%,AUS,22,https://www.racingpost.com/racecards/416/sha-tin/2026-04-12/917918,7020681/spicy-standard,354025,Hong Kong,35,-229.77,Flat,416,Holy Roman Emperor,7020681,[],AUS,1028,Turf,2026-04-12,1425133,"{'runs': '5', 'wins': '1'}",1845,BR,+1.60,6,AUS,IRE,,4235390,,False,G,Pierata,False,Queen Caesar,4,12739,219,-11.40,,,False,Good,2,"{'runs': '5', 'wins': '1'}",92,Ng Chong Muk
Sha Tin,07:30,Hart Hcp (C4) (Handicap) (Turf),,6f,,3yo+,,"£62,459",12,Victor The Rapid,6,gelding,2,10,P C Ng,Jerry Chau,tb,False,135,60,76,,18,,Below par last time at Happy Valley but had been running well there; needs considering,Both Hong Kong wins have been at Happy Valley and he'd been running well there at 6f until proving a bit disappointing the last time when well drawn; still needs considering.,,,,True,7%,6f,0,"[{'trainer': 'Douglas Whyte', 'trainer_id': 36353, 'change_date': '2025-06-09'}, {'trainer': 'Phil McEntee', 'trainer_id': 12904, 'change_date': '2024-06-03'}, {'trainer': 'Alice Haynes', 'trainer_id': 38170, 'change_date': '2023-12-16'}, {'trainer': 'Ian Williams', 'trainer_id': 12465, 'change_date': '2022-09-14'}]",2020-04-02,1123706,99123,"{'runs': '10', 'wins': '0'}",1320,24,False,Kellsgragne Stud Ltd,522845,8%,,False,0,,917918,10%,-522.24,0%,IRE,24,https://www.racingpost.com/racecards/416/sha-tin/2026-04-12/917918,4520669/victor-the-rapid,258757,Hong Kong,31,-176.54,Flat,416,Nayef,4520669,[],IRE,1114,Turf,2026-04-12,852614,"{'runs': '20', 'wins': '2'}",1357,B,-6.30,6,GB,USA,2,793112,Orbital Racing Group & Partner (2024-06-03)||Orbital Racing Group (2023-12-19)||Regans Group (2023-12-16)||Ian Williams (2022-09-14),False,G,Estidhkaar,False,Nimbus Star,3,39762,111,-24.00,,2,False,Good,0,"{'runs': '5', 'wins': '0'}",74,Chu Yun Lau
Sha Tin,07:30,Hart Hcp (C4) (Handicap) (Turf),,6f,,3yo+,,"£62,459",12,Conrad Patch,3,gelding,3,4,W K Mo,Hugh Bowman,t,False,134,59,67,,21,,Lightly raced C&D winner and stamina looked an issue over 7f three weeks ago,Only his third run when a narrow winner over C&D in March; has a 6lb higher mark to deal with but drops back in trip after stamina looked an issue over 7f three weeks ago.,,,,True,12%,6f,0,[],2022-08-20,1048417,79529,"{'runs': '2', 'wins': '1'}",1320,23,False,Widden Stud Australia Pty Ltd,596550,7%,,False,0,,917918,10%,-161.35,0%,AUS,23,https://www.racingpost.com/racecards/416/sha-tin/2026-04-12/917918,8693201/conrad-patch,293719,Hong Kong,31,-255.60,Flat,416,Fastnet Rock,8693201,[],AUS,1186,Turf,2026-04-12,1824074,"{'runs': '3', 'wins': '1'}",673,B,+20.60,6,AUS,AUS,,5089361,,False,G,Zousain,False,Pretty Fancy,3,40731,45,-23.00,,,False,Good,0,"{'runs': '4', 'wins': '1'}",137,Katherine Yeung Kit Yi
Sha Tin,07:30,Hart Hcp (C4) (Handicap) (Turf),,6f,,3yo+,,"£62,459",12,Call Me Sparkle,3,gelding,4,5,K W Lui,M L Yeung,ht,False,133,58,65,,28,,Overcame trouble to win here four weeks ago; up 6lb; recent trial defeat excused,"Got no cover when third in a messy recent trial and he did overcome traffic issues to make a successful official debut over C&D before that, narrowly repelling Supreme Voyager; up 6lb but fully entitled to improve.",,,,True,4%,6f,2,[],2022-10-05,13185,88300,"{'runs': '0', 'wins': '0'}",1320,24,False,J D Corcoran,705659,11%,,False,8,,917918,0%,-211.24,8%,NZ,24,https://www.racingpost.com/racecards/416/sha-tin/2026-04-12/917918,8758108/call-me-sparkle,326903,Hong Kong,23,-142.68,Flat,416,Swiss Ace,8758108,[],AUS,987,Turf,2026-04-12,1071306,"{'runs': '1', 'wins': '1'}",1429,BR,-23.00,6,NZ,AUS,,904649,,False,G,Derryn,False,Secret Spirit,0,12762,160,+17.50,,,False,Good,2,"{'runs': '1', 'wins': '1'}",44,Philip Liu Chun Hang
Sha Tin,07:30,Hart Hcp (C4) (Handicap) (Turf),,6f,,3yo+,,"£62,459",12,Flashing Fighter,4,gelding,5,2,P F Yiu,Nichola Yuen,,False,127,52,,,,,Has delivered form figures of 5228 in this year's trials; one to watch on official debut,Has delivered form figures of 5228 in this year's trials; one to watch on official debut.,,,,True,17%,6f,3,[],2021-11-20,1082616,102829,"{'runs': '0', 'wins': '0'}",1320,19,False,Gillovic Bloodstock Ltd,632831,10%,,False,16,,917918,17%,-70.09,16%,AUS,19,https://www.racingpost.com/racecards/416/sha-tin/2026-04-12/917918,9092799/flashing-fighter,370787,Hong Kong,12,-4.60,Flat,416,Darci Brahma,9092799,[],AUS,12,Turf,2026-04-12,633815,"{'runs': '0', 'wins': '0'}",1416,B,-4.60,6,NZ,NZ,10,9092798,,False,G,Written Tycoon,False,Princess Belle,2,13936,141,-10.50,,10,False,Good,3,"{'runs': '0', 'wins': '0'}",2,25/26 Ricky Yiu Trainer Syndicate
Sha Tin,07:30,Hart Hcp (C4) (Handicap) (Turf),,6f,,3yo+,,"£62,459",12,Jubilant Star,4,gelding,6,12,D J Hall,Zac Purton,,False,127,52,72,,119,,Has ability; Purton takes over but he'll need to be at his brilliant best from stall 12,"His last official run in December was a backward step and he hasn't been pulling up any trees in his subsequent trials, but those first three efforts over C&D were full of promise; Purton takes over but he'll need to be at his brilliant best from stall 12.",,,,True,23%,6f,2,[],2021-09-25,4779,82339,"{'runs': '3', 'wins': '0'}",1320,20,False,G Harvey,518730,9%,,False,10,,917918,10%,-315.17,10%,AUS,20,https://www.racingpost.com/racecards/416/sha-tin/2026-04-12/917918,8245426/jubilant-star,363155,Hong Kong,42,-293.62,Flat,416,More Than Ready,8245426,[],AUS,1792,Turf,2026-04-12,805807,"{'runs': '4', 'wins': '0'}",1262,B,-27.25,6,AUS,USA,,898426,,False,G,All Too Hard,False,Palo Duro,4,23445,110,+5.70,,,False,Good,2,"{'runs': '4', 'wins': '0'}",417,Janice Cheng Po Hei Jamie Cheng Po Kwan Et Al
Sha Tin,07:30,Hart Hcp (C4) (Handicap) (Turf),,6f,,3yo+,,"£62,459",12,Smiling Champion,3,gelding,7,3,Douglas Whyte,James Orman,p,False,127,52,49,,63,,Big price when down the field on February's debut here and modest form in trials,Big price when down the field on February's debut here and modest form in trials.,,,,True,7%,6f,2,[],2022-08-20,1052930,94434,"{'runs': '0', 'wins': '0'}",1320,23,False,Mauritzfontein Stud,602045,5%,,False,9,,917918,8%,-659.50,9%,SAF,23,https://www.racingpost.com/racecards/416/sha-tin/2026-04-12/917918,8788741/smiling-champion,367813,Hong Kong,26,-67.10,Flat,416,Shamardal,8788741,[],SAF,355,Turf,2026-04-12,838447,"{'runs': '1', 'wins': '0'}",1198,B,-16.10,6,IRE,USA,,3091785,,False,G,Vercingetorix,False,Shauntrel,2,36353,60,-11.40,,,False,Good,2,"{'runs': '1', 'wins': '0'}",24,Ho Tze Man Martin Lee Ka Shing & Joseph Tse Lap Bun
Sha Tin,07:30,Hart Hcp (C4) (Handicap) (Turf),,6f,,3yo+,,"£62,459",12,Supreme Voyager,4,gelding,8,9,C H Yip,Brenton Avdulla,t,False,126,51,68,,28,,"Big run from stall 12 here last time, going down narrowly to Call Me Sparkle","Raised his profile with a big run from stall 12 here last time, going down narrowly to Call Me Sparkle; still lightly raced, he's of strong interest despite another tricky draw.",,,,True,7%,6f,2,[],2021-11-09,1106970,88939,"{'runs': '3', 'wins': '0'}",1320,28,False,Marquee Stud Pty Ltd,500343,6%,,False,7,,917918,0%,-160.39,7%,AUS,28,https://www.racingpost.com/racecards/416/sha-tin/2026-04-12/917918,8632758/supreme-voyager,366309,Hong Kong,17,-276.43,Flat,416,Stravinsky,8632758,[],AUS,927,Turf,2026-04-12,805807,"{'runs': '3', 'wins': '0'}",1171,B,-17.00,6,USA,USA,,694851,,False,G,All Too Hard,False,Link To My Heart,0,15856,71,-7.60,,,False,Good,2,"{'runs': '4', 'wins': '0'}",69,24/25 Dennis C H Yip Trainer Syndicate (2)
Sha Tin,07:30,Hart Hcp (C4) (Handicap) (Turf),,6f,,3yo+,,"£62,459",12,Chater Flash,4,gelding,9,6,David A Hayes,L J Ferraris,p,False,124,49,68,,28,,Encouraging fourth run when staying on from off the pace for fifth here four weeks ago,Encouraging fourth run when staying on from off the pace for fifth here four weeks ago (6f); can improve some more.,,,,True,7%,6f,1,[],2021-10-30,1065180,98196,"{'runs': '3', 'wins': '0'}",1320,31,False,Anderson Thoroughbreds,460016,8%,,False,3,,917918,6%,-650.76,3%,AUS,31,https://www.racingpost.com/racecards/416/sha-tin/2026-04-12/917918,8463771/chater-flash,184072,Hong Kong,17,-195.06,Flat,416,Zabeel,8463771,[],AUS,1146,Turf,2026-04-12,1536497,"{'runs': '2', 'wins': '0'}",1585,B,-10.00,6,AUS,NZ,,884526,,False,G,DArgento,False,Profits Rock,1,3550,126,-29.95,,,False,Good,1,"{'runs': '4', 'wins': '0'}",76,Hong Kong Cricket Club Syndicate
Sha Tin,07:30,Hart Hcp (C4) (Handicap) (Turf),,6f,,3yo+,,"£62,459",12,Gorgeous Victory,3,gelding,10,8,C S Shum,Angus Chung,t,False,123,48,65,,21,,Drops back to 6f having been confined to 7f thus far; probably on a tough mark for now,Drops back to 6f having been confined to 7f thus far; probably on a tough mark for now.,,,,True,6%,6f,1,[],2022-09-06,1120073,101468,"{'runs': '2', 'wins': '0'}",1320,18,False,Yulong Investments Yulong Stud,804723,8%,,False,6,,917918,10%,-357.18,6%,AUS,18,https://www.racingpost.com/racecards/416/sha-tin/2026-04-12/917918,8594132/gorgeous-victory,284490,Hong Kong,21,-306.75,Flat,416,Pierro,8594132,[],IRE,1067,Turf,2026-04-12,3096925,"{'runs': '0', 'wins': '0'}",1225,B,-5.80,6,AUS,AUS,2,3091886,,False,G,Lucky Vega,False,Soul Purpose,2,16058,100,-8.00,,2,False,Good,1,"{'runs': '3', 'wins': '0'}",63,Yip Kong Wah
Sha Tin,07:30,Hart Hcp (C4) (Handicap) (Turf),,6f,,3yo+,,"£62,459",12,Full Of Laughter,4,gelding,11,7,C W Chang,Richard Kingscote,t,False,121,46,68,,25,,Promising debut when sixth over 5f here in December but hasn't kicked on from there at all,Made quite a promising debut when sixth over 5f here in December but hasn't kicked on from there at all (over 6f).,,,,True,4%,6f,1,[],2021-10-31,1083456,83554,"{'runs': '3', 'wins': '0'}",1320,18,False,Miss H & Miss K E Sanders,601360,6%,,False,6,,917918,14%,-258.15,6%,NZ,18,https://www.racingpost.com/racecards/416/sha-tin/2026-04-12/917918,8565874/full-of-laughter,286677,Hong Kong,21,-173.05,Flat,416,Falkirk,8565874,[],USA,247,Turf,2026-04-12,1018526,"{'runs': '3', 'wins': '0'}",992,B,+4.30,6,NZ,NZ,,5616443,,False,G,War Decree,False,Sweet Revenge,3,20011,57,-7.00,,,False,Good,1,"{'runs': '2', 'wins': '0'}",9,Winful Racing Syndicate
Sha Tin,07:30,Hart Hcp (C4) (Handicap) (Turf),,6f,,3yo+,,"£62,459",12,Ruby Sailing,5,gelding,12,1,K L Man,Britney Wong,t,False,116,41,74,,28,,C&D winner but struggles with his consistency and others are more progressive anyway,Won twice over C&D last year but struggles with his consistency and others are more progressive anyway.,,,,True,9%,6f,1,[],2020-09-14,1052328,103216,"{'runs': '15', 'wins': '0'}",1320,21,False,T Corstens,455714,8%,,False,5,,917918,8%,-152.23,5%,AUS,21,https://www.racingpost.com/racecards/416/sha-tin/2026-04-12/917918,5132185/ruby-sailing,361717,Hong Kong,13,+1.40,Flat,416,Octagonal,5132185,[],AUS,274,Turf,2026-04-12,726295,"{'runs': '14', 'wins': '2'}",1261,CH,-3.00,6,AUS,NZ,7,743060,Michael Chan Se Ping & Law Lai Wan (2025-09-03),False,G,Starspangledbanner,False,Mutate,1,12787,106,-17.10,,7,False,Good,1,"{'runs': '23', 'wins': '2'}",25,Mr & Mrs Michael Chan Se Ping
Sha Tin,07:30,Hart Hcp (C4) (Handicap) (Turf),,6f,,3yo+,,"£62,459",12,Lucky Twenty,4,gelding,13,13,Jimmy Ting,,,False,130,55,74,,14,,Reserve; shock debut winner at Happy Valley but hasn't progressed at all,Reserve; easily his best run was the first when a shock winner over 5f at Happy Valley; hasn't progressed at all.,,,,True,,6f,2,[],2021-10-05,1094792,,"{'runs': '2', 'wins': '0'}",1320,13,False,Rushton Park,95466,6%,,True,15,,917918,,-216.14,15%,AUS,13,https://www.racingpost.com/racecards/416/sha-tin/2026-04-12/917918,7806342/lucky-twenty,360012,Hong Kong,,,Flat,416,Pentire,7806342,[],AUS,,Turf,2026-04-12,884845,"{'runs': '1', 'wins': '0'}",818,B,,6,NZ,GB,,1797678,,False,G,Sooboog,False,Rhythm Beat,,35035,52,+8.00,,,False,Good,2,"{'runs': '2', 'wins': '0'}",,24/25 Jimmy K H Ting Trainer Syndicate
Sha Tin,07:30,Hart Hcp (C4) (Handicap) (Turf),,6f,,3yo+,,"£62,459",12,Brilliant Winner,3,gelding,14,14,F C Lor,,ht,False,127,52,41,,28,,Reserve; tenth behind Call Me Sparkle here last month and since finished last in a trial,Reserve; tenth behind Call Me Sparkle here last month and has since finished last in a trial.,,,,True,,6f,2,[],2022-10-20,1137208,,"{'runs': '0', 'wins': '0'}",1320,31,False,Mrs H G Bax W G Bax & S G Brewis-Weston,801155,9%,,True,6,,917918,,-360.81,6%,NZ,31,https://www.racingpost.com/racecards/416/sha-tin/2026-04-12/917918,8949264/brilliant-winner,369266,Hong Kong,,,Flat,416,Ocean Park,8949264,[],FR,,Turf,2026-04-12,1956452,"{'runs': '1', 'wins': '0'}",1650,B,,6,NZ,NZ,,6793613,,False,G,Hello Youmzain,False,Mianina,,33689,156,-24.90,,,False,Good,2,"{'runs': '1', 'wins': '0'}",,Chow Kay Yui Kong Kin Kuen & Lau Wai Shing
Sha Tin,08:00,Hart Hcp (C4) (Handicap) (Turf),,6f,,3yo+,,"£62,459",12,Baby Sakura,3,gelding,1,3,K W Lui,C Y Ho,t,False,135,60,72,,21,,"Progressive in trials and it's been a good start on the track, finishing first then third","Progressive in trials and it's been a good start on the track, defying stall 11 to beat Elite Golf (who was in 14) and then holding his own off this 8lb higher mark three weeks ago, finishing third despite breaking slowly; he was odds-on that day and looks upwardly mobile.",,,,True,9%,6f,2,[],2022-08-30,1107853,90687,"{'runs': '1', 'wins': '1'}",1320,24,False,Supreme Thoroughbreds,558804,11%,,False,8,,917919,5%,-211.24,8%,AUS,24,https://www.racingpost.com/racecards/416/sha-tin/2026-04-12/917919,8839184/baby-sakura,368148,Hong Kong,22,-333.74,Flat,416,Bel Esprit,8839184,[],AUS,1218,Turf,2026-04-12,2901126,"{'runs': '2', 'wins': '1'}",1429,B,+12.00,6,AUS,AUS,,4881036,,False,G,Tagaloa,False,True Priority,1,12762,160,+17.50,,,False,Good,2,"{'runs': '2', 'wins': '1'}",112,Chan Tak Wa & Ip Wai Yuen
Sha Tin,08:00,Hart Hcp (C4) (Handicap) (Turf),,6f,,3yo+,,"£62,459",12,Elite Golf,3,gelding,2,5,W Y So,Harry Bentley,h,False,135,60,71,,52,,It's been a promising start and he still looked inexperienced when second last time,Beat a subsequent winner when off the mark over C&D in January and still looked inexperienced when second to Baby Sakura from a wide stall next time; has a kinder berth here and clearly remains on a competitive mark; second in a recent trial.,,,,True,6%,6f,1,[],2022-08-26,1054279,88632,"{'runs': '2', 'wins': '0'}",1320,20,False,Harvey,633824,8%,,False,5,,917919,8%,-66.39,5%,AUS,20,https://www.racingpost.com/racecards/416/sha-tin/2026-04-12/917919,8401570/elite-golf,242336,Hong Kong,24,-306.25,Flat,416,Snitzel,8401570,[],USA,1190,Turf,2026-04-12,866958,"{'runs': '3', 'wins': '1'}",1325,GR,-2.50,6,AUS,AUS,,3094906,,False,G,Frosted,False,Split Not A Shock,2,28673,109,-14.50,,,False,Good,1,"{'runs': '3', 'wins': '1'}",69,Wong Chun Tat
Sha Tin,08:00,Hart Hcp (C4) (Handicap) (Turf),,6f,,3yo+,,"£62,459",12,Island Buddy,5,gelding,3,12,Brett Crawford,Karis Teetan,,False,133,58,68,,21,,New trainer removed headgear; turned a corner with four excellent runs on the bounce,"New trainer removed headgear and he's turned a corner with four excellent runs on the bounce, all over C&D; 2lb higher than for his last two defeats but was close up and looks sure to go well again if stall 12 isn't a killer.",,,,True,9%,6f,1,"[{'trainer': 'W K Mo', 'trainer_id': 40731, 'change_date': '2026-01-24'}]",2020-10-12,27959,88634,"{'runs': '8', 'wins': '1'}",1320,19,False,Glenlogan Park Pty Ltd,726299,9%,,False,5,,917919,0%,+6.50,5%,AUS,19,https://www.racingpost.com/racecards/416/sha-tin/2026-04-12/917919,5800858/island-buddy,300520,Hong Kong,30,-511.49,Flat,416,Real Saga,5800858,[],JPN,1718,Turf,2026-04-12,915044,"{'runs': '14', 'wins': '2'}",162,BB,-30.00,6,AUS,AUS,,3095402,,False,G,Brave Smash,False,Treatmelikealady,0,26238,14,+25.00,,,False,Good,1,"{'runs': '10', 'wins': '2'}",153,Ng Kun Man
Sha Tin,08:00,Hart Hcp (C4) (Handicap) (Turf),,6f,,3yo+,,"£62,459",12,Lo Pan Spirit,5,gelding,4,8,Jimmy Ting,L J Ferraris,tb,False,133,58,72,,28,,100-1 when again well beaten here last month and doesn't have a lot going for him,100-1 when again well beaten here last month and doesn't have a lot going for him.,,,,True,7%,6f,2,[],2020-10-28,1130815,98196,"{'runs': '11', 'wins': '2'}",1320,13,False,Azzurro Breeding Ltd,455703,6%,,False,15,,917919,6%,-216.14,15%,NZ,13,https://www.racingpost.com/racecards/416/sha-tin/2026-04-12/917919,5829416/lo-pan-spirit,343243,Hong Kong,17,-195.06,Flat,416,Encosta De Lago,5829416,[],IRE,1146,Turf,2026-04-12,842791,"{'runs': '15', 'wins': '3'}",818,B,-10.00,6,AUS,AUS,,770200,,False,G,Charm Spirit,False,Potions,1,35035,52,+8.00,,,False,Good,2,"{'runs': '20', 'wins': '3'}",76,Opulence Syndicate
Sha Tin,08:00,Hart Hcp (C4) (Handicap) (Turf),,6f,,3yo+,,"£62,459",12,Flying Sniper,3,gelding,5,6,D J Hall,Zac Purton,,False,127,52,64,,28,,Beaten fav here on debut but Purton keeps the ride and no doubt capable of better,"Promise in trials without winning, including one after his C&D debut here four weeks ago in which he went off favourite but weakened at the finish; Purton keeps the ride and no doubt capable of better.",,,,True,23%,6f,2,[],2022-09-23,1141865,82339,"{'runs': '0', 'wins': '0'}",1320,20,False,Evans Breeding Ltd,559670,9%,,False,10,,917919,10%,-315.17,10%,NZ,20,https://www.racingpost.com/racecards/416/sha-tin/2026-04-12/917919,8917835/flying-sniper,248975,Hong Kong,42,-293.62,Flat,416,Don Eduardo,8917835,[],IRE,1792,Turf,2026-04-12,859649,"{'runs': '1', 'wins': '0'}",1262,B,-27.25,6,NZ,NZ,,5837033,,False,G,Belardo,False,Nailed It,4,23445,110,+5.70,,,False,Good,2,"{'runs': '1', 'wins': '0'}",417,Raymond Tsang Heung Tak & Kenneth Tsang Heung Kan
Sha Tin,08:00,Hart Hcp (C4) (Handicap) (Turf),,6f,,3yo+,,"£62,459",12,Heroic Vanguard,3,gelding,6,7,C H Yip,Alexis Badel,t,False,127,52,65,,35,,Encouraging C&D in which he was beaten under 3l despite finding a bit of bother in running,Placed in a trial before an encouraging C&D debut in which he was beaten under 3l despite finding a bit of bother in running.,,,,True,7%,6f,2,"[{'trainer': 'Amy & Ash Yargi', 'trainer_id': 35851, 'change_date': '2026-03-07'}]",2022-11-18,1048417,85541,"{'runs': '1', 'wins': '0'}",1320,28,False,Widden Stud Australia Pty Ltd,455703,6%,,False,7,,917919,14%,-160.39,7%,AUS,28,https://www.racingpost.com/racecards/416/sha-tin/2026-04-12/917919,7303530/heroic-vanguard,368956,Hong Kong,29,-504.14,Flat,416,Encosta De Lago,7303530,[],AUS,1437,Turf,2026-04-12,3088277,"{'runs': '1', 'wins': '0'}",1171,CH,-2.10,6,AUS,AUS,,780626,Yargi Racing Syndicate (2026-03-07),False,G,Doubtland,False,Queens Fashion,4,15856,71,-7.60,,,False,Good,2,"{'runs': '1', 'wins': '0'}",97,Wang Jiguo
Sha Tin,08:00,Hart Hcp (C4) (Handicap) (Turf),,6f,,3yo+,,"£62,459",12,Lucky Bid,3,colt,7,4,Jamie Richards,Brenton Avdulla,t,False,127,52,,,,,Hasn't won any of his recent trials but got himself competitive and should have a future,Hasn't won any of his recent trials but got himself competitive and should have a future ahead of him.,,,,True,7%,6f,1,[],2022-09-01,1132780,88939,"{'runs': '0', 'wins': '0'}",1320,14,False,P Fairgray,559670,6%,,False,7,,917919,0%,-409.10,7%,AUS,14,https://www.racingpost.com/racecards/416/sha-tin/2026-04-12/917919,9092800/lucky-bid,370789,Hong Kong,17,-276.43,Flat,416,Don Eduardo,9092800,[],IRE,927,Turf,2026-04-12,3096925,"{'runs': '0', 'wins': '0'}",801,B,-17.00,6,AUS,NZ,,781980,,False,C,Lucky Vega,False,Older Than Time,0,35043,48,-1.00,,,False,Good,1,"{'runs': '0', 'wins': '0'}",69,Adrian Kwan Chi Keung & Hui Wing Ka
Sha Tin,08:00,Hart Hcp (C4) (Handicap) (Turf),,6f,,3yo+,,"£62,459",12,Super Rubick Kid,3,gelding,8,2,Y S Tsui,James Orman,,False,127,52,50,,77,,Quiet on debut here in January (6f) and unable to win a trial before or since that race,Quiet on debut here in January (6f) and unable to win a trial before or since that race.,,,,True,7%,6f,0,[],2022-10-11,1079876,94434,"{'runs': '1', 'wins': '0'}",1320,17,False,A Sangster,692355,4%,,False,0,,917919,8%,-268.95,0%,AUS,17,https://www.racingpost.com/racecards/416/sha-tin/2026-04-12/917919,8725449/super-rubick-kid,242347,Hong Kong,26,-67.10,Flat,416,Equiano,8725449,[],AUS,355,Turf,2026-04-12,854186,"{'runs': '1', 'wins': '0'}",819,CH,-16.10,6,AUS,FR,,1255555,,False,G,Rubick,False,Bella Ava,2,17998,32,-17.00,,,False,Good,0,"{'runs': '1', 'wins': '0'}",24,Mr & Mrs Chan Hou Bo
Sha Tin,08:00,Hart Hcp (C4) (Handicap) (Turf),,6f,,3yo+,,"£62,459",12,Top Throne,4,gelding,9,11,David A Hayes,Lyle Hewitson,tp,False,126,51,66,,21,,Baby Sakura was unlucky when this 4yo was hot on that one's heels here 21 days ago,C&D winner last year; not in the same form current season and Baby Sakura was unlucky when this 4yo was hot on that one's heels here 21 days ago.,,,,True,7%,6f,1,[],2021-09-02,1131818,95383,"{'runs': '6', 'wins': '1'}",1320,31,False,Valachi Downs Stud Ltd,657574,8%,,False,3,,917919,5%,-650.76,3%,NZ,31,https://www.racingpost.com/racecards/416/sha-tin/2026-04-12/917919,7242699/top-throne,355740,Hong Kong,21,-341.11,Flat,416,Bernardini,7242699,[],IRE,1419,Turf,2026-04-12,1956469,"{'runs': '7', 'wins': '1'}",1585,B,-6.00,6,AUS,USA,,857600,,False,G,Ten Sovereigns,False,Twice Smitten,1,3550,126,-29.95,,,False,Good,1,"{'runs': '7', 'wins': '1'}",95,Lai Ka Fung
Sha Tin,08:00,Hart Hcp (C4) (Handicap) (Turf),,6f,,3yo+,,"£62,459",12,Leading Dragon,3,gelding,10,1,P C Ng,Nichola Yuen,t,False,124,49,66,,49,,Showed early speed and significant promise on all three 5f starts; steps up to 6f,"Showed early speed and significant promise on all three 5f starts and has continued his good work in subsequent trials, finishing second then first; steps up to 6f with Nichola Yuen's useful claim enlisted.",,,,True,17%,6f,0,[],2022-09-18,1055204,102829,"{'runs': '3', 'wins': '0'}",1320,24,False,Bowness Stud,588470,8%,,False,0,,917919,17%,-522.24,0%,AUS,24,https://www.racingpost.com/racecards/416/sha-tin/2026-04-12/917919,8725442/leading-dragon,354712,Hong Kong,12,-4.60,Flat,416,Artie Schiller,8725442,[],AUS,12,Turf,2026-04-12,1536497,"{'runs': '0', 'wins': '0'}",1357,GR,-4.60,6,AUS,USA,10,3349736,,False,G,DArgento,False,Shes A Storm,2,39762,111,-24.00,,10,False,Good,0,"{'runs': '3', 'wins': '0'}",2,Ma Pak Hung
Sha Tin,08:00,Hart Hcp (C4) (Handicap) (Turf),,6f,,3yo+,,"£62,459",12,Kingdom Of Riches,5,gelding,11,9,C S Shum,M L Yeung,t,False,122,47,66,,28,,Won in Britain but struggles continue in Hong Kong; doesn't look a winner about to happen,Won in Britain but struggles continue in Hong Kong and he doesn't look a winner waiting to happen.,"2023-08-13 | Kingdom Of Riches | 5176442 | Irish Stallion Farms EBF Novice Stakes (GBB/IRE Incentive Race) (Div II) | 847402 | Leicester | 30 | 7 | 1540 | We thought Kingdom Of Riches would do something like that based on his debut run at Ascot. The maiden he ran in there is normally a very strong race and I expect that'll prove to be the case again this year. We'll definitely give him a chance to run in a higher grade this autumn - Ralph Beckett, trainer.",,,True,4%,6f,1,"[{'trainer': 'Ralph Beckett', 'trainer_id': 13917, 'change_date': '2025-06-29'}]",2021-02-13,340,88300,"{'runs': '5', 'wins': '0'}",1320,18,False,Rathbarry Stud,670119,8%,,False,6,,917919,0%,-357.18,6%,IRE,18,https://www.racingpost.com/racecards/416/sha-tin/2026-04-12/917919,5176442/kingdom-of-riches,326903,Hong Kong,23,-142.68,Flat,416,New Approach,5176442,[],GB,987,Turf,2026-04-12,541314,"{'runs': '5', 'wins': '0'}",1225,B,-23.00,6,IRE,IRE,,2991597,,False,G,Acclamation,False,Piacere,0,16058,100,-8.00,,,False,Good,1,"{'runs': '7', 'wins': '0'}",44,Philip Liu Chun Hang
Sha Tin,08:00,Hart Hcp (C4) (Handicap) (Turf),,6f,,3yo+,,"£62,459",12,Aquaman,4,gelding,12,10,C W Chang,Matthew Chadwick,tp,False,118,43,69,,42,,The third over 7f here in February is very much his standout piece of form,The third over 7f here in February is very much his standout piece of form; could be vulnerable back at 6f.,,,,True,5%,6f,1,[],2021-09-06,4779,88434,"{'runs': '4', 'wins': '0'}",1320,18,False,G Harvey,518730,6%,,False,6,,917919,0%,-258.15,6%,AUS,18,https://www.racingpost.com/racecards/416/sha-tin/2026-04-12/917919,8463770/aquaman,365125,Hong Kong,14,-399.24,Flat,416,More Than Ready,8463770,[],AUS,1447,Turf,2026-04-12,731950,"{'runs': '2', 'wins': '0'}",992,BB,-14.00,6,AUS,USA,,917794,,False,G,I Am Invincible,False,Bit Of Cheek,0,20011,57,-7.00,,,False,Good,1,"{'runs': '6', 'wins': '0'}",79,Steve Chan Chi Fung & Terry Ng Ting Chi
Sha Tin,08:00,Hart Hcp (C4) (Handicap) (Turf),,6f,,3yo+,,"£62,459",12,Papaya Brose,3,gelding,13,13,C Fownes,Joao Moreira,t,False,134,60,72,,28,,Reserve; C&D debut winner who very nearly defied this 8lb higher mark next time over 7f,Reserve; major player if getting a run as he won over C&D on debut and on another day might well have defied this 8lb higher mark when sent over 7f four weeks ago; seems versatile trip-wise.,,,,True,17%,6f,4,[],2022-09-18,5398,84921,"{'runs': '1', 'wins': '1'}",1320,29,False,R J Price,632831,7%,,True,14,,917919,44%,-383.89,14%,AUS,29,https://www.racingpost.com/racecards/416/sha-tin/2026-04-12/917919,8839183/papaya-brose,257532,Hong Kong,9,-106.74,Flat,416,Darci Brahma,8839183,[],AUS,314,Turf,2026-04-12,1824074,"{'runs': '1', 'wins': '1'}",1338,B,+9.30,6,AUS,NZ,,1201107,,False,G,Zousain,False,Leami Astray,4,16095,96,-10.70,,,False,Good,4,"{'runs': '2', 'wins': '1'}",52,Peter Young Wai Po
Sha Tin,08:00,Hart Hcp (C4) (Handicap) (Turf),,6f,,3yo+,,"£62,459",12,Diamond Sparkle,3,gelding,14,14,Mark Newnham,,,False,127,52,60,,25,,Reserve; only eighth of 12 at Happy Valley (6f) but that run wasn't devoid of promise,Reserve; only eighth of 12 at Happy Valley (6f) but that run wasn't devoid of promise.,,,,True,,6f,5,[],2022-08-17,1134362,,"{'runs': '0', 'wins': '0'}",1320,25,False,Ridgmont Farm,777155,9%,,True,20,,917919,,-221.44,20%,AUS,25,https://www.racingpost.com/racecards/416/sha-tin/2026-04-12/917919,8968431/diamond-sparkle,369426,Hong Kong,,,Flat,416,Sepoy,8968431,[],NZ,,Turf,2026-04-12,742548,"{'runs': '1', 'wins': '0'}",731,B,,6,AUS,AUS,,1761385,,False,G,So You Think,False,See Me Rock,,32247,69,+7.70,,,False,Good,5,"{'runs': '0', 'wins': '0'}",,Lau So Wah & Donna Ng Siu Ying
Sha Tin,08:35,The Kowloon Cricket Club Centenary Cup (C4) (Handicap) (Turf),,7f,,3yo+,,"£62,459",14,Flying Fortune,4,gelding,1,2,W K Mo,K C Leung,ht,False,135,60,64,,52,,Well down the field when a big-priced outsider for first three Hong Kong races,Well down the field when a big-priced outsider for first three Hong Kong races (all 6f); dropped in grade and upped in trip today.,,,,True,7%,7f,0,[],2021-11-04,1112344,88536,"{'runs': '3', 'wins': '0'}",1540,23,False,Jamieson Park Ltd,664795,7%,,False,0,,917920,10%,-161.35,0%,NZ,23,https://www.racingpost.com/racecards/416/sha-tin/2026-04-12/917920,8632753/flying-fortune,366307,Hong Kong,21,-258.47,Flat,416,Magnus,8632753,[],AUS,1359,Turf,2026-04-12,869262,"{'runs': '0', 'wins': '0'}",673,BR,-10.10,7,AUS,AUS,,984933,,False,G,Sweynesse,False,Perfect Beat,2,40731,45,-23.00,,,False,Good,0,"{'runs': '3', 'wins': '0'}",99,Michael Yuen & Ellen Chan
Sha Tin,08:35,The Kowloon Cricket Club Centenary Cup (C4) (Handicap) (Turf),,7f,,3yo+,,"£62,459",14,Run Run Smart,4,gelding,2,1,F C Lor,Nichola Yuen,t,False,135,60,69,,28,,Surprise C&D winner in February but finished last here last month; hard to predict,Made all to cause 34-1 surprise over C&D in February and is well drawn to attack today but finished last here last month and is far too inconsistent to rely upon.,,,,True,17%,7f,2,"[{'trainer': 'Adrian Paul Keatley', 'trainer_id': 29513, 'change_date': '2024-11-28'}]",2022-03-15,1122314,102829,"{'runs': '9', 'wins': '1'}",1540,31,False,Blackberry Stud Ltd,697233,9%,,False,6,,917920,17%,-360.81,6%,IRE,31,https://www.racingpost.com/racecards/416/sha-tin/2026-04-12/917920,5845594/run-run-smart,243700,Hong Kong,12,-4.60,Flat,416,Bushranger,5845594,[],IRE,12,Turf,2026-04-12,637069,"{'runs': '3', 'wins': '1'}",1650,B,-4.60,7,IRE,IRE,10,1999864,Mrs Edelle Logan (2024-11-28),False,G,Dandy Man,False,Laurens Girl,2,33689,156,-24.90,,10,False,Good,2,"{'runs': '9', 'wins': '1'}",2,Red Horse Syndicate
Sha Tin,08:35,The Kowloon Cricket Club Centenary Cup (C4) (Handicap) (Turf),,7f,,3yo+,,"£62,459",14,Forza Toro,4,gelding,3,10,C Fownes,Joao Moreira,t,False,131,56,73,,21,,Placed twice since dropped to this grade this year and didn't run badly last time,Placed on consecutive outings (7f/1m) when dropped to this grade in January/February and didn't run badly when sixth here (1m) last month; not ideally drawn today but still considered.,,,,True,17%,7f,4,"[{'trainer': 'John James Feane', 'trainer_id': 28792, 'change_date': '2025-05-15'}]",2022-02-10,1123185,84921,"{'runs': '3', 'wins': '0'}",1540,29,False,Twist Of Magic Partnership,733706,7%,,False,14,,917920,44%,-383.89,14%,GB,29,https://www.racingpost.com/racecards/416/sha-tin/2026-04-12/917920,6398069/forza-toro,27489,Hong Kong,9,-106.74,Flat,416,Arcano,6398069,[],IRE,314,Turf,2026-04-12,905467,"{'runs': '6', 'wins': '1'}",1338,B,+9.30,7,IRE,IRE,,1043663,Twist Of Magic Partnership (2025-05-15),False,G,Aclaim,False,Twist Of Magic,4,16095,96,-10.70,,,False,Good,4,"{'runs': '6', 'wins': '0'}",52,Siu Pak Kwan
Sha Tin,08:35,The Kowloon Cricket Club Centenary Cup (C4) (Handicap) (Turf),,7f,,3yo+,,"£62,459",14,Master Phoenix,5,gelding,4,13,David Eustace,L J Ferraris,b,False,130,55,74,,28,,Ran well over 6f last month and is unexposed over 7f but has awkward draw today,"Kept on well for close fourth over 6f here last month and could plausibly have untapped potential over 7f but he's inconsistent, and his wide draw is another negative.",,,,True,7%,7f,4,[],2020-09-27,1100509,98196,"{'runs': '8', 'wins': '1'}",1540,26,False,J Bowbyes,455714,8%,,False,15,,917920,6%,-70.24,15%,AUS,26,https://www.racingpost.com/racecards/416/sha-tin/2026-04-12/917920,6706336/master-phoenix,146040,Hong Kong,17,-195.06,Flat,416,Octagonal,6706336,[],AUS,1146,Turf,2026-04-12,914088,"{'runs': '2', 'wins': '0'}",439,B,-10.00,7,NZ,NZ,,2932935,,False,G,Divine Prophet,False,Millenium Star,1,41761,36,+0.50,,,False,Good,4,"{'runs': '10', 'wins': '1'}",76,Master Syndicate
Sha Tin,08:35,The Kowloon Cricket Club Centenary Cup (C4) (Handicap) (Turf),,7f,,3yo+,,"£62,459",14,Star Satyr,4,gelding,5,8,A S Cruz,Angus Chung,t,False,129,54,76,,21,,Twice in the frame over C&D this season but form has cooled lately,Suggested his turn might be near again when making the frame on consecutive C&D starts in December/January but his form has cooled since and he now has questions to answer.,,,,True,6%,7f,3,[],2021-09-19,1138545,101468,"{'runs': '6', 'wins': '0'}",1540,29,False,Mr. Rd Gardiner,692355,7%,,False,10,,917920,10%,-530.84,10%,AUS,29,https://www.racingpost.com/racecards/416/sha-tin/2026-04-12/917920,7409353/star-satyr,299769,Hong Kong,21,-306.75,Flat,416,Equiano,7409353,[],AUS,1067,Turf,2026-04-12,834317,"{'runs': '9', 'wins': '1'}",1689,B,-5.80,7,AUS,FR,2,7409352,,False,G,Safeguard,False,Fairy Nymph,2,12767,126,-10.10,,2,False,Good,3,"{'runs': '13', 'wins': '1'}",63,Adrian Hassan
Sha Tin,08:35,The Kowloon Cricket Club Centenary Cup (C4) (Handicap) (Turf),,7f,,3yo+,,"£62,459",14,Fun Together,7,gelding,6,7,C W Chang,Jerry Chau,tp,False,128,53,75,,49,,Began season with two C&D fourths but has been out of form since,Began this season with two C&D fourths for new stable in October but has been out of form since cheekpieces were refitted the following month.,,,,True,7%,7f,1,"[{'trainer': 'T P Yung', 'trainer_id': 30441, 'change_date': '2025-10-02'}]",2018-10-20,1098340,99123,"{'runs': '23', 'wins': '5'}",1540,18,False,M W Gething I N & Mrs S K Gillatt,503034,6%,,False,6,,917920,10%,-258.15,6%,NZ,18,https://www.racingpost.com/racecards/416/sha-tin/2026-04-12/917920,4763516/fun-together,263627,Hong Kong,31,-176.54,Flat,416,Montjeu,4763516,[],IRE,1114,Turf,2026-04-12,695691,"{'runs': '22', 'wins': '4'}",992,CH,-6.30,7,NZ,IRE,2,960383,,False,G,Rip Van Winkle,False,Honorjeu,3,20011,57,-7.00,,2,False,Good,1,"{'runs': '32', 'wins': '5'}",74,Cky Syndicate
Sha Tin,08:35,The Kowloon Cricket Club Centenary Cup (C4) (Handicap) (Turf),,7f,,3yo+,,"£62,459",14,President Pegasus,3,gelding,7,4,C S Shum,Lyle Hewitson,t,False,127,52,,,,,Makes official debut after an encouraging 6f trial last month but probably best watched,Makes official debut after an encouraging 6f trial last month but probably best watched all the same.,,,,True,7%,7f,1,[],2023-01-31,1026720,95383,"{'runs': '0', 'wins': '0'}",1540,18,False,Whatton Manor Stud,565797,8%,,False,6,,917920,5%,-357.18,6%,GB,18,https://www.racingpost.com/racecards/416/sha-tin/2026-04-12/917920,9092801/president-pegasus,209108,Hong Kong,21,-341.11,Flat,416,Oasis Dream,9092801,[],IRE,1419,Turf,2026-04-12,1022474,"{'runs': '0', 'wins': '0'}",1225,B,-6.00,7,IRE,GB,,1800569,,False,G,Ardad,False,Minwah,1,16058,100,-8.00,,,False,Good,1,"{'runs': '0', 'wins': '0'}",95,Mr & Mrs Cheung Yat Yuen
Sha Tin,08:35,The Kowloon Cricket Club Centenary Cup (C4) (Handicap) (Turf),,7f,,3yo+,,"£62,459",14,Lucky Gibs,3,gelding,8,12,K L Man,C Y Ho,,False,125,50,57,,21,,Soundly beaten on first two outings (6f/7f) and can't be recommended from stall 12,Soundly beaten on first two outings (6f/7f) and can't be recommended from stall 12.,,,,True,9%,7f,1,[],2022-09-03,1111206,90687,"{'runs': '1', 'wins': '0'}",1540,21,False,Mrs A G Mactaggart,466191,8%,,False,5,,917920,5%,-152.23,5%,AUS,21,https://www.racingpost.com/racecards/416/sha-tin/2026-04-12/917920,8807026/lucky-gibs,271193,Hong Kong,22,-333.74,Flat,416,Elusive Quality,8807026,[],AUS,1218,Turf,2026-04-12,1662033,"{'runs': '1', 'wins': '0'}",1261,BB,+12.00,7,USA,USA,,1873384,,False,G,Encryption,False,Pardon,1,12787,106,-17.10,,,False,Good,1,"{'runs': '2', 'wins': '0'}",112,Gibson Lau Wai Chi Eric Lau Pui Kit & Ricky Lau Pui Wai
Sha Tin,08:35,The Kowloon Cricket Club Centenary Cup (C4) (Handicap) (Turf),,7f,,3yo+,,"£62,459",14,Shotgun,4,gelding,9,5,D J Hall,Zac Purton,b,False,125,50,70,,14,,Won two of his last four (6f/7f); commands respect in current mood,Front-runner who came good with 6f course win in February and added to his tally over C&D a fortnight ago; Zac Purton moves in for the ride today; commands respect in current form.,,,,True,23%,7f,2,[],2021-10-09,14632,82339,"{'runs': '8', 'wins': '1'}",1540,20,False,Windsor Park Stud Ltd,602045,9%,,False,10,,917920,10%,-315.17,10%,NZ,20,https://www.racingpost.com/racecards/416/sha-tin/2026-04-12/917920,6945306/shotgun,353435,Hong Kong,42,-293.62,Flat,416,Shamardal,6945306,[],IRE,1792,Turf,2026-04-12,842791,"{'runs': '3', 'wins': '1'}",1262,B,-27.25,7,AUS,USA,,6945305,,False,G,Charm Spirit,False,Shama De Oro,4,23445,110,+5.70,,,False,Good,2,"{'runs': '8', 'wins': '2'}",417,Galactic Empire Syndicate
Sha Tin,08:35,The Kowloon Cricket Club Centenary Cup (C4) (Handicap) (Turf),,7f,,3yo+,,"£62,459",14,Super Dragon,3,gelding,10,14,Mark Newnham,Andrea Atzeni,,False,125,50,75,,77,,Did not have races run to suit when sixth over C&D on next two starts; still has potential,Unexposed 3yo who came second over 6f here on seasonal/handicap debut in November and did not really have the races run to suit when sixth over C&D on next two outings; drawn on the outside today but still has potential.,,,,True,9%,7f,5,[],2022-11-02,1107349,87349,"{'runs': '2', 'wins': '0'}",1540,25,False,Daws,459025,9%,,False,20,,917920,11%,-221.44,20%,AUS,25,https://www.racingpost.com/racecards/416/sha-tin/2026-04-12/917920,7789294/super-dragon,238508,Hong Kong,35,-229.77,Flat,416,OReilly,7789294,[],AUS,1028,Turf,2026-04-12,577888,"{'runs': '2', 'wins': '0'}",731,B,+1.60,7,NZ,NZ,,1317128,,False,G,Exceed And Excel,False,Allez Bien,4,32247,69,+7.70,,,False,Good,5,"{'runs': '4', 'wins': '0'}",92,Marces Lee Tze Bun
Sha Tin,08:35,The Kowloon Cricket Club Centenary Cup (C4) (Handicap) (Turf),,7f,,3yo+,,"£62,459",14,Just Follow Me,3,gelding,11,3,Brett Crawford,Karis Teetan,tp,False,123,48,73,,28,,A maiden after seven starts but runner-up over C&D on both outings this year; contender,"A maiden after seven starts but runner-up over C&D on both outings this year, losing out only by a head on latter occasion; well drawn again today; likely contender.",,,,True,9%,7f,1,"[{'trainer': 'T P Yung', 'trainer_id': 30441, 'change_date': '2025-09-18'}]",2022-09-01,1095749,88634,"{'runs': '3', 'wins': '0'}",1540,19,False,D Romanelli,657574,9%,,False,5,,917920,0%,+6.50,5%,AUS,19,https://www.racingpost.com/racecards/416/sha-tin/2026-04-12/917920,7503684/just-follow-me,357882,Hong Kong,30,-511.49,Flat,416,Bernardini,7503684,[],AUS,1718,Turf,2026-04-12,901751,"{'runs': '4', 'wins': '0'}",162,B,-30.00,7,AUS,USA,,898973,,False,G,Star Turn,False,Volcanic Eruption,0,26238,14,+25.00,,,False,Good,1,"{'runs': '7', 'wins': '0'}",153,Ken Pat Ki Yung
Sha Tin,08:35,The Kowloon Cricket Club Centenary Cup (C4) (Handicap) (Turf),,7f,,3yo+,,"£62,459",14,Lucky Secret,3,gelding,12,11,David A Hayes,Ellis Wong,t,False,121,46,62,,21,,Yet to show any significant promise after four starts (5f-1m),Yet to show any significant promise after four starts (5f-1m) and probably needs a drop in grade.,,,,True,8%,7f,1,[],2022-11-04,1049390,101885,"{'runs': '3', 'wins': '0'}",1540,31,False,K F Leung,588322,8%,,False,3,,917920,0%,-650.76,3%,AUS,31,https://www.racingpost.com/racecards/416/sha-tin/2026-04-12/917920,8632757/lucky-secret,152613,Hong Kong,10,-23.29,Flat,416,Lucky Owners,8632757,[],AUS,477,Turf,2026-04-12,1824074,"{'runs': '0', 'wins': '0'}",1585,B,-10.00,7,AUS,NZ,3,705565,,False,G,Zousain,False,Soho Secret,0,3550,126,-29.95,,3,False,Good,1,"{'runs': '4', 'wins': '0'}",36,Leung Kai Fai
Sha Tin,08:35,The Kowloon Cricket Club Centenary Cup (C4) (Handicap) (Turf),,7f,,3yo+,,"£62,459",14,Alabama Song,3,gelding,13,9,J Size,Alexis Badel,h,False,117,42,78,,14,,Ran well over 6f here recently but failed to convince stamina-wise on previous 7f attempt,Posted sound effort when fourth over 6f here a fortnight ago and is another 2lb lower today but failed to convince stamina-wise on his previous attempt at 7f.,,,,True,7%,7f,2,[],2022-10-31,1120073,85541,"{'runs': '6', 'wins': '0'}",1540,22,False,Yulong Investments Yulong Stud,577888,12%,,False,9,,917920,14%,-226.63,9%,AUS,22,https://www.racingpost.com/racecards/416/sha-tin/2026-04-12/917920,7691569/alabama-song,245342,Hong Kong,29,-504.14,Flat,416,Exceed And Excel,7691569,[],AUS,1437,Turf,2026-04-12,2564977,"{'runs': '1', 'wins': '0'}",1845,B,-2.10,7,AUS,AUS,,4219775,,False,G,Alabama Express,False,Catwalk Kitty,4,12739,219,-11.40,,,False,Good,2,"{'runs': '10', 'wins': '1'}",97,Merrick Chung Wai Lik
Sha Tin,08:35,The Kowloon Cricket Club Centenary Cup (C4) (Handicap) (Turf),,7f,,3yo+,,"£62,459",14,Wave Garden,5,gelding,14,6,Jimmy Ting,M L Yeung,tp,False,116,40,73,,32,,Yet to make the frame after 11 Hong Kong starts and now eligible for Class 5 races,2-2 in New Zealand but yet to make the frame after 11 Hong Kong starts and now eligible for Class 5 races.,,,,True,4%,7f,2,[],2020-11-19,1138274,88300,"{'runs': '6', 'wins': '0'}",1540,13,False,Little Avondale Trust & Totara Park,597619,6%,,False,15,,917920,0%,-216.14,15%,NZ,13,https://www.racingpost.com/racecards/416/sha-tin/2026-04-12/917920,7307982/wave-garden,356255,Hong Kong,23,-142.68,Flat,416,Savabeel,7307982,[],USA,987,Turf,2026-04-12,681421,"{'runs': '1', 'wins': '0'}",818,B,-23.00,7,NZ,AUS,,3310829,,False,G,Per Incanto,False,Miss Bluebell,0,35035,52,+8.00,,,False,Good,2,"{'runs': '4', 'wins': '0'}",44,Rita Lau Lai Sheung
Sha Tin,08:35,The Kowloon Cricket Club Centenary Cup (C4) (Handicap) (Turf),,7f,,3yo+,,"£62,459",14,Super Mastermind,3,gelding,15,15,Jamie Richards,,tb,False,117,42,65,,14,,Not disgraced here (6f) last month but yet to be placed after eight races,Reserve; not disgraced when midfield over 6f here last month but yet to be placed after eight starts and will be of greater interest when he dips into Class 5.,,,,True,,7f,1,[],2022-09-17,1113677,,"{'runs': '2', 'wins': '0'}",1540,14,False,Bird Rock Thoroughbreds,518730,6%,,True,7,,917920,,-409.10,7%,AUS,14,https://www.racingpost.com/racecards/416/sha-tin/2026-04-12/917920,8309210/super-mastermind,339831,Hong Kong,,,Flat,416,More Than Ready,8309210,[],AUS,,Turf,2026-04-12,596550,"{'runs': '1', 'wins': '0'}",801,BR,,7,AUS,USA,,1797955,,False,G,Fastnet Rock,False,Deokyhe,,35043,48,-1.00,,,False,Good,1,"{'runs': '6', 'wins': '0'}",,Dr Peter Lam How Mun
Sha Tin,08:35,The Kowloon Cricket Club Centenary Cup (C4) (Handicap) (Turf),,7f,,3yo+,,"£62,459",14,Chill Partners,3,gelding,16,16,K W Lui,,p,False,133,58,65,,21,,Ran poorly last time but won over C&D two starts ago and still has low mileage,"Reserve; led close home to open account over C&D last month, his fourth start; needs to bounce back from a duff effort three weeks later but further progress remains possible.",,,,True,,7f,2,[],2022-10-24,1135810,,"{'runs': '3', 'wins': '1'}",1540,24,False,Trilogy Racing Pty Ltd,560048,11%,,True,8,,917920,,-211.24,8%,AUS,24,https://www.racingpost.com/racecards/416/sha-tin/2026-04-12/917920,8594131/chill-partners,366078,Hong Kong,,,Flat,416,Choisir,8594131,[],AUS,,Turf,2026-04-12,893171,"{'runs': '3', 'wins': '1'}",1429,B,,7,AUS,AUS,,949981,,False,G,Hellbent,False,Bold Runner,,12762,160,+17.50,,,False,Good,2,"{'runs': '5', 'wins': '1'}",,A Supreme Syndicate
Sha Tin,09:05,Humphreys Hcp (C3) (Handicap) (Turf),,1m,,3yo+,,"£109,438",12,Mister Dapper,6,gelding,1,3,David Eustace,Brenton Avdulla,tb,False,135,77,84,,32,,Career-best form when winning two starts ago but current mark asks a lot of him,"Late-maturing 6yo who posted career-best performance when winning narrowly at Happy Valley (1m) in February; had to settle for midfield finish there (1m1f) last month, though, and needs to find hidden reserves to overcome this mark.",,,,True,7%,1m,4,"[{'trainer': 'Douglas Whyte', 'trainer_id': 36353, 'change_date': '2025-01-16'}]",2019-11-17,1098965,88939,"{'runs': '15', 'wins': '4'}",1760,26,False,Pencarrow Thoroughbreds Ltd,488238,8%,,False,15,,917921,0%,-70.24,15%,NZ,26,https://www.racingpost.com/racecards/416/sha-tin/2026-04-12/917921,5388025/mister-dapper,336708,Hong Kong,17,-276.43,Flat,416,Tiger Hill,5388025,[],AUS,927,Turf,2026-04-12,901110,"{'runs': '21', 'wins': '5'}",439,BB,-17.00,8,NZ,IRE,,754004,,False,G,Tivaci,False,Posavina,0,41761,36,+0.50,,,False,Good,4,"{'runs': '25', 'wins': '4'}",69,P Chan Pak Hou J Chan Chi Kwong & J Chan Chon San
Sha Tin,09:05,Humphreys Hcp (C3) (Handicap) (Turf),,1m,,3yo+,,"£109,438",12,Prestige Good,5,gelding,2,12,P F Yiu,Nichola Yuen,v,False,135,77,89,,35,,Form has dipped lately and this drop back in trip is probably not ideal,Scored over 1m1f here in December and went very close over 1m2f in January but his form has dipped lately and this drop back in trip is probably not ideal.,,,,True,17%,1m,3,[],2020-10-23,1137609,102829,"{'runs': '9', 'wins': '1'}",1760,19,False,S Camille,596550,10%,,False,16,,917921,17%,-70.09,16%,NZ,19,https://www.racingpost.com/racecards/416/sha-tin/2026-04-12/917921,6932582/prestige-good,345128,Hong Kong,12,-4.60,Flat,416,Fastnet Rock,6932582,[],NZ,12,Turf,2026-04-12,822024,"{'runs': '9', 'wins': '1'}",1416,B,-4.60,8,AUS,AUS,10,6932581,,False,G,Sacred Falls,False,Lamplighter,2,13936,141,-10.50,,10,False,Good,3,"{'runs': '10', 'wins': '1'}",2,Eric Yeung Ting Fung
Sha Tin,09:05,Humphreys Hcp (C3) (Handicap) (Turf),,1m,,3yo+,,"£109,438",12,Windlord,4,gelding,3,6,W K Mo,Jerry Chau,ht,False,134,76,91,,21,,Yet to build upon quite promising Hong Kong debut in January; has a point to prove,Made quite pleasing Hong Kong debut when fifth over C&D in January and faced tough tasks on next two outings but was well beaten when back in a handicap three weeks ago and now has a point to prove.,"2025-07-04 | Windlord | 6023333 | Davies Insurance Solutions Gala Stakes (Listed Race) | 897275 | Sandown | 54 | 10 | 2189 | I know Caviar Heights very well as I bought him as a yearling and trained him as a two-year-old. He is very tough so I wasn't convinced we were going to get past him but Colin gave Windlord a terrific ride and all credit to the horse. He showed real desire and he's previously been asked to do something [pace-making] that wasn't ideal for him so it's nice for him to win a race in his own right - Andrew Balding, trainer.||2024-09-08 | Windlord | 6023333 | British European Breeders Fund Novice Stakes (GBB Race) | 873962 | York | 107 | 8 | 1732 | Windlord has been delighting us in his bits of work at home and we were hoping he'd bring it to the track today, which he did. He really hit the line and it's lovely training well-bred horses for Juddmonte. A jockey riding like Oisin (Murphy) is at the moment is very helpful. He was very complimentary afterwards so I think we'll look for something better now. He's in the Royal Lodge, but we'll see about that - Anna Lisa Balding, wife of trainer.",,,True,7%,1m,0,"[{'trainer': 'Andrew Balding', 'trainer_id': 15605, 'change_date': '2026-01-02'}]",2022-05-02,17612,99123,"{'runs': '7', 'wins': '0'}",1760,23,False,Juddmonte Farms Ltd,820989,7%,,False,0,,917921,10%,-161.35,0%,GB,23,https://www.racingpost.com/racecards/416/sha-tin/2026-04-12/917921,6023333/windlord,357120,Hong Kong,31,-176.54,Flat,416,Intello,6023333,[],IRE,1114,Turf,2026-04-12,589690,"{'runs': '6', 'wins': '1'}",673,B,-6.30,8,IRE,GER,2,2667226,Juddmonte (2026-01-02),False,G,Dubawi,False,Goldika,3,40731,45,-23.00,,2,False,Good,0,"{'runs': '4', 'wins': '0'}",74,Elaine Chan
Sha Tin,09:05,Humphreys Hcp (C3) (Handicap) (Turf),,1m,,3yo+,,"£109,438",12,Endued,4,gelding,4,1,J Size,Andrea Atzeni,t,False,132,74,86,,14,,Steadily progressive 4yo who won over C&D last month and has gone very close since,Consistent and steadily progressive 4yo who held on well for a narrow C&D success last month and lost out only by a short head on his latest outing; nudged up another 2lb but will probably be on the premises again.,,,,True,9%,1m,2,"[{'trainer': 'T P Yung', 'trainer_id': 30441, 'change_date': '2025-11-13'}, {'trainer': 'Jamie Richards', 'trainer_id': 35043, 'change_date': '2025-04-28'}]",2021-09-27,1105799,87349,"{'runs': '12', 'wins': '2'}",1760,22,False,Kia Ora Stud Pty Ltd,805807,12%,,False,9,,917921,11%,-226.63,9%,AUS,22,https://www.racingpost.com/racecards/416/sha-tin/2026-04-12/917921,6768164/endued,305675,Hong Kong,35,-229.77,Flat,416,All Too Hard,6768164,[],AUS,1028,Turf,2026-04-12,872464,"{'runs': '7', 'wins': '2'}",1845,B,+1.60,8,AUS,AUS,,2632119,,False,G,Deep Field,False,Waruna,4,12739,219,-11.40,,,False,Good,2,"{'runs': '15', 'wins': '3'}",92,Wong Chung Mat
Sha Tin,09:05,Humphreys Hcp (C3) (Handicap) (Turf),,1m,,3yo+,,"£109,438",12,Flying Luck,5,gelding,5,5,C Fownes,Joao Moreira,tv,False,132,74,82,,49,,Surprise C&D winner in January but well held since and remains on career-high mark,Led close home to cause 23-1 surprise over C&D in January but did not get competitive on his next outing and remains on a career-high mark.,,,,True,17%,1m,4,[],2020-10-19,1118479,84921,"{'runs': '11', 'wins': '0'}",1760,29,False,Noorilim Park Thoroughbreds,633824,7%,,False,14,,917921,44%,-383.89,14%,AUS,29,https://www.racingpost.com/racecards/416/sha-tin/2026-04-12/917921,6010450/flying-luck,243687,Hong Kong,9,-106.74,Flat,416,Snitzel,6010450,[],AUS,314,Turf,2026-04-12,633815,"{'runs': '11', 'wins': '2'}",1338,CH,+9.30,8,AUS,AUS,,893108,,False,G,Written Tycoon,False,Snitzel Blitz,4,16095,96,-10.70,,,False,Good,4,"{'runs': '16', 'wins': '3'}",52,Mr & Mrs H Ho Yiu Wing H Garrick Sai Man & H Leslie Sai Kit
Sha Tin,09:05,Humphreys Hcp (C3) (Handicap) (Turf),,1m,,3yo+,,"£109,438",12,Shanwah,4,gelding,6,7,Douglas Whyte,Hugh Bowman,,False,131,73,84,,42,,Smart when based in Australia but well down the field on all six Hong Kong starts,Smart when based in Australia but well down the field on all six Hong Kong starts (7f-1m2f) and has too much to prove.,,,,True,12%,1m,2,"[{'trainer': 'Ciaron Maher', 'trainer_id': 19845, 'change_date': '2025-11-06'}]",2021-09-09,1138045,79529,"{'runs': '7', 'wins': '1'}",1760,23,False,Mrs D G & J B Struthers & Trelawney TBreds Ltd,584449,5%,,False,9,,917921,10%,-659.50,9%,NZ,23,https://www.racingpost.com/racecards/416/sha-tin/2026-04-12/917921,7191388/shanwah,364359,Hong Kong,31,-255.60,Flat,416,Iffraaj,7191388,[],GB,1186,Turf,2026-04-12,2140739,"{'runs': '4', 'wins': '0'}",1198,B,+20.60,8,NZ,GB,,2482197,W Wong & Miss W J Ping (2025-11-06)||K J Payne & Mrs V M Payne (2025-04-02),False,G,Too Darn Hot,False,Lady Sayyida,3,36353,60,-11.40,,,False,Good,2,"{'runs': '5', 'wins': '0'}",137,24/25 Douglas J Whyte Trainer Syndicate (2)
Sha Tin,09:05,Humphreys Hcp (C3) (Handicap) (Turf),,1m,,3yo+,,"£109,438",12,Amazing Partners,4,gelding,7,4,K W Lui,C Y Ho,t,False,123,65,85,,21,,Dual 7f winner this year; still lightly raced; moves up in trip today,Lightly raced 4yo who has won twice over 7f in Class 4 here this year and was placed over that trip when upped to this grade last month; major player if this step up to 1m unlocks any further improvement.,,,,True,9%,1m,2,[],2021-09-05,1104234,90687,"{'runs': '2', 'wins': '0'}",1760,24,False,Wallings Bloodstock Pty Ltd,726295,11%,,False,8,,917921,5%,-211.24,8%,AUS,24,https://www.racingpost.com/racecards/416/sha-tin/2026-04-12/917921,8565871/amazing-partners,365828,Hong Kong,22,-333.74,Flat,416,Starspangledbanner,8565871,[],AUS,1218,Turf,2026-04-12,1425133,"{'runs': '0', 'wins': '0'}",1429,B,+12.00,8,AUS,AUS,,891182,,False,G,Pierata,False,Dizzy Diva,1,12762,160,+17.50,,,False,Good,2,"{'runs': '5', 'wins': '2'}",112,Thomas Liang Cheung Biu & Elizabeth Lee Wong Sing Fung
Sha Tin,09:05,Humphreys Hcp (C3) (Handicap) (Turf),,1m,,3yo+,,"£109,438",12,Happy Tercentenary,4,gelding,8,8,Douglas Whyte,K C Leung,,False,122,64,90,,39,,Won over this trip on Polytrack in Ireland last year but struggled on first two HK starts,Won over this trip on Polytrack in Ireland last year but struggled on his first two Hong Kong starts (7f/1m).,,,,True,7%,1m,2,"[{'trainer': 'A Oliver', 'trainer_id': 15929, 'change_date': '2026-01-17'}]",2022-05-04,15545,88536,"{'runs': '1', 'wins': '0'}",1760,23,False,Tally-Ho Stud,670119,5%,,False,9,,917921,10%,-659.50,9%,IRE,23,https://www.racingpost.com/racecards/416/sha-tin/2026-04-12/917921,7409414/happy-tercentenary,366917,Hong Kong,21,-258.47,Flat,416,New Approach,7409414,[],GB,1359,Turf,2026-04-12,861262,"{'runs': '3', 'wins': '1'}",1198,CH,-10.10,8,GB,IRE,,3573477,Mrs A OCallaghan & A Oliver (2026-01-17)||A F OCallaghan (2025-04-15),False,G,Cotai Glory,False,Art Festival,2,36353,60,-11.40,,,False,Good,2,"{'runs': '1', 'wins': '0'}",99,Tercentenary Racing Syndicate
Sha Tin,09:05,Humphreys Hcp (C3) (Handicap) (Turf),,1m,,3yo+,,"£109,438",12,Hymnbook,4,colt,9,11,Brett Crawford,Karis Teetan,,False,122,64,90,,35,,Made satisfactory HK debut in February but last month's C&D run was a backward step,Quite useful when trained in Britain; made satisfactory Hong Kong debut when midfield over 7f here in February but took backward step when down the field over C&D last month; others have more pressing claims.,,,,True,9%,1m,1,"[{'trainer': 'S Woods', 'trainer_id': 7083, 'change_date': '2026-02-18'}]",2022-04-06,1103019,88634,"{'runs': '3', 'wins': '0'}",1760,19,False,Glencoole Stud,659772,9%,,False,5,,917921,0%,+6.50,5%,IRE,19,https://www.racingpost.com/racecards/416/sha-tin/2026-04-12/917921,6692989/hymnbook,261590,Hong Kong,30,-511.49,Flat,416,Dutch Art,6692989,[],GB,1718,Turf,2026-04-12,541314,"{'runs': '3', 'wins': '0'}",162,B,-30.00,8,GB,GB,,2991598,S P C Woods (2026-02-18),False,C,Acclamation,False,Heavenly Note,0,26238,14,+25.00,,,False,Good,1,"{'runs': '2', 'wins': '0'}",153,Mr & Mrs Stephen Ho Wai Man F Ho Ka Chun & D Ho Ka Chung
Sha Tin,09:05,Humphreys Hcp (C3) (Handicap) (Turf),,1m,,3yo+,,"£109,438",12,Legend Winner,4,gelding,10,10,Mark Newnham,L J Ferraris,tb,False,122,63,90,,21,,0-5 in HK with rather mixed record but was placed over C&D in January; not ruled out,0-5 in Hong Kong with a rather mixed record but was placed over C&D in January and shaped as though this move back up in trip will suit when fourth over 7f three weeks ago; not ruled out.,,,,True,7%,1m,5,[],2021-11-09,1083721,98196,"{'runs': '2', 'wins': '0'}",1760,25,False,F Connolly,553597,9%,,False,20,,917921,6%,-221.44,20%,AUS,25,https://www.racingpost.com/racecards/416/sha-tin/2026-04-12/917921,8463776/legend-winner,333907,Hong Kong,17,-195.06,Flat,416,Magic Albert,8463776,[],AUS,1146,Turf,2026-04-12,1425133,"{'runs': '4', 'wins': '0'}",731,B,-10.00,8,AUS,AUS,,3705583,,False,G,Pierata,False,Magic Obsession,1,32247,69,+7.70,,,False,Good,5,"{'runs': '5', 'wins': '0'}",76,Future Stars Syndicate
Sha Tin,09:05,Humphreys Hcp (C3) (Handicap) (Turf),,1m,,3yo+,,"£109,438",12,Rising Phoenix,4,gelding,11,2,D J Hall,Alexis Badel,b,False,120,62,84,,14,,Ran well over C&D last month but gained this season's wins over 7f in Class 4,Dual 7f Class 4 winner this season; ran well when fifth over C&D in this higher grade last month but is yet fully to convince over 1m.,,,,True,7%,1m,2,[],2021-09-03,1026166,85541,"{'runs': '10', 'wins': '2'}",1760,20,False,The Oaks Stud,500343,9%,,False,10,,917921,14%,-315.17,10%,NZ,20,https://www.racingpost.com/racecards/416/sha-tin/2026-04-12/917921,6723532/rising-phoenix,269351,Hong Kong,29,-504.14,Flat,416,Stravinsky,6723532,[],NZ,1437,Turf,2026-04-12,632831,"{'runs': '2', 'wins': '0'}",1262,B,-2.10,8,NZ,USA,,596555,,False,G,Darci Brahma,False,Flying Firebird,4,23445,110,+5.70,,,False,Good,2,"{'runs': '10', 'wins': '2'}",97,James Kwan Wai Ming & Leung Kam Chuen
Sha Tin,09:05,Humphreys Hcp (C3) (Handicap) (Turf),,1m,,3yo+,,"£109,438",12,Withallmyfaith,5,gelding,12,9,David A Hayes,M L Yeung,b,False,118,60,94,,25,,Placed on three of six starts since blinkers were added in November; e/w claims again,Front-runner; placed over 1m on three of his six starts since blinkers were added in November and has each-way claims again.,,,,True,4%,1m,1,"[{'trainer': 'Jenna Mahoney', 'trainer_id': 27347, 'change_date': '2025-05-22'}]",2020-08-31,1120811,88300,"{'runs': '7', 'wins': '0'}",1760,31,False,Ms V Tang,566008,8%,,False,3,,917921,0%,-650.76,3%,NZ,31,https://www.racingpost.com/racecards/416/sha-tin/2026-04-12/917921,5681205/withallmyfaith,209111,Hong Kong,23,-142.68,Flat,416,Elusive City,5681205,[],AUS,987,Turf,2026-04-12,870411,"{'runs': '7', 'wins': '0'}",1585,B,-23.00,8,NZ,USA,,850536,,False,G,Mongolian Khan,False,Shezhardtocatch,0,3550,126,-29.95,,,False,Good,1,"{'runs': '9', 'wins': '0'}",44,Vicky Tang
Sha Tin,09:35,Jordan Hcp (C3) (Handicap) (Turf),,7f,,3yo+,,"£99,295",12,Endeared,6,gelding,1,8,J Size,Zac Purton,,False,126,68,89,,11,,Followed last month's C&D win with creditable third on dirt last week,Led close home to score over C&D last month and ran right up to best form when close third in this higher grade on dirt here (1m) last week; reunited with Zac Purton (aboard for that latest win) today and ought to be right in the thick of things again.,"2022-08-27 | Endeared | 4369767 | Jenningsbet British EBF Novice Stakes (GBB Race) | 817852 | Newmarket (July) | 174 | 6 | 1320 | Endeared\ was a bit unlucky not to have won before today. He got stuck in the mud last time at Chester and everything just caught him out but I think the winner (Frankness) is a good filly. He's off to Hong Kong now and his owner Ben Wong is a big supporter of mine. He was purchased as a yearling but you have to get them qualified to run out there. That was more stressful than trying to win a Group race. I'm sure he will do very well out there - James Fanshawe, trainer.",,,True,23%,7f,2,"[{'trainer': 'James Fanshawe', 'trainer_id': 4540, 'change_date': '2023-04-20'}]",2020-01-09,18476,82339,"{'runs': '22', 'wins': '3'}",1540,22,False,Watership Down Stud,763453,12%,,False,9,,917922,10%,-226.63,9%,GB,22,https://www.racingpost.com/racecards/416/sha-tin/2026-04-12/917922,4369767/endeared,354366,Hong Kong,42,-293.62,Flat,416,Frankel,4369767,[],IRE,1792,Turf,2026-04-12,671647,"{'runs': '23', 'wins': '4'}",1845,B,-27.25,7,IRE,GB,,1975730,Lui Chun Tai (2025-07-03)||Ben CM Wong (2023-04-20),False,G,Dark Angel,False,Frankel Light,4,12739,219,-11.40,,,False,Good,2,"{'runs': '36', 'wins': '4'}",417,Wong Lui Chun Tai
Sha Tin,09:35,Jordan Hcp (C3) (Handicap) (Turf),,7f,,3yo+,,"£99,295",12,Heaving,4,gelding,2,9,David Eustace,L J Ferraris,t,False,126,68,88,,49,,0-5 in HK but made frame over C&D two starts ago and remains unexposed over 7f,Disappointed over 6f in February and is now 0-5 in Hong Kong but kept on well for fourth over C&D two starts ago and remains unexposed over 7f; could have a say.,,,,True,7%,7f,4,"[{'trainer': 'Anthony & Sam Freedman', 'trainer_id': 37678, 'change_date': '2025-11-20'}]",2021-09-16,1054739,98196,"{'runs': '4', 'wins': '0'}",1540,26,False,A Illes,634453,8%,,False,15,,917922,6%,-70.24,15%,AUS,26,https://www.racingpost.com/racecards/416/sha-tin/2026-04-12/917922,6291906/heaving,330041,Hong Kong,17,-195.06,Flat,416,Pendragon I,6291906,[],AUS,1146,Turf,2026-04-12,893171,"{'runs': '2', 'wins': '0'}",439,BR,-10.00,7,AUS,NZ,,886322,Rtd Racing Pin Cushion Racing Et Al (2025-11-20),False,G,Hellbent,False,Heartlings,1,41761,36,+0.50,,,False,Good,4,"{'runs': '5', 'wins': '0'}",76,Cindi Hui Ming Ming Dr David Choy Tak Wai & Ricky C W Kay
Sha Tin,09:35,Jordan Hcp (C3) (Handicap) (Turf),,7f,,3yo+,,"£99,295",12,Charming Legend,5,gelding,3,5,C Fownes,Joao Moreira,,False,125,67,91,,101,,Yet to hit top gear for new stable but on a very good mark and Joao Moreira rides,Yet to hit top gear after two starts for new stable this season but positives can be drawn from his midfield finish over C&D last time; on a very good mark now and the booking of Joao Moreira catches the eye; interesting.,,,,True,17%,7f,4,"[{'trainer': 'C S Shum', 'trainer_id': 16058, 'change_date': '2025-12-11'}, {'trainer': 'Les Bridge', 'trainer_id': 13831, 'change_date': '2024-11-21'}]",2020-09-19,1071020,84921,"{'runs': '8', 'wins': '0'}",1540,29,False,S F Bloodstock,459025,7%,,False,14,,917922,44%,-383.89,14%,AUS,29,https://www.racingpost.com/racecards/416/sha-tin/2026-04-12/917922,6027914/charming-legend,327816,Hong Kong,9,-106.74,Flat,416,OReilly,6027914,[],AUS,314,Turf,2026-04-12,872464,"{'runs': '9', 'wins': '2'}",1338,BR,+9.30,7,NZ,NZ,,848080,Legend Racing Pty Ltd (2024-11-21),False,G,Deep Field,False,Spellbinder,4,16095,96,-10.70,,,False,Good,4,"{'runs': '9', 'wins': '1'}",52,Mr & Mrs Boniface Ho Ka Kui
Sha Tin,09:35,Jordan Hcp (C3) (Handicap) (Turf),,7f,,3yo+,,"£99,295",12,Outgate,7,gelding,4,3,A S Cruz,Angus Chung,t,False,125,67,90,,21,,Twice safely held since exploiting much reduced mark here in February,Scored off much reduced mark over C&D in February but safely held twice since (6f/7f); younger rivals have much more appealing profiles.,"2022-06-11 | Outgate | 3571527 | Extra Places Every Day At Betway Handicap | 812557 | Chester | 13 | 7.5 | 1667 | Outgate is a very progressive horse with a wicked turn of foot. He really filled out over the winter and keeps progressing with each run. He's developed into a proper racehorse and it would be nice to go for black type now - Claire Kubler, joint trainer.||2022-05-05 | Outgate | 3571527 | Deepbridge Handicap | 808729 | Chester | 13 | 7.5 | 1667 | Everything went right, Ryan [Moore] gave Outgate a beautiful ride and was very complimentary about the horse, saying he was very straightforward to ride. He's a nice horse and there's a very valuable race back here just before Royal Ascot and it might make sense to come back here for that - Daniel Kubler, joint-trainer.",,,True,6%,7f,3,"[{'trainer': 'Daniel & Claire Kubler', 'trainer_id': 37637, 'change_date': '2023-01-30'}]",2019-03-07,1037794,101468,"{'runs': '22', 'wins': '4'}",1540,29,False,Mr & Mrs G Middlebrook,506927,7%,,False,10,,917922,10%,-530.84,10%,GB,29,https://www.racingpost.com/racecards/416/sha-tin/2026-04-12/917922,3571527/outgate,209112,Hong Kong,21,-306.75,Flat,416,Invincible Spirit,3571527,[],GB,1067,Turf,2026-04-12,839591,"{'runs': '13', 'wins': '1'}",1689,GR,-5.80,7,GB,IRE,2,846293,Mr & Mrs G Middlebrook (2023-01-30),False,G,Outstrip,False,Penny Drops,2,12767,126,-10.10,,2,False,Good,3,"{'runs': '21', 'wins': '1'}",63,Martin Siu Kim Sun
Sha Tin,09:35,Jordan Hcp (C3) (Handicap) (Turf),,7f,,3yo+,,"£99,295",12,Alls Well,4,gelding,5,4,C H Yip,C Y Ho,t,False,123,65,85,,14,,C&D winner in February but found things tougher when upped in grade last month,Came from off the pace for emphatic Class 4 C&D win in February but was unable to land a telling blow when upped to this grade last month and still needs to prove he can cope with a mark this high.,,,,True,9%,7f,2,[],2021-10-07,1032741,90687,"{'runs': '6', 'wins': '1'}",1540,28,False,Mrs H G & W G Bax,95466,6%,,False,7,,917922,5%,-160.39,7%,NZ,28,https://www.racingpost.com/racecards/416/sha-tin/2026-04-12/917922,7360501/alls-well,309638,Hong Kong,22,-333.74,Flat,416,Pentire,7360501,[],USA,1218,Turf,2026-04-12,866958,"{'runs': '4', 'wins': '1'}",1171,B,+12.00,7,NZ,GB,,7360500,,False,G,Frosted,False,Ruby Queen,1,15856,71,-7.60,,,False,Good,2,"{'runs': '8', 'wins': '2'}",112,Mr & Mrs Alan Leung Wai Zen
Sha Tin,09:35,Jordan Hcp (C3) (Handicap) (Turf),,7f,,3yo+,,"£99,295",12,Complete Unknown,3,gelding,6,1,W K Mo,K C Leung,t,False,123,65,79,,21,,Made only a mildly encouraging HK debut over 6f last month,Ex-Australian 3yo; made only a mildly encouraging Hong Kong debut when eighth of ten over 6f here last month and needs to have taken significant benefit from that outing.,,,,True,7%,7f,0,"[{'trainer': 'Peter G Moody & Katherine Coleman', 'trainer_id': 40620, 'change_date': '2026-03-14'}]",2022-08-25,1137869,88536,"{'runs': '0', 'wins': '0'}",1540,23,False,E Tong,596550,7%,,False,0,,917922,10%,-161.35,0%,AUS,23,https://www.racingpost.com/racecards/416/sha-tin/2026-04-12/917922,7077771/complete-unknown,369269,Hong Kong,21,-258.47,Flat,416,Fastnet Rock,7077771,[],AUS,1359,Turf,2026-04-12,903909,"{'runs': '0', 'wins': '0'}",673,B,-10.10,7,AUS,AUS,,7077770,E Y W Tong (2026-03-14),False,G,Flying Artie,False,Cavalry Rock,2,40731,45,-23.00,,,False,Good,0,"{'runs': '1', 'wins': '0'}",99,Unity And Harmony Syndicate
Sha Tin,09:35,Jordan Hcp (C3) (Handicap) (Turf),,7f,,3yo+,,"£99,295",12,Fortune Link,4,gelding,7,12,P F Yiu,Nichola Yuen,,False,123,65,,,,,6.5f maiden winner in Australia; drawn wide for this Hong Kong debut,"1-6 when based in Australia, the win gained in 6.5f maiden in October; drawn on the outside for this Hong Kong debut; market instructive.",,,,True,17%,7f,3,[],2021-11-02,1118553,102829,"{'runs': '0', 'wins': '0'}",1540,19,False,I T Gitsham,633824,10%,,False,16,,917922,17%,-70.09,16%,AUS,19,https://www.racingpost.com/racecards/416/sha-tin/2026-04-12/917922,9092802/fortune-link,362007,Hong Kong,12,-4.60,Flat,416,Snitzel,9092802,[],AUS,12,Turf,2026-04-12,901048,"{'runs': '0', 'wins': '0'}",1416,BL,-4.60,7,AUS,AUS,10,2615797,,False,G,Capitalist,False,Lunar Snitzel,2,13936,141,-10.50,,10,False,Good,3,"{'runs': '0', 'wins': '0'}",2,Mixion Lam Ting Kwok & Luo Hong Fen
Sha Tin,09:35,Jordan Hcp (C3) (Handicap) (Turf),,7f,,3yo+,,"£99,295",12,Ghorgan,5,gelding,8,6,K L Man,Jerry Chau,ht,False,122,64,87,,28,,0-12 in HK but was second to a good prospect two runs ago; a possible,0-12 in Hong Kong and rather inconsistent but chased home a good prospect over C&D two starts ago and has better draw than last time; can make his presence felt.,,,,True,7%,7f,1,"[{'trainer': 'Jamie Richards', 'trainer_id': 35043, 'change_date': '2025-05-22'}, {'trainer': 'A Wohler', 'trainer_id': 8758, 'change_date': '2025-03-06'}]",2021-05-11,31197,99123,"{'runs': '8', 'wins': '0'}",1540,21,False,Stiftung Gestut Fahrhof,506927,8%,,False,5,,917922,10%,-152.23,5%,GER,21,https://www.racingpost.com/racecards/416/sha-tin/2026-04-12/917922,5368067/ghorgan,355739,Hong Kong,31,-176.54,Flat,416,Invincible Spirit,5368067,[],IRE,1114,Turf,2026-04-12,1635476,"{'runs': '10', 'wins': '0'}",1261,B,-6.30,7,GER,IRE,2,872250,Darius Racing (2025-03-06),False,G,Study Of Man,False,Guavia,3,12787,106,-17.10,,2,False,Good,1,"{'runs': '12', 'wins': '0'}",74,Irene Chen
Sha Tin,09:35,Jordan Hcp (C3) (Handicap) (Turf),,7f,,3yo+,,"£99,295",12,Pray For Justice,4,gelding,9,2,David Eustace,Richard Kingscote,t,False,122,64,83,,154,,Quite promising fifth over C&D on HK debut in November; first run since,Off the track for a year after winning on debut in Australia (6.5f) but made quite promising start to Hong Kong career when keeping-on fifth over C&D in November; holds each-way claims if ready to roll after latest break.,,,,True,4%,7f,4,"[{'trainer': 'Ciaron Maher', 'trainer_id': 19845, 'change_date': '2025-11-06'}]",2021-09-11,26320,83554,"{'runs': '2', 'wins': '1'}",1540,26,False,Katom,596550,8%,,False,15,,917922,14%,-70.24,15%,AUS,26,https://www.racingpost.com/racecards/416/sha-tin/2026-04-12/917922,5737981/pray-for-justice,353559,Hong Kong,21,-173.05,Flat,416,Fastnet Rock,5737981,[],USA,247,Turf,2026-04-12,1846168,"{'runs': '1', 'wins': '0'}",439,B,+4.30,7,AUS,AUS,,1338492,Coolmore Halo Racing Services Pty Ltd Et Al (2025-11-06)||Coolmore Ciaron Maher Racing Et Al (2024-11-01),False,G,Justify,False,Formality,3,41761,36,+0.50,,,False,Good,4,"{'runs': '1', 'wins': '0'}",9,Alexander So
Sha Tin,09:35,Jordan Hcp (C3) (Handicap) (Turf),,7f,,3yo+,,"£99,295",12,Flash Current,5,gelding,10,11,Jimmy Ting,Harry Bentley,t,False,121,63,89,,21,,Went close over C&D in January; can threaten if he gets a good pace to aim at,Lost out only by a short head over C&D in January and both subsequent runs were perfectly respectable; can threaten if this race is run to suit his usual patient tactics.,,,,True,6%,7f,2,[],2020-09-30,1137787,88632,"{'runs': '8', 'wins': '2'}",1540,13,False,C T Chan,671961,6%,,False,15,,917922,8%,-216.14,15%,NZ,13,https://www.racingpost.com/racecards/416/sha-tin/2026-04-12/917922,7020679/flash-current,211157,Hong Kong,24,-306.25,Flat,416,Thano,7020679,[],AUS,1190,Turf,2026-04-12,1071306,"{'runs': '6', 'wins': '1'}",818,B,-2.50,7,NZ,ARG,,7020678,,False,G,Derryn,False,Shimmer N Shine,2,35035,52,+8.00,,,False,Good,2,"{'runs': '12', 'wins': '2'}",69,Hermitage
Sha Tin,09:35,Jordan Hcp (C3) (Handicap) (Turf),,7f,,3yo+,,"£99,295",12,Positive Smile,5,gelding,11,7,David A Hayes,M L Yeung,tb,False,120,62,85,,18,,Dual Class 4 winner in January but has found things tough since upped in grade,"Struck form in January, winning twice over C&D in Class 4, but has found things much tougher in this higher grade on his last two outings.",,,,True,4%,7f,1,"[{'trainer': 'Ben & JD Hayes', 'trainer_id': 38569, 'change_date': '2024-10-14'}]",2020-11-24,27672,88300,"{'runs': '13', 'wins': '1'}",1540,31,False,M R Ormond,509318,8%,,False,3,,917922,0%,-650.76,3%,NZ,31,https://www.racingpost.com/racecards/416/sha-tin/2026-04-12/917922,5184144/positive-smile,244164,Hong Kong,23,-142.68,Flat,416,Redoutes Choice,5184144,[],USA,987,Turf,2026-04-12,681421,"{'runs': '8', 'wins': '2'}",1585,B,-23.00,7,AUS,AUS,,5184143,Lindsay Park Bloodstock & L Lee (2024-10-14),False,G,Per Incanto,False,Eva Godiva,0,3550,126,-29.95,,,False,Good,1,"{'runs': '13', 'wins': '2'}",44,Lee Lit Lung
Sha Tin,09:35,Jordan Hcp (C3) (Handicap) (Turf),,7f,,3yo+,,"£99,295",12,Refusetobeenglish,4,gelding,12,10,P C Ng,Andrea Atzeni,tb,False,120,62,91,,21,,Ran quite well over 6f last month and looks well worth another crack at 7f,0-9 in Hong Kong but looked unlucky not to finish closer than fifth over 6f here last month and has been shaping as though well worth another crack at 7f.,,,,True,9%,7f,0,[],2021-08-31,1099373,87349,"{'runs': '4', 'wins': '0'}",1540,24,False,Goodson & Perron Family Trust,632831,8%,,False,0,,917922,11%,-522.24,0%,NZ,24,https://www.racingpost.com/racecards/416/sha-tin/2026-04-12/917922,8183785/refusetobeenglish,362576,Hong Kong,35,-229.77,Flat,416,Darci Brahma,8183785,[],IRE,1028,Turf,2026-04-12,906477,"{'runs': '1', 'wins': '0'}",1357,B,+1.60,7,NZ,NZ,,846423,,False,G,Churchill,False,Irish Fling,4,39762,111,-24.00,,,False,Good,0,"{'runs': '3', 'wins': '0'}",92,24/25 Pierre Ng Pang Chi Trainer Syndicate
Sha Tin,10:10,Parkes Hcp (C3) (Handicap) (Turf),,6f,,3yo+,,"£99,295",12,Crossborderpegasus,4,gelding,1,11,J Size,James Orman,tb,False,134,79,90,,101,,Ran well from tough draw on seasonal debut; off three months since; drawn wide again,3-5 during his first season (all wins over C&D) and did well to finish second to progressive rival from stall 12 here on belated reappearance outing in January; absent for another three months since and drawn wide again but still goes on the shortlist.,,,,True,7%,6f,2,[],2021-09-28,1063365,94434,"{'runs': '4', 'wins': '1'}",1320,22,False,Makybe Racing & Breeding,1715787,12%,,False,9,,917923,8%,-226.63,9%,AUS,22,https://www.racingpost.com/racecards/416/sha-tin/2026-04-12/917923,7148017/crossborderpegasus,354964,Hong Kong,26,-67.10,Flat,416,Fighting Sun,7148017,[],AUS,355,Turf,2026-04-12,868881,"{'runs': '5', 'wins': '3'}",1845,BR,-16.10,6,AUS,AUS,,2774343,,False,G,Rich Enuff,False,Super Flare,2,12739,219,-11.40,,,False,Good,2,"{'runs': '6', 'wins': '3'}",24,Wu Haibo
Sha Tin,10:10,Parkes Hcp (C3) (Handicap) (Turf),,6f,,3yo+,,"£99,295",12,Smart Golf,4,gelding,2,4,F C Lor,Harry Bentley,t,False,132,76,86,,28,,Made virtually all over C&D last month and is now 3-5; good chance,Made virtually all from double-digit stall over C&D last month and is now 3-5; another 7lb higher today but better drawn this time and probably still on the upgrade; good chance.,,,,True,6%,6f,2,[],2021-10-05,1136961,88632,"{'runs': '4', 'wins': '2'}",1320,31,False,Armidale Stud Pty Ltd,577888,9%,,False,6,,917923,8%,-360.81,6%,AUS,31,https://www.racingpost.com/racecards/416/sha-tin/2026-04-12/917923,8463768/smart-golf,216232,Hong Kong,24,-306.25,Flat,416,Exceed And Excel,8463768,[],AUS,1190,Turf,2026-04-12,782003,"{'runs': '4', 'wins': '3'}",1650,B,-2.50,6,AUS,AUS,,8463767,,False,G,Needs Further,False,Aimless,2,33689,156,-24.90,,,False,Good,2,"{'runs': '5', 'wins': '3'}",69,Jackie Wong See Sum
Sha Tin,10:10,Parkes Hcp (C3) (Handicap) (Turf),,6f,,3yo+,,"£99,295",12,Young Emperor,5,gelding,3,6,David Eustace,L J Ferraris,t,False,131,75,90,,21,,In the frame over C&D on last two starts; may yet have a bigger run in him,Still 6lb higher than when winning by a short head over C&D in January but has made the frame here on his last two outings and may yet have a bigger performance in him.,"2024-05-11 | Young Emperor | 5353791 | Declan Landy Fencing Handicap | 867761 | Naas | 192 | 6 | 1305 | Eclipse Emerald is a nice horse and is improving with racing. I thought he'd nearly win at the Curragh the other day but he just got a little bit tired. He's a burly horse so the more racing he gets, the fitter he will get. Hopefully he can progress into a nice sprinter - Fozzy Stack, trainer.",,,True,7%,6f,4,"[{'trainer': 'J A Stack', 'trainer_id': 33059, 'change_date': '2024-07-05'}]",2021-05-23,1109593,98196,"{'runs': '6', 'wins': '2'}",1320,26,False,Mr Iman Hartono,107700,8%,,False,15,,917923,6%,-70.24,15%,IRE,26,https://www.racingpost.com/racecards/416/sha-tin/2026-04-12/917923,5353791/young-emperor,178562,Hong Kong,17,-195.06,Flat,416,Pivotal,5353791,[],IRE,1146,Turf,2026-04-12,657462,"{'runs': '12', 'wins': '3'}",439,B,-10.00,6,USA,GB,,2948069,Iman Hartono (2024-07-05),False,G,Holy Roman Emperor,False,Emirate Jewel,1,41761,36,+0.50,,,False,Good,4,"{'runs': '4', 'wins': '1'}",76,HKJC Racing Club Limited
Sha Tin,10:10,Parkes Hcp (C3) (Handicap) (Turf),,6f,,3yo+,,"£99,295",12,Jumbo Treasure,5,gelding,4,5,W K Mo,Nichola Yuen,tp,False,129,73,86,,32,,Front-runner who has a useful 10lb claimer enlisted; can make a bold bid,Front-runner who won three times over C&D in 2025; arrives here in good form and useful 10lb claimer Nichola Yuen is enlisted; can make a bold bid.,,,,True,17%,6f,0,[],2020-10-13,1075515,102829,"{'runs': '8', 'wins': '3'}",1320,23,False,SF Bloodstock LLC,588470,7%,,False,0,,917923,17%,-161.35,0%,AUS,23,https://www.racingpost.com/racecards/416/sha-tin/2026-04-12/917923,7117336/jumbo-treasure,354710,Hong Kong,12,-4.60,Flat,416,Artie Schiller,7117336,[],AUS,12,Turf,2026-04-12,633815,"{'runs': '10', 'wins': '3'}",673,CH,-4.60,6,AUS,USA,10,804381,,False,G,Written Tycoon,False,Secret Liaison,2,40731,45,-23.00,,10,False,Good,0,"{'runs': '9', 'wins': '3'}",2,Billy Chan Chun Kit
Sha Tin,10:10,Parkes Hcp (C3) (Handicap) (Turf),,6f,,3yo+,,"£99,295",12,Chill Buddy,4,gelding,5,1,P F Yiu,Andrea Atzeni,t,False,128,72,89,,57,,Opened HK account over C&D in February; might be vulnerable after 6lb rise,"Largely consistent 4yo who came good in Hong Kong at the eighth attempt, over C&D in February; might be a shade vulnerable after a 6lb rise but can't grumble about his draw.",,,,True,9%,6f,3,[],2021-11-10,1108885,87349,"{'runs': '3', 'wins': '0'}",1320,19,False,T Scales,544249,10%,,False,16,,917923,11%,-70.09,16%,AUS,19,https://www.racingpost.com/racecards/416/sha-tin/2026-04-12/917923,7834582/chill-buddy,360111,Hong Kong,35,-229.77,Flat,416,Viscount,7834582,[],AUS,1028,Turf,2026-04-12,903909,"{'runs': '4', 'wins': '1'}",1416,BR,+1.60,6,AUS,AUS,,882907,,False,G,Flying Artie,False,Ouija,4,13936,141,-10.50,,,False,Good,3,"{'runs': '7', 'wins': '1'}",92,Tony Lo Chin Ho
Sha Tin,10:10,Parkes Hcp (C3) (Handicap) (Turf),,6f,,3yo+,,"£99,295",12,Turquoise Velocity,4,gelding,6,9,K W Lui,M L Yeung,,False,128,72,83,,28,,Flopped badly on his second start but won his other three races,"Flopped badly on his second start but won his other three races, most recently when dead-heating over C&D last month; usually ridden prominently; probably still has more to offer.",,,,True,4%,6f,2,[],2021-09-15,1083830,88300,"{'runs': '2', 'wins': '1'}",1320,24,False,T R Ryan,519563,11%,,False,8,,917923,0%,-211.24,8%,AUS,24,https://www.racingpost.com/racecards/416/sha-tin/2026-04-12/917923,8565877/turquoise-velocity,257534,Hong Kong,23,-142.68,Flat,416,Commands,8565877,[],AUS,987,Turf,2026-04-12,837877,"{'runs': '0', 'wins': '0'}",1429,BB,-23.00,6,AUS,AUS,,832314,,False,G,Zoustar,False,Calming Influence,0,12762,160,+17.50,,,False,Good,2,"{'runs': '4', 'wins': '3'}",44,Tang Ming Hei
Sha Tin,10:10,Parkes Hcp (C3) (Handicap) (Turf),,6f,,3yo+,,"£99,295",12,The Unique Star,4,gelding,7,12,Brett Crawford,Karis Teetan,,False,127,71,91,,28,,"Runner-up on HK debut but two lesser efforts followed, and he's drawn wide today",Runner-up on Hong Kong debut in January (5f) but two lesser efforts have followed (6f/5f) and he's drawn wide today.,,,,True,9%,6f,1,"[{'trainer': 'Todd Smart', 'trainer_id': 30232, 'change_date': '2026-01-17'}]",2021-08-26,1135069,88634,"{'runs': '2', 'wins': '0'}",1320,19,False,Mrs A Freedman,561466,9%,,False,5,,917923,0%,+6.50,5%,AUS,19,https://www.racingpost.com/racecards/416/sha-tin/2026-04-12/917923,7643411/the-unique-star,366910,Hong Kong,30,-511.49,Flat,416,Medaglia dOro,7643411,[],IRE,1718,Turf,2026-04-12,888702,"{'runs': '1', 'wins': '0'}",162,B,-30.00,6,AUS,USA,,7643410,B Hall Intel Bloodstock Syndicate & T R Smart (2026-01-17),False,G,Shalaa,False,Miss Louisiana,0,26238,14,+25.00,,,False,Good,1,"{'runs': '3', 'wins': '0'}",153,Sempre Trio Syndicate
Sha Tin,10:10,Parkes Hcp (C3) (Handicap) (Turf),,6f,,3yo+,,"£99,295",12,Master Of All,6,gelding,8,3,W Y So,H T Mo,tb,False,125,69,87,,21,,Began season in good form over 7f but has looked badly out of sorts lately,Began this season in good form over 7f but has looked badly out of sorts in recent months.,,,,True,4%,6f,1,"[{'trainer': 'L Ho', 'trainer_id': 12760, 'change_date': '2023-11-06'}]",2019-09-20,28100,95637,"{'runs': '13', 'wins': '2'}",1320,20,False,Emirates Park Pty Ltd,761072,8%,,False,5,,917923,0%,-66.39,5%,AUS,20,https://www.racingpost.com/racecards/416/sha-tin/2026-04-12/917923,4934595/master-of-all,328262,Hong Kong,10,-183.23,Flat,416,Dream Ahead,4934595,[],IRE,426,Turf,2026-04-12,842791,"{'runs': '10', 'wins': '0'}",1325,B,-10.00,6,AUS,USA,2,1541594,,False,G,Charm Spirit,False,Funoon,0,28673,109,-14.50,,2,False,Good,1,"{'runs': '24', 'wins': '5'}",15,Kendrick Wong Chun Kit
Sha Tin,10:10,Parkes Hcp (C3) (Handicap) (Turf),,6f,,3yo+,,"£99,295",12,New Future Folks,5,gelding,9,10,C W Chang,C Y Ho,tb,False,123,67,90,,28,,Well below best on recent outings and has double-digit draw today,Placed twice over C&D towards end of last year but has been well below that form on recent outings and has double-digit draw today.,,,,True,9%,6f,1,[],2020-09-21,1135209,90687,"{'runs': '9', 'wins': '2'}",1320,18,False,J A OShea,670119,6%,,False,6,,917923,5%,-258.15,6%,NZ,18,https://www.racingpost.com/racecards/416/sha-tin/2026-04-12/917923,6107025/new-future-folks,243710,Hong Kong,22,-333.74,Flat,416,New Approach,6107025,[],AUS,1218,Turf,2026-04-12,597619,"{'runs': '9', 'wins': '0'}",992,B,+12.00,6,AUS,IRE,,2125748,,False,G,Savabeel,False,Kona,1,20011,57,-7.00,,,False,Good,1,"{'runs': '18', 'wins': '2'}",112,So Wing Keung
Sha Tin,10:10,Parkes Hcp (C3) (Handicap) (Turf),,6f,,3yo+,,"£99,295",12,Quantum Legend,3,gelding,10,7,Mark Newnham,Zac Purton,,False,122,66,,,,,Won on debut in New Zealand and Zac Purton is booked for this HK debut,Absent since winning 6f maiden in New Zealand last August but Zac Purton is a notable booking for this Hong Kong debut; market may guide.,,,,True,23%,6f,5,[],2022-10-09,1028565,82339,"{'runs': '0', 'wins': '0'}",1320,25,False,G S A Bloodstock Pty Ltd,509318,9%,,False,20,,917923,10%,-221.44,20%,AUS,25,https://www.racingpost.com/racecards/416/sha-tin/2026-04-12/917923,9092803/quantum-legend,370790,Hong Kong,42,-293.62,Flat,416,Redoutes Choice,9092803,[],AUS,1792,Turf,2026-04-12,2455790,"{'runs': '0', 'wins': '0'}",731,BR,-27.25,6,AUS,AUS,,2165389,,False,G,Castelvecchio,False,First Tier,4,32247,69,+7.70,,,False,Good,5,"{'runs': '0', 'wins': '0'}",417,Thundering Ten Syndicate
Sha Tin,10:10,Parkes Hcp (C3) (Handicap) (Turf),,6f,,3yo+,,"£99,295",12,My Mars,3,gelding,11,8,David A Hayes,Brenton Avdulla,,False,120,64,88,,197,,0-5 as a 2yo in Ireland but showed some fairly useful form over 6f,0-5 as a 2yo in Ireland but showed some fairly useful form over 6f; makes Hong Kong debut after 197-day absence.,,,,True,7%,6f,1,"[{'trainer': 'Diego Dias', 'trainer_id': 40485, 'change_date': '2026-04-11'}]",2023-03-28,1138782,88939,"{'runs': '2', 'wins': '0'}",1320,31,False,MA Bloodstock,531769,8%,,False,3,,917923,0%,-650.76,3%,IRE,31,https://www.racingpost.com/racecards/416/sha-tin/2026-04-12/917923,7677620/my-mars,370791,Hong Kong,17,-276.43,Flat,416,Galileo,7677620,[],GB,927,Turf,2026-04-12,1969796,"{'runs': '3', 'wins': '0'}",1585,B,-17.00,6,IRE,IRE,,3626701,Stem Racing Syndicate (2026-04-11),False,G,Advertise,False,For Henry,0,3550,126,-29.95,,,True,Good,1,"{'runs': '0', 'wins': '0'}",69,Stars Syndicate
Sha Tin,10:10,Parkes Hcp (C3) (Handicap) (Turf),,6f,,3yo+,,"£99,295",12,Yee Cheong Glory,5,gelding,12,2,Jamie Richards,Alexis Badel,tp,False,120,64,86,,18,,In the frame in this higher grade since last month's C&D win; more needed again,Doubled Hong Kong tally with emphatic Class 4 C&D win last month and came from a long way off the pace to make the frame in this higher grade a fortnight ago; evidently in good nick but needs to kick on again today.,,,,True,7%,6f,1,[],2020-09-26,1129392,85541,"{'runs': '8', 'wins': '2'}",1320,14,False,Ggaj Bloodstock,641932,6%,,False,7,,917923,14%,-409.10,7%,AUS,14,https://www.racingpost.com/racecards/416/sha-tin/2026-04-12/917923,7073217/yee-cheong-glory,282625,Hong Kong,29,-504.14,Flat,416,Henny Hughes,7073217,[],IRE,1437,Turf,2026-04-12,803082,"{'runs': '7', 'wins': '2'}",801,GR,-2.10,6,AUS,USA,,1730768,Choi Hiu Fung (2025-10-09),False,G,Puissance De Lune,False,Hughes My Daddy,4,35043,48,-1.00,,,False,Good,1,"{'runs': '8', 'wins': '2'}",97,Choi Hiu Fung & Choi Yu So Fong
Sha Tin,10:10,Parkes Hcp (C3) (Handicap) (Turf),,6f,,3yo+,,"£99,295",12,Do You Just,3,gelding,13,13,A S Cruz,,tp,False,121,65,88,,14,,Posted two respectable efforts over 7f last month but this trip is not ideal,Reserve; posted two respectable efforts over 7f last month and remains unexposed in Hong Kong after only four starts but this drop back in trip is probably not in his favour.,,,,True,,6f,3,"[{'trainer': 'Lance OSullivan & Andrew Scott', 'trainer_id': 18644, 'change_date': '2026-01-02'}]",2022-08-25,1107826,,"{'runs': '2', 'wins': '0'}",1320,29,False,Chesapeake Thoroughbreds,577888,7%,,True,10,,917923,,-530.84,10%,AUS,29,https://www.racingpost.com/racecards/416/sha-tin/2026-04-12/917923,6803044/do-you-just,366308,Hong Kong,,,Flat,416,Exceed And Excel,6803044,[],NZ,,Turf,2026-04-12,742548,"{'runs': '0', 'wins': '0'}",1689,BR,,6,AUS,AUS,,4566566,T Doyle Forest Partnership Et Al (2026-01-02),False,G,So You Think,False,Estijmaam,,12767,126,-10.10,,,False,Good,3,"{'runs': '3', 'wins': '0'}",,Speed Legend Syndicate
Sha Tin,10:10,Parkes Hcp (C3) (Handicap) (Turf),,6f,,3yo+,,"£99,295",12,Cornerstone,4,gelding,14,14,C H Yip,,,False,116,60,83,,28,,Safely held over C&D on all three Hong Kong starts and eligible for a drop in grade,Reserve; safely held over C&D on all three Hong Kong starts and eligible for a drop in grade now.,,,,True,,6f,2,[],2021-10-05,1111417,,"{'runs': '2', 'wins': '0'}",1320,28,False,Dr J Mulholland,72069,6%,,True,7,,917923,,-160.39,7%,AUS,28,https://www.racingpost.com/racecards/416/sha-tin/2026-04-12/917923,8463785/cornerstone,365130,Hong Kong,,,Flat,416,Brief Truce,8463785,[],IRE,,Turf,2026-04-12,800174,"{'runs': '3', 'wins': '0'}",1171,CH,,6,AUS,USA,,900865,,False,G,Toronado,False,Petite Briefs,,15856,71,-7.60,,,False,Good,2,"{'runs': '3', 'wins': '0'}",,24/25 Dennis C H Yip Trainer Syndicate
Sha Tin,10:45,Pilkem Hcp (C2) (Handicap) (Turf),,6f,,3yo+,,"£151,611",12,Colourful King,4,gelding,1,12,David Eustace,Zac Purton,t,False,135,100,109,,25,,"Progressive over 5f/6f this season; respected, despite wide draw","Progressive over 5f/6f this season and probably still on a good mark (denied clear run when only sixth on latest outing); needs to be taken very seriously, despite his wide draw.",,,,True,23%,6f,4,"[{'trainer': 'Mathew Ellerton', 'trainer_id': 13195, 'change_date': '2025-02-13'}]",2021-09-17,1098075,82339,"{'runs': '9', 'wins': '3'}",1320,26,False,Hesket Bloodstock,73085,8%,,False,15,,917924,10%,-70.24,15%,AUS,26,https://www.racingpost.com/racecards/416/sha-tin/2026-04-12/917924,5839967/colourful-king,303701,Hong Kong,42,-293.62,Flat,416,Maroof,5839967,[],IRE,1792,Turf,2026-04-12,1025027,"{'runs': '4', 'wins': '0'}",439,B,-27.25,6,NZ,USA,,796063,Hesket Bloodstock (2025-02-13),False,G,Blue Point,False,Hard Rider,4,41761,36,+0.50,,,False,Good,4,"{'runs': '5', 'wins': '1'}",417,Gan Wee Sean
Sha Tin,10:45,Pilkem Hcp (C2) (Handicap) (Turf),,6f,,3yo+,,"£151,611",12,Sky Trust,5,gelding,2,9,C Fownes,Joao Moreira,t,False,133,98,106,,14,,Didn't fire last time but generally in good form this season; Joao Moreira rides,Dual C&D winner this season; didn't fire on latest outing but was second to a smart rival here two starts ago and will be dangerous under Joao Moreira if quickly back on song.,,,,True,17%,6f,4,[],2020-08-25,1129288,84921,"{'runs': '13', 'wins': '2'}",1320,29,False,Lustre Lodge,577888,7%,,False,14,,917924,44%,-383.89,14%,AUS,29,https://www.racingpost.com/racecards/416/sha-tin/2026-04-12/917924,5598826/sky-trust,340069,Hong Kong,9,-106.74,Flat,416,Exceed And Excel,5598826,[],NZ,314,Turf,2026-04-12,742548,"{'runs': '8', 'wins': '3'}",1338,BR,+9.30,6,AUS,AUS,,2623706,,False,G,So You Think,False,Humble,4,16095,96,-10.70,,,False,Good,4,"{'runs': '27', 'wins': '6'}",52,Bryan Kwan Hon Ming Jessica Kwan Mun Hang Et Al
Sha Tin,10:45,Pilkem Hcp (C2) (Handicap) (Turf),,6f,,3yo+,,"£151,611",12,Gorgeous Win,5,gelding,3,11,C S Shum,James Orman,t,False,130,95,109,,21,,Drops back to his optimum trip but remains on a tough mark,Gained his latest win on dirt but he's also fully effective on turf; drops back to optimum trip after two down-the-field runs (1m/7f) but remains on a tough mark.,,,,True,7%,6f,1,[],2020-09-04,1117450,94434,"{'runs': '24', 'wins': '5'}",1320,18,False,Sledmere Stud Pty Ltd,566073,8%,,False,6,,917924,8%,-357.18,6%,AUS,18,https://www.racingpost.com/racecards/416/sha-tin/2026-04-12/917924,5445563/gorgeous-win,284490,Hong Kong,26,-67.10,Flat,416,Refuse To Bend,5445563,[],AUS,355,Turf,2026-04-12,887517,"{'runs': '28', 'wins': '6'}",1225,B,-16.10,6,AUS,IRE,,989967,,False,G,Press Statement,False,Hollywell,2,16058,100,-8.00,,,False,Good,1,"{'runs': '30', 'wins': '6'}",24,Yip Kong Wah
Sha Tin,10:45,Pilkem Hcp (C2) (Handicap) (Turf),,6f,,3yo+,,"£151,611",12,Self Improvement,6,gelding,4,2,K L Man,Britney Wong,tb,False,130,95,110,,57,,Group 3 winner in South Korea this season but safely held in two HK handicaps since,"Won dirt Group 3 in South Korea in September but was safely held on both local starts this season, and struggled when sent to Saudi Arabia for a Group 2 in February; others have more pressing claims.",,,,True,9%,6f,1,"[{'trainer': 'Chris Waller', 'trainer_id': 13495, 'change_date': '2023-06-01'}]",2019-09-24,1103406,103216,"{'runs': '4', 'wins': '1'}",1320,21,False,A R Bell Racing,751815,8%,,False,5,,917924,8%,-152.23,5%,AUS,21,https://www.racingpost.com/racecards/416/sha-tin/2026-04-12/917924,4490986/self-improvement,364083,Hong Kong,13,+1.40,Flat,416,Star Witness,4490986,[],AUS,274,Turf,2026-04-12,872464,"{'runs': '32', 'wins': '6'}",1261,B,-3.00,6,AUS,AUS,7,3523536,Wong Chung Yin & Wong Lai Ngor (2025-10-31)||Orbis Bloodstock (2023-06-01),False,G,Deep Field,False,Jerrys Witness,1,12787,106,-17.10,,7,False,Good,1,"{'runs': '29', 'wins': '4'}",25,Wong Chung Yin Wong Lai Ngor & Wilson Wong Chun Wing
Sha Tin,10:45,Pilkem Hcp (C2) (Handicap) (Turf),,6f,,3yo+,,"£151,611",12,Crimson Flash,4,gelding,5,3,Mark Newnham,Andrea Atzeni,b,False,127,92,103,,25,,Exploited favourable draw at Happy Valley last month and is now 4-12 in Hong Kong,Exploited favourable draw when scoring at Happy Valley last month and is now 4-12 in Hong Kong; seemed to enjoy the run of the race there and is 7lb higher here but he's well drawn again and further progress is possible.,,,,True,9%,6f,5,"[{'trainer': 'Blake Ryan', 'trainer_id': 38489, 'change_date': '2025-01-23'}]",2021-10-10,1115277,87349,"{'runs': '6', 'wins': '1'}",1320,25,False,Mrs B A Holland,633793,9%,,False,20,,917924,11%,-221.44,20%,AUS,25,https://www.racingpost.com/racecards/416/sha-tin/2026-04-12/917924,6193179/crimson-flash,274263,Hong Kong,35,-229.77,Flat,416,Domesday,6193179,[],AUS,1028,Turf,2026-04-12,1157527,"{'runs': '7', 'wins': '3'}",731,B,+1.60,6,AUS,AUS,,885384,Barlaine Racing Syndicate (2025-01-23),False,G,Showtime,False,Damselle,4,32247,69,+7.70,,,False,Good,5,"{'runs': '8', 'wins': '1'}",92,Beauty And The Best Syndicate
Sha Tin,10:45,Pilkem Hcp (C2) (Handicap) (Turf),,6f,,3yo+,,"£151,611",12,Magic Control,5,gelding,6,10,W K Mo,K C Leung,t,False,126,91,115,,25,,Regressive 5yo; weakened out of contention last time and has tough draw today,Well handicapped on some of his early-season form but this regressive 5yo weakened out of contention at Happy Valley last month and has a double-digit draw here.,,,,True,7%,6f,0,"[{'trainer': 'Jamie Richards', 'trainer_id': 35043, 'change_date': '2024-09-12'}, {'trainer': 'Matt Laurie', 'trainer_id': 22113, 'change_date': '2024-06-10'}]",2020-10-30,5871,88536,"{'runs': '19', 'wins': '4'}",1320,23,False,P Johnson,619619,7%,,False,0,,917924,10%,-161.35,0%,AUS,23,https://www.racingpost.com/racecards/416/sha-tin/2026-04-12/917924,4990318/magic-control,345742,Hong Kong,21,-258.47,Flat,416,Not A Single Doubt,4990318,[],USA,1359,Turf,2026-04-12,1417665,"{'runs': '14', 'wins': '1'}",673,CH,-10.10,6,AUS,AUS,,781972,Carringbush Park Syndicate Miss K A Brideoake & M D Laurie (2024-06-10),False,G,Sioux Nation,False,Jackpot Queen,2,40731,45,-23.00,,,False,Good,0,"{'runs': '20', 'wins': '3'}",99,Sim Tze Shiong
Sha Tin,10:45,Pilkem Hcp (C2) (Handicap) (Turf),,6f,,3yo+,,"£151,611",12,Young Champion,6,gelding,7,7,J Size,Hugh Bowman,b,False,126,91,117,,14,,Held on well for deserved C&D win last month but 6lb rise demands more from him,Placed three consecutive times before holding on by a neck for deserved C&D win last month; ought to give another good account but is not so well drawn today and recent 6lb rise demands more from him.,"2023-05-07 | Young Champion | 4640738 | John R Fitzpatrick Agricultural Contractor Maiden | 840222 | Leopardstown | 187 | 7 | 1590 | Sharlouk is improving. He's still learning but he travels like a very good horse. He has an engine and he will improve with racing. He's not too bad - Johnny Murtagh, trainer.",,,True,12%,6f,2,"[{'trainer': 'J P Murtagh', 'trainer_id': 28180, 'change_date': '2024-02-01'}]",2020-02-03,22522,79529,"{'runs': '16', 'wins': '2'}",1320,22,False,His Highness The Aga Khans Studs S C,107700,12%,,False,9,,917924,10%,-226.63,9%,IRE,22,https://www.racingpost.com/racecards/416/sha-tin/2026-04-12/917924,4640738/young-champion,178562,Hong Kong,31,-255.60,Flat,416,Pivotal,4640738,[],AUS,1186,Turf,2026-04-12,837877,"{'runs': '8', 'wins': '1'}",1845,CH,+20.60,6,IRE,GB,,1085646,H H Aga Khan (2024-02-01),False,G,Zoustar,False,Sharliyna,3,12739,219,-11.40,,,False,Good,2,"{'runs': '26', 'wins': '4'}",137,HKJC Racing Club Limited
Sha Tin,10:45,Pilkem Hcp (C2) (Handicap) (Turf),,6f,,3yo+,,"£151,611",12,Victor The Winner,7,gelding,8,4,P C Ng,M L Yeung,t,False,122,87,114,,14,,C&D Group 1 winner in his prime but badly out of form this season,C&D Group 1 winner in his prime but badly out of form this season; needs to turn a corner.,,,,True,4%,6f,0,"[{'trainer': 'David Eustace', 'trainer_id': 41761, 'change_date': '2026-01-02'}, {'trainer': 'C S Shum', 'trainer_id': 16058, 'change_date': '2025-01-16'}]",2018-09-05,1079876,88300,"{'runs': '20', 'wins': '5'}",1320,24,False,A Sangster,450464,8%,,False,0,,917924,0%,-522.24,0%,AUS,24,https://www.racingpost.com/racecards/416/sha-tin/2026-04-12/917924,4568784/victor-the-winner,258757,Hong Kong,23,-142.68,Flat,416,Cape Cross,4568784,[],IRE,987,Turf,2026-04-12,800174,"{'runs': '26', 'wins': '7'}",1357,BB,-23.00,6,AUS,IRE,,768666,,False,G,Toronado,False,Noetic,0,39762,111,-24.00,,,False,Good,0,"{'runs': '31', 'wins': '7'}",44,Chu Yun Lau
Sha Tin,10:45,Pilkem Hcp (C2) (Handicap) (Turf),,6f,,3yo+,,"£151,611",12,Rising Force,4,gelding,9,8,P F Yiu,Richard Kingscote,,False,118,82,108,,14,,Readily made all over C&D last month and has now won two of his last four,Improving 4yo who readily made all over C&D last month and has now won two of his last four; latest 9lb rise enforces this rise in grade but he still features prominently in calculations.,,,,True,4%,6f,3,[],2021-10-08,1123641,83554,"{'runs': '2', 'wins': '1'}",1320,19,False,C W Kwok,704777,10%,,False,16,,917924,14%,-70.09,16%,NZ,19,https://www.racingpost.com/racecards/416/sha-tin/2026-04-12/917924,7324687/rising-force,337155,Hong Kong,21,-173.05,Flat,416,Sebring,7324687,[],AUS,247,Turf,2026-04-12,872464,"{'runs': '7', 'wins': '3'}",1416,B,+4.30,6,AUS,AUS,,3425637,,False,G,Deep Field,False,On The Que Tee,3,13936,141,-10.50,,,False,Good,3,"{'runs': '7', 'wins': '3'}",9,Tai Woon Shing & Chan Koon Man
Sha Tin,10:45,Pilkem Hcp (C2) (Handicap) (Turf),,6f,,3yo+,,"£151,611",12,Chateauneuf,5,gelding,10,6,David A Hayes,Lyle Hewitson,tb,False,117,81,109,,14,,Back on a workable mark now but recent efforts have been substandard,Now only 2lb higher than when winning at Happy Valley in November but recent efforts have been substandard and he needs to up his game.,,,,True,7%,6f,1,[],2020-09-10,1024711,95383,"{'runs': '16', 'wins': '3'}",1320,31,False,R J Crabtree,597619,8%,,False,3,,917924,5%,-650.76,3%,AUS,31,https://www.racingpost.com/racecards/416/sha-tin/2026-04-12/917924,5676531/chateauneuf,116730,Hong Kong,21,-341.11,Flat,416,Savabeel,5676531,[],AUS,1419,Turf,2026-04-12,596550,"{'runs': '23', 'wins': '4'}",1585,B,-6.00,6,NZ,AUS,,867349,,False,G,Fastnet Rock,False,My Sabeel,1,3550,126,-29.95,,,False,Good,1,"{'runs': '14', 'wins': '1'}",95,Robert Ng
Sha Tin,10:45,Pilkem Hcp (C2) (Handicap) (Turf),,6f,,3yo+,,"£151,611",12,Galactic Voyage,4,gelding,11,5,K W Lui,Alexis Badel,,False,117,81,107,,14,,Dual C&D winner this year and held his own when recently upped to this grade,Low-mileage 4yo who won twice over C&D in February/March and was respectable fifth behind Young Champion here when upped to this grade a fortnight ago; effectively 2lb lower today and may still have a bigger run in him.,,,,True,7%,6f,2,[],2021-09-18,1070539,85541,"{'runs': '4', 'wins': '2'}",1320,24,False,P A Ibbotson,753334,11%,,False,8,,917924,14%,-211.24,8%,AUS,24,https://www.racingpost.com/racecards/416/sha-tin/2026-04-12/917924,8565879/galactic-voyage,367817,Hong Kong,29,-504.14,Flat,416,Hinchinbrook,8565879,[],AUS,1437,Turf,2026-04-12,994414,"{'runs': '5', 'wins': '2'}",1429,BR,-2.10,6,AUS,AUS,,4884968,Mr & Mrs Lam Ngai (2026-02-07),False,G,Impending,False,Sandida,4,12762,160,+17.50,,,False,Good,2,"{'runs': '5', 'wins': '2'}",97,Mr & Mrs Lam Ngai And Emily Lam Huen
Sha Tin,10:45,Pilkem Hcp (C2) (Handicap) (Turf),,6f,,3yo+,,"£151,611",12,Pakistan Legacy,5,gelding,12,1,W Y So,Karis Teetan,tv,False,116,81,108,,21,,In-form 5yo who is still quite lightly raced for his age; a possible,In-form 5yo who scored over C&D last month and ran well in defeat off new mark three weeks later; up in grade today but still quite lightly raced for his age and has the inside stall; no surprise if he features.,,,,True,9%,6f,1,[],2020-09-16,1074740,88634,"{'runs': '6', 'wins': '2'}",1320,20,False,G P Nolan,655411,8%,,False,5,,917924,0%,-66.39,5%,AUS,20,https://www.racingpost.com/racecards/416/sha-tin/2026-04-12/917924,6957197/pakistan-legacy,353561,Hong Kong,30,-511.49,Flat,416,Casino Prince,6957197,[],AUS,1718,Turf,2026-04-12,806961,"{'runs': '12', 'wins': '2'}",1325,B,-30.00,6,AUS,AUS,,1998356,,False,G,Epaulette,False,Latitude,0,28673,109,-14.50,,,False,Good,1,"{'runs': '11', 'wins': '2'}",153,Nazir Begum Din & Kareem Din
Sha Tin,10:45,Pilkem Hcp (C2) (Handicap) (Turf),,6f,,3yo+,,"£151,611",12,Son Pak Fu,7,gelding,13,13,A S Cruz,,tb,False,117,82,116,,25,,Not beaten far on latest outing but is on the downgrade now,Reserve; not beaten far when fifth at Happy Valley last month but is on the downgrade now and others in this line-up have much more appealing profiles.,,,,True,,6f,3,"[{'trainer': 'T P Yung', 'trainer_id': 30441, 'change_date': '2024-05-02'}]",2018-09-11,1103248,,"{'runs': '25', 'wins': '6'}",1320,29,False,Sun Bloodstock,596550,7%,,True,10,,917924,,-530.84,10%,AUS,29,https://www.racingpost.com/racecards/416/sha-tin/2026-04-12/917924,4415552/son-pak-fu,273675,Hong Kong,,,Flat,416,Fastnet Rock,4415552,[],AUS,,Turf,2026-04-12,1715787,"{'runs': '35', 'wins': '7'}",1689,B,,6,AUS,AUS,,4415551,,False,G,Fighting Sun,False,Lady Zhao Jun,,12767,126,-10.10,,,False,Good,3,"{'runs': '19', 'wins': '0'}",,Gin Syndicate
Sha Tin,10:45,Pilkem Hcp (C2) (Handicap) (Turf),,6f,,3yo+,,"£151,611",12,Patch Of Stars,4,gelding,14,14,K L Man,,t,False,129,94,110,,14,,In the frame all three starts since his consecutive C&D wins in October/November,"Reserve; in the frame all three starts since his consecutive C&D wins in October/November, losing out only by a neck to Young Champion on latest appearance a fortnight ago; will warrant consideration if he gets a run today.",,,,True,,6f,1,[],2021-10-07,4779,,"{'runs': '10', 'wins': '4'}",1320,21,False,G Harvey,486733,8%,,True,5,,917924,,-152.23,5%,AUS,21,https://www.racingpost.com/racecards/416/sha-tin/2026-04-12/917924,6706333/patch-of-stars,245330,Hong Kong,,,Flat,416,Mossman,6706333,[],AUS,,Turf,2026-04-12,805807,"{'runs': '8', 'wins': '2'}",1261,B,,6,AUS,AUS,,5676575,,False,G,All Too Hard,False,Tuscany Lady,,12787,106,-17.10,,,False,Good,1,"{'runs': '15', 'wins': '5'}",,Yeung Kin Man
Hanshin,07:40,Oka Sho (Japanese 1000 Guineas) (Grade 1) (Fillies) (Turf),Grade 1,1m,1,3yo,,"£796,643",18,Festival Hill,3,filly,1,1,Hirofumi Shii,Ryusei Sakai,,False,121,,117,,162,,,,,,,False,14%,1m,0,[],2023-01-08,24379,95617,"{'runs': '0', 'wins': '0'}",1760,2,False,Northern Farm,597689,2%,,False,0,,918010,33%,-57.70,0%,JPN,2,https://www.racingpost.com/racecards/491/hanshin/2026-04-12/918010,8039799/festival-hill,61956,Japan,9,-64.30,Flat,491,Hearts Cry,8039799,[],JPN,250,Turf,2026-04-12,2420090,"{'runs': '1', 'wins': '0'}",81,CH,+9.20,8,JPN,JPN,,2556255,,False,F,Saturnalia,False,Museum Hill,3,38207,2,-2.00,,,False,Good,0,"{'runs': '0', 'wins': '0'}",36,Katsumi Yoshida
Hanshin,07:40,Oka Sho (Japanese 1000 Guineas) (Grade 1) (Fillies) (Turf),Grade 1,1m,1,3yo,,"£796,643",18,Saint Antoine,3,filly,2,2,Yuichi Shikato,Kiwamu Ogino,,False,121,,113,,36,,,,,,,False,3%,1m,0,[],2023-02-04,24379,96445,"{'runs': '0', 'wins': '0'}",1760,3,False,Northern Farm,707148,9%,,False,0,,918010,0%,-14.10,0%,JPN,3,https://www.racingpost.com/racecards/491/hanshin/2026-04-12/918010,7691615/saint-antoine,61956,Japan,3,-47.80,Flat,491,Harbinger,7691615,[],USA,62,Turf,2026-04-12,1113711,"{'runs': '2', 'wins': '0'}",22,B,-3.00,8,JPN,GB,,1309620,,False,F,Drefong,False,Sentir,0,11720,2,-3.00,,,False,Good,0,"{'runs': '1', 'wins': '0'}",2,Katsumi Yoshida
Hanshin,07:40,Oka Sho (Japanese 1000 Guineas) (Grade 1) (Fillies) (Turf),Grade 1,1m,1,3yo,,"£796,643",18,Dear Diamond,3,filly,3,3,Takahisa Tezuka,Keita Tosaki,,False,121,,97,,90,,,,,,,False,4%,1m,0,[],2023-03-06,24379,87221,"{'runs': '0', 'wins': '0'}",1760,1,False,Northern Farm,753533,5%,,False,0,,918010,0%,+2.50,0%,JPN,1,https://www.racingpost.com/racecards/491/hanshin/2026-04-12/918010,7661788/dear-diamond,319160,Japan,3,-22.90,Flat,491,First Dude,7661788,[],JPN,25,Turf,2026-04-12,2420090,"{'runs': '1', 'wins': '0'}",22,B,-3.00,8,USA,USA,,1457977,,False,F,Saturnalia,False,Skye Diamonds,0,16068,1,-1.00,,,False,Good,0,"{'runs': '0', 'wins': '0'}",1,Insel Racing Co Ltd
Hanshin,07:40,Oka Sho (Japanese 1000 Guineas) (Grade 1) (Fillies) (Turf),Grade 1,1m,1,3yo,,"£796,643",18,Elegance Ask,3,filly,4,4,Katsunori Tanaka,Mirai Iwata,,False,121,,117,,42,,,,,,,False,10%,1m,1,[],2023-05-01,1071758,99055,"{'runs': '0', 'wins': '0'}",1760,5,False,Toshihiro Hirosaki,597689,9%,,False,20,,918010,14%,-39.50,20%,JPN,5,https://www.racingpost.com/racecards/491/hanshin/2026-04-12/918010,8890818/elegance-ask,233479,Japan,7,-58.90,Flat,491,Hearts Cry,8890818,[],IRE,306,Turf,2026-04-12,3048877,"{'runs': '1', 'wins': '0'}",75,BR,-3.80,8,JPN,JPN,,6560200,,False,F,Poetic Flare,False,Never Hearts,1,38246,7,-3.00,,,False,Good,1,"{'runs': '1', 'wins': '0'}",32,Hirosaki Toshihiro HD Co Ltd
Hanshin,07:40,Oka Sho (Japanese 1000 Guineas) (Grade 1) (Fillies) (Turf),Grade 1,1m,1,3yo,,"£796,643",18,Garavogue,3,filly,5,5,Haruki Sugiyama,Atsuya Nishimura,,False,121,,126,,57,,,,,,,False,5%,1m,0,[],2023-01-26,101160,97943,"{'runs': '1', 'wins': '0'}",1760,4,False,K I Farm,533285,12%,,False,0,,918010,10%,-39.90,0%,JPN,4,https://www.racingpost.com/racecards/491/hanshin/2026-04-12/918010,7970649/garavogue,123927,Japan,10,-91.50,Flat,491,Sligo Bay,7970649,[],JPN,148,Turf,2026-04-12,799195,"{'runs': '2', 'wins': '0'}",107,B,-8.90,8,CAN,IRE,,841272,,False,F,Lord Kanaloa,False,Lexie Lou,1,33957,13,-4.00,,,False,Good,0,"{'runs': '1', 'wins': '0'}",8,Lord Horse Club Co Ltd
Hanshin,07:40,Oka Sho (Japanese 1000 Guineas) (Grade 1) (Fillies) (Turf),Grade 1,1m,1,3yo,,"£796,643",18,I Need You,3,filly,6,6,Keiji Yoshimura,Yuga Kawada,,False,121,,120,,36,,,,,,,False,28%,1m,0,[],2023-03-07,1058803,85694,"{'runs': '0', 'wins': '0'}",1760,3,False,Darley Japan Farm,671451,10%,,False,0,,918010,14%,-37.40,0%,JPN,4,https://www.racingpost.com/racecards/491/hanshin/2026-04-12/918010,7966276/i-need-you,49845,Japan,7,-7.80,Flat,491,Hard Spun,7966276,[],JPN,178,Turf,2026-04-12,926197,"{'runs': '1', 'wins': '0'}",88,B,-5.40,8,JPN,USA,,2208509,,False,F,Fine Needle,False,Predicament,1,26922,9,-4.00,,,False,Good,0,"{'runs': '1', 'wins': '0'}",49,Godolphin
Hanshin,07:40,Oka Sho (Japanese 1000 Guineas) (Grade 1) (Fillies) (Turf),Grade 1,1m,1,3yo,,"£796,643",18,Alankar,3,filly,7,7,Takashi Saito,Yutaka Take,,False,121,,121,,42,,,,,,,False,10%,1m,1,[],2023-02-17,1045164,10407,"{'runs': '0', 'wins': '0'}",1760,3,False,Northern Racing,636099,14%,,False,33,,918010,0%,+50.60,33%,JPN,3,https://www.racingpost.com/racecards/491/hanshin/2026-04-12/918010,8309195/alankar,92509,Japan,7,-33.40,Flat,491,Deep Impact,8309195,[],JPN,186,Turf,2026-04-12,827127,"{'runs': '3', 'wins': '1'}",98,B,-7.00,8,JPN,JPN,,966782,,False,F,Epiphaneia,False,Sinhalite,0,32510,14,-0.50,,,False,Good,1,"{'runs': '3', 'wins': '1'}",19,Carrot Farm Co Ltd
Hanshin,07:40,Oka Sho (Japanese 1000 Guineas) (Grade 1) (Fillies) (Turf),Grade 1,1m,1,3yo,,"£796,643",18,Longing Celine,3,filly,8,8,Masahiro Takeuchi,Shu Ishibashi,,False,121,,119,,22,,,,,,,False,10%,1m,0,[],2023-03-09,17322,97818,"{'runs': '0', 'wins': '0'}",1760,3,False,Shadai Farm,597691,8%,,False,0,,918010,0%,-6.20,0%,JPN,2,https://www.racingpost.com/racecards/491/hanshin/2026-04-12/918010,8570668/longing-celine,185327,Japan,5,+55.50,Flat,491,Daiwa Major,8570668,[],JPN,20,Turf,2026-04-12,848838,"{'runs': '0', 'wins': '0'}",13,GR,-5.00,8,JPN,JPN,,4165223,,False,F,Maurice,False,Passenger Ship,0,30986,1,-2.00,,,False,Good,0,"{'runs': '0', 'wins': '0'}",2,Koichi Sakamoto
Hanshin,07:40,Oka Sho (Japanese 1000 Guineas) (Grade 1) (Fillies) (Turf),Grade 1,1m,1,3yo,,"£796,643",18,Rule The Wave,3,filly,9,9,Keisuke Miyata,Yusuke Hara,,False,121,,107,,106,,,,,,,False,0%,1m,0,[],2023-02-07,24379,100161,"{'runs': '0', 'wins': '0'}",1760,3,False,Northern Farm,636099,8%,,False,33,,918010,33%,-8.00,-,JPN,0,https://www.racingpost.com/racecards/491/hanshin/2026-04-12/918010,8602735/rule-the-wave,196925,Japan,3,-6.00,Flat,491,Deep Impact,8602735,[],JPN,6,Turf,2026-04-12,799195,"{'runs': '1', 'wins': '1'}",12,B,+41.00,8,JPN,JPN,,4847305,,False,F,Lord Kanaloa,False,Rule Britannia,1,37258,1,0.00,,,False,Good,1,"{'runs': '0', 'wins': '0'}",0,Ryoichi Otsuka
Hanshin,07:40,Oka Sho (Japanese 1000 Guineas) (Grade 1) (Fillies) (Turf),Grade 1,1m,1,3yo,,"£796,643",18,Namura Cosmos,3,filly,10,10,Yuki Ohashi,Kanta Taguchi,,False,121,,122,,42,,,,,,,False,5%,1m,0,[],2023-03-21,1100442,102573,"{'runs': '0', 'wins': '0'}",1760,0,False,Mutsuhiro Namura,729666,5%,,False,,,918010,0%,-44.60,-,JPN,0,https://www.racingpost.com/racecards/491/hanshin/2026-04-12/918010,8120501/namura-cosmos,236258,Japan,2,-77.70,Flat,491,Jo Cappuccino,8120501,[],JPN,146,Turf,2026-04-12,1657533,"{'runs': '1', 'wins': '0'}",77,GR,-2.00,8,JPN,JPN,,3699059,,False,F,Danon Premium,False,Namura Lycoris,0,20356,4,0.00,,,False,Good,0,"{'runs': '3', 'wins': '0'}",8,Mutsuhiro Namura
Hanshin,07:40,Oka Sho (Japanese 1000 Guineas) (Grade 1) (Fillies) (Turf),Grade 1,1m,1,3yo,,"£796,643",18,Zippy Tune,3,filly,11,11,Toru Hayashi,Yuichi Kitamura,,False,121,,120,,57,,,,,,,False,8%,1m,1,[],2023-04-10,17322,87092,"{'runs': '0', 'wins': '0'}",1760,3,False,Shadai Farm,534987,0%,,False,33,,918010,14%,-6.00,50%,JPN,2,https://www.racingpost.com/racecards/491/hanshin/2026-04-12/918010,8821474/zippy-tune,49259,Japan,7,-49.10,Flat,491,City Zip,8821474,[],JPN,133,Turf,2026-04-12,799195,"{'runs': '1', 'wins': '0'}",6,B,-4.50,8,USA,USA,,895045,,False,F,Lord Kanaloa,False,Zipessa,1,34588,0,+3.00,,,False,Good,1,"{'runs': '0', 'wins': '0'}",11,Teruya Yoshida
Hanshin,07:40,Oka Sho (Japanese 1000 Guineas) (Grade 1) (Fillies) (Turf),Grade 1,1m,1,3yo,,"£796,643",18,Sweet Happiness,3,filly,12,12,Yoshihito Kitade,Riki Takasugi,,False,121,,125,,64,,,,,,,False,2%,1m,0,[],2023-04-04,1056163,103439,"{'runs': '0', 'wins': '0'}",1760,4,False,Hirayama Bokujo,742579,5%,,False,0,,918010,0%,-14.40,-,JPN,0,https://www.racingpost.com/racecards/491/hanshin/2026-04-12/918010,8277398/sweet-happiness,310122,Japan,8,-61.80,Flat,491,Workforce,8277398,[],JPN,64,Turf,2026-04-12,771328,"{'runs': '3', 'wins': '2'}",80,CH,-8.00,8,JPN,GB,,2571518,North Hills Co Ltd (2025-12-12),False,F,Real Impact,False,Jurar,0,21109,4,0.00,,,False,Good,0,"{'runs': '1', 'wins': '0'}",1,Kodai Maeda
Hanshin,07:40,Oka Sho (Japanese 1000 Guineas) (Grade 1) (Fillies) (Turf),Grade 1,1m,1,3yo,,"£796,643",18,Lily Joie,3,filly,13,13,Koshiro Take,Suguru Hamanaka,,False,121,,124,,85,,,,,,,False,9%,1m,0,[],2023-01-12,24379,87390,"{'runs': '0', 'wins': '0'}",1760,1,False,Northern Farm,599593,8%,,False,100,,918010,0%,-9.50,-,JPN,0,https://www.racingpost.com/racecards/491/hanshin/2026-04-12/918010,8693206/lily-joie,257150,Japan,4,-19.50,Flat,491,King Kamehameha,8693206,[],JPN,98,Turf,2026-04-12,3369976,"{'runs': '0', 'wins': '0'}",48,BB,-4.00,8,JPN,JPN,,2783713,,False,F,Silver State,False,Desafiante,0,34459,4,0.00,,,False,Good,1,"{'runs': '0', 'wins': '0'}",9,G Riviere Racing Co Ltd
Hanshin,07:40,Oka Sho (Japanese 1000 Guineas) (Grade 1) (Fillies) (Turf),Grade 1,1m,1,3yo,,"£796,643",18,Dream Core,3,filly,14,14,Kiyoshi Hagiwara,Christophe-Patrice Lemaire,,False,121,,126,,57,,,,,,,False,16%,1m,0,[],2023-02-05,1045164,76137,"{'runs': '0', 'wins': '0'}",1760,1,False,Northern Racing,707148,0%,,False,0,,918010,43%,-2.00,0%,JPN,1,https://www.racingpost.com/racecards/491/hanshin/2026-04-12/918010,8821469/dream-core,61956,Japan,7,-18.20,Flat,491,Harbinger,8821469,[],JPN,67,Turf,2026-04-12,827128,"{'runs': '1', 'wins': '1'}",2,B,+1.30,8,JPN,GB,,1884792,,False,F,Kizuna,False,Normcore,3,14230,0,-1.00,,,False,Good,0,"{'runs': '0', 'wins': '0'}",11,Katsumi Yoshida
Hanshin,07:40,Oka Sho (Japanese 1000 Guineas) (Grade 1) (Fillies) (Turf),Grade 1,1m,1,3yo,,"£796,643",18,Star Anise,3,filly,15,15,Tomokazu Takano,Kohei Matsuyama,,False,121,,130,,119,,,,,,,False,12%,1m,0,[],2023-02-04,24379,88678,"{'runs': '0', 'wins': '0'}",1760,4,False,Northern Farm,597691,14%,,False,0,,918010,10%,-33.40,0%,JPN,4,https://www.racingpost.com/racecards/491/hanshin/2026-04-12/918010,7762432/star-anise,61956,Japan,10,-51.10,Flat,491,Daiwa Major,7762432,[],USA,249,Turf,2026-04-12,1113711,"{'runs': '1', 'wins': '1'}",76,CH,-6.00,8,JPN,JPN,,792807,,False,F,Drefong,False,Epice Arome,1,24821,11,-4.00,,,False,Good,0,"{'runs': '1', 'wins': '1'}",29,Katsumi Yoshida
Hanshin,07:40,Oka Sho (Japanese 1000 Guineas) (Grade 1) (Fillies) (Turf),Grade 1,1m,1,3yo,,"£796,643",18,Shonan Charis,3,filly,16,16,Shizuya Kato,Kenichi Ikezoe,,False,121,,116,,36,,,,,,,False,7%,1m,1,[],2023-02-09,24379,78387,"{'runs': '0', 'wins': '0'}",1760,3,False,Northern Farm,868021,0%,,False,33,,918010,0%,-11.00,100%,JPN,1,https://www.racingpost.com/racecards/491/hanshin/2026-04-12/918010,8352731/shonan-charis,171185,Japan,2,+5.40,Flat,491,American Pharoah,8352731,[],JPN,164,Turf,2026-04-12,879597,"{'runs': '1', 'wins': '0'}",11,B,-2.00,8,USA,USA,,3303791,,False,F,Real Steel,False,Russian Samovar,0,35763,0,+9.60,,,False,Good,1,"{'runs': '2', 'wins': '0'}",11,Tetsuhide Kunimoto
Hanshin,07:40,Oka Sho (Japanese 1000 Guineas) (Grade 1) (Fillies) (Turf),Grade 1,1m,1,3yo,,"£796,643",18,Black Chalice,3,filly,17,17,Koshiro Take,Akihide Tsumura,,False,121,,118,,91,,,,,,,False,0%,1m,0,[],2023-04-18,24379,87143,"{'runs': '0', 'wins': '0'}",1760,1,False,Northern Farm,855431,8%,,False,100,,918010,0%,-9.50,-,JPN,0,https://www.racingpost.com/racecards/491/hanshin/2026-04-12/918010,7878390/black-chalice,292177,Japan,6,-16.00,Flat,491,To The World,7878390,[],JPN,16,Turf,2026-04-12,883627,"{'runs': '1', 'wins': '1'}",48,B,-6.00,8,JPN,JPN,,3097426,,False,F,Kitasan Black,False,Gold Chalice,0,34459,4,0.00,,,False,Good,1,"{'runs': '0', 'wins': '0'}",0,Field Racing
Hanshin,07:40,Oka Sho (Japanese 1000 Guineas) (Grade 1) (Fillies) (Turf),Grade 1,1m,1,3yo,,"£796,643",18,Presepio,3,filly,18,18,Kazuhide Sasada,Akatsuki Tomita,,False,121,,111,,36,,,,,,,False,6%,1m,0,[],2023-01-30,17322,96524,"{'runs': '0', 'wins': '0'}",1760,2,False,Shadai Farm,827127,8%,,False,0,,918010,0%,-5.20,0%,JPN,1,https://www.racingpost.com/racecards/491/hanshin/2026-04-12/918010,8530063/presepio,122261,Japan,4,+81.50,Flat,491,Epiphaneia,8530063,[],JPN,99,Turf,2026-04-12,758650,"{'runs': '0', 'wins': '0'}",52,B,-4.00,8,JPN,JPN,,3360063,,False,F,Pas De Trois,False,Panettone,0,22407,4,-1.00,,,False,Good,0,"{'runs': '1', 'wins': '0'}",6,Chizu Yoshida
Longchamp,12:58,Prix Jacques Laffitte (Listed Race) (Turf),Listed,1m1½f,1,4yo+,,"£20,696",7,Liberty Lane,6,gelding,1,6,K R Burke,Clifford Lee,,False,130,,127,,162,04341-,,,"2025-11-01 | Liberty Lane | 4175305 | German Group One Racecourses James Seymour Stakes (Listed Race) | 904313 | Newmarket | 38 | 10 | 2200 | I didn't do a whole lot really. Liberty Lane jumped, got himself into a lovely rhythm and hit the line really well. He's a really honest and genuine horse. They didn't go that quickly and I wanted him rolling before the Dip, and he met the rising ground and really relished going up the hill. He loves it here and he loves the ground, so he's very straightforward - jockey Shane Gray, speaking on Racing TV.||2025-05-23 | Liberty Lane | 4175305 | BetGoodwin Festival Stakes (Listed Race) | 893871 | Goodwood | 21 | 10 | 2177 | Liberty Lane won the Cambridgeshire off top weight, but this was probably the best performance of his career so far. He's improving and I think he'll stay further than this too. I knew cantering to the start that he'd enjoy this. He travels so well and is a lovely, big horse. We can look forward to the rest of the season now and he can be a keen horse, but at the three-pole I thought I had everything put to bed - Clifford Lee, jockey, speaking to Racing TV.||2024-09-28 | Liberty Lane | 4175305 | bet365 Cambridgeshire (Heritage Handicap) | 873968 | Newmarket | 38 | 9 | 1980 | I was a bit worried at halfway as they looked like they had it on the stands' side, but I had walked the course yesterday and I was convinced that's not where you wanted to be. The ground was 100 per cent the reason Liberty Lane didn't perform in the race last year, as he wants a bit of juice in the ground to be able to get into a rhythm. I ran him in the Dante as a three-year-old and he was always running a bit free as a younger horse but he's always been a good horse - Karl Burke, trainer.||2024-05-04 | Liberty Lane | 4175305 | William Hill Suffolk Stakes (Heritage Handicap) | 863447 | Newmarket | 38 | 9 | 1980 | Liberty Lane was sick after the Lincoln and scoped very dirty. The only reasons I ran him today were because I knew Sheikh Obaid would be here and it was a hundred grand race that we had entered early in. He had been coming back to himself in recent days but I didn't expect that. He's learning to relax in his races now as he was always very keen. Clifford gave him a lovely ride today and he will improve for that - Karl Burke, trainer.||2023-09-16 | Liberty Lane | 4175305 | Hippo Pro 3 Sealant Handicap | 847663 | Doncaster | 15 | 8 | 1760 | All Liberty Lane does is gallop. I always thought soft ground and a mile is what he wants - Clifford Lee, jockey.||2022-10-05 | Liberty Lane | 4175305 | British EBF Future Stayers Oath Novice Stakes (Sire And Dam Restricted Race) (GBB Race) | 820658 | Nottingham | 40 | 8.5 | 1835 | That felt very good, Liberty Lane travelled well throughout and relished the ease in the ground. He's a lovely horse, tries hard and had been working really well at home. He's a big colt but he's so chilled out and relaxes really nicely. Lucy (Burke) has been riding him a lot at home and I'd galloped him a few times; he's progressed really nicely - Clifford Lee, jockey.","Liberty Lane | 4175305 | He's come out of his win at Goodwood really well and will probably run in the Wolferton if there's a little bit of juice in the ground. 12-06-25||Liberty Lane | 4175305 | A beautiful colt and, after winning his only start last year at Nottingham by five lengths, we put him away for the winter. On his return at Newmarket earlier this month I thought he would take some beating, but it could be that trying to concede 7lb to Waipiro will look to have been some task as I thought the winner looked smart on the day. I had wanted to run him at Newbury later that week as I felt the course would suit him more but I saw Sheikh Obaid had two other entries so I opted for Newmarket, although I know the Sheikh would not have minded where I ran him. We will look for a Derby trial if we can get some ground on the easy side. 07-05-23",54.84,False,9%,1m1f55y,3,[],2020-03-16,15520,93480,"{'runs': '6', 'wins': '1'}",2035,32,False,Sheikh Mohammed Obaid Al Maktoum,450464,10%,,False,9,,917999,7%,-16.10,10%,IRE,31,https://www.racingpost.com/racecards/211/longchamp/2026-04-12/917999,4175305/liberty-lane,367414,"Coverham, North Yorkshire",15,-5.60,Flat,211,Cape Cross,4175305,[],IRE,11,Turf,2026-04-12,649434,"{'runs': '6', 'wins': '2'}",30,B,-12.75,9.5,IRE,IRE,,1702741,Sheikh Mohammed Obaid Al Maktoum (2026-03-26),False,G,Teofilo,False,Cape Liberty,1,5019,3,-21.84,,,False,Good To Soft,3,"{'runs': '0', 'wins': '0'}",1,Exors Of The Late Sheikh Mohammed Obaid
Longchamp,12:58,Prix Jacques Laffitte (Listed Race) (Turf),Listed,1m1½f,1,4yo+,,"£20,696",7,Matauri Bay,4,colt,2,3,Gerald Mosse,Cristian Demuro,,False,126,,117,,,,,,,,0,False,12%,1m1f55y,1,"[{'trainer': 'Ralph Beckett', 'trainer_id': 13917, 'change_date': '2025-10-31'}]",2022-05-05,1111919,88850,"{'runs': '0', 'wins': '0'}",2035,10,False,Ecurie Des Charmes & Ballylinch Stud,589733,17%,,False,10,,917999,12%,+19.60,10%,IRE,10,https://www.racingpost.com/racecards/211/longchamp/2026-04-12/917999,6260993/matauri-bay,268477,France,49,-126.20,Flat,211,Hurricane Run,6260993,"[{'date': '2024-11-29', 'type': 'Wind Surgery'}]",IRE,594,Turf,2026-04-12,740981,"{'runs': '0', 'wins': '0'}",29,B,+0.70,9.5,IRE,IRE,,814833,Ballylinch Stud & Ecurie Des Charmes (2026-03-07)||Valmont Ballylinch & Ecurie Des Charmes (2025-10-31),False,C,Lope De Vega,False,Matauri Pearl,6,41805,5,+1.00,,,False,Good To Soft,1,"{'runs': '0', 'wins': '0'}",72,Ballylinch Stud & Ecurie Des Charmes
Longchamp,12:58,Prix Jacques Laffitte (Listed Race) (Turf),Listed,1m1½f,1,4yo+,,"£20,696",7,Casapueblo,5,gelding,3,5,A Fabre,Alexis Pouchin,t,False,126,,124,,,,,,,,75,False,12%,1m1f55y,7,[],2021-04-26,1126405,95774,"{'runs': '5', 'wins': '1'}",2035,44,False,E Puerari & Ecurie Ades Hazan,663655,16%,,False,16,,917999,9%,-67.70,16%,IRE,44,https://www.racingpost.com/racecards/211/longchamp/2026-04-12/917999,5309169/casapueblo,95175,"Chantilly, France",46,+71.20,Flat,211,Authorized,5309169,[],IRE,401,Turf,2026-04-12,717364,"{'runs': '4', 'wins': '3'}",426,B,-20.00,9.5,IRE,IRE,,815224,,False,G,Le Havre,False,Uruguay,4,1093,67,-14.00,,,False,Good To Soft,7,"{'runs': '5', 'wins': '0'}",48,Godolphin SNC
Longchamp,12:58,Prix Jacques Laffitte (Listed Race) (Turf),Listed,1m1½f,1,4yo+,,"£20,696",7,Involvement,5,gelding,4,4,Simon & Ed Crisford,Mickael Barzalona,,False,126,,120,,37,435/01,,,"2026-03-06 | Involvement | 5329819 | Downtown Dash (Handicap) (Turf) | 914910 | Meydan | 1231 | 9.5 | 2090 | I didn't ride Involvement last time but I had a kind draw here, the pace picked up some way out and everything was smooth - Silvestre De Sousa, jockey, speaking to Racing Dubai.||2024-07-12 | Involvement | 5329819 | bet365 Handicap (Heritage Handicap) | 869450 | Newmarket (July) | 174 | 10 | 2200 | Involvement has won it really well and stepping him up to a mile and a quarter made the difference. The Britannia didn't really play to his abilities but we've always held this horse in very high regard and I think he can keep improving - Simon Crisford, joint trainer.||2023-09-27 | Involvement | 5329819 | British EBF Supports Racing To School Future Stayers Maiden Stakes (Sire & Dam Restricted) (GBB) | 848528 | Redcar | 47 | 7 | 1540 | That was a pleasing start and Involvement picked up really nicely. He's got no targets at this stage and we'll see how he is over the next few weeks and make a plan from there - Ed Crisford, joint-trainer.",,44.44,False,18%,1m1f55y,2,[],2021-04-13,15520,87600,"{'runs': '0', 'wins': '0'}",2035,10,False,Sheikh Mohammed Obaid Al Maktoum,589690,36%,,False,20,,917999,23%,+3.40,22%,GB,9,https://www.racingpost.com/racecards/211/longchamp/2026-04-12/917999,5329819/involvement,145099,"Newmarket, Suffolk",39,+61.30,Flat,211,Dubawi,5329819,[],IRE,595,Turf,2026-04-12,740981,"{'runs': '2', 'wins': '1'}",11,B,-5.90,9.5,GB,IRE,,853138,,False,G,Lope De Vega,False,Lady Of Dubai,9,37478,4,-1.00,,,False,Good To Soft,2,"{'runs': '0', 'wins': '0'}",106,Sultan Ali
Longchamp,12:58,Prix Jacques Laffitte (Listed Race) (Turf),Listed,1m1½f,1,4yo+,,"£20,696",7,Diego Ventura,4,gelding,5,1,Hamad Al Jehani,James Doyle,,False,126,,125,,161,42533-,,,"2025-06-06 | Diego Ventura | 6202561 | Nyetimber Surrey Stakes (Listed Race) | 895047 | Epsom | 17 | 7 | 1543 | It's a bit sticky out there, a bit dead, but not bad [ground]. Mine ran fine, but Diego Ventura was just a bit sleepy for this trip and track. I think he wants more of a stiff seven [furlongs]. - James Doyle, jockey.||2024-09-06 | Diego Ventura | 6202561 | Juddmonte British EBF Restricted Novice Stakes (Bands A, B, C And D) (GBB Race) | 873941 | Ascot | 2 | 6 | 1320 | Diego Ventura shouldn't really have won given the way things unfolded. He had to make up a lot of ground and I had to switch him out to the middle of the track to get a clear run. We then got a bit of a bump from the second, but the fact he has won giving weight away has to be positive - James Doyle, jockey.||2024-07-24 | Diego Ventura | 6202561 | Irish Stallion Farms EBF Maiden | 873211 | Naas | 192 | 6 | 1305 | Diego Ventura is one we liked. He goes very well at home and he was still a bit green here. We'll take him home and make a plan - Gavin Cromwell, trainer",,50,False,8%,1m1f55y,1,"[{'trainer': 'Gavin Cromwell', 'trainer_id': 17836, 'change_date': '2024-08-30'}]",2022-03-08,1130030,6901,"{'runs': '3', 'wins': '1'}",2035,10,False,Sean Ronan & Caroline Hanly,582877,33%,,False,20,,917999,12%,-1.40,25%,IRE,4,https://www.racingpost.com/racecards/211/longchamp/2026-04-12/917999,6202561/diego-ventura,325088,"Newmarket, Suffolk",17,-28.60,Flat,211,Kodiac,6202561,[],IRE,36,Turf,2026-04-12,1004665,"{'runs': '1', 'wins': '0'}",3,B,-10.47,9.5,IRE,GB,,1860205,J R Brennan & Kiva Cromwell (2024-08-30),False,G,Mehmas,False,Leoube,2,25988,1,-1.13,,,True,Good To Soft,2,"{'runs': '1', 'wins': '1'}",3,Wathnan Racing
Longchamp,12:58,Prix Jacques Laffitte (Listed Race) (Turf),Listed,1m1½f,1,4yo+,,"£20,696",7,Frankly Good Cen,4,colt,6,2,Mme Victoria Head,Aurelien Lemaitre,t,False,126,,125,,,,,,,,,False,10%,1m1f55y,1,[],2022-04-29,1125980,84951,"{'runs': '2', 'wins': '0'}",2035,8,False,Yeguada Centurion Sl,642546,8%,,False,13,,917999,8%,-25.70,13%,FR,8,https://www.racingpost.com/racecards/211/longchamp/2026-04-12/917999,6820580/frankly-good-cen,280071,France,25,-7.90,Flat,211,Kentucky Dynamite,6820580,[],GB,386,Turf,2026-04-12,763453,"{'runs': '2', 'wins': '2'}",39,CH,-0.10,9.5,FR,USA,,1491819,,False,C,Frankel,False,Miss Melbourne,2,39447,3,-4.10,,,False,Good To Soft,1,"{'runs': '1', 'wins': '0'}",39,Yeguada Centurion Slu
Longchamp,12:58,Prix Jacques Laffitte (Listed Race) (Turf),Listed,1m1½f,1,4yo+,,"£20,696",7,Divine Chrisnat,6,mare,7,7,C Plisson,Marvin Grandin,,False,122,,112,,,,,,,,,False,5%,1m1f55y,0,[],2020-03-17,1124384,94132,"{'runs': '7', 'wins': '0'}",2035,8,False,M Pehu & C Plisson,639504,2%,,False,0,,917999,15%,-98.30,0%,FR,7,https://www.racingpost.com/racecards/211/longchamp/2026-04-12/917999,4992641/divine-chrisnat,329312,France,26,-33.30,Flat,211,Aussie Rules,4992641,[],IRE,56,Turf,2026-04-12,836579,"{'runs': '3', 'wins': '0'}",123,GR,+62.30,9.5,IRE,USA,,865921,,False,M,Bow Creek,False,Impedimanta,4,13820,3,-7.00,,,False,Good To Soft,0,"{'runs': '6', 'wins': '0'}",3,Michel Pehu & Christophe Plisson
Longchamp,13:33,Prix de la Grotte (Group 3) (Fillies) (Turf),Group 3,1m,1,3yo,,"£31,826",7,Narissa,3,filly,1,6,F-H Graffard,Mickael Barzalona,,False,126,,114,,189,,"Found Green Spirit too good three times at two, but may have improved","Consistent filly who has run over C&D twice, placing in Group company both times, with one of them a career-best in the Prix Marcel Boussac, albeit behind Green Spirit, a filly she's never finished in front of in three meetings; represents a trainer and owner trying to win this for a third straight year, though, and probably handles most ground; entered in the Pouliches and Prix de Diane.",,,28.57,False,18%,1m,6,[],2023-02-11,1139088,87600,"{'runs': '0', 'wins': '0'}",1760,31,False,Aga Khan Studs Sc,717364,20%,,False,23,,918000,23%,-7.90,21%,IRE,29,https://www.racingpost.com/racecards/211/longchamp/2026-04-12/918000,7653169/narissa,358092,France,39,+61.30,Flat,211,Le Havre,7653169,[],FR,595,Turf,2026-04-12,733304,"{'runs': '2', 'wins': '0'}",322,B,-5.90,8,FR,IRE,,3906250,,False,F,Siyouni,False,Narmeen,9,26118,65,-11.00,,,False,Good To Soft,7,"{'runs': '2', 'wins': '0'}",106,Aga Khan Studs SCEA
Longchamp,13:33,Prix de la Grotte (Group 3) (Fillies) (Turf),Group 3,1m,1,3yo,,"£31,826",7,Evolutionist,3,filly,2,2,K R Burke,Shane Foley,,False,126,,114,,184,4133-,Has plenty of nice form but only raced on a quick surface so far; interesting,"Brings across some solid British form, finishing third in both the 7f Group Debutante Stakes (after landing a Newmarket mile maiden) before filling the same position in the Group 1 Fillies' Mile when last seen; stays trip fine but only run in good ground or quicker; entered in lots of top races in both France and in Britain.","2025-10-10 | Evolutionist | 7718166 | bet365 Fillies' Mile (Group 1) | 900012 | Newmarket | 38 | 8 | 1760 | Evolutionist missed the break a bit which may have cost us second in the end but she wouldn't have won. She's a nice prospect for next year - Karl Burke, trainer.","Evolutionist | 7718166 | A very nice filly who did very little wrong last year and has strong form, including finishing third behind Precise in the Fillies' Mile. She goes to France for a trial and is in the three Guineas. 31-03-26",54.84,False,10%,1m,3,[],2023-03-02,1031477,86349,"{'runs': '0', 'wins': '0'}",1760,32,False,Gigginstown House,736110,10%,,False,9,,918000,0%,-16.10,10%,IRE,31,https://www.racingpost.com/racecards/211/longchamp/2026-04-12/918000,7718166/evolutionist,365030,"Coverham, North Yorkshire",30,+0.80,Flat,211,Showcasing,7718166,[],IRE,10,Turf,2026-04-12,839502,"{'runs': '2', 'wins': '1'}",30,CH,-30.00,8,GB,GB,,2033276,Zhang Yuesheng (2026-01-07),False,F,Night Of Thunder,False,Model Guest,0,5019,3,-21.84,,,False,Good To Soft,3,"{'runs': '0', 'wins': '0'}",1,Forz Europe Ltd
Longchamp,13:33,Prix de la Grotte (Group 3) (Fillies) (Turf),Group 3,1m,1,3yo,,"£31,826",7,Pierchic,3,filly,3,4,H-A Pantall,Cristian Demuro,,False,126,,99,,16,,Has a race-fitness edge on some of the market principals but tough task,"Joined this trainer from Charlie Appleby (still with Godolphin) after she finished second in a 7f Kempton novice event under a penalty in December; started her time in France with a close second last month on first try over a mile on soft ground, so will at least have a race-fitness edge on some; tough task on the figures, however, and doesn't hold any big-race entries.",,,0,False,12%,1m,2,"[{'trainer': 'Charlie Appleby', 'trainer_id': 28338, 'change_date': '2026-03-26'}]",2023-03-29,24598,88850,"{'runs': '0', 'wins': '0'}",1760,20,False,Godolphin,537646,10%,,False,10,,918000,12%,-103.80,10%,GB,20,https://www.racingpost.com/racecards/211/longchamp/2026-04-12/918000,8290511/pierchic,95175,France,49,-126.20,Flat,211,Street Cry,8290511,[],GB,594,Turf,2026-04-12,2800244,"{'runs': '1', 'wins': '0'}",177,B,+0.70,8,GB,IRE,,851140,Godolphin (2026-03-26),False,F,Palace Pier,False,Tearless,6,11363,17,-15.60,,,False,Good To Soft,2,"{'runs': '0', 'wins': '0'}",72,Godolphin SNC
Longchamp,13:33,Prix de la Grotte (Group 3) (Fillies) (Turf),Group 3,1m,1,3yo,,"£31,826",7,Anashkaya,3,filly,4,1,F-H Graffard,Christophe Soumillon,,False,126,,110,,35,,Won't lack for race-fitness but needs a step foward in form,"Hasn't done any racing above Listed level or on turf but been on the go since November, and won't lack for race-fitness; first win came over 1m1f 110yds on the AW in December, meaning trip is no issue, but is another in the field who needs market principals to under-perform to feature; represents a stable with a good recent record in this, though, and entered in the Pouliches and Prix de Diane.",,,28.57,False,14%,1m,6,[],2023-05-05,1110713,75796,"{'runs': '0', 'wins': '0'}",1760,31,False,Newstead Breeding,546212,20%,,False,23,,918000,11%,-7.90,21%,IRE,29,https://www.racingpost.com/racecards/211/longchamp/2026-04-12/918000,8174768/anashkaya,217717,France,38,-112.00,Flat,211,High Chaparral,8174768,[],AUS,441,Turf,2026-04-12,726295,"{'runs': '2', 'wins': '1'}",322,B,+0.30,8,GB,IRE,,889932,,False,F,Starspangledbanner,False,Karenine,4,26118,65,-11.00,,,False,Good To Soft,7,"{'runs': '0', 'wins': '0'}",60,Alain Jathiere
Longchamp,13:33,Prix de la Grotte (Group 3) (Fillies) (Turf),Group 3,1m,1,3yo,,"£31,826",7,Kendelya,3,filly,5,3,N Caullery,Stephane Pasquier,,False,126,,92,,190,,This looks a hard task on seasonal return for all that she can do better,"Won a mile conditions event at Clairefontaine in August (good to soft) on her third start, but was beaten 24l in a valuable C&D event (very soft) on only run after; more than capable of better but others far easier to like for the win; doesn't hold any big-race entries.",,,0,False,11%,1m,1,[],2023-02-09,1108142,75499,"{'runs': '2', 'wins': '1'}",1760,14,False,Haras Des Trois Chapelles,567732,7%,,False,7,,918000,9%,-92.20,8%,FR,13,https://www.racingpost.com/racecards/211/longchamp/2026-04-12/918000,7793657/kendelya,358068,France,22,-148.00,Flat,211,Dalakhani,7793657,[],GB,429,Turf,2026-04-12,2821451,"{'runs': '3', 'wins': '1'}",164,GR,-12.00,8,FR,IRE,,839190,SAS Ecurie Des Forets (2026-04-11),False,F,Victor Ludorum,False,Aniysa,2,25119,12,-11.00,,,False,Good To Soft,1,"{'runs': '1', 'wins': '0'}",46,SCEA Haras Des Forets
Longchamp,13:33,Prix de la Grotte (Group 3) (Fillies) (Turf),Group 3,1m,1,3yo,,"£31,826",7,Ceramic,3,filly,6,7,Christopher Head,Eddy Hardouin,,False,126,,113,,28,,"Beautifully bred daughter of Lope De Vega, but owner has stronger claims with Green Spirit","Beautifully bred daughter of Lope De Vega, who ran some sound races last year in Group company without winning one, but has a recent run under her belt, a 4l second in a mile Listed event at Saint-Cloud; unexposed at the trip but owner looks to have stronger claims with Green Spirit; entered in the Pouliches.",,,,False,6%,1m,0,[],2023-04-24,10771,88709,"{'runs': '3', 'wins': '1'}",1760,1,False,Wertheimer & Frere,531769,32%,,False,0,,918000,0%,+35.60,0%,IRE,1,https://www.racingpost.com/racecards/211/longchamp/2026-04-12/918000,7865880/ceramic,59934,France,14,-84.10,Flat,211,Galileo,7865880,[],IRE,245,Turf,2026-04-12,740981,"{'runs': '1', 'wins': '0'}",71,CH,-14.00,8,IRE,IRE,,1217945,,False,F,Lope De Vega,False,Terrakova,0,35411,23,-1.00,,,False,Good To Soft,0,"{'runs': '0', 'wins': '0'}",15,Wertheimer & Frere
Longchamp,13:33,Prix de la Grotte (Group 3) (Fillies) (Turf),Group 3,1m,1,3yo,,"£31,826",7,Green Spirit,3,filly,7,5,Christopher Head,Maxime Guyon,,False,126,,119,,189,,Lost unbeaten status in a C&D Group 1 last time; one to beat,"The highest rated of these for good reason, winning four of her five starts as a 2yo, including the C&D Prix d'Aumale from Narissa, before a second, again over C&D, in the Group 1 Prix Marcel Boussac; seems to handle most ground and Christopher Head won this race in 2023; entered in the Pouliches and Prix de Diane; one to beat.","2025-09-11 | Green Spirit | 7570684 | Prix d'Aumale (Group 2) (2yo Fillies) (Grande Course) (Turf) | 903196 | Longchamp | 211 | 8 | 1760 | I adore Green Spirit and she always leaves a deep impression with me. Last time she was able to take a lead before settling the matter with a real show of class and she was impressive again today. I think they went a decent pace there and it was a great preparation for the Marcel Boussac. She always keeps a bit for herself and I hope that will help her last through her career. She is perfect to this point and I don't think deeper ground will be a problem. After a few years of training I've now got some good fillies to compare her with and I think she has a lot going for her with a view to next year. She has shown herself very versatile along with her quality and she learns very quickly so she's a real pleasure to train. She has an incredible turn of foot and she really adapts well to any situation, as you saw there. I can't wait for Arc weekend - Christopher Head, trainer.||2025-08-03 | Green Spirit | 7570684 | Sky Sports Racing Prix Six Perfections - Fonds Europeen de l'Elevage (Group 3) (2yo Fillies) (Round | 901054 | Deauville | 206 | 7 | 1540 | We took a risk keeping Green Spirit at 1,400 metres because she was up against sprinting fillies there, and it will be the last time she runs at that trip. I'm delighted she showed that turn of foot to get it done and she'll now head to the Prix d'Aumale - Christopher Head, trainer.",,,False,16%,1m,0,[],2023-02-01,10771,84879,"{'runs': '2', 'wins': '2'}",1760,1,False,Wertheimer & Frere,104011,32%,,False,0,,918000,18%,+35.60,0%,USA,1,https://www.racingpost.com/racecards/211/longchamp/2026-04-12/918000,7570684/green-spirit,59934,France,45,-63.50,Flat,211,Danehill Dancer,7570684,[],GB,715,Turf,2026-04-12,840020,"{'runs': '2', 'wins': '1'}",71,B,-15.80,8,IRE,IRE,,780084,,False,F,Kingman,False,Sapphire Pendant,8,35411,23,-1.00,,,False,Good To Soft,0,"{'runs': '2', 'wins': '1'}",112,Wertheimer & Frere
Longchamp,14:50,Prix de Fontainebleau (Group 3) (Colts & Geldings) (Turf),Group 3,1m,1,3yo,,"£31,826",8,Talmas,3,colt,1,2,H-A Pantall,Cristian Demuro,,False,128,,73,,31,,Recorded a three-digit RPR when winning on the AW in December; has recent run under belt,"Recorded a three-digit RPR when winning a 7.5f Deauville AW conditions event in December, and ran respectably on his recent return to action at Chantilly over a mile, again on an artificial surface; not dismissed if just second start on turf sees him back to his best; entered in the Poulains and Prix du Jockey Club.",,,0,False,12%,1m,2,[],2023-05-16,1126404,88850,"{'runs': '0', 'wins': '0'}",1760,20,False,Sumbe,695547,10%,,False,10,,918002,12%,-103.80,10%,FR,20,https://www.racingpost.com/racecards/211/longchamp/2026-04-12/918002,8383882/talmas,154370,France,49,-126.20,Flat,211,Sea The Stars,8383882,[],IRE,594,Turf,2026-04-12,2645517,"{'runs': '1', 'wins': '0'}",177,CH,+0.70,8,GB,IRE,,868338,,False,C,Golden Horde,False,Tamasha,6,11363,17,-15.60,,,False,Good To Soft,2,"{'runs': '0', 'wins': '0'}",72,Nurlan Bizakov
Longchamp,14:50,Prix de Fontainebleau (Group 3) (Colts & Geldings) (Turf),Group 3,1m,1,3yo,,"£31,826",8,Dorzal,3,colt,2,5,Dalibor Torok,Antoine Hamelin,,False,128,,104,,154,,"Long odds when winning on debut, but held next time; possibly best fresh","Bolted up as a 75-1 chance when landing a maiden for unraced colts and geldings in October (7.5f, very soft) at Saint-Cloud, but nowhere near that level in a Listed race after that over a bit shorter at the same venue; might be best fresh but a bit to find all the same; entered in the Poulains and Prix du Jockey Club.",,,,False,7%,1m,0,[],2023-03-23,1081099,88642,"{'runs': '0', 'wins': '0'}",1760,2,False,J Travnicek,674543,10%,,False,0,,918002,0%,+14.90,0%,FR,2,https://www.racingpost.com/racecards/211/longchamp/2026-04-12/918002,8236290/dorzal,167652,Czech Republic,15,+28.00,Flat,211,So Long Slew,8236290,[],FR,14,Turf,2026-04-12,965426,"{'runs': '0', 'wins': '0'}",10,B,-15.00,8,FR,USA,,4442114,,False,C,Zelzal,False,Dorotka,0,21827,1,-2.00,,,False,Good To Soft,0,"{'runs': '0', 'wins': '0'}",1,DS Pegas
Longchamp,14:50,Prix de Fontainebleau (Group 3) (Colts & Geldings) (Turf),Group 3,1m,1,3yo,,"£31,826",8,Campacite,3,colt,3,4,J-C Rouget,Marvin Grandin,t,False,128,,121,,168,,"Ran well in two Group 1s last season, one of those over a mile; place chances at least","Progressed throughout juvenile campaign, which saw him land a mile Listed event at Deauville (good to soft) in August before two far bigger efforts in Group 1s, the last seeing him beaten just under 2l in the Criterium International (1m, very soft); sound place chances at least if trained on; entered in the Poulains and Prix du Jockey Club.",,,100,False,5%,1m,1,[],2023-04-01,1079782,94132,"{'runs': '1', 'wins': '1'}",1760,5,False,Guy Pariente Holding,842188,18%,,False,20,,918002,15%,-25.20,20%,FR,5,https://www.racingpost.com/racecards/211/longchamp/2026-04-12/918002,7686926/campacite,363774,"Pau, France",26,-33.30,Flat,211,Galiway,7686926,[],FR,56,Turf,2026-04-12,902739,"{'runs': '3', 'wins': '2'}",168,B,+62.30,8,FR,GB,,2722894,Guy Pariente Holding G Augustin-Normand & Ecurie Friedrider (2026-04-11)||Ecuries Serge Stempniak Ecurie Friedrider et al (2025-10-23),False,C,Zarak,False,Wanaway,4,8358,30,+6.00,,,False,Good To Soft,1,"{'runs': '1', 'wins': '0'}",3,Guy Pariente Holding G Augustin-Normand & Ecurie Friedrider
Longchamp,14:50,Prix de Fontainebleau (Group 3) (Colts & Geldings) (Turf),Group 3,1m,1,3yo,,"£31,826",8,Komorebi,3,colt,4,3,A Fabre,Alexis Pouchin,,False,128,,104,,213,,"Behind Nighttime last time; bred to be smart, so no surprise if he's improved over winter","Enjoyed a consistent 2yo season, which included a couple of wins, one over a mile, but best effort looked to be when second to Nighttime in a 7f Group 3 here when last seen; bred to be smart, so it'll be no big surprise if he's improved for a winter off; seems to handle most ground and entered in the Poulains plus the Prix du Jockey Club.",,,75,False,12%,1m,7,[],2023-04-15,24598,95774,"{'runs': '2', 'wins': '1'}",1760,44,False,Godolphin,537646,16%,,False,16,,918002,9%,-67.70,16%,IRE,44,https://www.racingpost.com/racecards/211/longchamp/2026-04-12/918002,7722771/komorebi,95175,"Chantilly, France",46,+71.20,Flat,211,Street Cry,7722771,[],IRE,401,Turf,2026-04-12,2659940,"{'runs': '1', 'wins': '1'}",426,B,-20.00,8,GB,IRE,,792148,,False,C,Pinatubo,False,Lyric Of Light,4,1093,67,-14.00,,,False,Good To Soft,7,"{'runs': '1', 'wins': '0'}",48,Godolphin SNC
Longchamp,14:50,Prix de Fontainebleau (Group 3) (Colts & Geldings) (Turf),Group 3,1m,1,3yo,,"£31,826",8,Lyneham,3,colt,5,6,C Ferland,Christophe Soumillon,,False,128,,96,,180,,Unbeaten colt with lots of potential; Christophe Soumillon rides for first time,"Unbeaten son of Wootton Bassett, winning two mile races on soft ground last season; this is a much tougher assignment but he has a nice pedigree and is entered in the 2,000 Guineas, the Poulains and the Prix du Jockey Club; Christophe Soumillon rides for first time.",,,100,False,14%,1m,1,[],2023-05-14,1140284,75796,"{'runs': '0', 'wins': '0'}",1760,4,False,Scuderia Waldeck Snc Racing Club Bruno Bard Et Al,544976,13%,,False,25,,918002,11%,-12.00,25%,FR,4,https://www.racingpost.com/racecards/211/longchamp/2026-04-12/918002,8259449/lyneham,363240,France,38,-112.00,Flat,211,Rock Of Gibraltar,8259449,[],GB,441,Turf,2026-04-12,749478,"{'runs': '2', 'wins': '2'}",190,B,+0.30,8,GB,IRE,,890282,,False,C,Wootton Bassett,False,Llanita,4,20391,24,-0.40,,,False,Good To Soft,1,"{'runs': '0', 'wins': '0'}",60,Hollymount Stud France Sc Arthur Hoyeau Et Al
Longchamp,14:50,Prix de Fontainebleau (Group 3) (Colts & Geldings) (Turf),Group 3,1m,1,3yo,,"£31,826",8,Regal Resolve,3,colt,6,8,F-H Graffard,Colin Keane,,False,128,,112,,167,,Only runner to be supplemented; could be capable of plenty more,"Supplemented for this; held on debut  (behind Elastic) but then won twice when switched to the AW at Chantilly, the most recent a 1m1f Listed event in October under Colin Keane; interesting that leading connections have chosen to add him to this race; entered in the Poulains, Prix du Jockey Club and Grand Prix de Paris.",,,28.57,False,0%,1m,6,[],2023-01-24,1115367,89959,"{'runs': '0', 'wins': '0'}",1760,31,False,Sun Bloodstock Sarl,671647,20%,,False,23,,918002,25%,-7.90,21%,GB,29,https://www.racingpost.com/racecards/211/longchamp/2026-04-12/918002,7952208/regal-resolve,301671,France,36,-9.00,Flat,211,Dark Angel,7952208,[],GB,9,Turf,2026-04-12,840020,"{'runs': '0', 'wins': '0'}",322,B,+23.82,8,IRE,IRE,,1530646,,False,C,Kingman,False,Wisdom Mind,9,26118,65,-11.00,,,False,Good To Soft,7,"{'runs': '0', 'wins': '0'}",0,Juddmonte
Longchamp,14:50,Prix de Fontainebleau (Group 3) (Colts & Geldings) (Turf),Group 3,1m,1,3yo,,"£31,826",8,Elastic,3,colt,7,1,C Ferland,Stephane Pasquier,t,False,128,,120,,28,,Has race-fitness on his side after recent win; owner also runs Nighttime,"Finished in front of Regal Resolve on debut and, like that rival, went on to win two races, the most recent of which was a Listed event on heavy at Saint-Cloud in March over a mile; clearly has above-average ability but owner also runs Nighttime, who had better form as a juvenile; entered in the Poulains and Prix du Jockey Club.",,,100,False,11%,1m,1,[],2023-03-20,10771,75499,"{'runs': '0', 'wins': '0'}",1760,4,False,Wertheimer & Frere,531769,13%,,False,25,,918002,9%,-12.00,25%,FR,4,https://www.racingpost.com/racecards/211/longchamp/2026-04-12/918002,7952212/elastic,59934,France,22,-148.00,Flat,211,Galileo,7952212,[],IRE,429,Turf,2026-04-12,740981,"{'runs': '3', 'wins': '2'}",190,B,-12.00,8,IRE,IRE,,886295,,False,C,Lope De Vega,False,Solilea,2,20391,24,-0.40,,,False,Good To Soft,1,"{'runs': '0', 'wins': '0'}",46,Wertheimer & Frere
Longchamp,14:50,Prix de Fontainebleau (Group 3) (Colts & Geldings) (Turf),Group 3,1m,1,3yo,,"£31,826",8,Nighttime,3,colt,8,7,Christopher Head,Maxime Guyon,,False,128,,117,,189,,Enjoyed a good 2yo season and step up in trip should suit; leading chance,"Followed a debut second with three wins, one of them over Komorebi here over 7f (soft ground), but ran easily his best race after that over the same C&D in the Group 1 Prix Jean-Luc Lagardere (Campacite fourth); yet to be tested at a mile but pedigree suggests it will suit; entered in the Poulains and Prix du Jockey Club.","2025-10-05 | Nighttime | 7588001 | Qatar Prix Jean-Luc Lagardere (Group 1) (2yo Colts & Fillies) (New Course) (Turf) | 905001 | Longchamp | 211 | 7 | 1540 | Nighttime is a colt who looks very obviously like he'll enjoy running over further next season, so for him to run that well today was a huge bonus. We've been beaten again by one of Aidan's very good horses. This horse can only grow and strengthen over the winter and he'll be trained for the Prix Jockey Club via the Poule d'Essai, and he's more evidence of the legacy we've been left by Wootton Bassett - Christopher Head, trainer.||2025-09-11 | Nighttime | 7588001 | Prix la Rochette (Group 3) (2yo) (New Course) (Turf) | 903195 | Longchamp | 211 | 7 | 1540 | Nighttime showed today that he has plenty of pace and that he handles this type of ground, both good signs for the future. We already had the Lagardere on his programme and he's shown he has the quality at this trip.  He has the right profile to tackle that race; he has speed and softer ground won't bother him - Christopher Head, trainer.",,,False,16%,1m,0,[],2023-03-09,10771,84879,"{'runs': '1', 'wins': '0'}",1760,1,False,Wertheimer & Frere,763453,32%,,False,0,,918002,18%,+35.60,0%,FR,1,https://www.racingpost.com/racecards/211/longchamp/2026-04-12/918002,7588001/nighttime,59934,France,45,-63.50,Flat,211,Frankel,7588001,[],GB,715,Turf,2026-04-12,749478,"{'runs': '0', 'wins': '0'}",71,B,-15.80,8,GB,GB,,2684092,,False,C,Wootton Bassett,False,Daytime,8,35411,23,-1.00,,,False,Good To Soft,0,"{'runs': '2', 'wins': '1'}",112,Wertheimer & Frere
Longchamp,15:25,Prix Noailles (Group 3) (Turf),Group 3,1m2½f,1,3yo,,"£31,826",9,Mirik,3,colt,1,7,F-H Graffard,Mickael Barzalona,t,False,128,,111,,28,,Has won two of five starts and ran best race when second in Listed event last time; claims,Has won two of five starts and turned in best effort when second to Saint Martin in Listed event over this trip on heavy ground on first run for nearly four months in March;  more exposed than that rival but should give another good account.,,,28.57,False,18%,1m2f110y,6,[],2023-03-24,1048500,87600,"{'runs': '1', 'wins': '0'}",2310,31,False,Haras De S A Aga Khan Scea,450464,20%,,False,23,,918003,23%,-7.90,21%,FR,29,https://www.racingpost.com/racecards/211/longchamp/2026-04-12/918003,8018259/mirik,358092,France,39,+61.30,Flat,211,Cape Cross,8018259,[],USA,595,Turf,2026-04-12,2765614,"{'runs': '1', 'wins': '0'}",322,GR,-5.90,10.5,FR,IRE,,819399,,False,C,Kameko,False,Mila,9,26118,65,-11.00,,,False,Good To Soft,7,"{'runs': '0', 'wins': '0'}",106,Aga Khan Studs SCEA
Longchamp,15:25,Prix Noailles (Group 3) (Turf),Group 3,1m2½f,1,3yo,,"£31,826",9,Space Waltz,3,colt,2,4,A Fabre,Stephane Pasquier,,False,128,,108,,145,,Debut turf winner who has run well in Listed/Group events on AW; claims back on grass,"Debut turf winner who has bettered that form on last two AW starts in Listed and Group company; likely to be suited by the step up to this trip and, although he needs to improve, this French Derby entry should play a role on reappearance.",,,75,False,11%,1m2f110y,7,[],2023-05-09,6683,75499,"{'runs': '0', 'wins': '0'}",2310,44,False,Flaxman Holdings Ltd,636099,16%,,False,16,,918003,9%,-67.70,16%,USA,44,https://www.racingpost.com/racecards/211/longchamp/2026-04-12/918003,8124810/space-waltz,211003,"Chantilly, France",22,-148.00,Flat,211,Deep Impact,8124810,[],USA,429,Turf,2026-04-12,868021,"{'runs': '1', 'wins': '1'}",426,B,-12.00,10.5,IRE,JPN,,3149686,,False,C,American Pharoah,False,Harajuku,2,1093,67,-14.00,,,False,Good To Soft,7,"{'runs': '0', 'wins': '0'}",46,Flaxman Stables Ireland Ltd
Longchamp,15:25,Prix Noailles (Group 3) (Turf),Group 3,1m2½f,1,3yo,,"£31,826",9,Montsecret,3,colt,3,6,Mario Baratti,Cristian Demuro,,False,128,,102,,184,,Useful form in three starts but he'll have to improve to win this on reappearance,"French Derby entry; has shown useful form in three starts and off the mark in conditions event at Compiegne in October; has something to find in this company on reappearance, though.",,,0,False,12%,1m2f110y,2,[],2023-04-12,24015,88850,"{'runs': '0', 'wins': '0'}",2310,16,False,Elevage Haras De Bourgeauville,602494,16%,,False,13,,918003,12%,+21.60,13%,FR,15,https://www.racingpost.com/racecards/211/longchamp/2026-04-12/918003,7952204/montsecret,348007,France,49,-126.20,Flat,211,Footstepsinthesand,7952204,[],FR,594,Turf,2026-04-12,902739,"{'runs': '0', 'wins': '0'}",55,B,+0.70,10.5,FR,GB,,761802,,False,C,Zarak,False,Minakshi,6,36990,9,+0.20,,,False,Good To Soft,2,"{'runs': '0', 'wins': '0'}",72,Al Shaqab Racing Jean-Claude Seroul & G Augustin-Normand
Longchamp,15:25,Prix Noailles (Group 3) (Turf),Group 3,1m2½f,1,3yo,,"£31,826",9,Powai,3,colt,4,1,A Fabre,Alexis Pouchin,,False,128,,96,,209,,Steadily progressive juvenile who needs to improve but should appreciate this longer trip,"Well beaten on his debut run but has won both outings since; likely to appreciate the step up to this trip and, although he needs to improve, he gives trainer (who also has Space Waltz) a strong hand.",,,75,False,12%,1m2f110y,7,[],2023-01-29,1022372,95774,"{'runs': '1', 'wins': '1'}",2310,44,False,Lady Bamford,763453,16%,,False,16,,918003,9%,-67.70,16%,GB,44,https://www.racingpost.com/racecards/211/longchamp/2026-04-12/918003,7806346/powai,95175,"Chantilly, France",46,+71.20,Flat,211,Frankel,7806346,[],GB,401,Turf,2026-04-12,872425,"{'runs': '0', 'wins': '0'}",426,B,-20.00,10.5,GB,GB,,7806356,,False,C,New Bay,False,Mumbai,4,1093,67,-14.00,,,False,Good To Soft,7,"{'runs': '0', 'wins': '0'}",48,Godolphin SNC
Longchamp,15:25,Prix Noailles (Group 3) (Turf),Group 3,1m2½f,1,3yo,,"£31,826",9,Saint Martin,3,colt,5,8,C Escuder,Marvin Grandin,,False,128,,115,,28,,Turned in best effort to beat Mirik over 1m2f in Listed event last time; leading claims,Has improved with every run and turned in best effort when beating Mirik on merit over this trip on heavy ground in a Listed event last time; another French Derby entry and he should give another good account.,,,,False,5%,1m2f110y,0,[],2023-02-02,1063921,94132,"{'runs': '0', 'wins': '0'}",2310,7,False,M Wurtenberger,446691,12%,,False,0,,918003,15%,-3.20,0%,FR,7,https://www.racingpost.com/racecards/211/longchamp/2026-04-12/918003,8953948/saint-martin,370859,France,26,-33.30,Flat,211,Verglas,8953948,[],GB,56,Turf,2026-04-12,851134,"{'runs': '3', 'wins': '2'}",78,B,+62.30,10.5,IRE,IRE,,854530,Bernard Giraudon & Le Marais SAS (2026-04-11),False,C,Time Test,False,Abraxa,4,29574,9,-7.00,,,False,Good To Soft,0,"{'runs': '0', 'wins': '0'}",3,G Pariente Holding Le Marais Sas & Bernard Giraudon
Longchamp,15:25,Prix Noailles (Group 3) (Turf),Group 3,1m2½f,1,3yo,,"£31,826",9,Pearled Majesty,3,colt,6,9,M Delcher Sanchez,Christophe Soumillon,,False,128,,111,,33,,Progressive sort who turned in his best effort when up to this trip last time; claims,Progressive sort/French Derby entry who seemed to appreciate the step up to this trip when beating a reliable yardstick last time; no surprise to see him give another good account in an open event.,,,0,False,14%,1m2f110y,1,[],2023-03-13,1139804,75796,"{'runs': '0', 'wins': '0'}",2310,14,False,Newsells Park Stud & Fittocks Stud Ltd,717364,11%,,False,7,,918003,11%,+6.50,7%,GB,14,https://www.racingpost.com/racecards/211/longchamp/2026-04-12/918003,8062528/pearled-majesty,361576,Spain,38,-112.00,Flat,211,Le Havre,8062528,[],IRE,441,Turf,2026-04-12,2147221,"{'runs': '1', 'wins': '1'}",111,B,+0.30,10.5,FR,IRE,,3106115,,False,C,Persian King,False,Perle DAuge,4,9781,12,+1.00,,,False,Good To Soft,1,"{'runs': '1', 'wins': '0'}",60,Mme Christiane Head & Mauricio Delcher Sanchez
Longchamp,15:25,Prix Noailles (Group 3) (Turf),Group 3,1m2½f,1,3yo,,"£31,826",9,Hardy Warrior,3,colt,7,5,Joseph Patrick OBrien,James Doyle,,False,128,,118,,21,4124-1,Fourth in Saint-Cloud Group 1 in autumn; shaped as though retaining all ability last time,French Guineas/Irish & French Derby entry; fourth to Puerto Rico in Group 1 at Saint-Cloud in October and shaped as though retaining all ability in three-runner conditions event on reappearance; shapes as though he'll be suited by the step up to this trip and he's the pick on figures.,"2026-03-22 | Hardy Warrior | 7551787 | TRM Nutrition Best-Turned-Out Series Back For 2026 Race | 915888 | Naas | 192 | 8 | 1760 | Hardy Warrior has good form in the book. I thought he might need the run today to be honest but he does like soft ground. It's nice to get him started and he'll step back into a group race of some sort now. All of his runs have been good, he didn't have a bad run really and he handles soft ground. I'd say he will [step into a Classic trial], that would be the obvious step for him. Declan said he feels like he'll get ten furlongs anyway - Joseph O'Brien, trainer.",,53.06,False,8%,1m2f110y,6,[],2023-03-12,8165,6901,"{'runs': '0', 'wins': '0'}",2310,52,False,Moyglare Stud Farm,584449,19%,,False,15,,918003,12%,-7.00,14%,IRE,42,https://www.racingpost.com/racecards/211/longchamp/2026-04-12/918003,7551787/hardy-warrior,357924,"Owning Hill, Co Kilkenny",17,-28.60,Flat,211,Iffraaj,7551787,[],IRE,36,Turf,2026-04-12,2659940,"{'runs': '0', 'wins': '0'}",31,CH,-10.47,10.5,IRE,GB,,1495015,,False,C,Pinatubo,False,Hazel Bay,2,32145,6,+24.50,,,False,Good To Soft,8,"{'runs': '0', 'wins': '0'}",3,Millennium Stud Sp. z o.o.
Longchamp,15:25,Prix Noailles (Group 3) (Turf),Group 3,1m2½f,1,3yo,,"£31,826",9,Waybreaker,3,colt,8,2,F-H Graffard,Clement Lecoeuvre,t,False,128,,106,,28,,Group 3 winning juvenile but needs to better form of stable debut/reappearance,Group 3-winning juvenile but soundly beaten behind Saint Martin on first run for new stable last time; will have to fare better this time.,,,28.57,False,8%,1m2f110y,6,"[{'trainer': 'Christopher Head', 'trainer_id': 35411, 'change_date': '2026-03-14'}]",2023-02-07,1123494,93579,"{'runs': '1', 'wins': '0'}",2310,31,False,Oti Management Pty Ltd,641696,20%,,False,23,,918003,9%,-7.90,21%,FR,29,https://www.racingpost.com/racecards/211/longchamp/2026-04-12/918003,7952211/waybreaker,294196,France,35,-38.70,Flat,211,Multiplex,7952211,[],GB,250,Turf,2026-04-12,842188,"{'runs': '3', 'wins': '1'}",322,B,+29.20,10.5,GB,GB,,864357,,False,C,Galiway,False,Ickymasho,3,26118,65,-11.00,,,False,Good To Soft,7,"{'runs': '0', 'wins': '0'}",21,Hisaaki Saito
Longchamp,15:25,Prix Noailles (Group 3) (Turf),Group 3,1m2½f,1,3yo,,"£31,826",9,Zaramix,3,colt,9,3,P & J Brandt,Maxime Guyon,ht,False,128,,101,,28,,Stepped up a fair way on debut form to win over this trip last time but more needed,"Stepped up a fair way on his debut effort to justify favouritism in 1m2f maiden at Saint-Cloud last month; French Derby entry will have to improve again to follow up in this company, though.",,,50,False,16%,1m2f110y,2,[],2023-02-22,1104770,84879,"{'runs': '0', 'wins': '0'}",2310,8,False,Azienda Agricola La Rovere,695547,12%,,False,25,,918003,18%,+62.80,25%,FR,8,https://www.racingpost.com/racecards/211/longchamp/2026-04-12/918003,8753878/zaramix,51374,France,45,-63.50,Flat,211,Sea The Stars,8753878,[],FR,715,Turf,2026-04-12,902739,"{'runs': '1', 'wins': '1'}",113,B,-15.80,10.5,GB,IRE,,1113162,,False,C,Zarak,False,Brodie,8,37518,14,-0.10,,,False,Good To Soft,2,"{'runs': '0', 'wins': '0'}",112,Stall Perlen
Longchamp,16:00,Prix Lord Seymour (Listed Race) (Turf),Listed,1m4f,1,4yo+,,"£20,696",8,Birr Castle,6,gelding,1,1,A Fabre,Marvin Grandin,,False,131,,127,,,,,,"2025-08-20 | Birr Castle | 4522946 | Juddmonte International Stakes (Group 1) | 897468 | York | 107 | 10.5 | 2256 | We were setting good fractions, but not crazy. We got to the line quite well and I'm sure Monsieur Fabre was getting quietly excited. There was silence behind me. I looked under my legs about a furlong before we turned in and saw how far back they were. I took back and got a little breather and let Birr Castle roll away as some sort of target. I wasn't sure if he was going to stop, but he kept going to the line - Robert Havlin, rider.",,75,False,5%,1m4f,7,[],2020-04-23,1024006,94132,"{'runs': '5', 'wins': '0'}",2640,44,False,Francois Rohaut,606964,16%,,False,16,,918004,15%,-67.70,16%,FR,44,https://www.racingpost.com/racecards/211/longchamp/2026-04-12/918004,4522946/birr-castle,95175,"Chantilly, France",26,-33.30,Flat,211,Turtle Bowl,4522946,[],IRE,56,Turf,2026-04-12,890688,"{'runs': '4', 'wins': '1'}",426,B,+62.30,12,FR,IRE,,844241,,False,G,Cloth Of Stars,False,Baki,4,1093,67,-14.00,,,False,Good To Soft,7,"{'runs': '7', 'wins': '0'}",3,Godolphin SNC
Longchamp,16:00,Prix Lord Seymour (Listed Race) (Turf),Listed,1m4f,1,4yo+,,"£20,696",8,Marquisat,6,gelding,2,3,A Fabre,Alexis Pouchin,,False,129,,123,,,,,,"2025-08-09 | Marquisat | 4676208 | Prix Dubai Racing Club (Group 3) (3yo+) (Round Course) (Turf) | 901223 | Deauville | 206 | 12.5 | 2750 | We know Marquisat is high-quality but it was a comeback run and he had to wait a long time for the gap. As Cristian [Demuro] said, he showed his class in a matter of strides. The Grand Prix de Deauville [August 30] is the logical next step but we'll see how he comes out of this race. He's entered and it's not impossible that's where he'll end up - Louise Benard, representing owners Godolphin.",,75,False,12%,1m4f,7,[],2020-02-20,1120204,95774,"{'runs': '4', 'wins': '3'}",2640,44,False,Mark Dixon & Mount Coote Estates,659996,16%,,False,16,,918004,9%,-67.70,16%,IRE,44,https://www.racingpost.com/racecards/211/longchamp/2026-04-12/918004,4676208/marquisat,95175,"Chantilly, France",46,+71.20,Flat,211,Duke Of Marmalade,4676208,[],FR,401,Turf,2026-04-12,902739,"{'runs': '6', 'wins': '2'}",426,B,-20.00,12,IRE,IRE,,3144953,,False,G,Zarak,False,La Marchesa,4,1093,67,-14.00,,,False,Good To Soft,7,"{'runs': '3', 'wins': '1'}",48,Godolphin SNC
Longchamp,16:00,Prix Lord Seymour (Listed Race) (Turf),Listed,1m4f,1,4yo+,,"£20,696",8,Golden Call,7,gelding,3,2,H-A Pantall,Stephane Pasquier,p,False,129,,122,,,,,,,,0,False,11%,1m4f,2,[],2019-01-25,1111609,75499,"{'runs': '10', 'wins': '2'}",2640,20,False,H-A Pantall & Mme Y Pantall,602045,10%,,False,10,,918004,9%,-103.80,10%,FR,20,https://www.racingpost.com/racecards/211/longchamp/2026-04-12/918004,3964522/golden-call,92157,France,22,-148.00,Flat,211,Shamardal,3964522,[],IRE,429,Turf,2026-04-12,802536,"{'runs': '21', 'wins': '6'}",177,B,-12.00,12,IRE,USA,,3964521,,False,G,Havana Gold,False,Bugle Call,2,11363,17,-15.60,,,False,Good To Soft,2,"{'runs': '6', 'wins': '2'}",46,Henri-Alex Pantall
Longchamp,16:00,Prix Lord Seymour (Listed Race) (Turf),Listed,1m4f,1,4yo+,,"£20,696",8,Arabian Force,4,colt,4,6,William Haggas,Christophe Soumillon,,False,126,,126,,191,17233-,,,"2025-04-27 | Arabian Force | 7360551 | Bet With The On-Course Bookmakers Novice Stakes (GBB Race) | 891529 | Wetherby | 87 | 8 | 1760 | At Kempton Arabian Force was very raw and green but he's learned plenty from then. He was a touch slow and I wanted to be on the front end so I've had to ride him quite aggressively early on which probably wasn't ideal but he needed that today to wake him up a little bit. I got a nice breather in him round the bend and had something to aim in the straight and I committed him early as he's going to stay further. He's very tough, we had a challenger on our outside but he knuckled down and, with a bit of ease in the ground and stepping up in trip, you'll see a much better horse. He's only going to progress throughout the year - Cieren Fallon, jockey, speaking to Racing TV.",,40,False,14%,1m4f,1,[],2022-03-06,1050748,75796,"{'runs': '1', 'wins': '0'}",2640,17,False,Rabbah Bloodstock Limited,584449,13%,,False,6,,918004,11%,-10.80,6%,IRE,17,https://www.racingpost.com/racecards/211/longchamp/2026-04-12/918004,7360551/arabian-force,204306,"Newmarket, Suffolk",38,-112.00,Flat,211,Iffraaj,7360551,[],IRE,441,Turf,2026-04-12,740981,"{'runs': '1', 'wins': '0'}",30,CH,+0.30,12,IRE,GB,,4340215,,False,C,Lope De Vega,False,October Queen,4,3415,4,-9.00,,,False,Good To Soft,1,"{'runs': '0', 'wins': '0'}",60,Sheikh Rashid Dalmook Al Maktoum
Longchamp,16:00,Prix Lord Seymour (Listed Race) (Turf),Listed,1m4f,1,4yo+,,"£20,696",8,Daring Prince,5,horse,5,8,S Wattel,Mickael Barzalona,,False,126,,122,,,,,,,,100,False,18%,1m4f,2,[],2021-05-07,1125980,87600,"{'runs': '4', 'wins': '0'}",2640,21,False,Yeguada Centurion Sl,104011,15%,,False,10,,918004,23%,+24.60,10%,GB,21,https://www.racingpost.com/racecards/211/longchamp/2026-04-12/918004,5381827/daring-prince,150294,France,39,+61.30,Flat,211,Danehill Dancer,5381827,[],FR,595,Turf,2026-04-12,902739,"{'runs': '7', 'wins': '1'}",150,B,-5.90,12,FR,IRE,,741620,,False,H,Zarak,False,Darma,9,9627,23,+11.00,,,False,Good To Soft,2,"{'runs': '4', 'wins': '0'}",106,Mme Isabelle Corbani
Longchamp,16:00,Prix Lord Seymour (Listed Race) (Turf),Listed,1m4f,1,4yo+,,"£20,696",8,Zarraf,4,colt,6,5,Alicja Karkosa,Theo Bachelot,tp,False,126,,116,,,,,,,,,False,9%,1m4f,2,[],2022-01-28,1138295,89262,"{'runs': '1', 'wins': '1'}",2640,17,False,C Bohm,565797,16%,,False,12,,918004,6%,+36.50,12%,FR,17,https://www.racingpost.com/racecards/211/longchamp/2026-04-12/918004,7312318/zarraf,129412,France,33,-80.50,Flat,211,Oasis Dream,7312318,[],FR,363,Turf,2026-04-12,902739,"{'runs': '3', 'wins': '0'}",49,GR,-12.00,12,GB,GB,,2253183,,False,C,Zarak,False,Alexandria,2,37548,8,+81.60,,,False,Good To Soft,2,"{'runs': '3', 'wins': '0'}",32,Fedai Kahraman
Longchamp,16:00,Prix Lord Seymour (Listed Race) (Turf),Listed,1m4f,1,4yo+,,"£20,696",8,Map Of Stars,5,gelding,7,4,F-H Graffard,James Doyle,,False,126,,133,,,,,,"2025-04-06 | Map Of Stars | 5381822 | Prix d'Harcourt (Group 2) (4yo+) (Grande Course) (Turf) | 892363 | Longchamp | 211 | 10 | 2200 | I think we have seen a real good one today. The way Map Of Stars went after that horse in front and the way he quickened is the sign of a top one. He also proved that he is maturing mentally and that is essential. We will follow the program and bring him back for the G1 Prix Ganay - Francis Graffard, trainer.||2025-03-16 | Map Of Stars | 5381822 | Prix Exbury (Group 3) (4yo+) (Turf) | 890808 | Saint-Cloud | 219 | 10 | 2200 | In Map Of Stars's Listed win last October he ranged up to challenge very easily and then didn't put the race to bed straight away, only just doing enough. He doesn't have a lot of experience but it's great when they find everything so easy. I've no doubt he'll stay 2,400 metres and he deserves his chance in a good race up in trip. But for now he'll head to the Group 2 Prix d'Harcourt and, if he runs well there, the Ganay after that - Francis Graffard, trainer.","Map Of Stars | 5381822 | He's in great form and I've been very happy with him. His preparation has gone well and I expect to have him at his best for Ascot. It's a tough race but I think he's still progressing, while the horse who beat him in the Ganay [Sosie] has won another Group 1 since. 11-06-25",28.57,False,8%,1m4f,6,[],2021-01-24,1123252,6901,"{'runs': '4', 'wins': '2'}",2640,31,False,Al Asayl France,589690,20%,,False,23,,918004,12%,-7.90,21%,GB,29,https://www.racingpost.com/racecards/211/longchamp/2026-04-12/918004,5381822/map-of-stars,325088,France,17,-28.60,Flat,211,Dubawi,5381822,[],IRE,36,Turf,2026-04-12,695547,"{'runs': '1', 'wins': '0'}",322,B,-10.47,12,IRE,IRE,,867056,Al Asayl France (2024-09-06),False,G,Sea The Stars,False,Bateel,2,26118,65,-11.00,,,True,Good To Soft,7,"{'runs': '5', 'wins': '2'}",3,Wathnan Racing
Longchamp,16:00,Prix Lord Seymour (Listed Race) (Turf),Listed,1m4f,1,4yo+,,"£20,696",8,Avide,4,gelding,8,7,A Fabre,Maxime Guyon,,False,126,,114,,,,,,,,75,False,16%,1m4f,7,[],2022-02-12,10771,84879,"{'runs': '1', 'wins': '0'}",2640,44,False,Wertheimer & Frere,96075,16%,,False,16,,918004,18%,-67.70,16%,IRE,44,https://www.racingpost.com/racecards/211/longchamp/2026-04-12/918004,6790213/avide,59934,"Chantilly, France",45,-63.50,Flat,211,Anabaa,6790213,[],IRE,715,Turf,2026-04-12,589690,"{'runs': '0', 'wins': '0'}",426,B,-15.80,12,GB,USA,,713555,,False,G,Dubawi,False,Plumania,8,1093,67,-14.00,,,False,Good To Soft,7,"{'runs': '1', 'wins': '0'}",112,Wertheimer & Frere
Dusseldorf,12:22,Kalkmann-Fruhjahrs-Meile (Group 3) (Turf),Group 3,1m,1,4yo+,,"£27,826",8,Next Mine,4,colt,1,5,Waldemar Hickst,Thore Hammer Hansen,,False,130,,125,,147,,,,,,,False,18%,1m,0,[],2022-02-27,11238,97382,"{'runs': '2', 'wins': '1'}",1760,1,False,Gestut Wittekindshof,657462,11%,,False,0,,917988,50%,-3.50,0%,GER,1,https://www.racingpost.com/racecards/240/dusseldorf/2026-04-12/917988,6706371/next-mine,113317,Germany,4,+3.00,Flat,240,Holy Roman Emperor,6706371,[],FR,28,Turf,2026-04-12,790757,"{'runs': '3', 'wins': '2'}",18,B,+5.50,8,IRE,IRE,,789921,,False,C,Dabirsim,False,Next Holy,2,16364,2,-1.00,,,False,Soft,0,"{'runs': '1', 'wins': '0'}",5,Eckhard Sauren
Dusseldorf,12:22,Kalkmann-Fruhjahrs-Meile (Group 3) (Turf),Group 3,1m,1,4yo+,,"£27,826",8,Best Lightning,8,horse,2,1,Andreas Suborics,Benjamin Marie,,False,128,,124,,175,,,,,,,False,-,1m,0,[],2018-03-19,1112503,97465,"{'runs': '10', 'wins': '0'}",1760,2,False,H Pfister,22027,3%,,False,0,,917988,11%,-16.50,0%,FR,1,https://www.racingpost.com/racecards/240/dusseldorf/2026-04-12/917988,3299245/best-lightning,220797,Germany,9,0.00,Flat,240,Big Shuffle,3299245,[],AUS,0,Turf,2026-04-12,832807,"{'runs': '19', 'wins': '1'}",29,B,-3.50,8,GER,USA,,863377,,False,H,Sidestep,False,Best Dreaming,1,33092,1,-1.00,,,False,Soft,0,"{'runs': '9', 'wins': '1'}",0,Stall Ad Episas
Dusseldorf,12:22,Kalkmann-Fruhjahrs-Meile (Group 3) (Turf),Group 3,1m,1,4yo+,,"£27,826",8,Aigle Vaillant,7,gelding,3,8,Lubos Urbanek,David Liska,,False,126,,126,55,154,,,,,,,False,0%,1m,0,[],2019-05-05,1027641,97033,"{'runs': '6', 'wins': '0'}",1760,0,False,Mlle L Kneip,488236,20%,,False,,,917988,0%,+1.30,-,FR,0,https://www.racingpost.com/racecards/240/dusseldorf/2026-04-12/917988,4387141/aigle-vaillant,194986,Czech Republic,1,-2.00,Flat,240,Tannenkonig,4387141,[],FR,2,Turf,2026-04-12,1048703,"{'runs': '8', 'wins': '2'}",5,BL,-1.00,8,GER,IRE,,1488135,,False,G,Wings Of Eagles,False,Princess Demut,0,34755,1,0.00,,,False,Soft,0,"{'runs': '4', 'wins': '1'}",0,Lokotrans
Dusseldorf,12:22,Kalkmann-Fruhjahrs-Meile (Group 3) (Turf),Group 3,1m,1,4yo+,,"£27,826",8,Ice Max,5,gelding,4,3,K R Burke,Shane Gray,,False,126,,129,120,165,65711-,,,"2025-10-29 | Ice Max | 5021313 | PricedUp Robin Hood Stakes (Listed Race) (Formerly Known As The Ben Marshall Stakes) | 904292 | Nottingham | 40 | 8.5 | 1835 | After the first couple of furlongs Ice Max got into a nice rhythm. He's grown up a lot, he's strong and he's definitely a Group horse - Shane Gray, rider speaking on Racing TV.||2025-10-10 | Ice Max | 5021313 | William Hill Autumn Mile Handicap | 903280 | York | 107 | 8 | 1732 | Ice Max has been running consistently in Group 2s and Group 3s. He likes cut in the ground and a flat out gallop - James Cowley, assistant trainer.||2025-06-07 | Ice Max | 5021313 | Betfred Diomed Stakes (Group 3) | 895049 | Epsom | 17 | 8.5 | 1873 | Ice Max is a bit of a hard one to place as he needs soft ground, and I just think he was in front half a furlong too soon there. If the leader had led us a bit further he would have just sat, but he committed and took a length out of the winner and then just got outstayed. A shame, but he ran well - Karl Burke, trainer.||2024-08-24 | Ice Max | 5021313 | William Hill Celebration Mile Stakes (Group 2) | 871937 | Goodwood | 21 | 8 | 1760 | Before the race we knew Ice Max would love the soft ground. We didn't go very quick but he travelled very well. Once I switched over to the stands' side rail, I knew I'd won it from there - Clifford Lee, rider.","Ice Max | 5021313 | A solid horse who finished off last season really well. A free-going type who doesn't always settle, he saw out his last two races well and will hopefully carry on in that vein. He wants soft ground and we'll probably start him off over a mile. 31-03-26",56.76,False,-,1m,3,[],2021-03-23,1126863,90103,"{'runs': '8', 'wins': '2'}",1760,32,False,Gordon Roddick,578657,33%,,False,9,,917988,25%,+0.60,8%,GB,37,https://www.racingpost.com/racecards/240/dusseldorf/2026-04-12/917988,5021313/ice-max,55336,"Coverham, North Yorkshire",8,0.00,Flat,240,One Cool Cat,5021313,[],IRE,0,Turf,2026-04-12,671647,"{'runs': '12', 'wins': '4'}",3,GR,+2.50,8,IRE,USA,,733663,,False,G,Dark Angel,False,Cool Kitten,2,5019,1,-21.25,,,False,Soft,3,"{'runs': '0', 'wins': '0'}",0,Sheikh Mohammed Obaid Al Maktoum
Dusseldorf,12:22,Kalkmann-Fruhjahrs-Meile (Group 3) (Turf),Group 3,1m,1,4yo+,,"£27,826",8,New Emerald,5,gelding,5,7,Marcel Weiss,Sibylle Vogt,,False,126,,119,,147,,,,,,,False,27%,1m,1,"[{'trainer': 'Markus Klug', 'trainer_id': 19305, 'change_date': '2025-05-14'}]",2021-04-17,1131788,92477,"{'runs': '2', 'wins': '0'}",1760,2,False,Stall Emerald,569586,7%,,False,50,,917988,50%,-11.60,50%,GER,2,https://www.racingpost.com/racecards/240/dusseldorf/2026-04-12/917988,5281458/new-emerald,205563,Germany,2,+13.50,Flat,240,Soldier Hollow,5281458,[],GER,22,Turf,2026-04-12,824413,"{'runs': '0', 'wins': '0'}",14,BB,+1.60,8,GER,GB,,5281457,,False,G,Protectionist,False,Nouvelle Gorl,1,37618,1,+1.60,,,False,Soft,1,"{'runs': '0', 'wins': '0'}",6,Stall Emerald
Dusseldorf,12:22,Kalkmann-Fruhjahrs-Meile (Group 3) (Turf),Group 3,1m,1,4yo+,,"£27,826",8,Switsch,6,horse,6,2,A Wohler,Eduardo Pedroza,,False,126,,122,,318,,,,,,,False,22%,1m,0,[],2020-03-26,1139028,77442,"{'runs': '2', 'wins': '0'}",1760,2,False,Hans Georg Fabian,551324,25%,,False,0,,917988,0%,+18.30,0%,GER,2,https://www.racingpost.com/racecards/240/dusseldorf/2026-04-12/917988,6768135/switsch,223010,Germany,2,-3.40,Flat,240,Noroit,6768135,[],GER,23,Turf,2026-04-12,898015,"{'runs': '2', 'wins': '0'}",32,B,-2.00,8,GER,GER,,846708,,False,H,Millowitsch,False,Sugar Babe,0,8758,8,-2.00,,,False,Soft,0,"{'runs': '0', 'wins': '0'}",5,Hans-Georg Fabian
Dusseldorf,12:22,Kalkmann-Fruhjahrs-Meile (Group 3) (Turf),Group 3,1m,1,4yo+,,"£27,826",8,Uthred,4,gelding,7,6,P Decouz,Augustin Madamet,,False,126,,127,91,190,,,,,,,False,100%,1m,1,[],2022-02-26,1137397,98386,"{'runs': '0', 'wins': '0'}",1760,6,False,Ecurie Griezmann,695547,25%,,False,17,,917988,9%,+2.70,17%,FR,6,https://www.racingpost.com/racecards/240/dusseldorf/2026-04-12/917988,7453761/uthred,267691,France,22,+14.20,Flat,240,Sea The Stars,7453761,[],IRE,2,Turf,2026-04-12,2147221,"{'runs': '3', 'wins': '2'}",4,B,-3.30,8,FR,IRE,,3014380,,False,G,Persian King,False,Eristars,2,27078,1,+2.40,,,False,Soft,1,"{'runs': '0', 'wins': '0'}",2,Ecurie Griezmann
Dusseldorf,12:22,Kalkmann-Fruhjahrs-Meile (Group 3) (Turf),Group 3,1m,1,4yo+,,"£27,826",8,Colin The Brave,4,gelding,8,4,H-A Pantall,Tony Piccone,,False,123,,124,91,38,,,,,,0,False,-,1m,2,"[{'trainer': 'Marlena Stanislawska', 'trainer_id': 40643, 'change_date': '2026-02-14'}]",2022-04-28,1027522,84764,"{'runs': '0', 'wins': '0'}",1760,20,False,Tom Wallace,48628,40%,,False,10,,917988,3%,+4.70,11%,IRE,19,https://www.racingpost.com/racecards/240/dusseldorf/2026-04-12/917988,7961701/colin-the-brave,350599,France,30,0.00,Flat,240,Great Commotion,7961701,[],IRE,0,Turf,2026-04-12,1214440,"{'runs': '2', 'wins': '0'}",5,B,-16.00,8,IRE,USA,,570067,Westminster Race Horses GMBH (2026-02-14),False,G,Inns Of Court,False,Greta DArgent,1,11363,2,-14.60,,,False,Soft,2,"{'runs': '0', 'wins': '0'}",0,Westminster Race Horses SP Zoo
