course,off_time,race_name,pattern,distance_round,race_class,age_band,rating_band,prize,field_size,name,age,sex,number,draw,trainer,jockey,headgear,headgear_first,lbs,ofr,rpr,ts,last_run,form,comment,spotlight,quotes,stable_tour,trainer_rtf,stats_trainer_last_14_wins_pct,course_id,damsire_region,horse_id,jockey_allowance,trainer_location,owner_id,dam,stats_horse_distance,stats_jockey_last_14_wins,silk_path,region,sire_id,stats_jockey_ovr_profit,date,href,stats_jockey_last_14_profit,trainer_14_days_runs,race_type,gelding_first_time,breeder_id,going,damsire_id,distance_f,handicap,trainer_14_days_percent,claim,sire,non_runner,distance,dam_id,distance_y,surface,stats_trainer_ovr_wins_pct,sire_region,stats_trainer_last_14_runs,stats_horse_course,prev_owners,wind_surgery_second,wind_surgery_first,profile,stats_trainer_ovr_runs,prev_trainers,sex_code,stats_jockey_ovr_wins_pct,stats_jockey_last_14_runs,stats_trainer_last_14_profit,breeder,stats_jockey_ovr_wins,dam_region,owner,jockey_id,stats_trainer_ovr_profit,stats_jockey_ovr_runs,stats_jockey_last_14_wins_pct,silk_url,dob,colour,medical,reserve,stats_trainer_last_14_wins,stats_trainer_ovr_wins,race_id,stats_horse_going,trainer_14_days_wins,trainer_id,course_detail,damsire
Hexham,14:00,"carpetgallop.co.uk Where Performance Begins ""National Hunt"" Novices' Hurdle (GBB Race)",,2m,4,4yo+,,"£5,446",12,Blues Singer,6,gelding,1,,Alan King,Tom Bellamy,,False,163,118,125,103,33,04-391,,,"2024-03-16 | Blues Singer | 5740913 | Unibet ""Junior"" National Hunt Flat Race (Category 1 Elimination) (GBB Race) | 861140 | Kempton | 28 | 16 | 3520 | Blues Singer is a nice horse, a homebred whom we've had a few months. I love this race because it's just four-year-olds and they don't have to take on older horses. I think we'll put him away and if he did run again this season it wouldn't be at Aintree. That's not because he's not good enough, but because he's only four - Alan King, trainer.","Blues Singer | 5740913 | He's a horse we rate very highly. He's always pleased us and was very impressive in winning a bumper at Kempton last March on his only start. He'll probably start back in a bumper and if he won again we might stay down that route, otherwise he'll switch to hurdles. 25-10-24||Blues Singer | 5740913 | We think a lot of him. He's done everything we've asked of him and he was very impressive when winning a bumper at Kempton last March on his debut. He'll probably start back in a bumper, and if he wins again we might stay down that route, otherwise he'll switch to hurdles. 07-11-24",60,12%,25,GB,5740913,,"Wroughton, Wilts",2086,Mayfair Music,"{'runs': '7', 'wins': '2'}",5,,GB,703532,-2.00,2026-04-13,https://www.racingpost.com/racecards/25/hexham/2026-04-13/915321,-2.13,20,Hurdle,False,12917,Good To Soft,96595,16,False,15,,Blue Bresil,False,2m48y,833056,3568,Turf,40%,FR,17,"{'runs': '0', 'wins': '0'}",,False,False,5740913/blues-singer,10,[],G,0%,28,-4.33,Mrs E Roberts,0,IRE,Mrs E Roberts,89945,+8.08,2,18%,,2020-05-01,B,[],False,2,4,915321,"{'runs': '4', 'wins': '1'}",3,13928,,Presenting
Hexham,14:00,"carpetgallop.co.uk Where Performance Begins ""National Hunt"" Novices' Hurdle (GBB Race)",,2m,4,4yo+,,"£5,446",12,Imperfectlyperfect,6,gelding,2,,Lucinda Russell & Michael Scudamore,Derek Fox,,False,163,108,109,89,105,31-174,,,,Imperfectlyperfect | 5884291 | He won his bumper and his novice hurdle at Hexham. He will definitely come on for that hurdles debut as he wasn't fully wound up by any stretch. He's always worked very well and there's still plenty more to come. 29-10-25,33.33,8%,25,IRE,5884291,,"Milnathort, Perth & Kinross",354779,Ballyknock Hill,"{'runs': '3', 'wins': '2'}",1,,IRE,602597,-27.60,2026-04-13,https://www.racingpost.com/racecards/25/hexham/2026-04-13/915321,-2.60,15,Hurdle,False,1043807,Good To Soft,502686,16,False,7,,Walk In The Park,False,2m48y,853783,3568,Turf,19%,IRE,13,"{'runs': '2', 'wins': '2'}",,False,False,5884291/imperfectlyperfect,31,"[{'trainer': 'Lucinda Russell', 'trainer_id': 6990, 'change_date': '2025-10-06'}]",G,15%,5,-10.60,B Higgins,19,IRE,The Imperfects,88471,-15.04,129,20%,,2020-05-12,B,[],False,1,6,915321,"{'runs': '2', 'wins': '1'}",1,42490,,Indian Danehill
Hexham,14:00,"carpetgallop.co.uk Where Performance Begins ""National Hunt"" Novices' Hurdle (GBB Race)",,2m,4,4yo+,,"£5,446",12,Pimmsoclock,5,gelding,3,,Chris Grant,Danny McMenamin,,False,163,,,,182,1,,,,,60,0%,25,USA,9078745,,"Billingham, Cleveland",250061,Flemens Pride,"{'runs': '0', 'wins': '0'}",10,,FR,763463,-5.82,2026-04-13,https://www.racingpost.com/racecards/25/hexham/2026-04-13/915321,-3.65,5,Hurdle,False,1142383,Good To Soft,96578,16,False,0,,Masked Marvel,False,2m48y,827695,3568,Turf,6%,GB,4,"{'runs': '0', 'wins': '0'}",K G Reveley (2026-04-06),False,False,9078745/pimmsoclock,49,"[{'trainer': 'Mme Marine Pineda', 'trainer_id': 42110, 'change_date': '2026-04-06'}]",G,16%,32,-4.00,Mme Alexia Reveley,26,GB,Mount Pleasant Racing,97855,-32.00,160,31%,,2021-05-03,B,[],False,0,3,915321,"{'runs': '0', 'wins': '0'}",0,10688,,Flemensfirth
Hexham,14:00,"carpetgallop.co.uk Where Performance Begins ""National Hunt"" Novices' Hurdle (GBB Race)",,2m,4,4yo+,,"£5,446",12,Red Oak,6,gelding,4,,James Owen,Jonathan Burke,,False,163,120,125,122,23,2212P4,,,"2025-12-08 | Red Oak | 5784866 | Racing TV Maiden Hurdle (GBB Race) | 907703 | Musselburgh | 16 | 20 | 4351 | I suppose it was a match race on paper and I was happy to follow Derek [Fox, on Timefortom. I wanted to wait a bit longer to challenge him but we steadied up turning in and I'm surprised how well \BRed Oak\P quickened. Ascot was a decent race but, like every horse, they have to win and get confidence. It's a step back for a step forward. He did it really nicely and with his speed I wouldn't be against going back to two miles at some stage too - Jonathan Burke, rider, speaking to Racing TV.",Red Oak | 5784866 | He was placed in bumpers in Ireland and is bred to do well. He looks like a nice new recruit to go hurdling with. 24-10-25,51.16,10%,25,GB,5784866,,"Newmarket, Suffolk",282785,Lady Knightess,"{'runs': '2', 'wins': '0'}",2,,IRE,480864,-3.00,2026-04-13,https://www.racingpost.com/racecards/25/hexham/2026-04-13/915321,-6.50,43,Hurdle,False,1112099,Good To Soft,96595,16,False,9,,Kalanisi,False,2m48y,750484,3568,Turf,0%,IRE,10,"{'runs': '0', 'wins': '0'}",Roxholme Racing & Partner (2025-12-01)||Rossies & Co Syndicate (2025-11-15),False,False,5784866/red-oak,2,"[{'trainer': 'Ciaran Murphy', 'trainer_id': 38077, 'change_date': '2025-10-01'}]",G,0%,25,-6.50,Robert Allen,0,IRE,Roxholme Racing,91759,-2.00,3,8%,,2020-02-29,B,[],False,1,0,915321,"{'runs': '3', 'wins': '0'}",4,40072,,Presenting
Hexham,14:00,"carpetgallop.co.uk Where Performance Begins ""National Hunt"" Novices' Hurdle (GBB Race)",,2m,4,4yo+,,"£5,446",12,Betteryouthanme,6,gelding,5,,R Mike Smith,Toby Wynne,,False,156,,94,90,17,07,,,,,40,0%,25,GB,5884307,,"Galston, E Ayrshire",303654,Valverdesgirl,"{'runs': '2', 'wins': '0'}",1,,IRE,837097,-9.00,2026-04-13,https://www.racingpost.com/racecards/25/hexham/2026-04-13/915321,-10.09,5,Hurdle,False,12205,Good To Soft,445658,16,False,0,,Berkshire,False,2m48y,5884311,3568,Turf,7%,IRE,5,"{'runs': '0', 'wins': '0'}",,False,False,5884307/betteryouthanme,27,[],G,0%,12,-5.00,John Blake,0,IRE,The Racing Suite,100082,-13.75,9,8%,,2020-06-06,BR,[],False,0,2,915321,"{'runs': '0', 'wins': '0'}",0,10241,,Quws
Hexham,14:00,"carpetgallop.co.uk Where Performance Begins ""National Hunt"" Novices' Hurdle (GBB Race)",,2m,4,4yo+,,"£5,446",12,CMon So,5,gelding,6,,Lucinda Russell & Michael Scudamore,Gregor Walkingshaw,,False,156,,69,63,19,646,,,,,33.33,8%,25,FR,7082565,10,"Milnathort, Perth & Kinross",40716,Sail On,"{'runs': '2', 'wins': '0'}",0,,IRE,737740,-5.00,2026-04-13,https://www.racingpost.com/racecards/25/hexham/2026-04-13/915321,-1.00,15,Hurdle,False,1062045,Good To Soft,527138,16,False,7,10,Elusive Pimpernel,False,2m48y,7103607,3568,Turf,19%,USA,13,"{'runs': '1', 'wins': '0'}",,False,False,7082565/cmon-so,31,[],G,0%,1,-10.60,James Reeves,0,IRE,Miss Lucinda V Russell,101694,-15.04,5,0%,,2021-04-29,B,[],False,1,6,915321,"{'runs': '1', 'wins': '0'}",1,42490,,Robin Des Champs
Hexham,14:00,"carpetgallop.co.uk Where Performance Begins ""National Hunt"" Novices' Hurdle (GBB Race)",,2m,4,4yo+,,"£5,446",12,Caspada,5,gelding,7,,Donald McCain,Theo Gillard,,False,156,,91,71,22,406,,,,,50,23%,25,IRE,8476549,,"Cholmondeley, Cheshire",365215,Miss Veale,"{'runs': '3', 'wins': '0'}",5,,IRE,678533,-23.17,2026-04-13,https://www.racingpost.com/racecards/25/hexham/2026-04-13/915321,+5.73,24,Hurdle,False,1140812,Good To Soft,640322,16,False,21,,Dansant,False,2m48y,8476552,3568,Turf,11%,GB,22,"{'runs': '0', 'wins': '0'}",,False,False,8476549/caspada,53,[],G,5%,17,-4.02,Dylan Mangan,2,IRE,Ballaseyr Stud Ltd,93874,-21.13,40,29%,,2021-05-02,B,[],False,5,6,915321,"{'runs': '2', 'wins': '0'}",5,15674,,Dylan Thomas
Hexham,14:00,"carpetgallop.co.uk Where Performance Begins ""National Hunt"" Novices' Hurdle (GBB Race)",,2m,4,4yo+,,"£5,446",12,Countryman Joe,6,gelding,8,,Jane Walton,Peter Kavanagh,t,True,156,,,,19,68P,,,,,100,100%,25,GB,7503786,,"Otterburn, Northumberland",125726,Savage Love,"{'runs': '2', 'wins': '0'}",1,,IRE,572780,-10.50,2026-04-13,https://www.racingpost.com/racecards/25/hexham/2026-04-13/915321,-8.50,1,Hurdle,False,14268,Good To Soft,302727,16,False,100,,Shirocco,False,2m48y,7520216,3568,Turf,5%,GER,1,"{'runs': '1', 'wins': '0'}",,False,False,7503786/countryman-joe,42,[],G,8%,13,+3.50,Charles Persse,6,IRE,Mrs J M Walton,79499,+2.00,77,8%,,2020-01-20,B,"[{'date': '2025-10-10', 'type': 'Wind Surgery'}]",False,1,2,915321,"{'runs': '0', 'wins': '0'}",1,18903,,Wolver Hollow
Hexham,14:00,"carpetgallop.co.uk Where Performance Begins ""National Hunt"" Novices' Hurdle (GBB Race)",,2m,4,4yo+,,"£5,446",12,Hurlyburly,5,gelding,9,,Jedd OKeeffe,Sean Quinlan,,False,156,,,,39,462,,,,,66.67,0%,25,IRE,7400061,,"Coverham, N Yorks",265375,Sharifa,"{'runs': '3', 'wins': '0'}",5,,IRE,572780,-76.41,2026-04-13,https://www.racingpost.com/racecards/25/hexham/2026-04-13/915321,-0.13,6,Hurdle,False,1098775,Good To Soft,84432,16,False,17,,Shirocco,False,2m48y,644409,3568,Turf,38%,GER,2,"{'runs': '0', 'wins': '0'}",,False,False,7400061/hurlyburly,21,[],G,17%,24,-2.00,Noel Gowen,43,GER,Highbeck Racing 3,82485,+4.06,247,21%,,2021-02-18,B,[],False,0,8,915321,"{'runs': '2', 'wins': '0'}",1,14335,,Kings Theatre
Hexham,14:00,"carpetgallop.co.uk Where Performance Begins ""National Hunt"" Novices' Hurdle (GBB Race)",,2m,4,4yo+,,"£5,446",12,Mademewhatiam,7,gelding,10,,Annabelle Sowray,Nathan Moscrop,t,False,156,65,85,72,57,P3P455,,,,,,-,25,IRE,4879063,,"Helmsley, N Yorks",301506,United,"{'runs': '4', 'wins': '0'}",0,,GB,851190,-4.93,2026-04-13,https://www.racingpost.com/racecards/25/hexham/2026-04-13/915321,-13.00,0,Hurdle,False,1130711,Good To Soft,447943,16,False,,,Jack Hobbs,False,2m48y,625982,3568,Turf,0%,GB,0,"{'runs': '3', 'wins': '0'}",Thomas Friel (2025-04-28),False,False,4879063/mademewhatiam,4,"[{'trainer': 'Mark Walford', 'trainer_id': 28876, 'change_date': '2025-04-28'}, {'trainer': 'Paul Nolan', 'trainer_id': 9647, 'change_date': '2024-10-17'}, {'trainer': 'Mark Walford', 'trainer_id': 28876, 'change_date': '2024-05-16'}, {'trainer': 'Annabelle Sowray', 'trainer_id': 35925, 'change_date': '2023-05-01'}]",G,10%,13,0.00,Elms Bloodstock,15,GER,Miss Annabelle Sowray,86357,-4.00,150,0%,,2019-06-09,B,"[{'date': '2024-11-01', 'type': 'Wind Surgery'}]",False,0,0,915321,"{'runs': '2', 'wins': '0'}",0,38136,,Desert King
Hexham,14:00,"carpetgallop.co.uk Where Performance Begins ""National Hunt"" Novices' Hurdle (GBB Race)",,2m,4,4yo+,,"£5,446",12,Prince Phil,5,gelding,11,,Sam England,William Maggs,h,False,156,,,,17,5P,,,,,36.84,0%,25,USA,8498828,3,"Guiseley, W Yorks",256259,Just A Feeling,"{'runs': '2', 'wins': '0'}",1,,GB,640961,-12.00,2026-04-13,https://www.racingpost.com/racecards/25/hexham/2026-04-13/915321,-9.00,19,Hurdle,False,1109753,Good To Soft,96578,16,False,0,3,Lindas Lad,False,2m48y,879721,3568,Turf,14%,GB,12,"{'runs': '0', 'wins': '0'}",,False,False,8498828/prince-phil,69,[],G,4%,11,-12.00,Mr & Mrs I Ross,1,GB,Tor Side Racing,101507,-20.13,25,9%,,2021-04-09,B,[],False,0,10,915321,"{'runs': '0', 'wins': '0'}",0,31667,,Flemensfirth
Hexham,14:00,"carpetgallop.co.uk Where Performance Begins ""National Hunt"" Novices' Hurdle (GBB Race)",,2m,4,4yo+,,"£5,446",12,Marvel Magic,4,gelding,12,,Lucinda Russell & Michael Scudamore,Patrick Wadge,,False,148,,49,,69,466,,,,,33.33,8%,25,FR,8383835,,"Milnathort, Perth & Kinross",195727,Dame Magic,"{'runs': '3', 'wins': '0'}",0,,FR,763463,-32.84,2026-04-13,https://www.racingpost.com/racecards/25/hexham/2026-04-13/915321,-7.00,15,Hurdle,False,1140594,Good To Soft,570564,16,False,7,,Masked Marvel,False,2m48y,8383842,3568,Turf,19%,GB,13,"{'runs': '0', 'wins': '0'}",,False,False,8383835/marvel-magic,31,[],G,13%,7,-10.60,Bernadette Quesny,8,FR,Mrs S Russell,100439,-15.04,61,0%,,2022-04-10,B,[],False,1,6,915321,"{'runs': '2', 'wins': '0'}",1,42490,,Kapgarde
Hexham,14:30,Anthony Woods Electrical Lightning Bolt Handicap Chase (GBB Race),,1m7½f,4,5yo+,0-110,"£6,786",13,Young Getaway,7,gelding,1,,Nicky Richards,Danny McMenamin,,False,168,110,,,364,33412-,,,,,88.89,89%,25,IRE,5509253,,"Greystoke, Cumbria",25435,The Youngone,"{'runs': '5', 'wins': '0'}",10,,IRE,657490,-5.82,2026-04-13,https://www.racingpost.com/racecards/25/hexham/2026-04-13/915318,-3.65,9,Chase,False,1028807,Good To Soft,99826,15.5,True,89,,Getaway,False,1m7f133y,4229787,3433,Turf,20%,GER,9,"{'runs': '1', 'wins': '0'}",,False,False,5509253/young-getaway,92,[],G,16%,32,+15.52,Joe Sloan,26,IRE,Mrs P Sloan,97855,-18.63,160,31%,,2019-02-24,B,"[{'date': '2024-01-03', 'type': 'Wind Surgery'}]",False,8,18,915318,"{'runs': '2', 'wins': '1'}",8,13176,,Alhaarth
Hexham,14:30,Anthony Woods Electrical Lightning Bolt Handicap Chase (GBB Race),,1m7½f,4,5yo+,0-110,"£6,786",13,That One,7,gelding,2,,James Walton,Jack Power,,False,168,110,,,51,21-269,,,,,,-,25,IRE,5638443,5,"Thropton, Northumberland",91847,Dont Point,"{'runs': '5', 'wins': '1'}",1,,GB,851053,-10.63,2026-04-13,https://www.racingpost.com/racecards/25/hexham/2026-04-13/915318,-4.80,0,Chase,False,1032784,Good To Soft,88726,15.5,True,,5,Dartmouth,False,1m7f133y,882633,3433,Turf,10%,GB,0,"{'runs': '3', 'wins': '1'}",,False,False,5638443/that-one,60,[],G,8%,9,0.00,Messrs F T Walton,1,GB,Messrs F T Walton,101951,-26.38,13,11%,,2019-05-07,B,[],False,0,6,915318,"{'runs': '5', 'wins': '1'}",0,2824,,Double Trigger
Hexham,14:30,Anthony Woods Electrical Lightning Bolt Handicap Chase (GBB Race),,1m7½f,4,5yo+,0-110,"£6,786",13,Heads Or Harps,9,gelding,3,,Lucinda Russell & Michael Scudamore,Derek Fox,,False,167,109,119,106,38,-62322,,,,,33.33,8%,25,IRE,3984120,,"Milnathort, Perth & Kinross",142238,Dametori,"{'runs': '3', 'wins': '1'}",1,,GB,96578,-27.60,2026-04-13,https://www.racingpost.com/racecards/25/hexham/2026-04-13/915318,-2.60,15,Chase,False,1121619,Good To Soft,90621,15.5,True,7,,Flemensfirth,False,1m7f133y,851884,3433,Turf,19%,USA,13,"{'runs': '0', 'wins': '0'}",,False,False,3984120/heads-or-harps,31,"[{'trainer': 'Lucinda Russell', 'trainer_id': 6990, 'change_date': '2025-10-27'}, {'trainer': 'Michael Scudamore', 'trainer_id': 20450, 'change_date': '2024-12-20'}]",G,15%,5,-10.60,Rowland Crellin,19,FR,Mark Blandford,88471,-15.04,129,20%,,2017-06-23,B,"[{'date': '2023-01-12', 'type': 'Wind Surgery'}]",False,1,6,915318,"{'runs': '4', 'wins': '0'}",1,42490,,Vettori
Hexham,14:30,Anthony Woods Electrical Lightning Bolt Handicap Chase (GBB Race),,1m7½f,4,5yo+,0-110,"£6,786",13,Choose A Copper,8,gelding,4,,Lucinda Russell & Michael Scudamore,Patrick Wadge,t,False,166,108,108,94,86,5P5-77,,,"2024-10-12 | Choose A Copper | 4753589 | Falcons Events Proudly Support Hexham Racecourse Novices' Limited Handicap Chase (GBB Race) | 876606 | Hexham | 25 | 20 | 4415 | We're absolutely delighted with Choose A Copper. He had good form over hurdles but he's going to take it to another level over fences and it's just so exciting. We're sitting here watching Chepstow and thinking about who we're going to come up against for the rest of the season. It's great to start them off here at Hexham and he can step up next time. We might try and find a similar race and stick at this trip before going up in grade after that - Lucinda Russell, trainer.||2023-10-14 | Choose A Copper | 4753589 | Mick Blair Memorial Novices' Hurdle (GBB Race) | 849689 | Hexham | 25 | 16 | 3568 | Choose A Copper is an outstanding horse. He moves really well and if you lead him you have to run to keep up with him. Working him at home, he goes like a stayer but he has power and a bit of pace so for a long-distance prospect to win over two miles is good. He's a little bit green, he needs a bit of experience. I can't wait for him to go chasing but I'll have to be patient about that - Lucinda Russell, trainer.",Choose A Copper | 4753589 | I've been delighted with him. He won his novice handicap chase at Hexham nicely and I still think he's off a good mark. We'll step him up next time and I'd love to take him to Sandown or Newbury as I can see him jumping well around there. He's a very nice horse. 30-10-24,33.33,8%,25,IRE,4753589,,"Milnathort, Perth & Kinross",336210,Printing Copper,"{'runs': '2', 'wins': '1'}",0,,IRE,441502,-32.84,2026-04-13,https://www.racingpost.com/racecards/25/hexham/2026-04-13/915318,-7.00,15,Chase,False,1042197,Good To Soft,471226,15.5,True,7,,Well Chosen,False,1m7f133y,701110,3433,Turf,19%,GB,13,"{'runs': '3', 'wins': '2'}",,False,False,4753589/choose-a-copper,31,"[{'trainer': 'Lucinda Russell', 'trainer_id': 6990, 'change_date': '2025-10-27'}]",G,13%,7,-10.60,Donal Coffey,8,IRE,Thunder Holdings Ltd & Russell,100439,-15.04,61,0%,,2018-03-06,B,"[{'date': '2025-05-07', 'type': 'Wind Surgery'}, {'date': '2025-01-03', 'type': 'Wind Surgery'}, {'date': '2024-03-07', 'type': 'Wind Surgery'}]",False,1,6,915318,"{'runs': '6', 'wins': '0'}",1,42490,,Blueprint
Hexham,14:30,Anthony Woods Electrical Lightning Bolt Handicap Chase (GBB Race),,1m7½f,4,5yo+,0-110,"£6,786",13,Rock On Jet,7,gelding,5,,George Bewley,Jonathon Bewley,h,False,164,106,109,102,101,134-P3,,,,,28.57,0%,25,GB,5457580,,"Colby, Cumbria",343995,Supreme Magical,"{'runs': '8', 'wins': '1'}",0,,IRE,761950,-54.63,2026-04-13,https://www.racingpost.com/racecards/25/hexham/2026-04-13/915318,-7.00,7,Chase,False,1112721,Good To Soft,304561,15.5,True,0,,Jet Away,False,1m7f133y,578763,3433,Turf,10%,GB,7,"{'runs': '3', 'wins': '0'}",Ms M M Gannon (2024-04-29),False,False,5457580/rock-on-jet,164,"[{'trainer': 'Ms M M Gannon', 'trainer_id': 13700, 'change_date': '2024-04-29'}]",G,10%,7,-7.00,Michael McCullagh,12,GB,Ivinson MandleAnnett And Gibson,85783,-9.63,126,0%,,2019-05-15,B,"[{'date': '2025-09-16', 'type': 'Wind Surgery'}]",False,0,16,915318,"{'runs': '4', 'wins': '0'}",0,6351,,Supreme Leader
Hexham,14:30,Anthony Woods Electrical Lightning Bolt Handicap Chase (GBB Race),,1m7½f,4,5yo+,0-110,"£6,786",13,Flash Du Pistolet,8,gelding,6,,Stuart Coltherd,Sean Quinlan,tp,True,159,101,120,114,22,P-5257,,,"2025-03-22 | Flash Du Pistolet | 4117793 | Ladbrokes 'Boost Your Bet Builder' Handicap Chase (GBB Race) | 888364 | Kelso | 27 | 17 | 3754 | There's still a lot of improvement in Flash Du Pistolet, there's plenty of maturing still to come. He's definitely improved for better ground - Stuart Coltherd, trainer.",,100,33%,25,IRE,4117793,,"Selkirk, Roxburghshire",329206,Pistol Flash,"{'runs': '8', 'wins': '0'}",5,,IRE,561095,-76.41,2026-04-13,https://www.racingpost.com/racecards/25/hexham/2026-04-13/915318,-0.13,3,Chase,False,1050905,Good To Soft,63077,15.5,True,33,,Westerner,False,1m7f133y,672357,3433,Turf,10%,GB,3,"{'runs': '0', 'wins': '0'}",,False,False,4117793/flash-du-pistolet,114,[],G,17%,24,+298.00,Eimear Mulhern,43,IRE,R&L McCulloch & D Crawford,82485,-34.08,247,21%,,2018-05-11,B,[],False,1,11,915318,"{'runs': '6', 'wins': '1'}",1,9181,,Pistolet Bleu
Hexham,14:30,Anthony Woods Electrical Lightning Bolt Handicap Chase (GBB Race),,1m7½f,4,5yo+,0-110,"£6,786",13,Too Cool Forshrule,7,gelding,7,,Jackie Stephen,Jonathan Burke,,False,157,99,116,100,22,653U1P,,,,,0,0%,25,IRE,5368110,,"Lilliesleaf, Roxburghshire",245176,Shrule Girl,"{'runs': '4', 'wins': '0'}",2,,IRE,691469,-3.00,2026-04-13,https://www.racingpost.com/racecards/25/hexham/2026-04-13/915318,-6.50,2,Chase,False,1137211,Good To Soft,462135,15.5,True,0,,Watar,False,1m7f133y,5368123,3433,Turf,7%,IRE,2,"{'runs': '1', 'wins': '0'}",Myddelton Family (2025-09-27)||G C Myddelton (2025-01-03),False,False,5368110/too-cool-forshrule,27,"[{'trainer': 'Oliver Greenall & Josh Guerriero', 'trainer_id': 39482, 'change_date': '2025-09-27'}]",G,0%,25,-2.00,James Cosgrave,0,IRE,Jackie Stephen Racing Club,91759,-13.50,3,8%,,2019-04-20,B,[],False,0,2,915318,"{'runs': '6', 'wins': '0'}",0,26482,,Oscar
Hexham,14:30,Anthony Woods Electrical Lightning Bolt Handicap Chase (GBB Race),,1m7½f,4,5yo+,0-110,"£6,786",13,Forsa Bay,6,gelding,8,,L J Morgan,Miss Ellie Callwood,v,False,154,96,115,105,8,5-3P35,,,,,0,0%,25,GB,5627435,7,"Waltham On The Wolds, Leics",332989,Flowers On Sunday,"{'runs': '3', 'wins': '0'}",0,,IRE,602597,-1.00,2026-04-13,https://www.racingpost.com/racecards/25/hexham/2026-04-13/915318,-3.00,7,Chase,False,10761,Good To Soft,96595,15.5,True,0,7,Walk In The Park,False,1m7f133y,2984484,3433,Turf,17%,IRE,7,"{'runs': '0', 'wins': '0'}",T P Radford (2025-11-08),False,False,5627435/forsa-bay,18,[],G,0%,3,-7.00,Oliver Loughlin,0,IRE,The Black And White Army,102686,-1.56,1,0%,,2020-03-17,B,[],False,0,3,915318,"{'runs': '5', 'wins': '0'}",0,32261,,Presenting
Hexham,14:30,Anthony Woods Electrical Lightning Bolt Handicap Chase (GBB Race),,1m7½f,4,5yo+,0-110,"£6,786",13,Powerofjet,7,gelding,9,,Martin Todhunter,Jamie Hamilton,,False,154,96,116,105,22,-31433,,,,,50,0%,25,GB,5472203,,"Orton, Cumbria",124223,Our Dot,"{'runs': '7', 'wins': '1'}",3,,IRE,761950,-84.46,2026-04-13,https://www.racingpost.com/racecards/25/hexham/2026-04-13/915318,+293.00,4,Chase,False,1107842,Good To Soft,304561,15.5,True,0,,Jet Away,False,1m7f133y,717962,3433,Turf,13%,GB,2,"{'runs': '2', 'wins': '0'}",,False,False,5472203/powerofjet,56,[],G,12%,18,-2.00,Ms S Rothwell,20,IRE,Murphys Law Partnership,90517,-21.38,172,17%,,2019-06-19,B,[],False,0,7,915318,"{'runs': '5', 'wins': '1'}",0,9693,,Supreme Leader
Hexham,14:30,Anthony Woods Electrical Lightning Bolt Handicap Chase (GBB Race),,1m7½f,4,5yo+,0-110,"£6,786",13,Royal Deeside,6,gelding,10,,Patrick Morris,Charlie Maggs,,False,151,93,114,110,9,1S1P33,,,,"Royal Deeside | 4497046 | He was placed nearly every run over hurdles last season, he's strengthened over the summer and, although I was rather disappointed with him at Plumpton two runs ago he did run much better at Warwick on Tuesday. His trip is 2m, to start with at least. 07-11-24",38.46,0%,25,GB,4497046,3,"Prescott, Merseyside",285471,Ebb,"{'runs': '8', 'wins': '0'}",4,,GB,906477,-5.14,2026-04-13,https://www.racingpost.com/racecards/25/hexham/2026-04-13/915318,+0.50,13,Chase,False,1127533,Good To Soft,541314,15.5,True,0,3,Churchill,False,1m7f133y,894957,3433,Turf,40%,IRE,2,"{'runs': '5', 'wins': '2'}",J Law (2025-01-29),False,False,4497046/royal-deeside,5,"[{'trainer': 'Alan King', 'trainer_id': 13928, 'change_date': '2025-01-29'}]",G,14%,22,-2.00,Jake Warren Ltd & Baroda & Colbinstown,3,GB,K Jardine R Griffiths,101500,+11.25,21,18%,,2020-02-10,B,[],False,0,2,915318,"{'runs': '6', 'wins': '0'}",0,14293,,Acclamation
Hexham,14:30,Anthony Woods Electrical Lightning Bolt Handicap Chase (GBB Race),,1m7½f,4,5yo+,0-110,"£6,786",13,Kicksaftersix,10,gelding,11,,Martin Todhunter,Ryan Mania,,False,150,92,113,83,9,1-1166,,,,,50,0%,25,IRE,3324889,,"Orton, Cumbria",286881,Astalanda,"{'runs': '9', 'wins': '1'}",1,,IRE,603566,+8.38,2026-04-13,https://www.racingpost.com/racecards/25/hexham/2026-04-13/915318,-8.25,4,Chase,False,1054199,Good To Soft,501143,15.5,True,0,,Scorpion,False,1m7f133y,608182,3433,Turf,13%,IRE,2,"{'runs': '11', 'wins': '4'}",The Spero Partnership Ltd (2022-10-14),False,False,3324889/kicksaftersix,56,"[{'trainer': 'Warren Greatrex', 'trainer_id': 22011, 'change_date': '2022-10-14'}]",G,11%,12,-2.00,Martin McDermott,10,FR,Coniston Old Men Syndicate,86359,-21.38,91,8%,,2016-05-22,B,"[{'date': '2022-11-25', 'type': 'Wind Surgery'}]",False,0,7,915318,"{'runs': '7', 'wins': '1'}",0,9693,,Sendawar
Hexham,14:30,Anthony Woods Electrical Lightning Bolt Handicap Chase (GBB Race),,1m7½f,4,5yo+,0-110,"£6,786",13,Nonbinding,9,gelding,12,,Victor Thompson,James Best,p,False,143,85,99,56,12,P/PP-4,,,"2022-09-17 | Nonbinding | 3526804 | Bar One Racing Bet In-Play Maiden Hurdle (Div II) | 821841 | Navan | 193 | 16 | 3470 | We fancied Nonbinding in Downpatrick and he just got wiped out of it. Davy (Russell) was happy with him there today. He probably wants further and he's a big chaser. He jumped well today - Gordon Elliott, trainer.",Nonbinding | 3526804 | I fancied him big time for the Land Rover Bumper last season but he burst blood vessels. He's back going well and looks a lot stronger. We'll start him off in three or four weeks all being well. 15-11-21,0,0%,25,USA,3526804,,"Alnwick, Northumbria",468,Mirazur,"{'runs': '9', 'wins': '2'}",0,,IRE,480864,-1.00,2026-04-13,https://www.racingpost.com/racecards/25/hexham/2026-04-13/915318,-19.00,3,Chase,False,18311,Good To Soft,300966,15.5,True,0,,Kalanisi,False,1m7f133y,676958,3433,Turf,5%,IRE,3,"{'runs': '1', 'wins': '0'}",Alymer Stud (2024-03-16),False,False,3526804/nonbinding,42,"[{'trainer': 'Gordon Elliott', 'trainer_id': 18145, 'change_date': '2024-03-08'}, {'trainer': 'Mrs Denise Foster', 'trainer_id': 12900, 'change_date': '2021-09-14'}]",G,0%,19,-3.00,Kenneth Parkhill,0,IRE,V Thompson,91230,-24.50,1,0%,,2017-04-06,B,[],False,0,2,915318,"{'runs': '2', 'wins': '1'}",0,24960,,Good Thyne
Hexham,14:30,Anthony Woods Electrical Lightning Bolt Handicap Chase (GBB Race),,1m7½f,4,5yo+,0-110,"£6,786",13,Elusive Warrior,6,gelding,13,,Sandy Thomson,William Maggs,ht,False,142,84,108,70,12,7034P3,,,,,40,20%,25,USA,6635768,3,"Lambden, Berwicks",370663,Powhatan Squaw,"{'runs': '4', 'wins': '0'}",1,,IRE,737740,-12.00,2026-04-13,https://www.racingpost.com/racecards/25/hexham/2026-04-13/915318,-9.00,5,Chase,False,1115902,Good To Soft,21738,15.5,True,20,3,Elusive Pimpernel,False,1m7f133y,1426305,3433,Turf,8%,USA,5,"{'runs': '1', 'wins': '0'}",S McMillan M Gabellone P Thompson (2026-04-07)||Mrs A M Thomson (2024-10-26),False,False,6635768/elusive-warrior,66,[],G,4%,11,-2.25,Mrs Anne Doyle,1,IRE,Elusive Warrior Partnership,101507,-25.38,25,9%,,2020-04-27,BR,"[{'date': '2026-01-14', 'type': 'Wind Surgery'}]",False,1,5,915318,"{'runs': '4', 'wins': '0'}",1,4471,,Soviet Star
Hexham,15:00,Horslyx-For Horse's Health & Welfare Mares' Handicap Hurdle,,2m,4,4yo+,0-110,"£5,756",8,Dees Getaway,6,mare,1,,George Bewley,Edward Austin,t,False,168,105,103,90,19,P15001,,,,,28.57,0%,25,GB,5829463,5,"Colby, Cumbria",199539,Chiltern Hills,"{'runs': '8', 'wins': '2'}",0,,IRE,657490,+10.50,2026-04-13,https://www.racingpost.com/racecards/25/hexham/2026-04-13/915319,-5.00,7,Hurdle,False,18311,Good To Soft,75837,16,True,0,5,Getaway,False,2m48y,809864,3568,Turf,10%,GER,7,"{'runs': '2', 'wins': '1'}",David LEstrange & J P Dempsey (2025-08-21)||David LEstrange (2025-05-26),False,False,5829463/dees-getaway,164,"[{'trainer': 'J P Dempsey', 'trainer_id': 16342, 'change_date': '2025-08-21'}]",M,5%,5,-7.00,Kenneth Parkhill,3,IRE,Southdean Racing Club,94305,-9.63,59,0%,,2020-04-09,B,[],False,0,16,915319,"{'runs': '2', 'wins': '0'}",0,6351,,Beneficial
Hexham,15:00,Horslyx-For Horse's Health & Welfare Mares' Handicap Hurdle,,2m,4,4yo+,0-110,"£5,756",8,Gintime,6,mare,2,,Nicky Richards,Danny McMenamin,,False,167,104,105,89,23,4-4195,,,,,88.89,89%,25,GER,6858006,,"Greystoke, Cumbria",354459,Irish Lass,"{'runs': '7', 'wins': '1'}",10,,IRE,660604,-5.82,2026-04-13,https://www.racingpost.com/racecards/25/hexham/2026-04-13/915319,-3.65,9,Hurdle,False,1040545,Good To Soft,657490,16,True,89,,Mount Nelson,False,2m48y,1552032,3568,Turf,20%,GB,9,"{'runs': '1', 'wins': '0'}",,False,False,6858006/gintime,92,[],M,16%,32,+15.52,Michael Whitty,26,IRE,JB Racing,97855,-18.63,160,31%,,2020-02-21,B,[],False,8,18,915319,"{'runs': '4', 'wins': '1'}",8,13176,,Getaway
Hexham,15:00,Horslyx-For Horse's Health & Welfare Mares' Handicap Hurdle,,2m,4,4yo+,0-110,"£5,756",8,Roses Dart,5,mare,3,,Michael & David Easterby,Jamie Hamilton,t,False,164,101,105,78,29,3-6071,,,,,26.32,0%,25,FR,6796762,,"Sheriff Hutton, N Yorks",353325,Pepite Rose,"{'runs': '4', 'wins': '0'}",3,,GB,851053,-84.46,2026-04-13,https://www.racingpost.com/racecards/25/hexham/2026-04-13/915319,+293.00,19,Hurdle,False,1078343,Good To Soft,600105,16,True,5,,Dartmouth,False,2m48y,754741,3568,Turf,14%,GB,2,"{'runs': '0', 'wins': '0'}",Falcons Line Ltd (2024-12-26),False,False,6796762/roses-dart,7,[],M,12%,18,-2.00,Falcons Line Ltd,20,FR,Falcon Line Racing,90517,-5.39,172,17%,,2021-03-27,BR,[],False,0,1,915319,"{'runs': '1', 'wins': '1'}",1,38543,,Bonbon Rose
Hexham,15:00,Horslyx-For Horse's Health & Welfare Mares' Handicap Hurdle,,2m,4,4yo+,0-110,"£5,756",8,Shes Notjoeking,6,mare,4,,Lucinda Russell & Michael Scudamore,Conner McCann,,False,163,100,105,99,38,443413,,,"2024-04-22 | Shes Notjoeking | 5447344 | Tay Valley Chasers Patrick Crofts Memorial Junior ""National Hunt"" Hurdle (GBB Race) | 864246 | Hexham | 25 | 16 | 3568 | She's tough, she's very very tough. She's Notjoeking isn't very big but she's got a heart. She had a look coming down to the last which didn't help me. If she'd maybe galloped down to that  I think she'd have won a bit more comfortably - Patrick Wadge, jockey, speaking to Sky Sports Racing.",,33.33,8%,25,GB,5447344,7,"Milnathort, Perth & Kinross",350237,Miss Joeking,"{'runs': '6', 'wins': '2'}",0,,GB,533451,-3.00,2026-04-13,https://www.racingpost.com/racecards/25/hexham/2026-04-13/915319,-1.00,15,Hurdle,False,1132837,Good To Soft,582554,16,True,7,7,Milan,False,2m48y,879723,3568,Turf,19%,GB,13,"{'runs': '2', 'wins': '1'}",Tay Valley Chasers Racing Club (2024-10-07)||Miss Lucinda V Russell (2024-04-16),False,False,5447344/shes-notjoeking,31,"[{'trainer': 'Lucinda Russell', 'trainer_id': 6990, 'change_date': '2025-09-11'}]",M,14%,1,-10.60,Lucinda V Russell,1,IRE,The Jokers,100908,-15.04,7,0%,,2020-04-23,B,[],False,1,6,915319,"{'runs': '6', 'wins': '2'}",1,42490,,Alkaadhem
Hexham,15:00,Horslyx-For Horse's Health & Welfare Mares' Handicap Hurdle,,2m,4,4yo+,0-110,"£5,756",8,Theirshegoes,9,mare,5,,Sandy Thomson,Patrick Wadge,p,False,158,95,106,89,11,329F84,,,,"Theirshegoes | 4795997 | She's tiny but she's won a couple of races. She'll keep running in those types of races because of her size. She needs everything to fall into place. Two and a half miles round Musselburgh seemed to suit her well, whereas 2m at Kelso is probably a bit sharp. She's having a bit of a break now and will come back for the spring and summer. 22-01-25",40,20%,25,GB,4795997,,"Lambden, Berwicks",5336,Betty Scott,"{'runs': '6', 'wins': '1'}",0,,IRE,589098,-32.84,2026-04-13,https://www.racingpost.com/racecards/25/hexham/2026-04-13/915319,-7.00,5,Hurdle,False,1129428,Good To Soft,87715,16,True,20,,Court Cave,False,2m48y,4796004,3568,Turf,8%,IRE,5,"{'runs': '0', 'wins': '0'}",Cakemuir Racing (2024-09-30)||Midnight Racing Club (2024-07-22)||Bad Racing (2024-01-19)||Ms D A Wyllie (2023-10-04)||M Scott (2023-09-30),False,False,4795997/theirshegoes,66,[],M,13%,7,-2.25,Crossogue Stud & M Scott,8,GB,A M Thomson,100439,-25.38,61,0%,,2017-05-03,B,[],False,1,5,915319,"{'runs': '9', 'wins': '1'}",1,4471,,Midnight Legend
Hexham,15:00,Horslyx-For Horse's Health & Welfare Mares' Handicap Hurdle,,2m,4,4yo+,0-110,"£5,756",8,My My My Delilah,6,mare,6,,Stuart Coltherd,Sean Quinlan,t,False,150,87,112,91,25,6534U9,,,,,100,33%,25,IRE,6555398,,"Selkirk, Roxburghshire",49791,Dilys Thomas,"{'runs': '7', 'wins': '0'}",5,,GB,703532,-76.41,2026-04-13,https://www.racingpost.com/racecards/25/hexham/2026-04-13/915319,-0.13,3,Hurdle,False,1128618,Good To Soft,640322,16,True,33,,Blue Bresil,False,2m48y,6555404,3568,Turf,10%,FR,3,"{'runs': '1', 'wins': '0'}",Tor Side Racing (2026-03-02)||A Cartledge (2025-11-09)||Tor Side Racing And A McCormack (2025-11-04),False,False,6555398/my-my-my-delilah,114,[],M,17%,24,+298.00,James And Jean Potter Ltd,43,IRE,S Coltherd,82485,-34.08,247,21%,,2020-02-08,B,[],False,1,11,915319,"{'runs': '4', 'wins': '0'}",1,9181,,Dylan Thomas
Hexham,15:00,Horslyx-For Horse's Health & Welfare Mares' Handicap Hurdle,,2m,4,4yo+,0-110,"£5,756",8,Out On Her Own,6,mare,7,,Dianne Sayer,Peter Kavanagh,,False,142,79,105,68,9,557522,,,,,100,0%,25,GB,7374090,,"Hackthorpe, Cumbria",316944,Presentabeau,"{'runs': '4', 'wins': '0'}",1,,GB,865578,-10.50,2026-04-13,https://www.racingpost.com/racecards/25/hexham/2026-04-13/915319,-8.50,1,Hurdle,False,1070474,Good To Soft,96595,16,True,0,,Order Of St George,False,2m48y,7374089,3568,Turf,13%,IRE,1,"{'runs': '0', 'wins': '0'}",,False,False,7374090/out-on-her-own,15,"[{'trainer': 'John Dawson', 'trainer_id': 33273, 'change_date': '2025-06-23'}]",M,8%,13,-1.00,Mrs S Horne,6,GB,G Critchley,79499,+37.00,77,8%,,2020-04-22,B,[],False,0,2,915319,"{'runs': '2', 'wins': '0'}",0,10678,,Presenting
Hexham,15:00,Horslyx-For Horse's Health & Welfare Mares' Handicap Hurdle,,2m,4,4yo+,0-110,"£5,756",8,Snapaudaciaheros,6,mare,8,,Rebecca Menzies,Charlie Maggs,tp,True,142,79,107,83,41,-74585,,,,"Snapaudaciaheros | 58950416 | I quite like her sire and she's been placed in two bumpers, with the form of her Southwell second looking quite good. She's improved for a summer break and will probably run in one more bumper before going hurdling. 16-10-24",42.11,0%,25,GB,58950416,3,"Morden, Durham",285064,Pedisnap,"{'runs': '5', 'wins': '0'}",4,,IRE,737740,-5.14,2026-04-13,https://www.racingpost.com/racecards/25/hexham/2026-04-13/915319,+0.50,19,Hurdle,False,1074723,Good To Soft,602494,16,True,5,3,Elusive Pimpernel,False,2m48y,1252518,3568,Turf,9%,USA,11,"{'runs': '1', 'wins': '0'}",Miss R E A Menzies (2024-11-16),False,False,58950416/snapaudaciaheros,146,[],M,14%,22,-11.00,J P Farrell,3,IRE,Weight Howe & Oliver,101500,-79.94,21,18%,,2020-03-16,B,[],False,0,13,915319,"{'runs': '5', 'wins': '0'}",1,28511,,Footstepsinthesand
Hexham,15:30,Mick Walsh Open Ditch Handicap Chase,,3m,5,5yo+,0-100,"£5,281",16,Jamesieconn,7,gelding,1,,Nicky Richards,Danny McMenamin,t,False,168,100,104,89,9,-24111,,,,"Jamesieconn | 5671322 | He's a lowly rated horse - he ran off 89 when second last time out at Sedgefield - and seems to stay forever. He isn't built like a good-ground horse but they tell me that's what he wants.We're just struggling to get a bit of good ground on a staying track. He wants 3m2f-plus really, hurdles or fences, although it might be a hurdle race next. We're waiting for good ground and, when it comes, I'd say you'll probably see the best of him. 31-12-25",88.89,89%,25,GB,5671322,,"Greystoke, Cumbria",215844,Grandy Serenade,"{'runs': '6', 'wins': '2'}",10,,IRE,572780,-5.82,2026-04-13,https://www.racingpost.com/racecards/25/hexham/2026-04-13/915320,-3.65,9,Chase,False,1039242,Good To Soft,533451,24,True,89,,Shirocco,False,3m41y,3820075,5321,Turf,20%,GER,9,"{'runs': '0', 'wins': '0'}",,False,False,5671322/jamesieconn,92,"[{'trainer': 'Sam England', 'trainer_id': 31667, 'change_date': '2025-11-29'}]",G,16%,32,+15.52,George Lane,26,IRE,D&D Armstrong Ltd,97855,-18.63,160,31%,,2019-04-11,B,"[{'date': '2025-01-08', 'type': 'Wind Surgery'}]",False,8,18,915320,"{'runs': '4', 'wins': '2'}",8,13176,,Milan
Hexham,15:30,Mick Walsh Open Ditch Handicap Chase,,3m,5,5yo+,0-100,"£5,281",16,I See The Sea,7,gelding,2,,Christopher Kellett,Ryan Mania,b,False,165,97,109,81,13,172P37,,,"2025-11-21 | I See The Sea | 5048013 | Racing To School Conditional Jockeys' Handicap Chase | 906460 | Catterick | 10 | 25.5 | 5554 | I See The Sea jumped well and travelled well throughout. He probably needed the run round Hexham last time and this track suited him better. - Jack Power, Jockey",I See The Sea | 5048013 | He was a good second in an Irish point but was fifth of only six runners at Chepstow on his first start for us. He probably needs further over hurdles and is one that will improve a fair bit this season. 23-11-23,0,0%,25,IRE,5048013,,"Lathom, Lancs",364706,Joleen,"{'runs': '9', 'wins': '1'}",1,,IRE,826314,+8.38,2026-04-13,https://www.racingpost.com/racecards/25/hexham/2026-04-13/915320,-8.25,3,Chase,False,8945,Good To Soft,72938,24,True,0,,Affinisea,False,3m41y,882819,5321,Turf,0%,IRE,1,"{'runs': '2', 'wins': '0'}",J M Hunt (2025-11-15)||Andy Bell & Fergus Lyons (2025-10-09),False,False,5048013/i-see-the-sea,3,"[{'trainer': 'Philip Hobbs & Johnson White', 'trainer_id': 40315, 'change_date': '2025-10-09'}]",G,11%,12,-1.00,James Robinson,10,IRE,Mph Racing,86359,-3.00,91,8%,,2019-06-11,BR,[],False,0,0,915320,"{'runs': '4', 'wins': '1'}",0,13126,,Bobs Return
Hexham,15:30,Mick Walsh Open Ditch Handicap Chase,,3m,5,5yo+,0-100,"£5,281",16,Streamsforth Lad,8,gelding,3,,Gary Hanmer,Alan Doyle,tp,False,165,97,105,67,13,33UUF2,,,,"Streamsforth Lad | 4952305 | He bumped into a fancied horse at Bangor last week. He's had a few issues with his jumping, with form figures of UUF before that run, and it was nice to have a clear round. The confidence he got from that should be immense. 08-04-26",50,14%,25,IRE,4952305,3,"Tattenhall, Cheshire",128836,Woodview Dawn,"{'runs': '5', 'wins': '0'}",0,,IRE,660597,-34.25,2026-04-13,https://www.racingpost.com/racecards/25/hexham/2026-04-13/915320,-2.00,8,Chase,False,1126160,Good To Soft,83674,24,True,13,3,Mahler,False,3m41y,749267,5321,Turf,19%,GB,7,"{'runs': '0', 'wins': '0'}",,False,False,4952305/streamsforth-lad,16,"[{'trainer': 'Gordon Elliott', 'trainer_id': 18145, 'change_date': '2025-08-14'}, {'trainer': 'Oliver Greenall & Josh Guerriero', 'trainer_id': 39482, 'change_date': '2025-07-17'}, {'trainer': 'Gary Hanmer', 'trainer_id': 6109, 'change_date': '2024-05-03'}]",G,4%,2,-3.75,The Beeches Stud Ltd,2,IRE,Thomas G Kelly,95186,+1.75,46,0%,,2018-06-16,B,"[{'date': '2024-12-30', 'type': 'Wind Surgery'}]",False,1,3,915320,"{'runs': '2', 'wins': '0'}",1,6109,,Turtle Island
Hexham,15:30,Mick Walsh Open Ditch Handicap Chase,,3m,5,5yo+,0-100,"£5,281",16,Redeeming Love,6,mare,4,,Mark Walford,Jamie Hamilton,t,False,164,96,,,20,7-6673,,,,,43.75,11%,25,GB,5826636,,"Sheriff Hutton, N Yorks",355627,Fentara,"{'runs': '1', 'wins': '0'}",3,,IRE,657490,-84.46,2026-04-13,https://www.racingpost.com/racecards/25/hexham/2026-04-13/915320,+293.00,16,Chase,False,1138139,Good To Soft,471066,24,True,6,,Getaway,False,3m41y,751958,5321,Turf,19%,GER,9,"{'runs': '0', 'wins': '0'}",,False,False,5826636/redeeming-love,133,[],M,12%,18,-3.00,T Walford & T C Dawson,20,GB,R & W The 8 Amigos Burns Austerfield,90517,-25.26,172,17%,,2020-02-02,CH,[],False,1,25,915320,"{'runs': '1', 'wins': '0'}",1,28876,,Kayf Tara
Hexham,15:30,Mick Walsh Open Ditch Handicap Chase,,3m,5,5yo+,0-100,"£5,281",16,King Of Cong,8,gelding,5,,Sam England,William Maggs,tb,True,156,88,109,87,19,P2430P,,,"2024-04-11 | King Of Cong | 5490491 | Locke Burger Handicap Hurdle | 865059 | Limerick | 188 | 19 | 4180 | \BKing Of Cong\P did it easy enough and really handled the conditions and the extra three furlongs. Terence's assistant Michael Browne said to jump him out in the first four and, if he was good enough, to take your chance. We didn't go too fast so it paid to be handy - Darragh Allen, rider, speaking to Racing TV.",,36.84,0%,25,GB,5490491,3,"Guiseley, W Yorks",334315,Bawnmore Lass,"{'runs': '4', 'wins': '0'}",1,,IRE,539937,-12.00,2026-04-13,https://www.racingpost.com/racecards/25/hexham/2026-04-13/915320,-9.00,19,Chase,False,1075200,Good To Soft,96595,24,True,0,3,Gamut,False,3m41y,886235,5321,Turf,14%,IRE,12,"{'runs': '5', 'wins': '0'}",Liam Mulryan (2025-06-21),False,False,5490491/king-of-cong,69,"[{'trainer': 'Terence OBrien', 'trainer_id': 5716, 'change_date': '2025-06-21'}]",G,4%,11,-12.00,E Mulryan,1,IRE,Jonathan Poulter,101507,-20.13,25,9%,,2018-05-02,B,[],False,0,10,915320,"{'runs': '3', 'wins': '0'}",0,31667,,Presenting
Hexham,15:30,Mick Walsh Open Ditch Handicap Chase,,3m,5,5yo+,0-100,"£5,281",16,Jet Light,7,gelding,6,,James Moffatt,Charlotte Jones,p,True,155,87,,,355,777P-,,,,,40,0%,25,FR,5633077,,"Cartmel, Cumbria",351752,Or Light,"{'runs': '1', 'wins': '0'}",0,,FR,834284,-8.18,2026-04-13,https://www.racingpost.com/racecards/25/hexham/2026-04-13/915320,-1.00,5,Chase,False,1071112,Good To Soft,64780,24,True,0,,Cokoriko,False,3m41y,806059,5321,Turf,23%,FR,5,"{'runs': '0', 'wins': '0'}",,False,False,5633077/jet-light,43,[],G,23%,1,-5.00,Patrice Vagne & Valerie Vagne,10,FR,Jones/Naylor And Jl Syndicate,95535,-7.18,44,0%,,2019-04-14,BL,[],False,0,10,915320,"{'runs': '1', 'wins': '0'}",0,15603,,Sleeping Car
Hexham,15:30,Mick Walsh Open Ditch Handicap Chase,,3m,5,5yo+,0-100,"£5,281",16,Dr Shirocco,11,gelding,7,,Sandy Forster,Conor OFarrell,,False,150,82,104,71,24,335744,,,,,50,0%,25,IRE,3056480,,"Yetholm, Roxburghshire",296565,Uncommited,"{'runs': '18', 'wins': '2'}",4,,IRE,572780,-85.13,2026-04-13,https://www.racingpost.com/racecards/25/hexham/2026-04-13/915320,+0.78,4,Chase,False,1116165,Good To Soft,110930,24,True,0,,Shirocco,False,3m41y,652082,5321,Turf,11%,GER,4,"{'runs': '14', 'wins': '2'}",Joan Condron (2021-10-18),False,False,3056480/dr-shirocco,63,"[{'trainer': 'Andrew Slattery', 'trainer_id': 10588, 'change_date': '2021-10-18'}]",G,7%,16,-4.00,J P King & P Turley,10,IRE,I I F T F,85846,+22.38,152,25%,,2015-05-29,CH,[],False,0,7,915320,"{'runs': '16', 'wins': '2'}",0,12314,,Dr Massini
Hexham,15:30,Mick Walsh Open Ditch Handicap Chase,,3m,5,5yo+,0-100,"£5,281",16,Gibberwell,10,gelding,8,,Jake Thomas Coulson,Theo Gillard,b,False,148,80,109,75,19,-F5PPP,,,,,0,0%,25,USA,3087218,,"Heaton, Cheshire",298885,Unique Snoopy,"{'runs': '24', 'wins': '2'}",5,,IRE,657490,-23.17,2026-04-13,https://www.racingpost.com/racecards/25/hexham/2026-04-13/915320,+5.73,1,Chase,False,1115956,Good To Soft,56773,24,True,0,,Getaway,False,3m41y,1965293,5321,Turf,13%,GER,1,"{'runs': '11', 'wins': '2'}",William Bates (2020-12-04),False,False,3087218/gibberwell,16,"[{'trainer': 'Brian Jordan', 'trainer_id': 21126, 'change_date': '2020-12-04'}]",G,5%,17,-1.00,Parkville Stud,2,IRE,All Or Nothing Racing Club,93874,+10.00,40,29%,,2016-05-10,B,[],False,0,2,915320,"{'runs': '10', 'wins': '1'}",0,29500,,Witness Box
Hexham,15:30,Mick Walsh Open Ditch Handicap Chase,,3m,5,5yo+,0-100,"£5,281",16,Rightbackatyou,8,gelding,9,,Stuart Coltherd,Derek Fox,,False,147,79,83,63,19,687FP2,,,,,100,33%,25,GB,4247969,,"Selkirk, Roxburghshire",345537,Shandora,"{'runs': '2', 'wins': '0'}",1,,IRE,845318,-27.60,2026-04-13,https://www.racingpost.com/racecards/25/hexham/2026-04-13/915320,-2.60,3,Chase,False,227,Good To Soft,304561,24,True,33,,Kingston Hill,False,3m41y,528039,5321,Turf,10%,GB,3,"{'runs': '3', 'wins': '0'}",S Coltherd (2024-06-03),False,False,4247969/rightbackatyou,114,[],G,15%,5,+298.00,M Ryan,19,IRE,A Miller S Coltherd,88471,-34.08,129,20%,,2018-04-05,B,[],False,1,11,915320,"{'runs': '1', 'wins': '0'}",1,9181,,Supreme Leader
Hexham,15:30,Mick Walsh Open Ditch Handicap Chase,,3m,5,5yo+,0-100,"£5,281",16,Eveque,12,gelding,10,,Jane Walton,Peter Kavanagh,,False,146,78,107,84,30,-15P9P,,,,,100,100%,25,FR,1939910,,"Otterburn, Northumberland",125726,Gloria IV,"{'runs': '16', 'wins': '1'}",1,,FR,586520,-10.50,2026-04-13,https://www.racingpost.com/racecards/25/hexham/2026-04-13/915320,-8.50,1,Chase,False,1110922,Good To Soft,40614,24,True,100,,Kotky Bleu,False,3m41y,474795,5321,Turf,5%,FR,1,"{'runs': '7', 'wins': '1'}",,False,False,1939910/eveque,42,[],G,8%,13,+3.50,Vicomtesse Yves DArmaille,6,FR,Mrs J M Walton,79499,+2.00,77,8%,,2014-06-20,CH,[],False,1,2,915320,"{'runs': '6', 'wins': '1'}",1,18903,,Video Rock
Hexham,15:30,Mick Walsh Open Ditch Handicap Chase,,3m,5,5yo+,0-100,"£5,281",16,Joie More,8,gelding,11,,Jackie Stephen,Sean Quinlan,t,False,146,78,103,95,41,P43P56,,,,,0,0%,25,FR,4737875,,"Lilliesleaf, Roxburghshire",203378,Joie De Cotte,"{'runs': '6', 'wins': '0'}",5,,IRE,657490,-76.41,2026-04-13,https://www.racingpost.com/racecards/25/hexham/2026-04-13/915320,-0.13,2,Chase,False,1026892,Good To Soft,33785,24,True,0,,Getaway,False,3m41y,693062,5321,Turf,7%,GER,2,"{'runs': '0', 'wins': '0'}",,False,True,4737875/joie-more,27,[],G,17%,24,-2.00,Eclipse Bloodstock Ltd,43,FR,Mrs Jackie Stephen,82485,-13.50,247,21%,,2018-04-27,B,"[{'date': '2026-03-16', 'type': 'Wind Surgery'}, {'date': '2025-02-13', 'type': 'Wind Surgery'}]",False,0,2,915320,"{'runs': '7', 'wins': '0'}",0,26482,,Lute Antique
Hexham,15:30,Mick Walsh Open Ditch Handicap Chase,,3m,5,5yo+,0-100,"£5,281",16,Reliance Kid,7,gelding,12,,Andrew Wilson,Charlie Maggs,,False,146,78,,,19,7-990P,,,,,,-,25,IRE,5017643,3,"Orton, Cumbria",297884,Democratie,"{'runs': '1', 'wins': '0'}",4,,FR,748255,-5.14,2026-04-13,https://www.racingpost.com/racecards/25/hexham/2026-04-13/915320,+0.50,0,Chase,False,1136364,Good To Soft,548970,24,True,,3,Reliable Man,False,3m41y,855326,5321,Turf,0%,GB,0,"{'runs': '1', 'wins': '0'}",Little Town Syndicate (2024-09-30)||Gordon Elliott (2023-04-18),True,False,5017643/reliance-kid,2,"[{'trainer': 'Gordon Elliott', 'trainer_id': 18145, 'change_date': '2024-09-30'}]",G,14%,22,0.00,Elevage Des Loges & Didier Delavigne,3,FR,Clouds Of Orton,101500,-2.00,21,18%,,2019-04-17,CH,"[{'date': '2026-01-23', 'type': 'Wind Surgery'}]",False,0,0,915320,"{'runs': '1', 'wins': '0'}",0,14980,,Ballingarry
Hexham,15:30,Mick Walsh Open Ditch Handicap Chase,,3m,5,5yo+,0-100,"£5,281",16,Blue Indigo,6,gelding,13,,Gary Rutherford,Edward Austin,p,True,145,77,,,19,6P835F,,,,,33.33,20%,25,GB,6894199,5,"Jedburgh, Roxburghshire",50103,Maggie Blue,"{'runs': '4', 'wins': '0'}",0,,GB,703532,+10.50,2026-04-13,https://www.racingpost.com/racecards/25/hexham/2026-04-13/915320,-5.00,6,Chase,False,1041129,Good To Soft,75837,24,True,17,5,Blue Bresil,False,3m41y,801426,5321,Turf,6%,FR,5,"{'runs': '2', 'wins': '0'}",,False,False,6894199/blue-indigo,16,"[{'trainer': 'Lucy Brown', 'trainer_id': 35368, 'change_date': '2025-09-11'}]",G,5%,5,+2.50,Mrs H O Graham,3,IRE,Mrs H O Graham,94305,-1.00,59,0%,,2020-04-16,B,[],False,1,1,915320,"{'runs': '1', 'wins': '0'}",1,32015,,Beneficial
Hexham,15:30,Mick Walsh Open Ditch Handicap Chase,,3m,5,5yo+,0-100,"£5,281",16,Lewa House,10,gelding,14,,Catch Bissett,Bruce Lynn,tv,True,142,74,110,84,19,-5606P,,,"2022-11-16 | Lewa House | 3365503 | Support The Injured Jockeys Fund Today Handicap Hurdle (Go North Cab On Target Series Qualifier) | 823920 | Hexham | 25 | 20 | 4428 | I knew Lewa House would stay and he jumps for fun, so chasing will be his thing, he just needed the penny to drop. He's a different horse this year and we knew it was coming - Catch Bissett, trainer.",,,-,25,IRE,3365503,,"Leslie, Fife",150333,Primrose Time,"{'runs': '7', 'wins': '0'}",0,,GB,583841,-16.88,2026-04-13,https://www.racingpost.com/racecards/25/hexham/2026-04-13/915320,-7.00,0,Chase,False,3611,Good To Soft,66932,24,True,,,Yeats,False,3m41y,693854,5321,Turf,8%,IRE,0,"{'runs': '9', 'wins': '1'}",,False,False,3365503/lewa-house,13,"[{'trainer': 'N W Alexander', 'trainer_id': 15615, 'change_date': '2022-04-14'}]",G,8%,7,0.00,Mrs D A Whitaker,7,GB,Bissett Racing,95504,+8.00,87,0%,,2016-05-29,B,"[{'date': '2025-01-03', 'type': 'Wind Surgery'}]",False,0,1,915320,"{'runs': '8', 'wins': '0'}",0,39446,,Alflora
Hexham,15:30,Mick Walsh Open Ditch Handicap Chase,,3m,5,5yo+,0-100,"£5,281",16,Muroor,13,gelding,15,,Lizzie Quinlan,James Best,p,False,142,74,102,57,90,526005,,,"2019-08-26 | Muroor | 875014 | hannontravel.com Most Appropriately Dressed Lady Win A Trip To The Dominican Republic Handicap Chase | 738481 | Downpatrick | 179 | 19.5 | 4235 | He jumped very quick and was lightning for a small horse. I thought at the weight he would run well, not as well as those who backed him, I don't know where that [money] came from. He's just a real specialist for up here - Tom McCourt, trainer||2018-10-12 | Muroor | 875014 | Portman Dentalcare Handicap Hurdle | 713699 | Downpatrick | 179 | 19 | 4125 | Muroor loves it up here and Conor [Maxwell] has him down to a tee. He has plenty of ability and tracks like this suit him - Tom McCourt, trainer||2018-08-27 | Muroor | 875014 | Ulster Carpets Handicap Hurdle | 710379 | Downpatrick | 179 | 19 | 4125 | Muroor loves these type of tracks. He's getting it together. There's another meeting here next month and he might come back, the stiff finish here suits him. Last day was a real sickener but it's great to get this one - Tom McCourt, trainer.||2016-10-04 | Muroor | 875014 | Stoat Selling Stakes | 658753 | Leicester | 30 | 10 | 2196 | The other horse brought me across but I just had to try and keep Muroor going. He's a little bit quirky but he's won in the end. I was pretty sure I'd got up - Jamie Spencer, rider.",,27.27,0%,25,USA,875014,,"Bolton Mill, Cumbria",323202,Raaya,"{'runs': '13', 'wins': '0'}",0,,GB,522845,-1.00,2026-04-13,https://www.racingpost.com/racecards/25/hexham/2026-04-13/915320,-19.00,11,Chase,False,12571,Good To Soft,513047,24,True,0,,Nayef,False,3m41y,826627,5321,Turf,4%,USA,11,"{'runs': '13', 'wins': '0'}",S Quinn (2025-09-27)||H Burns (2025-03-07)||V Thompson (2024-06-10)||Miss Sarah Foran (2019-11-02)||Miss Sarah Foran & Sean Foran (2018-06-04),False,False,875014/muroor,53,"[{'trainer': 'Hugh Burns', 'trainer_id': 27035, 'change_date': '2025-03-07'}, {'trainer': 'Victor Thompson', 'trainer_id': 17111, 'change_date': '2024-06-10'}, {'trainer': 'Tristan Davidson', 'trainer_id': 22401, 'change_date': '2021-09-30'}, {'trainer': 'Victor Thompson', 'trainer_id': 24960, 'change_date': '2021-08-03'}, {'trainer': 'T G McCourt', 'trainer_id': 4244, 'change_date': '2019-11-02'}, {'trainer': 'David OMeara', 'trainer_id': 22839, 'change_date': '2017-03-14'}, {'trainer': 'Marcus Tregoning', 'trainer_id': 12125, 'change_date': '2016-04-22'}]",G,0%,19,-11.00,Shadwell Estate Company Limited,0,USA,Mrs E Quinlan,91230,-29.00,1,0%,,2013-03-30,CH,[],False,0,2,915320,"{'runs': '5', 'wins': '0'}",0,39853,,Giants Causeway
Hexham,15:30,Mick Walsh Open Ditch Handicap Chase,,3m,5,5yo+,0-100,"£5,281",16,Euchan Falls,9,gelding,16,,R Mike Smith,Nathan Moscrop,,False,142,74,106,73,13,PPPP47,,,,"Euchan Falls | 3891035 | He has been second three times in the past six months, twice over fences and once over hurdles. He was a very good second over hurdles at Perth last time behind What A Johnny and is entered back there over fences on Wednesday evening. After that he'll probably go on holiday. 16-05-24",40,0%,25,IRE,3891035,,"Galston, E Ayrshire",309554,Miss Anneliese,"{'runs': '12', 'wins': '0'}",0,,IRE,737744,-4.93,2026-04-13,https://www.racingpost.com/racecards/25/hexham/2026-04-13/915320,-13.00,5,Chase,False,1053961,Good To Soft,695767,24,True,0,,Poets Voice,False,3m41y,896721,5321,Turf,7%,GB,5,"{'runs': '0', 'wins': '0'}",,False,False,3891035/euchan-falls,27,[],G,10%,13,-5.00,W M Johnstone,15,IRE,Blue Circle Racing,86357,-13.75,150,0%,,2017-03-23,CH,"[{'date': '2026-02-12', 'type': 'Wind Surgery'}]",False,0,2,915320,"{'runs': '9', 'wins': '0'}",0,10241,,Mastercraftsman
Hexham,16:00,Happy Retirement Maurice & Anne Barnes Handicap Hurdle (Div I),,2m4f,5,4yo+,0-105,"£4,806",10,Rock Dj,6,gelding,1,,Mark Walford,Jamie Hamilton,,False,168,104,102,73,23,67545,,,,,43.75,11%,25,GB,7200355,,"Sheriff Hutton, N Yorks",362690,Far Rock,"{'runs': '3', 'wins': '0'}",3,,IRE,737740,-84.46,2026-04-13,https://www.racingpost.com/racecards/25/hexham/2026-04-13/915322,+293.00,16,Hurdle,False,1059797,Good To Soft,42337,20,True,6,,Elusive Pimpernel,False,2m4f28y,1869356,4428,Turf,19%,USA,9,"{'runs': '1', 'wins': '0'}",Ursa Major Racing Ltd & Partner (2025-09-27),False,False,7200355/rock-dj,133,[],G,12%,18,-3.00,Rockvale Stud,20,IRE,Ursa Major Ltd Dj Goodman & Partner,90517,-25.26,172,17%,,2020-03-23,B,[],False,1,25,915322,"{'runs': '1', 'wins': '0'}",1,28876,,Old Vic
Hexham,16:00,Happy Retirement Maurice & Anne Barnes Handicap Hurdle (Div I),,2m4f,5,4yo+,0-105,"£4,806",10,Balking,8,gelding,2,,Dianne Sayer,Ryan Mania,,False,168,104,86,75,49,0592-8,,,,,100,0%,25,GB,5663049,,"Hackthorpe, Cumbria",316944,Anaqueen,"{'runs': '4', 'wins': '0'}",1,,FR,595446,+8.38,2026-04-13,https://www.racingpost.com/racecards/25/hexham/2026-04-13/915322,-8.25,1,Hurdle,False,30343,Good To Soft,551799,20,True,0,,Balko,False,2m4f28y,856496,4428,Turf,13%,FR,1,"{'runs': '0', 'wins': '0'}",,False,False,5663049/balking,15,[],G,11%,12,-1.00,E A R L Haras Du Luy,10,FR,G Critchley,86359,+37.00,91,8%,,2018-02-20,CH,"[{'date': '2024-12-06', 'type': 'Wind Surgery'}]",False,0,2,915322,"{'runs': '2', 'wins': '0'}",0,10678,,Martaline
Hexham,16:00,Happy Retirement Maurice & Anne Barnes Handicap Hurdle (Div I),,2m4f,5,4yo+,0-105,"£4,806",10,Divilabother,8,gelding,3,,Tristan Davidson,Robert Dunne,,False,168,104,108,99,123,221224,,,,,14.29,0%,25,IRE,5295439,,"Irthington, Cumbria",48350,Rockabout,"{'runs': '8', 'wins': '1'}",3,,IRE,852623,+33.00,2026-04-13,https://www.racingpost.com/racecards/25/hexham/2026-04-13/915322,-13.00,7,Hurdle,False,12895,Good To Soft,544976,20,True,0,,Markaz,False,2m4f28y,733371,4428,Turf,10%,IRE,3,"{'runs': '2', 'wins': '1'}",Philippa Scott (2025-08-21),False,False,5295439/divilabother,29,"[{'trainer': 'Thomas Coyle', 'trainer_id': 30969, 'change_date': '2025-08-21'}]",G,13%,26,-3.00,J Connolly,1,IRE,R Nichol,80669,+24.50,8,12%,,2018-04-22,GR,[],False,0,3,915322,"{'runs': '2', 'wins': '0'}",0,22401,,Rock Of Gibraltar
Hexham,16:00,Happy Retirement Maurice & Anne Barnes Handicap Hurdle (Div I),,2m4f,5,4yo+,0-105,"£4,806",10,Asa,7,mare,4,,Philip Kirby,Joe Williamson,p,False,165,101,104,89,25,976313,,,"2026-02-09 | Asa | 4695445 | Download The Raceday Ready App Mares' Handicap Chase (Queen Boudicca Mares' Chase Qualifier) | 911426 | Catterick | 10 | 25.5 | 5554 | We only schooled Asa over fences the other day and she jumped really well, so we thought this race was ideal for her and it cut up nicely. We can maybe go back over hurdles off the same mark next time. Joe [Williamson, who was riding out his claim] is a big part of our team and without him we'd be in trouble. He deserves the chances he's getting and he's taking them - Phil Kirby, trainer, speaking to Racing TV.||2024-06-28 | Asa | 4695445 | Traffic Management Mares' Handicap Hurdle (Div I) | 869127 | Cartmel | 9 | 22 | 4871 | Asa's been a bit disappointing but now she seems to have turned a corner.  I don't know what happened at Worcester last time as she never went a yard. I don't know if the first-time cheekpieces worked, but it's onwards and upwards now - Philip Kirby, trainer.",,37.5,25%,25,IRE,4695445,,"East Appleton, N Yorks",281725,Reine De Glace,"{'runs': '6', 'wins': '0'}",3,,FR,595446,-32.76,2026-04-13,https://www.racingpost.com/racecards/25/hexham/2026-04-13/915322,+4.00,24,Hurdle,False,25154,Good To Soft,76595,20,True,17,,Balko,False,2m4f28y,4695457,4428,Turf,8%,FR,12,"{'runs': '0', 'wins': '0'}",Nic Allen (2022-11-28)||Gildas Blain (2022-06-29),False,False,4695445/asa,48,"[{'trainer': 'Richard Hobson', 'trainer_id': 11817, 'change_date': '2022-11-28'}, {'trainer': 'Augustin Adeline De Boisbrunet', 'trainer_id': 24718, 'change_date': '2022-06-29'}]",M,6%,15,+7.00,Gildas Blain,3,FR,The Yorkshire Puddings,95218,-38.20,47,20%,,2019-03-01,GR,"[{'date': '2023-12-29', 'type': 'Wind Surgery'}]",False,3,4,915322,"{'runs': '14', 'wins': '3'}",4,18875,,Adieu Au Roi
Hexham,16:00,Happy Retirement Maurice & Anne Barnes Handicap Hurdle (Div I),,2m4f,5,4yo+,0-105,"£4,806",10,Party In The Park,5,gelding,5,,Ann Hamilton,Danny McMenamin,t,False,164,100,105,104,51,36557,,,,,0,0%,25,GB,7499387,,"Capheaton, Northumberland",22533,Liss Aris,"{'runs': '0', 'wins': '0'}",10,,IRE,602597,-5.82,2026-04-13,https://www.racingpost.com/racecards/25/hexham/2026-04-13/915322,-3.65,2,Hurdle,False,1058243,Good To Soft,471066,20,True,0,,Walk In The Park,False,2m4f28y,2605814,4428,Turf,42%,IRE,2,"{'runs': '0', 'wins': '0'}",,False,False,7499387/party-in-the-park,12,[],G,16%,32,-2.00,Legends Stud,26,IRE,Ian Hamilton,97855,+11.00,160,31%,,2021-02-22,B,[],False,0,5,915322,"{'runs': '4', 'wins': '0'}",0,821,,Kayf Tara
Hexham,16:00,Happy Retirement Maurice & Anne Barnes Handicap Hurdle (Div I),,2m4f,5,4yo+,0-105,"£4,806",10,Woodview Lad,5,gelding,6,,Gary Hanmer,Benjamin Macey,,False,159,95,112,58,13,3-7498,,,,"Woodview Lad | 7400056 | We stepped him up to nearly three miles last week at Bangor when I don't think the quicker ground helped him. He's got a lot more pace than his brother Streamsforth Lad, but he's still quite weak and gangly. He's a lovely big horse, who's one for the future, and we've got to take our time with him. 08-04-26",50,14%,25,IRE,7400056,5,"Tattenhall, Cheshire",128836,Woodview Dawn,"{'runs': '1', 'wins': '0'}",0,,IRE,660597,-2.00,2026-04-13,https://www.racingpost.com/racecards/25/hexham/2026-04-13/915322,-9.00,8,Hurdle,False,1126160,Good To Soft,83674,20,True,13,5,Mahler,False,2m4f28y,749267,4428,Turf,19%,GB,7,"{'runs': '0', 'wins': '0'}",,False,False,7400056/woodview-lad,16,"[{'trainer': 'Gordon Elliott', 'trainer_id': 18145, 'change_date': '2025-08-14'}]",G,0%,9,-3.75,The Beeches Stud Ltd,0,IRE,Thomas G Kelly,102914,+1.75,2,0%,,2021-05-07,B,[],False,1,3,915322,"{'runs': '0', 'wins': '0'}",1,6109,,Turtle Island
Hexham,16:00,Happy Retirement Maurice & Anne Barnes Handicap Hurdle (Div I),,2m4f,5,4yo+,0-105,"£4,806",10,Getaway Master,9,gelding,7,,Micky Hammond,Conor OFarrell,h,False,158,94,110,100,19,8127P6,,,"2025-11-30 | Getaway Master | 3481858 | pricedup.bet Conditional Jockeys' Handicap Hurdle (Go North Cab On Target Series Qualifier) | 906622 | Carlisle | 8 | 19.5 | 4241 | We didn't have a clue what we had. We were told the favourite would win this and we'd have been very happy if he'd finished fourth, fifth or sixth. Getaway Master will be better again on softer ground and this was a poor race in which a lot went wrong for a lot of horses, it completely collapsed. I'm sure the handicapper is well aware of that -  Andy Gibson, who runs The Cheltenham Trail syndicate.||2024-03-10 | Getaway Master | 3481858 | Follow Limerick Races On Instagram Handicap Hurdle | 862732 | Limerick | 188 | 22.5 | 4900 | Getaway Master got a nice, patient ride and let him come home strongly. He saw it out really well - Richard Daniels, trainer.",,41.18,7%,25,IRE,3481858,,"Middleham, N Yorks",255365,Grange Oscar,"{'runs': '9', 'wins': '1'}",4,,IRE,657490,-85.13,2026-04-13,https://www.racingpost.com/racecards/25/hexham/2026-04-13/915322,+0.78,17,Hurdle,False,1026624,Good To Soft,462135,20,True,6,,Getaway,False,2m4f28y,2585848,4428,Turf,5%,GER,14,"{'runs': '2', 'wins': '0'}",Joseph Daniels (2025-10-27)||Get Out Of It Syndicate (2023-01-05)||Darren Collins (2021-11-02),False,False,3481858/getaway-master,187,"[{'trainer': 'Richard James Daniels', 'trainer_id': 37699, 'change_date': '2025-10-27'}, {'trainer': 'John Joseph Hanlon', 'trainer_id': 18845, 'change_date': '2023-01-05'}]",G,7%,16,-9.67,Edwin Carlisle,10,IRE,The Cheltenham Trail,85846,-102.50,152,25%,,2017-04-04,B,[],False,1,10,915322,"{'runs': '0', 'wins': '0'}",1,5020,,Oscar
Hexham,16:00,Happy Retirement Maurice & Anne Barnes Handicap Hurdle (Div I),,2m4f,5,4yo+,0-105,"£4,806",10,Stylish Recruit,8,gelding,8,,Sandy Thomson,Patrick Wadge,tp,False,153,89,106,70,22,3P5PP0,,,,"Stylish Recruit | 4737904 | He won a novice hurdle at Hexham nicely in the summer and then didn't back it up at Carlisle, but we later found a problem. It's been sorted now and he'll go back over fences, probably on a flat track. We're looking forward to him. 22-01-25",40,20%,25,IRE,4737904,,"Lambden, Berwicks",313993,Stylish Ways,"{'runs': '6', 'wins': '0'}",0,,IRE,648356,-32.84,2026-04-13,https://www.racingpost.com/racecards/25/hexham/2026-04-13/915322,-7.00,5,Hurdle,False,778,Good To Soft,512196,20,True,20,,Ask,False,2m4f28y,2698932,4428,Turf,8%,GB,5,"{'runs': '3', 'wins': '1'}",,False,False,4737904/stylish-recruit,66,[],G,13%,7,-2.25,J F Mernagh,8,IRE,Mrs Fiona Telfer,100439,-25.38,61,0%,,2018-03-18,B,"[{'date': '2024-09-19', 'type': 'Wind Surgery'}]",False,1,5,915322,"{'runs': '7', 'wins': '0'}",1,4471,,Bach
Hexham,16:00,Happy Retirement Maurice & Anne Barnes Handicap Hurdle (Div I),,2m4f,5,4yo+,0-105,"£4,806",10,Eire Street,9,gelding,9,,Jackie Stephen,Sean Quinlan,v,True,152,88,114,108,17,PP5PP8,,,,,0,0%,25,GB,3499225,,"Lilliesleaf, Roxburghshire",101277,Miss Xian,"{'runs': '8', 'wins': '1'}",5,,IRE,96578,-76.41,2026-04-13,https://www.racingpost.com/racecards/25/hexham/2026-04-13/915322,-0.13,2,Hurdle,False,1127241,Good To Soft,533451,20,True,0,,Flemensfirth,False,2m4f28y,780310,4428,Turf,7%,USA,2,"{'runs': '1', 'wins': '0'}",John Reddington (2024-01-08)||Denis Paul Murphy (2022-09-10),False,False,3499225/eire-street,27,"[{'trainer': 'Thomas Gallagher', 'trainer_id': 32061, 'change_date': '2024-01-08'}, {'trainer': 'Denis Paul Murphy', 'trainer_id': 12712, 'change_date': '2022-09-10'}]",G,17%,24,-2.00,M Kavanagh,43,IRE,Northern Lights Racing,82485,-13.50,247,21%,,2017-03-17,B,[],False,0,2,915322,"{'runs': '5', 'wins': '0'}",0,26482,,Milan
Hexham,16:00,Happy Retirement Maurice & Anne Barnes Handicap Hurdle (Div I),,2m4f,5,4yo+,0-105,"£4,806",10,Do Ye Wanna,8,gelding,10,,George Bewley,Edward Austin,,False,142,78,103,59,19,77-P37,,,,,28.57,0%,25,USA,5481554,5,"Colby, Cumbria",357041,Raphuca,"{'runs': '2', 'wins': '0'}",0,,IRE,569100,+10.50,2026-04-13,https://www.racingpost.com/racecards/25/hexham/2026-04-13/915322,-5.00,7,Hurdle,False,28546,Good To Soft,300209,20,True,0,5,Doyen,False,2m4f28y,550594,4428,Turf,10%,IRE,7,"{'runs': '4', 'wins': '0'}",Miss Victoria Bewley (2025-04-08)||G T Bewley (2025-03-19)||John Wade (2025-03-03),False,False,5481554/do-ye-wanna,164,[],G,5%,5,-7.00,Pat Moore,3,IRE,Montgomerie And Holland,94305,-9.63,59,0%,,2018-04-03,CH,[],False,0,16,915322,"{'runs': '2', 'wins': '0'}",0,6351,,Be My Native
Hexham,16:30,Happy Retirement Maurice & Anne Barnes Handicap Hurdle (Div II),,2m4f,5,4yo+,0-105,"£4,806",10,Be The Difference,10,gelding,1,,Philip Kirby,Joe Williamson,,False,168,104,111,90,62,11163P,,,"2024-12-17 | Be The Difference | 3014339 | AJA Membership Includes Insurance Amateur Jockeys' Handicap Hurdle (Go North Brindisi Breeze Qual') | 882343 | Catterick | 10 | 25.5 | 5571 | Shay [Halton] rides Be The Difference every day at home, so it was nice to give him a chance on him because he's not the easiest of rides. I told him not to be afraid to go on if they weren't going fast enough as he's a bit keen, but it turns out they've gifted him the race more or less. He wasn't going that fast - Phil Kirby, trainer.",,37.5,25%,25,IRE,3014339,,"East Appleton, N Yorks",344506,Rinroe Flyer,"{'runs': '11', 'wins': '1'}",3,,IRE,538460,-32.76,2026-04-13,https://www.racingpost.com/racecards/25/hexham/2026-04-13/918040,+4.00,24,Hurdle,False,1103827,Good To Soft,304885,20,True,17,,Califet,False,2m4f28y,3014369,4428,Turf,8%,FR,12,"{'runs': '0', 'wins': '0'}",The Vacuum Pouch Company Limited (2024-05-09),False,False,3014339/be-the-difference,48,[],G,6%,15,+7.00,F Mc Mahon,3,IRE,Be The Difference Partnership,95218,-38.20,47,20%,,2016-03-31,B,[],False,3,4,918040,"{'runs': '10', 'wins': '2'}",4,18875,,Accordion
Hexham,16:30,Happy Retirement Maurice & Anne Barnes Handicap Hurdle (Div II),,2m4f,5,4yo+,0-105,"£4,806",10,Kool Raoul,6,gelding,2,,Lucinda Russell & Michael Scudamore,Gregor Walkingshaw,p,True,168,104,105,91,24,223578,,,,,33.33,8%,25,FR,6692975,10,"Milnathort, Perth & Kinross",56707,Douma Desbois,"{'runs': '4', 'wins': '0'}",0,,FR,549398,-5.00,2026-04-13,https://www.racingpost.com/racecards/25/hexham/2026-04-13/918040,-1.00,15,Hurdle,False,1136908,Good To Soft,78920,20,True,7,10,Great Pretender,False,2m4f28y,974695,4428,Turf,19%,IRE,13,"{'runs': '2', 'wins': '0'}",,False,False,6692975/kool-raoul,31,"[{'trainer': 'Lucinda Russell', 'trainer_id': 6990, 'change_date': '2025-09-27'}]",G,0%,1,-10.60,S C E A Ecurie Cap Orne,0,FR,The County Set,101694,-15.04,5,0%,,2020-02-06,B,[],False,1,6,918040,"{'runs': '5', 'wins': '0'}",1,42490,,Smadoun
Hexham,16:30,Happy Retirement Maurice & Anne Barnes Handicap Hurdle (Div II),,2m4f,5,4yo+,0-105,"£4,806",10,Gardener,10,gelding,3,,Mike Sowersby,Charlie Maggs,t,False,166,102,107,102,19,U03331,,,,Gardener | 3533588 | He won two handicap chases last season and is at the top end of the handicap but he'll win again off a realistic mark. 24-10-24,33.33,0%,25,GER,3533588,3,"Little Barugh, N Yorks",367676,Alliance Doree,"{'runs': '7', 'wins': '1'}",4,,FR,620671,-5.14,2026-04-13,https://www.racingpost.com/racecards/25/hexham/2026-04-13/918040,+0.50,6,Hurdle,False,1128709,Good To Soft,531949,20,True,0,3,Dragon Dancer,False,2m4f28y,3533587,4428,Turf,8%,GB,5,"{'runs': '1', 'wins': '1'}",Mrs J M Plummer (2026-02-03)||M E Sowersby (2026-01-15)||Premier Plastering (uk) Limited (2025-12-22)||J C Hurley (2022-10-27),False,False,3533588/gardener,25,"[{'trainer': 'Olly Murphy', 'trainer_id': 33553, 'change_date': '2025-12-22'}, {'trainer': 'Alex Hales', 'trainer_id': 13987, 'change_date': '2023-12-11'}, {'trainer': 'J C Hurley', 'trainer_id': 29547, 'change_date': '2022-10-27'}]",G,14%,22,-5.00,Mme Frederique Hayers Et Al,3,FR,Mrs J M Plummer & M E Sowersby,101500,-2.00,21,18%,,2016-04-28,B,[],False,0,2,918040,"{'runs': '5', 'wins': '1'}",0,4054,,Network
Hexham,16:30,Happy Retirement Maurice & Anne Barnes Handicap Hurdle (Div II),,2m4f,5,4yo+,0-105,"£4,806",10,Highbury Hill,5,mare,4,,Nigel Hawke,Murray Dodd,,False,164,100,105,88,45,-23715,,,,,28.57,14%,25,IRE,6649601,7,"Stoodleigh, Devon",253311,Kilronan High,"{'runs': '4', 'wins': '1'}",0,,GB,793060,+1.50,2026-04-13,https://www.racingpost.com/racecards/25/hexham/2026-04-13/918040,-5.00,7,Hurdle,False,1109022,Good To Soft,610113,20,True,14,7,Masterstroke,False,2m4f28y,832648,4428,Turf,9%,USA,7,"{'runs': '1', 'wins': '0'}",Johanna Adams & Partner (2025-10-04)||Thorne Farm Racing Ltd (2024-10-28),False,False,6649601/highbury-hill,11,[],M,25%,5,-2.67,W Kinsey,1,IRE,Surefire Racing,100178,-1.00,4,0%,,2021-04-24,B,[],False,1,1,918040,"{'runs': '4', 'wins': '0'}",1,10257,,Mountain High
Hexham,16:30,Happy Retirement Maurice & Anne Barnes Handicap Hurdle (Div II),,2m4f,5,4yo+,0-105,"£4,806",10,Tantivy Vavoom,6,mare,5,,Ruth Jefferson,Theo Gillard,,False,161,97,94,79,41,764,,,,"Tantivy Vavoom | 7365447 | She joined us from Ireland. She dead-heated in April in a point-to-point at Rathcannon, with a horse that Olly Murphy subsequently trained to win at Perth in the summer called Western Clouds. She then ran again and didn't make her reserve at the sales. She goes quite nicely at home and will be a fun one for mares' races and things like that. She has something about her. She was only seventh at Sedgefield last week in a 2m4f maiden hurdle - whether she wants further or needs better ground, I don't know; she seemed to have forgotten how to be a racehorse. I'm not sure what went wrong and nothing obvious has come to light, so we'll put a line through it. 19-11-25",33.33,33%,25,IRE,7365447,,"Norton, N Yorks",363037,Sally Sparrow,"{'runs': '3', 'wins': '0'}",5,,IRE,865578,-23.17,2026-04-13,https://www.racingpost.com/racecards/25/hexham/2026-04-13/918040,+5.73,3,Hurdle,False,1094274,Good To Soft,603566,20,True,33,,Order Of St George,False,2m4f28y,1366716,4428,Turf,5%,IRE,3,"{'runs': '0', 'wins': '0'}",,False,False,7365447/tantivy-vavoom,22,[],M,5%,17,+5.50,Knocktartan House Stud,2,IRE,Stargazer Racing,93874,-15.00,40,29%,,2020-03-08,B,[],False,1,1,918040,"{'runs': '2', 'wins': '0'}",1,34251,,Scorpion
Hexham,16:30,Happy Retirement Maurice & Anne Barnes Handicap Hurdle (Div II),,2m4f,5,4yo+,0-105,"£4,806",10,Our Laura B,8,mare,6,,Ben Haslam,Richie McLernon,,False,159,95,104,69,19,-PP3P5,,,,,25,0%,25,IRE,4211311,,"Middleham Moor, N Yorks",309571,Dear Bach,"{'runs': '9', 'wins': '2'}",2,,IRE,712755,-20.43,2026-04-13,https://www.racingpost.com/racecards/25/hexham/2026-04-13/918040,-6.27,8,Hurdle,False,1126160,Good To Soft,512196,20,True,25,,Sans Frontieres,False,2m4f28y,767925,4428,Turf,15%,IRE,1,"{'runs': '3', 'wins': '0'}",D Barry (2022-11-16),False,False,4211311/our-laura-b,55,[],M,15%,18,-1.00,The Beeches Stud Ltd,8,IRE,Racing Knights,83698,-21.28,53,11%,,2018-05-10,B,"[{'date': '2025-11-12', 'type': 'Wind Surgery'}]",False,0,8,918040,"{'runs': '5', 'wins': '0'}",2,22367,,Bach
Hexham,16:30,Happy Retirement Maurice & Anne Barnes Handicap Hurdle (Div II),,2m4f,5,4yo+,0-105,"£4,806",10,Wise Move,8,gelding,7,,George Bewley,Jonathon Bewley,h,False,156,92,107,97,19,45254P,,,,,28.57,0%,25,IRE,4303295,,"Colby, Cumbria",354348,Offside Rule,"{'runs': '6', 'wins': '0'}",0,,IRE,572780,-54.63,2026-04-13,https://www.racingpost.com/racecards/25/hexham/2026-04-13/918040,-7.00,7,Hurdle,False,1026385,Good To Soft,84432,20,True,0,,Shirocco,False,2m4f28y,778778,4428,Turf,10%,GER,7,"{'runs': '5', 'wins': '0'}",Tunstall Annett Graham And Bewley (2025-01-25),False,False,4303295/wise-move,164,[],G,10%,7,-7.00,Miss Eleanor Broderick,12,IRE,Annett Tunstall And Graham,85783,-9.63,126,0%,,2018-04-25,B,[],False,0,16,918040,"{'runs': '5', 'wins': '0'}",0,6351,,Kings Theatre
Hexham,16:30,Happy Retirement Maurice & Anne Barnes Handicap Hurdle (Div II),,2m4f,5,4yo+,0-105,"£4,806",10,Eric Carmen,10,gelding,8,,Gary Hanmer,Benjamin Macey,tp,False,153,89,104,78,23,131126,,,,"Eric Carmen | 3046809 | His performances this season have been incredible really. He's won three of his six starts and has been placed in another two of those. He's always been a very good work horse but he was underwhelming for far too long, so we completely changed his routine. We don't train him like a racehorse - he plays around in the woods and things like that - and the rest is history. He prefers a bit of easier ground and he's ready to go again when the right opportunity comes. 08-04-26",50,14%,25,GB,3046809,5,"Tattenhall, Cheshire",278374,Coopers Joy,"{'runs': '14', 'wins': '4'}",0,,IRE,695865,-2.00,2026-04-13,https://www.racingpost.com/racecards/25/hexham/2026-04-13/918040,-9.00,8,Hurdle,False,4449,Good To Soft,96595,20,True,13,5,Fame And Glory,False,2m4f28y,823728,4428,Turf,19%,GB,7,"{'runs': '0', 'wins': '0'}",Mrs P Doyle (2022-08-23),False,False,3046809/eric-carmen,16,"[{'trainer': 'Eoin Doyle', 'trainer_id': 14839, 'change_date': '2022-08-23'}]",G,0%,9,-3.75,Patrick Doyle,0,IRE,The Ed-Chester Partnership,102914,+1.75,2,0%,,2016-04-06,B,"[{'date': '2024-12-11', 'type': 'Wind Surgery'}]",False,1,3,918040,"{'runs': '8', 'wins': '0'}",1,6109,,Presenting
Hexham,16:30,Happy Retirement Maurice & Anne Barnes Handicap Hurdle (Div II),,2m4f,5,4yo+,0-105,"£4,806",10,My Boy Christy,6,gelding,9,,Ewan Whillans,Peter Kavanagh,p,False,147,83,97,89,25,0-4057,,,,,50,20%,25,GB,6864625,,"Hawick, Scottish Borders",352724,Alderimli,"{'runs': '4', 'wins': '0'}",1,,IRE,602597,-10.50,2026-04-13,https://www.racingpost.com/racecards/25/hexham/2026-04-13/918040,-8.50,10,Hurdle,False,1123780,Good To Soft,77280,20,True,20,,Walk In The Park,False,2m4f28y,801806,4428,Turf,13%,IRE,5,"{'runs': '0', 'wins': '0'}",R Kenneally (2026-02-14),False,False,6864625/my-boy-christy,39,"[{'trainer': 'Liam G OBrien', 'trainer_id': 37676, 'change_date': '2026-02-10'}]",G,8%,13,+2.50,Oldcourt Stud,6,IRE,R Kenneally & J P Lambe,79499,+43.00,77,8%,,2020-06-25,B,[],False,1,5,918040,"{'runs': '0', 'wins': '0'}",2,38714,,Alderbrook
Hexham,16:30,Happy Retirement Maurice & Anne Barnes Handicap Hurdle (Div II),,2m4f,5,4yo+,0-105,"£4,806",10,Blended Stealth,9,gelding,10,,Lizzie Quinlan,James Best,b,False,142,78,103,80,9,F54P54,,,,,27.27,0%,25,GB,3283433,,"Bolton Mill, Cumbria",369372,Wyldello,"{'runs': '14', 'wins': '0'}",0,,GB,602597,-1.00,2026-04-13,https://www.racingpost.com/racecards/25/hexham/2026-04-13/918040,-19.00,11,Hurdle,False,18186,Good To Soft,304561,20,True,0,,Walk In The Park,False,2m4f28y,648976,4428,Turf,4%,IRE,11,"{'runs': '8', 'wins': '1'}",D Mullen G Barker And Partners (2026-03-13)||Mrs E Quinlan (2023-07-13)||Graham And Alison Jelley (2023-06-30),False,False,3283433/blended-stealth,53,"[{'trainer': 'Nigel Twiston-Davies', 'trainer_id': 306, 'change_date': '2023-06-30'}]",G,0%,19,-11.00,R D And Mrs J S Chugg,0,GB,D Mullen & Exors Of G Barker,91230,-29.00,1,0%,,2017-04-20,B,"[{'date': '2024-02-05', 'type': 'Wind Surgery'}]",False,0,2,918040,"{'runs': '13', 'wins': '0'}",0,39853,,Supreme Leader
Hexham,17:00,Pointing Pointers Open Hunters' Chase,,3m,5,5yo+,,"£2,823",8,Brandy McQueen,9,gelding,1,,Miss Lucy Brown,Miss Lucy Brown,,False,170,115,109,53,40,2P63-1,,,"2023-10-08 | Brandy McQueen | 3497278 | Scottish Racing Academy Novices' Limited Handicap Chase (GBB Race) | 848752 | Kelso | 27 | 23.5 | 5156 | Brandy McQueen had schooled quite well. I'd say he was fairly green over the first few fences. Ryan (Mania) gave him a fantastic ride. We'll work out a plan for him but this is a great way to start- joint-trainer Harriet Graham, speaking to Racing TV.",,,-,25,IRE,3497278,7,"Hawick, Borders",50103,Down Ace,"{'runs': '14', 'wins': '4'}",0,,IRE,583841,-4.00,2026-04-13,https://www.racingpost.com/racecards/25/hexham/2026-04-13/915324,0.00,0,Chase,False,1122242,Good To Soft,57937,24,False,,7,Yeats,False,3m41y,824143,5321,Turf,0%,IRE,0,"{'runs': '0', 'wins': '0'}",Potassium Partnership 2 Irving & Graham (2026-02-07)||Townshend Fyffe Irving & Graham (2024-06-03)||Townshend Irving & Graham (2023-04-10)||Scott Townshend (2022-05-05),False,False,3497278/brandy-mcqueen,1,"[{'trainer': 'Lucy Brown', 'trainer_id': 35368, 'change_date': '2026-02-26'}, {'trainer': 'Gary Rutherford', 'trainer_id': 32015, 'change_date': '2026-01-24'}, {'trainer': 'Harriet Graham & Gary Rutherford', 'trainer_id': 39224, 'change_date': '2024-09-20'}, {'trainer': 'Harriet Graham', 'trainer_id': 7321, 'change_date': '2022-03-02'}]",G,0%,0,0.00,P Sullivan,0,IRE,Mrs H O Graham,99206,-1.00,4,-,,2017-04-19,B,[],False,0,0,915324,"{'runs': '16', 'wins': '2'}",0,35842,,Generous
Hexham,17:00,Pointing Pointers Open Hunters' Chase,,3m,5,5yo+,,"£2,823",8,Dressedtoimpress,10,gelding,2,,Miss Joanne Murphy,Mr Nick Orpwood,t,False,166,98,,,702,1-,,,"2024-05-11 | Dressedtoimpress | 4117872 | Paxtons Heart Of All England Maiden Hunters' Chase (For The Heart Of All England Trophy) | 865447 | Hexham | 25 | 24 | 5321 | Dressedtoimpress is only a maiden and will come on plenty for that again, that's only his third run over fences. It just happened a bit quick for him the last day - Paddy Barlow, jockey, talking to Sky Sports Racing.",,,-,25,GB,4117872,3,"Grange-over-Sands, Cumbria",217694,Annas Slipper,"{'runs': '1', 'wins': '1'}",0,,IRE,572780,-5.00,2026-04-13,https://www.racingpost.com/racecards/25/hexham/2026-04-13/915324,-1.00,0,Chase,False,1209,Good To Soft,49160,24,False,,3,Shirocco,False,3m41y,655562,5321,Turf,100%,GER,0,"{'runs': '1', 'wins': '1'}",,False,False,4117872/dressedtoimpress,1,"[{'trainer': 'Joanne Murphy', 'trainer_id': 40012, 'change_date': '2024-05-06'}, {'trainer': 'James Latham', 'trainer_id': 31918, 'change_date': '2022-11-26'}]",G,0%,1,0.00,A J Molloy,0,IRE,James Latham,86276,+10.00,5,0%,,2016-04-18,CH,[],False,0,1,915324,"{'runs': '0', 'wins': '0'}",0,41407,,Anshan
Hexham,17:00,Pointing Pointers Open Hunters' Chase,,3m,5,5yo+,,"£2,823",8,Ex SElance,12,gelding,3,,Victor Thompson,Mr Ben Smoult,p,False,166,67,,,46,68P-PP,,,,,0,0%,25,FR,1652399,7,"Alnwick, Northumbria",468,Pampa Brune,"{'runs': '11', 'wins': '0'}",0,,FR,658234,0.00,2026-04-13,https://www.racingpost.com/racecards/25/hexham/2026-04-13/915324,0.00,3,Chase,False,1109817,Good To Soft,527138,24,False,0,7,Saddex,False,3m41y,677180,5321,Turf,5%,GB,3,"{'runs': '9', 'wins': '1'}",The Fifty Fifty Partnership (2021-11-26)||M D Hammond (2018-10-08)||M L Bloodstock Ltd (2018-09-29),False,False,1652399/ex-selance,42,"[{'trainer': 'Micky Hammond', 'trainer_id': 5020, 'change_date': '2021-11-26'}, {'trainer': 'G Cherel', 'trainer_id': 5174, 'change_date': '2018-09-29'}]",G,-,0,-3.00,Mme M Glais & Mme A Glais,0,FR,V Thompson,105048,-24.50,0,-,,2014-03-30,B,[],False,0,2,915324,"{'runs': '15', 'wins': '0'}",0,24960,,Robin Des Champs
Hexham,17:00,Pointing Pointers Open Hunters' Chase,,3m,5,5yo+,,"£2,823",8,Lunar Contact,8,gelding,4,,Susan Corbett,Miss Rebekah Duffy,tp,False,166,100,111,67,40,1PP2-2,,,,"Lunar Contact | 4231785 | He won a point-to-point in Ireland and has been bought by Million In Mind. He's doing everything we've asked of him so far and he's likely to go straight over hurdles, probably over two and a half miles to start. 07-11-22",40,0%,25,USA,4231785,7,"Otterburn, Northumberland",50217,Bobaway,"{'runs': '5', 'wins': '3'}",0,,IRE,768554,-3.00,2026-04-13,https://www.racingpost.com/racecards/25/hexham/2026-04-13/915324,0.00,5,Chase,False,14266,Good To Soft,105810,24,False,0,7,Sea Moon,False,3m41y,4243776,5321,Turf,12%,GB,5,"{'runs': '1', 'wins': '0'}",Keith F J Loads (2025-04-08)||K Loads & Mrs K Bowling (2024-08-24),False,False,4231785/lunar-contact,139,"[{'trainer': 'T Ellis', 'trainer_id': 15838, 'change_date': '2025-04-08'}, {'trainer': 'Georgina Ellis', 'trainer_id': 41300, 'change_date': '2024-08-24'}, {'trainer': 'Mrs G Ellis', 'trainer_id': 8384, 'change_date': '2024-05-25'}, {'trainer': 'Tom Ellis', 'trainer_id': 20164, 'change_date': '2024-03-29'}, {'trainer': 'Alan King', 'trainer_id': 13928, 'change_date': '2023-12-30'}, {'trainer': 'Colin Bowe', 'trainer_id': 22361, 'change_date': '2022-10-01'}]",G,0%,0,-5.00,Burgage Stud,0,IRE,Mrs Susan Corbett,104392,+26.74,3,-,,2018-05-19,B,[],False,0,17,915324,"{'runs': '4', 'wins': '1'}",0,10806,,Shantou
Hexham,17:00,Pointing Pointers Open Hunters' Chase,,3m,5,5yo+,,"£2,823",8,Nassalam,9,gelding,5,,T Ellis,Miss Gina Andrews,,False,166,140,,,72,PP-PPP,,,"2023-12-27 | Nassalam | 3249651 | Coral Welsh Grand National Handicap Chase (Premier Handicap) (Run In Memory Of Kim Gingell) (GBB) | 853185 | Chepstow | 12 | 30.5 | 6730 | It's always been in the back of my mind would he stay and he stayed very well. Nassalam was given a great ride (by Caoilin Quinn). He's committed him a long way out and the horse has kept going for him. He's got a lot of faith in the horse - Gary Moore, trainer, speaking on ITV Racing.||2023-12-09 | Nassalam | 3249651 | Coral Welsh Grand National Trial Handicap Chase (GBB Race) | 854217 | Chepstow | 12 | 23.5 | 5191 | That was a brilliant performance. Nassalam ran a good race at Aintree and we stuck the blinkers on for this as I schooled him with them and he was just a completely different horse. He travelled extremely well, considering the ground, and he definitely stays, which we questioned. We went a good gallop early which helped him travel and he kept on the whole way to the line - Jockey Caoilin Quinn, speaking on Sky Sports Racing.||2022-02-27 | Nassalam | 3249651 | Land & Power Ltd. Novices' Limited Handicap Chase (For The Josh Gifford Cup) (GBB Race) | 803281 | Fontwell | 20 | 19.5 | 4284 | That will be his last run this season. Nassalam had a very hard race at Ascot to win first time. If the owners agree, we'll give him some time off. He was carrying lumps of weight. He's quite a nice horse and he's only a baby. After a summer off we'll have a nice horse on our hands. He's jumping left handed all the time. We checked him out after his run the other day but we need to make sure nothing is amiss - Gary Moore, trainer.||2021-11-26 | Nassalam | 3249651 | Ladbrokes Committed To Safer Gambling Novices' Chase (Grade 2) (The Berkshire) (GBB Race) | 797009 | Newbury | 36 | 20 | 4367 | We had luck on our side for a change with Nassalam. He was hating the ground; it was too quick for him and we got lucky. Whether we'd have got the same result I'm not sure, but I'm glad we won. It's all about jumping and that's the thing he does very well, but we won't be running him again on that ground - it's good ground and he's a slow-ground horse. I think we have to be patient with the weather and his handicap mark shouldn't change too much. I told Jamie to take his time because I wasn't sure he'd get two and a half miles in a true-run race. I think he's enough pace on soft ground for two miles. I think he's very talented and his greatest asset is his jumping. I'd love to go for the Scilly Isles, but he's better going left-handed and he may go to Cheltenham for the Dipper before that - Gary Moore, trainer.||2021-10-30 | Nassalam | 3249651 | Ascot Underwriting Chase (A Novices' Limited Handicap) (GBB Race) | 794773 | Ascot | 2 | 19 | 4135 | When we schooled Nassalam he was deadly. He jumped so well that with his 10lb allowance we had to go this route. I don't really want to go right-handed again. He gave so much ground away today but he's a brave horse because he did make a slight mistake at the first ditch and could have thrown the towel in - Gary Moore, trainer.||2020-12-08 | Nassalam | 3249651 | One More For The Moore's Juvenile Hurdle (GBB Race) | 771638 | Fontwell | 20 | 17.5 | 3902 | Nassalam jumped brilliantly. I really, really like this horse. I know the opposition probably wasn't the best, but it's the way he does it. It's all very easy for him - Jamie Moore, jockey.","Nassalam | 3249651 | He picked up a bit of an injury last winter but he came back in looking great and I was actually delighted with his run at Cheltenham on Saturday. He jumped and travelled nicely, but the ground was on the quick side for him and, when the tempo of the race quickened and he missed a fence, it just got away from him. That race will bring him on and on heavy ground is where he ups his game. He's likely to head towards the Welsh National, which he won in 2023, with another run to get his eye in before. 28-10-25||Nassalam | 3249651 | He won well at Ascot on his first run of the season, when getting up by a nose and that took a lot out of him. He romped home in a Grade 2 after that at Newbury but his two subsequent runs at Plumpton have been very disappointing. The first of them was little more than a donkey race and he was beaten by a mile. He is having a break now and hopefully will come back in a better frame of mind when he returns as he was not playing the game with jumping. I could not really understand why as one of his strengths has been how he handles a fence. He is still a young horse and if we can get him right he will more nice races. 02-02-22",60,0%,25,GER,3249651,,"Rugby, Warwicks",312541,Ramina,"{'runs': '6', 'wins': '1'}",0,,FR,476274,-1.00,2026-04-13,https://www.racingpost.com/racecards/25/hexham/2026-04-13/915324,-2.00,5,Chase,False,1120702,Good To Soft,572780,24,False,0,,Dream Well,False,3m41y,787071,5321,Turf,33%,FR,4,"{'runs': '0', 'wins': '0'}",John Stone (2021-12-27)||Jacques Detre & Patrice Detre (2020-11-09)||Genetique Obstacle (2020-10-01),True,False,3249651/nassalam,3,"[{'trainer': 'Gary & Josh Moore', 'trainer_id': 41396, 'change_date': '2026-04-01'}, {'trainer': 'Gary Moore', 'trainer_id': 7833, 'change_date': '2024-10-07'}, {'trainer': 'G Macaire', 'trainer_id': 10559, 'change_date': '2020-10-01'}]",G,0%,2,-4.00,S A R L Genetique Obstacle,0,GER,John And Yvonne Stone,87501,+3.50,1,0%,,2017-05-14,CH,"[{'date': '2025-11-20', 'type': 'Wind Surgery'}]",False,0,1,915324,"{'runs': '3', 'wins': '1'}",0,15838,,Shirocco
Hexham,17:00,Pointing Pointers Open Hunters' Chase,,3m,5,5yo+,,"£2,823",8,Potters Party,9,gelding,6,,Kelly Morgan,Miss Ellie Callwood,tv,False,166,122,,,331,252P-7,,,"2023-11-07 | Potters Party | 4175233 | Irish Stallion Farms EBF Beginners Chase | 853856 | Fairyhouse | 182 | 24.5 | 5387 | Potters Party seems to be better over fences and jumped well apart from the last two, he was probably very tired on the ground. He was crying out for a test of stamina and hopefully he can build on that - Robbie Power, assistant trainer",Potters Party | 4175233 | I thought he'd improve for a step up in trip at Fairyhouse and that's exactly what happened. He kept going in tough conditions. Stamina looks his strong suit. We might go back to Fairyhouse for the Porterstown Handicap Chase in early December or a three-mile handicap chase back on the inside track there in a few weeks' time. 20-11-23,0,0%,25,GB,4175233,7,"Withcote, Leics",49102,Rosies Rocket,"{'runs': '5', 'wins': '1'}",0,,IRE,660597,-1.00,2026-04-13,https://www.racingpost.com/racecards/25/hexham/2026-04-13/915324,-3.00,1,Chase,False,1053572,Good To Soft,96829,24,False,0,7,Mahler,False,3m41y,4175257,5321,Turf,-,GB,1,"{'runs': '0', 'wins': '0'}",Pot Hunters (2026-04-07),False,False,4175233/potters-party,0,"[{'trainer': 'Henry De Bromhead', 'trainer_id': 1249, 'change_date': '2025-11-22'}]",G,0%,3,-1.00,Mrs Claire Keegan,0,IRE,Julian Taylor,102686,0.00,1,0%,,2017-04-13,B,[],False,0,0,915324,"{'runs': '0', 'wins': '0'}",0,25160,,Definite Article
Hexham,17:00,Pointing Pointers Open Hunters' Chase,,3m,5,5yo+,,"£2,823",8,Whatdeawant,10,gelding,7,,Lucinda Russell & Michael Scudamore,Miss Lisa OConnor,p,False,166,122,,,472,8/353-,,,"2021-12-04 | Whatdeawant | 3340006 | Kilberry Pub & Kitchen Maiden Hurdle (Div I) | 799869 | Navan | 193 | 20 | 4400 | Whatdeawant always gave me the feel he would get there. He will get further but the way he picked up you probably wouldn't be afraid of coming back in trip when the ground gets slower. He has a bit of class - Danny Mullins, rider.||2021-01-03 | Whatdeawant | 3340006 | Jump Into January @fairyhouse (Pro/Am) INH Flat Race | 775262 | Fairyhouse | 182 | 16.5 | 3630 | I'm delighted to have a winner again for the Mulryans. He looks smarter on a racetrack than he does at home. That will do me. I imagine he will go for a winners' bumper unless we go straight to Cheltenham. Patrick was very happy - Willie Mullins, trainer",Whatdeawant | 3340006 | He's a very nice horse but we probably got it a little bit wrong with him as he wants three miles-plus. He could be a long-distance horse on soft ground as he isn't the quickest in the world but has plenty of ability. 30-10-24||Whatdeawant | 3340006 | I think he will be going for the Ballymore as his owners [Sean and Bernardine Mulryan] sponsor the race. He won on his hurdling debut at Navan in December but he didn't do things right at Naas last time in the Grade 1 Lawlor's Of Naas Novice Hurdle. 09-03-22,33.33,8%,25,IRE,3340006,7,"Milnathort, Perth & Kinross",40716,Hidden Reserve,"{'runs': '2', 'wins': '0'}",0,,IRE,732696,0.00,2026-04-13,https://www.racingpost.com/racecards/25/hexham/2026-04-13/915324,0.00,0,Chase,False,1080100,Good To Soft,99911,24,False,,7,Aizavoski,False,3m41y,695027,5321,Turf,19%,IRE,13,"{'runs': '1', 'wins': '0'}",Bernardine And Sean Mulryan (2025-03-07)||Sean & Bernardine Mulryan (2024-04-08)||Sean & Bernardine Mulryan Partnership (2020-12-29),False,False,3340006/whatdeawant,31,"[{'trainer': 'W P Mullins', 'trainer_id': 1475, 'change_date': '2024-04-08'}]",G,-,0,-10.60,Ms Nadja Humphreys,0,IRE,Miss Lucinda V Russell,104889,-15.04,0,-,,2016-04-24,B,[],False,1,6,915324,"{'runs': '2', 'wins': '0'}",0,42490,,Heron Island
Hexham,17:00,Pointing Pointers Open Hunters' Chase,,3m,5,5yo+,,"£2,823",8,Settle Down Jill,6,mare,8,,Norman Sanderson,Mr Henry Crow,,False,159,105,123,70,36,532P52,,,,,,-,25,USA,5689604,3,"Lanark, Lanarkshire",114746,Azaila,"{'runs': '0', 'wins': '0'}",1,,IRE,826314,-1.00,2026-04-13,https://www.racingpost.com/racecards/25/hexham/2026-04-13/915324,+1.75,0,Chase,False,1136739,Good To Soft,96463,24,False,,3,Affinisea,False,3m41y,1629860,5321,Turf,-,IRE,0,"{'runs': '0', 'wins': '0'}",Sullivan Group Limited & Dan Skelton (2026-02-09)||Sullivan Group Limited (2025-09-13)||Sullivan Bloodstock Limited (2025-04-11),False,False,5689604/settle-down-jill,0,"[{'trainer': 'Dan Skelton', 'trainer_id': 16270, 'change_date': '2026-02-09'}]",M,0%,1,0.00,Ballyreddin Stud & Kellsgrange Stud,0,GB,Norman Sanderson,96344,0.00,1,100%,,2020-02-29,B,"[{'date': '2025-06-30', 'type': 'Wind Surgery'}]",False,0,0,915324,"{'runs': '4', 'wins': '0'}",0,16202,,Halling
Hexham,17:35,carpetgallop.co.uk Pro Fibre Surface Setting Standards Open NH Flat Race (Cat 1 Elim) (GBB Race),,2m,4,4-6yo,,"£3,540",8,Ar Ais Aris,5,gelding,1,,Lucinda Russell & Michael Scudamore,Derek Fox,,False,157,,,,,,,,,,33.33,8%,25,FR,8423294,,"Milnathort, Perth & Kinross",113887,Palm Sur,"{'runs': '0', 'wins': '0'}",1,,IRE,602597,-27.60,2026-04-13,https://www.racingpost.com/racecards/25/hexham/2026-04-13/915323,-2.60,15,NH Flat,False,1124331,Good To Soft,480147,16,False,7,,Walk In The Park,False,2m48y,841143,3568,Turf,19%,IRE,13,"{'runs': '0', 'wins': '0'}",,False,False,8423294/ar-ais-aris,31,[],G,15%,5,-10.60,Danes Well,19,IRE,Brahms & Liszt,88471,-15.04,129,20%,,2021-02-15,B,[],False,1,6,915323,"{'runs': '0', 'wins': '0'}",1,42490,,Urban Ocean
Hexham,17:35,carpetgallop.co.uk Pro Fibre Surface Setting Standards Open NH Flat Race (Cat 1 Elim) (GBB Race),,2m,4,4-6yo,,"£3,540",8,Captain Barbossa,5,gelding,2,,Sandy Thomson,Patrick Wadge,,False,157,,,,,,,,,,40,20%,25,IRE,9083750,,"Lambden, Berwicks",203205,Sea My Angel,"{'runs': '0', 'wins': '0'}",0,,GB,773055,-32.84,2026-04-13,https://www.racingpost.com/racecards/25/hexham/2026-04-13/915323,-7.00,5,NH Flat,True,1062962,Good To Soft,671647,16,False,20,,Born To Sea,False,2m48y,1009202,3568,Turf,8%,IRE,5,"{'runs': '0', 'wins': '0'}",,False,False,9083750/captain-barbossa,66,[],G,13%,7,-2.25,Andrew Spalding,8,FR,Mrs A M Thomson,100439,-25.38,61,0%,,2021-04-27,B,[],False,1,5,915323,"{'runs': '0', 'wins': '0'}",1,4471,,Dark Angel
Hexham,17:35,carpetgallop.co.uk Pro Fibre Surface Setting Standards Open NH Flat Race (Cat 1 Elim) (GBB Race),,2m,4,4-6yo,,"£3,540",8,Cricket Hill Denis,5,gelding,3,,Mark Walford,Danny McMenamin,,False,157,,108,32,17,74,,,,,43.75,11%,25,USA,8945012,,"Sheriff Hutton, N Yorks",159609,What An Flyer,"{'runs': '2', 'wins': '0'}",10,,IRE,800133,-5.82,2026-04-13,https://www.racingpost.com/racecards/25/hexham/2026-04-13/915323,-3.65,16,NH Flat,False,1132301,Good To Soft,84412,16,False,6,,Hillstar,False,2m48y,708687,3568,Turf,19%,GB,9,"{'runs': '0', 'wins': '0'}",,False,False,8945012/cricket-hill-denis,133,[],G,16%,32,-3.00,Ms Sandra Goldsmith,26,IRE,J Sheard,97855,-25.26,160,31%,,2021-03-23,CH,[],False,1,25,915323,"{'runs': '1', 'wins': '0'}",1,28876,,Broadway Flyer
Hexham,17:35,carpetgallop.co.uk Pro Fibre Surface Setting Standards Open NH Flat Race (Cat 1 Elim) (GBB Race),,2m,4,4-6yo,,"£3,540",8,Dans Allstar,5,gelding,4,,Philip Kirby,Joe Williamson,,False,157,,,,,,,,,,37.5,25%,25,USA,7238176,,"East Appleton, N Yorks",370025,Be My Allstar,"{'runs': '0', 'wins': '0'}",3,,IRE,601396,-32.76,2026-04-13,https://www.racingpost.com/racecards/25/hexham/2026-04-13/915323,+4.00,24,NH Flat,False,21013,Good To Soft,63231,16,False,17,,Malinas,False,2m48y,669033,3568,Turf,8%,GER,12,"{'runs': '0', 'wins': '0'}",,False,False,7238176/dans-allstar,48,[],G,6%,15,+7.00,Dan Rohan,3,IRE,The Dans Allstar Partnership,95218,-38.20,47,20%,,2021-05-14,BR,[],False,3,4,915323,"{'runs': '0', 'wins': '0'}",4,18875,,Fourstars Allstar
Hexham,17:35,carpetgallop.co.uk Pro Fibre Surface Setting Standards Open NH Flat Race (Cat 1 Elim) (GBB Race),,2m,4,4-6yo,,"£3,540",8,Blue Skies Ahead,6,mare,5,,David Killahena & Graeme McPherson,Nick Slatter,t,False,150,,96,78,30,5,,,,,20,0%,25,FR,6425009,3,"Stow-on-the-Wold, Gloucs",269087,One Gulp,"{'runs': '1', 'wins': '0'}",0,,GB,703532,-1.00,2026-04-13,https://www.racingpost.com/racecards/25/hexham/2026-04-13/915323,-4.00,10,NH Flat,False,178,Good To Soft,76009,16,False,0,3,Blue Bresil,False,2m48y,673933,3568,Turf,75%,FR,6,"{'runs': '0', 'wins': '0'}",,True,False,6425009/blue-skies-ahead,4,"[{'trainer': 'Graeme McPherson', 'trainer_id': 18001, 'change_date': '2026-03-09'}, {'trainer': 'David Killahena & Graeme McPherson', 'trainer_id': 40576, 'change_date': '2025-01-07'}]",M,0%,4,-6.00,R J McAlpine,0,GB,DL Adams JA Adams & G McPherson,88451,+1.16,1,0%,,2020-04-11,B,"[{'date': '2026-02-14', 'type': 'Wind Surgery'}]",False,0,3,915323,"{'runs': '0', 'wins': '0'}",0,40576,,Hernando
Hexham,17:35,carpetgallop.co.uk Pro Fibre Surface Setting Standards Open NH Flat Race (Cat 1 Elim) (GBB Race),,2m,4,4-6yo,,"£3,540",8,Gaelic Heather,5,mare,6,,T Ellis,Jack Andrews,,False,150,,,,,,,,,,60,0%,25,USA,7200373,,"Rugby, Warwicks",324928,Accardi,"{'runs': '0', 'wins': '0'}",0,,IRE,865578,+4.50,2026-04-13,https://www.racingpost.com/racecards/25/hexham/2026-04-13/915323,-3.00,5,NH Flat,False,1108004,Good To Soft,66840,16,False,0,,Order Of St George,False,2m48y,781855,3568,Turf,33%,IRE,4,"{'runs': '0', 'wins': '0'}",,False,False,7200373/gaelic-heather,3,[],M,50%,3,-4.00,David Russell,1,IRE,O Williams,98137,+3.50,2,0%,,2021-04-08,GR,[],False,0,1,915323,"{'runs': '0', 'wins': '0'}",0,15838,,Great Palm
Hexham,17:35,carpetgallop.co.uk Pro Fibre Surface Setting Standards Open NH Flat Race (Cat 1 Elim) (GBB Race),,2m,4,4-6yo,,"£3,540",8,Western Games,5,mare,7,,Tim Easterby,Sean Quinlan,,False,150,,,,,,,,,,27.27,0%,25,IRE,9083751,,"Great Habton, N Yorks",343135,Oscars Prospect,"{'runs': '0', 'wins': '0'}",5,,IRE,561095,-76.41,2026-04-13,https://www.racingpost.com/racecards/25/hexham/2026-04-13/915323,-0.13,33,NH Flat,False,1072456,Good To Soft,462135,16,False,0,,Westerner,False,2m48y,954783,3568,Turf,10%,GB,3,"{'runs': '0', 'wins': '0'}",,False,False,9083751/western-games,51,[],M,17%,24,-3.00,Mountainview Stud Ltd Tipperary,43,IRE,Habton Racing,82485,-21.80,247,21%,,2021-04-20,BR,[],False,0,5,915323,"{'runs': '0', 'wins': '0'}",0,10152,,Oscar
Hexham,17:35,carpetgallop.co.uk Pro Fibre Surface Setting Standards Open NH Flat Race (Cat 1 Elim) (GBB Race),,2m,4,4-6yo,,"£3,540",8,Moorhead,4,gelding,8,,Mark Walford,Jamie Hamilton,,False,149,,,,,,,,,,43.75,11%,25,CAN,8913414,,"Sheriff Hutton, N Yorks",370664,Scotland Act,"{'runs': '0', 'wins': '0'}",3,,GB,786139,-84.46,2026-04-13,https://www.racingpost.com/racecards/25/hexham/2026-04-13/915323,+293.00,16,NH Flat,False,1079081,Good To Soft,513982,16,False,6,,Arrigo,False,2m48y,2583905,3568,Turf,19%,GER,9,"{'runs': '0', 'wins': '0'}",,False,False,8913414/moorhead,133,"[{'trainer': 'Charlie Sprake', 'trainer_id': 41386, 'change_date': '2026-04-07'}]",G,12%,18,-3.00,Yorton Farm Stud,20,FR,New Vision Bloodstock And Paul Drury,90517,-25.26,172,17%,,2022-02-03,B,[],False,1,25,915323,"{'runs': '0', 'wins': '0'}",1,28876,,Caballo Raptor
Hexham,17:35,carpetgallop.co.uk Pro Fibre Surface Setting Standards Open NH Flat Race (Cat 1 Elim) (GBB Race),,2m,4,4-6yo,,"£3,540",8,See Me Soon,4,gelding,9,,Nicky Henderson,NON-RUNNER,,False,149,,,,,,,,,,30,21%,25,GB,9029062,,"Upper Lambourn, Berks",354509,Whoops A Daisy,"{'runs': '0', 'wins': '0'}",0,,GB,748243,0.00,2026-04-13,https://www.racingpost.com/racecards/25/hexham/2026-04-13/915323,0.00,20,NH Flat,True,1040862,Good To Soft,96829,16,False,20,,Nathaniel,True,2m48y,740681,3568,Turf,20%,IRE,19,"{'runs': '0', 'wins': '0'}",,False,False,9029062/see-me-soon,5,[],G,-,0,-11.49,N J Henderson And Mrs S A Aston,0,GB,G Snell And Miss E Snell,74971,-1.75,0,-,,2022-04-23,B,[],False,4,1,915323,"{'runs': '0', 'wins': '0'}",4,311,,Definite Article
Leicester,13:52,"British Stallion Studs ""Confined"" Novice Stakes (Not Run More Than Three Times) (GBB Race)",,6f,4,3yo+,,"£5,400",13,Aigeas,3,colt,1,3,Oliver Cole,Rossa Ryan,,False,137,,75,54,155,18-,,,,,0,0%,30,IRE,8039750,,"Whatcombe, Oxon",331309,Bonita Queen,"{'runs': '0', 'wins': '0'}",9,,FR,855564,+9.05,2026-04-13,https://www.racingpost.com/racecards/30/leicester/2026-04-13/915444,-13.88,3,Flat,False,1139755,Good To Firm,733706,6,False,0,,Kodi Bear,False,6f,3103587,1320,Turf,0%,IRE,3,"{'runs': '0', 'wins': '0'}",Menelaos Shiacolas (2026-03-28)||M Shiacolas (2025-10-23),False,False,8039750/aigeas,3,[],C,21%,57,-3.00,Salabi Racing Pearl Champs Elysees & Et,23,FR,M Shiacolas,95744,-3.00,112,16%,,2023-03-13,B,[],False,0,0,915444,"{'runs': '0', 'wins': '0'}",0,42459,,Arcano
Leicester,13:52,"British Stallion Studs ""Confined"" Novice Stakes (Not Run More Than Three Times) (GBB Race)",,6f,4,3yo+,,"£5,400",13,Westport,3,gelding,2,10,George Boughey,Jack Callan,,False,137,,72,,19,1,,,,Westport | 8881561 | His work has always been good and he's got a pedigree to match. He was a good winner on his debut. He's still very weak and we haven't done a huge amount of work with him. He'll run in another novice and could get faster with racing. 02-04-26,50,10%,30,FR,8881561,5,"Newmarket, Suffolk",367414,Lady Livius,"{'runs': '1', 'wins': '1'}",2,,IRE,1025027,+2.00,2026-04-13,https://www.racingpost.com/racecards/30/leicester/2026-04-13/915444,-5.00,21,Flat,False,6963,Good To Firm,106018,6,False,10,5,Blue Point,False,6f,634157,1320,Turf,23%,IRE,21,"{'runs': '0', 'wins': '0'}",,False,False,8881561/westport,69,[],G,13%,23,-3.00,Ballylinch Stud,1,IRE,Exors Of The Late Sheikh Mohammed Obaid,102526,+9.16,8,9%,,2023-03-07,B,[],False,2,16,915444,"{'runs': '0', 'wins': '0'}",2,36211,,Titus Livius
Leicester,13:52,"British Stallion Studs ""Confined"" Novice Stakes (Not Run More Than Three Times) (GBB Race)",,6f,4,3yo+,,"£5,400",13,Crimson Rose,3,filly,3,6,Charlie Appleby,Connor Planas,,False,132,,83,76,277,31-,,,"2025-07-10 | Crimson Rose | 7648498 | British Stallion Studs EBF Maiden Fillies' Stakes (GBB Race) | 897391 | Newmarket (July) | 174 | 6 | 1320 | Crimson Rose has stepped forward from her debut at Chelmsford and her experience has helped her win the race. I don't know if she's a stakes horse but she did that nicely - Charlie Appleby, trainer.",,75,50%,30,IRE,7648498,3,"Newmarket, Suffolk",49845,Ideal Beauty,"{'runs': '2', 'wins': '1'}",2,,IRE,740981,-14.67,2026-04-13,https://www.racingpost.com/racecards/30/leicester/2026-04-13/915444,+1.88,10,Flat,False,24598,Good To Firm,506927,6,False,50,3,Lope De Vega,False,6f,3239174,1320,Turf,17%,IRE,10,"{'runs': '0', 'wins': '0'}",,False,False,7648498/crimson-rose,24,[],F,8%,5,+1.05,Godolphin,2,IRE,Godolphin,101770,-12.05,24,40%,,2023-02-03,CH,[],False,5,4,915444,"{'runs': '1', 'wins': '1'}",5,28338,,Invincible Spirit
Leicester,13:52,"British Stallion Studs ""Confined"" Novice Stakes (Not Run More Than Three Times) (GBB Race)",,6f,4,3yo+,,"£5,400",13,Blazing Sam,3,gelding,4,9,Georgina Nicholls,William Cox,,False,130,,,,,,,,,,50,0%,30,IRE,9083762,,"Kingston Lisle, Oxon",363686,Orapids,"{'runs': '0', 'wins': '0'}",0,,GB,768173,-3.00,2026-04-13,https://www.racingpost.com/racecards/30/leicester/2026-04-13/915444,-6.00,6,Flat,True,1101112,Good To Firm,596219,6,False,0,,Al Kazeem,False,6f,881498,1320,Turf,0%,GB,2,"{'runs': '0', 'wins': '0'}",,False,False,9083762/blazing-sam,3,[],G,5%,6,-2.00,Peter & Tony Hockenhull,1,GB,Ms Georgina Nicholls,95208,-3.00,20,0%,,2023-04-05,B,[],False,0,0,915444,"{'runs': '0', 'wins': '0'}",0,14581,,Oratorio
Leicester,13:52,"British Stallion Studs ""Confined"" Novice Stakes (Not Run More Than Three Times) (GBB Race)",,6f,4,3yo+,,"£5,400",13,Nevasca Cinza,3,gelding,5,5,James Fanshawe,Daniel Muscutt,,False,130,,79,81,203,32-,,,,,77.27,9%,30,GB,8048369,,"Newmarket, Suffolk",370294,Blizzard,"{'runs': '2', 'wins': '0'}",3,,GB,1371798,-17.30,2026-04-13,https://www.racingpost.com/racecards/30/leicester/2026-04-13/915444,-11.00,22,Flat,True,1060085,Good To Firm,528206,6,False,9,,Havana Grey,False,6f,1975681,1320,Turf,22%,GB,22,"{'runs': '0', 'wins': '0'}",Mrs H Kelly (2026-03-31),False,False,8048369/nevasca-cinza,37,"[{'trainer': 'Lucinda Russell & Michael Scudamore', 'trainer_id': 42490, 'change_date': '2026-03-31'}]",G,15%,24,-13.00,Springcombe Park Stud,11,GB,Owners Group 160,91857,+16.24,75,13%,,2023-05-10,GR,[],False,2,8,915444,"{'runs': '0', 'wins': '0'}",2,4540,,Medicean
Leicester,13:52,"British Stallion Studs ""Confined"" Novice Stakes (Not Run More Than Three Times) (GBB Race)",,6f,4,3yo+,,"£5,400",13,Percys Star,3,gelding,6,11,Chris Dwyer,Marco Ghiani,,False,130,,,,,,,,,,66.67,33%,30,USA,9083758,,"Newmarket, Suffolk",175237,Thraya Star,"{'runs': '0', 'wins': '0'}",5,,GB,864563,-38.17,2026-04-13,https://www.racingpost.com/racecards/30/leicester/2026-04-13/915444,-6.72,3,Flat,True,1074001,Good To Firm,602045,6,False,33,,Territories,False,6f,778914,1320,Turf,17%,IRE,3,"{'runs': '0', 'wins': '0'}",,False,False,9083758/percys-star,6,[],G,6%,24,+1.33,Strawberry Fields Stud,3,FR,Strawberry Fields Stud,98301,+2.50,53,21%,,2023-03-03,CH,[],False,1,1,915444,"{'runs': '0', 'wins': '0'}",1,5063,,Shamardal
Leicester,13:52,"British Stallion Studs ""Confined"" Novice Stakes (Not Run More Than Three Times) (GBB Race)",,6f,4,3yo+,,"£5,400",13,Railwayman,3,colt,7,7,K R Burke,Clifford Lee,t,True,130,,,,,,,,,,54.84,10%,30,AUS,9083756,,"Coverham, North Yorkshire",367414,Charlotte Rosina,"{'runs': '0', 'wins': '0'}",1,,IRE,1025027,-9.15,2026-04-13,https://www.racingpost.com/racecards/30/leicester/2026-04-13/915444,-13.75,34,Flat,False,1131066,Good To Firm,560048,6,False,12,,Blue Point,False,6f,785643,1320,Turf,12%,IRE,31,"{'runs': '0', 'wins': '0'}",,False,False,9083756/railwayman,41,[],C,15%,16,-21.84,Woodstock Thoroughbred Breeding Ltd,4,GB,Exors Of The Late Sheikh Mohammed Obaid,93480,-15.94,27,6%,,2023-02-01,B,[],False,3,5,915444,"{'runs': '0', 'wins': '0'}",4,5019,,Choisir
Leicester,13:52,"British Stallion Studs ""Confined"" Novice Stakes (Not Run More Than Three Times) (GBB Race)",,6f,4,3yo+,,"£5,400",13,Romeos Guardian,3,colt,8,13,Hugo Palmer,Ross Coakley,,False,130,,37,,14,97,,,,Romeos Guardian | 7900536 | He's unraced and I like the way he goes. He probably wouldn't make his debut until the all-weather but he goes pretty well. 08-10-25,44.44,18%,30,USA,7900536,,"Malpas, Cheshire",369768,Woke Media,"{'runs': '2', 'wins': '0'}",1,,GB,1909735,-9.63,2026-04-13,https://www.racingpost.com/racecards/30/leicester/2026-04-13/915444,+1.50,11,Flat,False,1142071,Good To Firm,830446,6,False,18,,Sergei Prokofiev,False,6f,3193504,1320,Turf,11%,CAN,11,"{'runs': '0', 'wins': '0'}",Michael Owen (2026-03-20),False,False,7900536/romeos-guardian,28,[],C,12%,3,0.00,August Farms Llp,5,USA,Cotter Graham Owen,89973,-10.00,43,33%,,2023-02-14,B,[],False,2,3,915444,"{'runs': '0', 'wins': '0'}",2,25009,,Orb
Leicester,13:52,"British Stallion Studs ""Confined"" Novice Stakes (Not Run More Than Three Times) (GBB Race)",,6f,4,3yo+,,"£5,400",13,Squashy Berry,3,gelding,9,4,Chris Dwyer,Lewis Edmunds,,False,130,,,,,,,,,,66.67,33%,30,IRE,9083754,,"Newmarket, Suffolk",175237,Capla Berry,"{'runs': '0', 'wins': '0'}",5,,GB,864563,-31.83,2026-04-13,https://www.racingpost.com/racecards/30/leicester/2026-04-13/915444,-1.00,3,Flat,True,1074001,Good To Firm,757547,6,False,33,,Territories,False,6f,2800224,1320,Turf,17%,IRE,3,"{'runs': '0', 'wins': '0'}",,False,False,9083754/squashy-berry,6,[],G,11%,27,+1.33,Strawberry Fields Stud,7,GB,Strawberry Fields Stud,94663,+2.50,62,19%,,2023-02-22,B,[],False,1,1,915444,"{'runs': '0', 'wins': '0'}",1,5063,,Roderic OConnor
Leicester,13:52,"British Stallion Studs ""Confined"" Novice Stakes (Not Run More Than Three Times) (GBB Race)",,6f,4,3yo+,,"£5,400",13,Sun Of Dolly,3,gelding,10,12,John Gallagher,Joe Leavy,,False,130,,52,14,156,76-,,,,,25,0%,30,GB,8290525,,"Chastleton, Oxon",370666,Quench Dolly,"{'runs': '1', 'wins': '0'}",0,,GB,866654,-5.00,2026-04-13,https://www.racingpost.com/racecards/30/leicester/2026-04-13/915444,-16.00,4,Flat,False,1047490,Good To Firm,655133,6,False,0,,Twilight Son,False,6f,1013957,1320,Turf,12%,GB,4,"{'runs': '0', 'wins': '0'}",J Gallagher (2026-04-07),False,False,8290525/sun-of-dolly,17,[],G,13%,16,-4.00,Mrs R J Gallagher,4,GB,Andrew Bell And John Gallagher,101259,-7.50,31,0%,,2023-03-31,CH,[],False,0,2,915444,"{'runs': '0', 'wins': '0'}",0,10308,,Hellvelyn
Leicester,13:52,"British Stallion Studs ""Confined"" Novice Stakes (Not Run More Than Three Times) (GBB Race)",,6f,4,3yo+,,"£5,400",13,Wild Act,3,gelding,11,1,Dean Ivory,J F Egan,h,False,130,,65,,103,53-,,,,,66.67,0%,30,USA,7784909,,"Radlett, Herts",924,Grecian Light,"{'runs': '1', 'wins': '0'}",0,,GB,565797,-3.25,2026-04-13,https://www.racingpost.com/racecards/30/leicester/2026-04-13/915444,-4.00,3,Flat,False,24598,Good To Firm,602045,6,False,0,,Oasis Dream,False,6f,1050853,1320,Turf,0%,GB,3,"{'runs': '0', 'wins': '0'}",Godolphin (2026-04-07),False,False,7784909/wild-act,10,"[{'trainer': 'Charlie Appleby', 'trainer_id': 28338, 'change_date': '2026-04-07'}]",G,13%,4,-3.00,Godolphin,2,IRE,Dean Ivory,2456,-10.00,16,0%,,2023-02-19,B,[],False,0,0,915444,"{'runs': '0', 'wins': '0'}",0,15107,,Shamardal
Leicester,13:52,"British Stallion Studs ""Confined"" Novice Stakes (Not Run More Than Three Times) (GBB Race)",,6f,4,3yo+,,"£5,400",13,Dreamadera,3,filly,12,2,Tim Easterby,David Allan,,False,125,,,,,,,,,,27.27,0%,30,GB,9083753,,"Great Habton, N Yorks",252924,Al Janadeirya,"{'runs': '0', 'wins': '0'}",2,,GB,761072,+4.04,2026-04-13,https://www.racingpost.com/racecards/30/leicester/2026-04-13/915444,-4.00,33,Flat,False,1126781,Good To Firm,565797,6,False,0,,Dream Ahead,False,6f,758824,1320,Turf,14%,USA,30,"{'runs': '0', 'wins': '0'}",,False,False,9083753/dreamadera,96,[],F,19%,18,-30.00,A J Davenhill & Mrs A L Davenhill,6,GB,Ambrose Turnbull & Partner,78223,+4.88,31,11%,,2023-01-09,B,[],False,0,13,915444,"{'runs': '0', 'wins': '0'}",0,10152,,Oasis Dream
Leicester,13:52,"British Stallion Studs ""Confined"" Novice Stakes (Not Run More Than Three Times) (GBB Race)",,6f,4,3yo+,,"£5,400",13,Moonlight Angel,3,filly,13,8,Henrietta C Knight,Callum Shepherd,,False,125,,31,17,296,7-,,,,,50,50%,30,IRE,7204930,,"West Lockinge, Oxon",346740,Headliner,"{'runs': '1', 'wins': '0'}",2,,IRE,671647,-27.25,2026-04-13,https://www.racingpost.com/racecards/30/leicester/2026-04-13/915444,+9.00,8,Flat,False,1050748,Good To Firm,964610,6,False,13,,Dark Angel,False,6f,7020659,1320,Turf,0%,IRE,2,"{'runs': '0', 'wins': '0'}",,False,False,7204930/moonlight-angel,3,"[{'trainer': 'Michael Appleby', 'trainer_id': 10363, 'change_date': '2026-04-07'}]",F,8%,24,+5.00,Rabbah Bloodstock Limited,3,IRE,J & A Young (Racing) Limited,93343,-3.00,37,8%,,2023-02-26,GR,[],False,1,0,915444,"{'runs': '0', 'wins': '0'}",1,4415,,The Last Lion
Leicester,14:22,Best Ticket Deals Online At leicester-racecourse.co.uk Novice Stakes (GBB Race),,7f,4,3yo+,,"£5,400",12,Beagle Bay,4,gelding,1,11,Ralph Beckett,Hector Crouch,,False,149,,73,53,37,2-1,,,,,50,8%,30,GB,7365380,,"Kimpton, Hants",311867,Volunteer Point,"{'runs': '1', 'wins': '1'}",6,,FR,872425,+27.20,2026-04-13,https://www.racingpost.com/racecards/30/leicester/2026-04-13/915443,+1.50,12,Flat,False,938,Good To Firm,602494,7,False,8,,New Bay,False,7f,859859,1540,Turf,25%,GB,12,"{'runs': '0', 'wins': '0'}",,False,False,7365380/beagle-bay,59,[],G,16%,33,-9.13,James Wigan,7,IRE,Valmont & Ballylinch Stud,92806,-0.70,44,18%,,2022-03-05,B,[],False,1,15,915443,"{'runs': '0', 'wins': '0'}",1,13917,,Footstepsinthesand
Leicester,14:22,Best Ticket Deals Online At leicester-racecourse.co.uk Novice Stakes (GBB Race),,7f,4,3yo+,,"£5,400",12,Clough,4,gelding,2,3,Dylan Cunha,Aidan Keeley,,False,142,,9,,6,8,,,,,20,11%,30,USA,9055757,,"Newmarket, Suffolk",370432,Tantalising,"{'runs': '0', 'wins': '0'}",0,,IRE,695767,-7.00,2026-04-13,https://www.racingpost.com/racecards/30/leicester/2026-04-13/915443,0.00,20,Flat,False,1130862,Good To Firm,463975,7,False,10,,Mastercraftsman,False,7f,786384,1540,Turf,14%,IRE,18,"{'runs': '0', 'wins': '0'}",,True,False,9055757/clough,22,[],G,8%,0,-10.50,Bundaberg Ltd,1,IRE,Matt Broughton Chris Hughes & D Cunha,100531,+4.00,12,-,,2022-05-11,GR,"[{'date': '2025-11-12', 'type': 'Wind Surgery'}]",False,2,3,915443,"{'runs': '0', 'wins': '0'}",2,39413,,Sadlers Wells
Leicester,14:22,Best Ticket Deals Online At leicester-racecourse.co.uk Novice Stakes (GBB Race),,7f,4,3yo+,,"£5,400",12,Dumuji,3,colt,3,12,Clive Cox,Rob Hornby,,False,135,,61,,159,1-,,,,,66.67,33%,30,GB,8132984,,"Lambourn, Berks",362118,Kalfu,"{'runs': '1', 'wins': '1'}",3,,GB,1371798,+16.00,2026-04-13,https://www.racingpost.com/racecards/30/leicester/2026-04-13/915443,+4.00,6,Flat,False,366,Good To Firm,107700,7,False,33,,Havana Grey,False,7f,2779127,1540,Turf,19%,GB,6,"{'runs': '0', 'wins': '0'}",,False,False,8132984/dumuji,54,[],C,12%,33,+15.00,Whitsbury Manor Stud,7,GB,Jacobs Holdings & Aura Racing,92774,+30.96,59,9%,,2023-03-23,GR,[],False,2,10,915443,"{'runs': '0', 'wins': '0'}",2,5863,,Pivotal
Leicester,14:22,Best Ticket Deals Online At leicester-racecourse.co.uk Novice Stakes (GBB Race),,7f,4,3yo+,,"£5,400",12,Ill Be Back,3,colt,4,2,K R Burke,Sam James,,False,135,,67,22,156,1-,,,"2025-11-08 | Ill Be Back | 8362109 | Virgin Bet Every Saturday Money Back Cock O'The North EBF Maiden Stakes (GBB Race) (Div II) | 908002 | Doncaster | 15 | 6 | 1322 | I'll Be Back is a lovely horse but he's a bit raw and he'll improve loads through the winter - Karl Burke, trainer.",,54.84,10%,30,IRE,8362109,,"Coverham, North Yorkshire",49915,Hastalavistababy,"{'runs': '0', 'wins': '0'}",1,,IRE,740981,+8.08,2026-04-13,https://www.racingpost.com/racecards/30/leicester/2026-04-13/915443,-16.00,34,Flat,False,6963,Good To Firm,637069,7,False,12,,Lope De Vega,False,7f,3233451,1540,Turf,12%,IRE,31,"{'runs': '0', 'wins': '0'}",,False,False,8362109/ill-be-back,41,[],C,25%,21,-21.84,Ballylinch Stud,3,FR,Ballylinch Stud,87290,-15.94,12,5%,,2023-03-02,B,[],False,3,5,915443,"{'runs': '0', 'wins': '0'}",4,5019,,Dandy Man
Leicester,14:22,Best Ticket Deals Online At leicester-racecourse.co.uk Novice Stakes (GBB Race),,7f,4,3yo+,,"£5,400",12,Court Alert,3,gelding,5,10,Eve Johnson Houghton,Charles Bishop,,False,128,81,79,78,191,5520-,,,,,46.67,13%,30,GB,7436399,,"Blewbury, Oxfordshire",166310,Misfortunate,"{'runs': '1', 'wins': '0'}",1,,IRE,1214440,+5.85,2026-04-13,https://www.racingpost.com/racecards/30/leicester/2026-04-13/915443,0.00,15,Flat,True,1119428,Good To Firm,582877,7,False,13,,Inns Of Court,False,7f,3178714,1540,Turf,21%,IRE,15,"{'runs': '0', 'wins': '0'}",,False,False,7436399/court-alert,39,[],G,17%,21,+15.50,M Mullen & Cloneymore Farm,6,IRE,Middleham Park Racing XXXIV,89627,+27.10,36,5%,,2023-01-31,BR,[],False,2,8,915443,"{'runs': '2', 'wins': '0'}",2,18920,,Kodiac
Leicester,14:22,Best Ticket Deals Online At leicester-racecourse.co.uk Novice Stakes (GBB Race),,7f,4,3yo+,,"£5,400",12,Erudition,3,gelding,6,8,George Boughey,Jack Callan,,False,128,,,,,,,,,,50,10%,30,USA,9083757,5,"Newmarket, Suffolk",293315,Straight Thinking,"{'runs': '0', 'wins': '0'}",2,,GB,1004665,+2.00,2026-04-13,https://www.racingpost.com/racecards/30/leicester/2026-04-13/915443,-5.00,21,Flat,True,17612,Good To Firm,534251,7,False,10,5,Mehmas,False,7f,841875,1540,Turf,23%,IRE,21,"{'runs': '0', 'wins': '0'}",,False,False,9083757/erudition,69,[],G,13%,23,-3.00,Juddmonte Farms Ltd,1,USA,Jamie Perkins & Partner,102526,+9.16,8,9%,,2023-02-22,CH,[],False,2,16,915443,"{'runs': '0', 'wins': '0'}",2,36211,,Mizzen Mast
Leicester,14:22,Best Ticket Deals Online At leicester-racecourse.co.uk Novice Stakes (GBB Race),,7f,4,3yo+,,"£5,400",12,Flor De Guerra,3,gelding,7,6,Brian Meehan,Joe Leavy,,False,128,,,,,,,,,,,0%,30,FR,9083763,,"Manton, Wilts",344644,Azahar,"{'runs': '0', 'wins': '0'}",0,,IRE,1004665,-5.00,2026-04-13,https://www.racingpost.com/racecards/30/leicester/2026-04-13/915443,-16.00,1,Flat,True,1142396,Good To Firm,790757,7,False,0,,Mehmas,False,7f,2710233,1540,Turf,27%,IRE,1,"{'runs': '0', 'wins': '0'}",,False,False,9083763/flor-de-guerra,11,[],G,13%,16,-1.00,B Avenel & C Briere De La Hosseray,4,FR,Wild Horses Racing,101259,+8.50,31,0%,,2023-04-21,CH,[],False,0,3,915443,"{'runs': '0', 'wins': '0'}",0,7221,,Dabirsim
Leicester,14:22,Best Ticket Deals Online At leicester-racecourse.co.uk Novice Stakes (GBB Race),,7f,4,3yo+,,"£5,400",12,Golden Harvest,3,colt,8,4,Steph Hollinshead,Dougie Costello,,False,128,,,,,,,,,,57.14,14%,30,AUS,9083752,,"Upper Longdon, Staffs",5435,Big Sky,"{'runs': '0', 'wins': '0'}",0,,GB,885885,-32.84,2026-04-13,https://www.racingpost.com/racecards/30/leicester/2026-04-13/915443,-11.00,7,Flat,False,1481,Good To Firm,596550,7,False,14,,Washington DC,False,7f,890128,1540,Turf,6%,IRE,7,"{'runs': '0', 'wins': '0'}",,False,False,9083752/golden-harvest,36,[],C,8%,11,+1.50,Bearstone Stud,4,GB,M Johnson,78238,-21.75,53,0%,,2023-01-29,B,[],False,1,2,915443,"{'runs': '0', 'wins': '0'}",1,28762,,Fastnet Rock
Leicester,14:22,Best Ticket Deals Online At leicester-racecourse.co.uk Novice Stakes (GBB Race),,7f,4,3yo+,,"£5,400",12,Kings Cavalry,3,colt,9,1,James Tate,Clifford Lee,,False,128,,74,64,164,6-,,,,,43.75,6%,30,USA,8321647,,"Newmarket, Suffolk",17058,Wadaa,"{'runs': '1', 'wins': '0'}",1,,GB,840020,-9.15,2026-04-13,https://www.racingpost.com/racecards/30/leicester/2026-04-13/915443,-13.75,16,Flat,False,1050748,Good To Firm,304944,7,False,6,,Kingman,False,7f,817149,1540,Turf,7%,GB,16,"{'runs': '0', 'wins': '0'}",,False,False,8321647/kings-cavalry,15,[],C,15%,16,-3.00,Rabbah Bloodstock Limited,4,USA,Saeed Manana,93480,-7.50,27,6%,,2023-03-31,B,[],False,1,1,915443,"{'runs': '0', 'wins': '0'}",1,25914,,Dynaformer
Leicester,14:22,Best Ticket Deals Online At leicester-racecourse.co.uk Novice Stakes (GBB Race),,7f,4,3yo+,,"£5,400",12,Landslide,3,colt,10,5,Oliver Cole,Edward Greatrex,,False,128,,,,,,,,,,0,0%,30,USA,9051059,,"Whatcombe, Oxon",41756,Seramindar,"{'runs': '0', 'wins': '0'}",0,,GB,864563,+117.38,2026-04-13,https://www.racingpost.com/racecards/30/leicester/2026-04-13/915443,-20.00,3,Flat,False,10081,Good To Firm,450077,7,False,0,,Territories,False,7f,816321,1540,Turf,0%,IRE,3,"{'runs': '0', 'wins': '0'}",E R Goodwin (2026-04-12),False,False,9051059/landslide,3,[],C,14%,20,-3.00,Deepwood Farm Stud,3,GB,The Fairy Story Partnership,94158,-3.00,22,0%,,2023-04-18,CH,[],False,0,0,915443,"{'runs': '0', 'wins': '0'}",0,42459,,Zamindar
Leicester,14:22,Best Ticket Deals Online At leicester-racecourse.co.uk Novice Stakes (GBB Race),,7f,4,3yo+,,"£5,400",12,Mertoun,3,gelding,11,9,Jane Chapple-Hyam,Rossa Ryan,,False,128,,41,15,171,68-,,,,,20,20%,30,GB,7882518,,"Dalham, Suffolk",6291,Dubious Affair,"{'runs': '1', 'wins': '0'}",9,,FR,565797,+9.05,2026-04-13,https://www.racingpost.com/racecards/30/leicester/2026-04-13/915443,-13.88,5,Flat,True,1050748,Good To Firm,763453,7,False,20,,Oasis Dream,False,7f,2650225,1540,Turf,0%,GB,5,"{'runs': '0', 'wins': '0'}",,False,False,7882518/mertoun,21,[],G,21%,57,-3.00,Rabbah Bloodstock Limited,23,IRE,P W Harris,95744,-21.00,112,16%,,2023-05-02,B,[],False,1,0,915443,"{'runs': '0', 'wins': '0'}",1,17851,,Frankel
Leicester,14:22,Best Ticket Deals Online At leicester-racecourse.co.uk Novice Stakes (GBB Race),,7f,4,3yo+,,"£5,400",12,Society Charm,3,filly,12,7,Peter Chapple-Hyam,Marco Ghiani,,False,123,,51,,12,67,,,,,50,0%,30,IRE,8922454,,"Newmarket, Suffolk",242959,Society Star,"{'runs': '2', 'wins': '0'}",5,,GB,859641,-38.17,2026-04-13,https://www.racingpost.com/racecards/30/leicester/2026-04-13/915443,-6.72,2,Flat,False,1134751,Good To Firm,738816,7,False,0,,Charming Thought,False,7f,2268117,1540,Turf,15%,GB,2,"{'runs': '0', 'wins': '0'}",,False,False,8922454/society-charm,13,[],F,6%,24,-2.00,William Prosser,3,GB,W Prosser,98301,+33.00,53,21%,,2023-05-11,B,[],False,0,2,915443,"{'runs': '0', 'wins': '0'}",0,5333,,Society Rock
Leicester,14:52,"Monday 25th May ""Picnic At The Races"" Bank Holiday Handicap",,1m4f,5,4yo+,0-70,"£3,664",7,Expressionless,6,gelding,1,1,Dylan Cunha,Ray Dawson,p,False,135,70,81,74,16,3414-3,,,"2025-10-02 | Expressionless | 4076172 | PricedUp The Flat Grassroots Series Stayers' Final Handicap (GBBPlus Race) | 902435 | Nottingham | 40 | 14 | 3080 | I spoke to Dylan (Cunha) before the race and he said I'd absolutely love Expressionless. He was a little bit slow into his stride, so I had to drop him out. You're always a bit susceptible to them going quick, which they didn't and he was so chilled out which made my life a lot easier. He was going so well that we started creeping into it, we got to two furlongs out and we still had a handful so all credit to the horse. He's been on his own for a furlong and a half and he's really stuck to his task - Joanna Mason, rider.||2023-04-05 | Expressionless | 4076172 | Join Racing TV Now Classified Stakes | 834518 | Nottingham | 40 | 8.5 | 1835 | When I pulled Expressionless out a furlong out I thought we were in with a chance. Thankfully he kicked on and ran straight through the line -  Kyle Strydom, jockey.",,20,11%,30,GB,4076172,,"Newmarket, Suffolk",329163,Putois Peace,"{'runs': '4', 'wins': '0'}",1,,GB,820989,+90.38,2026-04-13,https://www.racingpost.com/racecards/30/leicester/2026-04-13/915445,-3.00,20,Flat,False,15232,Good To Firm,107700,12,True,10,,Intello,False,1m3f179y,896948,2599,Turf,14%,GER,18,"{'runs': '0', 'wins': '0'}",Dylan Cunha (2023-03-30),False,False,4076172/expressionless,22,[],G,17%,4,-10.50,Bloomsbury Stud,11,GB,Chris Housego & Dylan Cunha,88798,+4.00,64,25%,,2020-04-16,B,[],False,2,3,915445,"{'runs': '7', 'wins': '1'}",2,39413,,Pivotal
Leicester,14:52,"Monday 25th May ""Picnic At The Races"" Bank Holiday Handicap",,1m4f,5,4yo+,0-70,"£3,664",7,Serviceman,4,gelding,2,4,Andrew Balding,Jason Watson,p,True,135,70,70,,19,84/8,,,,,71.43,20%,30,IRE,6448095,,"Kingsclere, Hants",179597,Elizabethofaragon,"{'runs': '1', 'wins': '0'}",2,,IRE,749478,-8.38,2026-04-13,https://www.racingpost.com/racecards/30/leicester/2026-04-13/915445,-6.50,35,Flat,False,1136070,Good To Firm,531769,12,True,20,,Wootton Bassett,False,1m3f179y,2702895,2599,Turf,13%,GB,35,"{'runs': '0', 'wins': '0'}",,False,False,6448095/serviceman,62,"[{'trainer': 'Owen Burrows', 'trainer_id': 31779, 'change_date': '2026-03-19'}]",G,14%,19,+5.08,Elizabethofaragon Partnership,3,IRE,Brook Farm Bloodstock,96222,-17.13,22,11%,,2022-03-05,B,[],False,7,8,915445,"{'runs': '0', 'wins': '0'}",7,15605,,Galileo
Leicester,14:52,"Monday 25th May ""Picnic At The Races"" Bank Holiday Handicap",,1m4f,5,4yo+,0-70,"£3,664",7,Johnny Boom,8,gelding,3,7,Shaun Lycett,Clifford Lee,,False,132,67,81,75,6,/1-762,,,,,100,0%,30,IRE,3365443,,"Leafield, Oxon",220327,Moody Blue,"{'runs': '13', 'wins': '3'}",1,,IRE,872425,-9.15,2026-04-13,https://www.racingpost.com/racecards/30/leicester/2026-04-13/915445,-13.75,1,Flat,False,1116369,Good To Firm,506927,12,True,0,,New Bay,False,1m3f179y,2713109,2599,Turf,33%,GB,1,"{'runs': '1', 'wins': '1'}",D Gilbert A Bruce G Wills (2024-01-25)||Dan Gilbert And Andrew Bruce (2023-10-19)||Dan Gilbert (2021-11-23)||Richard Fahey Ebor Racing Club Ltd (2021-11-22),False,False,3365443/johnny-boom,3,"[{'trainer': 'Brian Ellison', 'trainer_id': 4431, 'change_date': '2022-04-19'}, {'trainer': 'Richard Fahey', 'trainer_id': 8010, 'change_date': '2021-11-22'}]",G,15%,16,-1.00,Oghill House Sledmere Stud & D Hyland,4,IRE,L & M Atkins,93480,+26.00,27,6%,,2018-03-28,CH,"[{'date': '2022-01-31', 'type': 'Wind Surgery'}]",False,0,1,915445,"{'runs': '2', 'wins': '0'}",0,14024,,Invincible Spirit
Leicester,14:52,"Monday 25th May ""Picnic At The Races"" Bank Holiday Handicap",,1m4f,5,4yo+,0-70,"£3,664",7,Alta Rica,4,filly,4,5,Marcus Tregoning,Rob Hornby,p,False,132,67,84,74,61,59-395,,,,,50,0%,30,USA,7988031,,"Whitsbury, Hants",7073,Alta Moda,"{'runs': '1', 'wins': '0'}",3,,GB,1635476,+16.00,2026-04-13,https://www.racingpost.com/racecards/30/leicester/2026-04-13/915445,+4.00,2,Flat,False,1725,Good To Firm,463975,12,True,0,,Study Of Man,False,1m3f179y,775259,2599,Turf,27%,IRE,2,"{'runs': '1', 'wins': '0'}",,False,False,7988031/alta-rica,11,[],F,12%,33,-2.00,Miss K Rausing,7,GB,Miss K Rausing,92774,+4.20,59,9%,,2022-02-01,B,[],False,0,3,915445,"{'runs': '1', 'wins': '0'}",0,12125,,Sadlers Wells
Leicester,14:52,"Monday 25th May ""Picnic At The Races"" Bank Holiday Handicap",,1m4f,5,4yo+,0-70,"£3,664",7,Seraphic,6,gelding,5,6,David Killahena & Graeme McPherson,Callum Hutchinson,t,False,132,67,80,65,26,217261,,,,,20,0%,30,IRE,4888710,,"Stow-on-the-Wold, Gloucs",355051,Elle Galante,"{'runs': '9', 'wins': '1'}",0,,IRE,589690,+27.50,2026-04-13,https://www.racingpost.com/racecards/30/leicester/2026-04-13/915445,-8.00,10,Flat,False,1123252,Good To Firm,531769,12,True,0,,Dubawi,False,1m3f179y,647094,2599,Turf,-,IRE,4,"{'runs': '0', 'wins': '0'}",Nigel Hanger & Eric Jones (2025-02-15)||Samuel Sutton (2023-09-29)||Al Asayl France (2023-04-14),False,False,4888710/seraphic,0,"[{'trainer': 'Simon Pearce', 'trainer_id': 36683, 'change_date': '2025-02-15'}, {'trainer': 'Hugo Merienne', 'trainer_id': 34035, 'change_date': '2023-09-29'}, {'trainer': 'F-H Graffard', 'trainer_id': 26118, 'change_date': '2023-04-14'}, {'trainer': 'F Rohaut', 'trainer_id': 11681, 'change_date': '2022-08-17'}]",G,10%,8,-4.00,Al Asayl France,3,GER,Spencer-Herbert Herbert & McPherson,100360,0.00,30,0%,,2020-04-24,B,[],False,0,0,915445,"{'runs': '3', 'wins': '1'}",0,40576,,Galileo
Leicester,14:52,"Monday 25th May ""Picnic At The Races"" Bank Holiday Handicap",,1m4f,5,4yo+,0-70,"£3,664",7,Sea Of Charm,8,mare,6,3,Georgina Nicholls,William Cox,b,False,129,64,80,69,24,116-13,,,"2025-08-11 | Sea Of Charm | 3189698 | Fitzdares Telephone And Text Betting Handicap | 899750 | Windsor | 93 | 11.5 | 2519 | Sea Of Charm isn't the easiest to win with so it's good to get her head in front. I thought we might be vulnerable at the two [furlong pole] but she pulled out a bit more - Tom Marquand, jockey.",,50,0%,30,GB,3189698,,"Kingston Lisle, Oxon",363686,Sea Meets Sky,"{'runs': '27', 'wins': '6'}",0,,FR,842791,-3.00,2026-04-13,https://www.racingpost.com/racecards/30/leicester/2026-04-13/915445,-6.00,6,Flat,False,26362,Good To Firm,503875,12,True,0,,Charm Spirit,False,1m3f179y,836233,2599,Turf,0%,IRE,2,"{'runs': '2', 'wins': '0'}",Mrs Harry Dunlop (2026-02-09)||The Turf Club & Mrs Harry Dunlop (2023-02-06)||Mrs Harry Dunlop (2022-04-13)||Elwes Cooper Bailey & Deal (2021-10-07),False,False,3189698/sea-of-charm,3,"[{'trainer': 'Barry Brennan', 'trainer_id': 7852, 'change_date': '2023-06-07'}, {'trainer': 'Harry Dunlop', 'trainer_id': 18734, 'change_date': '2023-02-06'}]",M,5%,6,-2.00,The Niarchos Family,1,FR,Ms Georgina Nicholls,95208,-3.00,20,0%,,2018-02-18,B,[],False,0,0,915445,"{'runs': '12', 'wins': '2'}",0,14581,,Dansili
Leicester,14:52,"Monday 25th May ""Picnic At The Races"" Bank Holiday Handicap",,1m4f,5,4yo+,0-70,"£3,664",7,Hibernate,4,gelding,7,2,Ed Dunlop,Rossa Ryan,,False,126,61,81,72,16,2448-7,,,,,64.29,14%,30,USA,6465136,,"Newmarket, Suffolk",213328,Easy Times,"{'runs': '2', 'wins': '0'}",9,,IRE,582877,+9.05,2026-04-13,https://www.racingpost.com/racecards/30/leicester/2026-04-13/915445,-13.88,14,Flat,False,100707,Good To Firm,522845,12,True,14,,Kodiac,False,1m3f179y,964845,2599,Turf,15%,GB,14,"{'runs': '2', 'wins': '0'}",Go Racing Limited (2024-11-15),False,False,6465136/hibernate,60,"[{'trainer': 'Joseph Patrick OBrien', 'trainer_id': 32145, 'change_date': '2024-11-15'}]",G,21%,57,-6.21,Miss Debbie Kitchin,23,GB,La Grange Partnership,95744,+31.35,112,16%,,2022-03-22,B,[],False,2,9,915445,"{'runs': '2', 'wins': '0'}",2,9036,,Nayef
Leicester,15:22,Every Race Live On Racing TV Handicap (Div I),,6f,5,4yo+,0-75,"£3,664",10,Waistcoat,5,gelding,1,1,Ross Burdon,William Carver,t,False,135,75,85,67,82,292-19,,,,,25,0%,30,IRE,5320938,,"Newmarket, Suffolk",353375,Swansdown,"{'runs': '7', 'wins': '4'}",0,,GB,695547,+2.50,2026-04-13,https://www.racingpost.com/racecards/30/leicester/2026-04-13/915447,-2.00,4,Flat,False,8090,Good To Firm,589690,6,True,0,,Sea The Stars,False,6f,2245146,1320,Turf,0%,IRE,4,"{'runs': '1', 'wins': '1'}",Stable Silks Investments Limited (2025-12-04)||Manton Park And Partner (2025-01-23)||Manton Park (2024-04-16)||Manton Park Racing (2024-04-02),False,False,5320938/waistcoat,1,"[{'trainer': 'Dylan Cunha', 'trainer_id': 39413, 'change_date': '2025-07-16'}, {'trainer': 'Richard Hannon', 'trainer_id': 28787, 'change_date': '2025-01-23'}, {'trainer': 'Freddie & Martyn Meade', 'trainer_id': 39560, 'change_date': '2024-04-02'}]",G,13%,2,-4.00,Fittocks Stud,2,GB,Rb Racing Syndicate,97319,-1.00,15,0%,,2021-02-17,CH,[],False,0,0,915447,"{'runs': '4', 'wins': '0'}",0,42295,,Dubawi
Leicester,15:22,Every Race Live On Racing TV Handicap (Div I),,6f,5,4yo+,0-75,"£3,664",10,Al Barez,7,gelding,2,5,Tom Clover,Rossa Ryan,,False,134,74,85,79,26,89-483,,,"2024-04-28 | Al Barez | 3781883 | Read Harry Cobden's Blog At Planet Sport Bet Handicap | 864621 | Southwell (AW) | 394 | 6 | 1336 | Al Barez was push-button to ride and I loved his attitude. He didn't win very far but I probably got there early enough because the pace collapsed - Oisin Murphy, jockey.||2024-04-01 | Al Barez | 3781883 | Virgin Bet Best Odds Daily Handicap (London Sprint Series Qualifier) | 862388 | Kempton (AW) | 1079 | 6 | 1320 | Jack did well from that draw and it's nice to get a win on the board. The turf season is around the corner so I hope Al Barez is shaping up well for some nice handicaps this summer. He's still quite an unexposed horse and has a lovely pedigree - Tom Clover, trainer.",Al Barez | 3781883 | He's a lovely horse and it was great to see him run well at Wolverhampton the other day after losing his form through the winter. He looks really well and he'll go to Windsor next. Hopefully he can carry on improving and win plenty of races. 14-05-25,100,25%,30,IRE,3781883,,"Newmarket, Suffolk",222850,Jet Setting,"{'runs': '18', 'wins': '3'}",9,,GB,671647,+9.05,2026-04-13,https://www.racingpost.com/racecards/30/leicester/2026-04-13/915447,-13.88,4,Flat,False,1103466,Good To Firm,679954,6,True,25,,Dark Angel,False,6f,885005,1320,Turf,18%,IRE,4,"{'runs': '0', 'wins': '0'}",,False,False,3781883/al-barez,11,[],G,21%,57,-1.63,China Horse Club,23,IRE,Raed El Youssef,95744,+4.50,112,16%,,2019-02-27,B,"[{'date': '2022-06-01', 'type': 'Wind Surgery'}]",False,1,2,915447,"{'runs': '3', 'wins': '1'}",1,32765,,Fast Company
Leicester,15:22,Every Race Live On Racing TV Handicap (Div I),,6f,5,4yo+,0-75,"£3,664",10,Wreck It Ryley,6,gelding,3,2,Alan Brown,Ray Dawson,b,False,133,73,86,76,17,7810-9,,,"2024-08-27 | Wreck It Ryley | 4438490 | Ripon Yorkshire's Garden Racecourse Handicap | 873761 | Ripon | 49 | 6 | 1320 | Wreck It Ryley has done it well. I was just waiting for the gap to appear. He's run in blinkers a few times before and they do help him because he's a bit behind the bridle normally. He keeps breaking half a stride too slowly, but he's soon there on the heels of the leaders and he was there when I needed him. I had plenty of horse underneath me to commit and go - Dale Swift, jockey, speaking to Sky Sports Racing.","Wreck It Ryley | 4438490 | He has been a busy lad this season with 14 runs and two wins. On his latest start at Ayr they virtually trotted to the three-furlong marker before sprinting. He wasn't best positioned for that but he came home well to win and has gone up only 2lb for it, which I thought was fair. I'm hopeful he can add to his successes again this season [ran at Musselburgh on Tuesday night after the Weekender went to press]. 30-08-23",28.57,0%,30,IRE,4438490,,"Yedingham, N Yorks",333260,Bucks Frizz,"{'runs': '22', 'wins': '3'}",1,,IRE,886881,+90.38,2026-04-13,https://www.racingpost.com/racecards/30/leicester/2026-04-13/915447,-3.00,7,Flat,False,1042202,Good To Firm,802536,6,True,0,,Gutaifan,False,6f,1503412,1320,Turf,100%,IRE,7,"{'runs': '1', 'wins': '1'}",Ursa Major Racing Ltd (2024-04-03)||Ursa Major Racing Ltd And G Tuer (2023-08-23)||Grant Tuer (2023-01-07),False,False,4438490/wreck-it-ryley,1,"[{'trainer': 'Grant Tuer', 'trainer_id': 15158, 'change_date': '2024-04-03'}]",G,17%,4,-7.00,Doc Bloodstock,11,IRE,A J Smith,88798,+5.50,64,25%,,2020-03-01,GR,[],False,0,1,915447,"{'runs': '10', 'wins': '1'}",0,78,,Havana Gold
Leicester,15:22,Every Race Live On Racing TV Handicap (Div I),,6f,5,4yo+,0-75,"£3,664",10,Just Queen High,4,filly,4,8,Dylan Cunha,Jason Watson,b,False,133,73,86,60,15,5171-0,,,"2025-10-23 | Just Queen High | 7657470 | PricedUp Daily Sports Boosts Handicap | 904239 | Nottingham | 40 | 6 | 1338 | It was very good. Just Queen High probably wants further, but in the heavy ground the 6f works. The blinkers definitely sharpened her, but she won't need them when she steps up to a mile. The was a lot stronger race today because it was only three runners last time. She's a really nice, tall, lengthy filly. She'll go on a holiday now and I think she'll be a nice four-year-old. I'm not sure where exactly her element lies, as she doesn't show loads at home, but her form is really good - Dylan Cunha, trainer.",,20,11%,30,IRE,7657470,,"Newmarket, Suffolk",360848,Lucy Lou,"{'runs': '3', 'wins': '2'}",2,,IRE,2031533,-8.38,2026-04-13,https://www.racingpost.com/racecards/30/leicester/2026-04-13/915447,-6.50,20,Flat,False,891,Good To Firm,531769,6,True,10,,Calyx,False,6f,2207383,1320,Turf,14%,GB,18,"{'runs': '0', 'wins': '0'}",Stable Silks Inv D Mooney & D Gibbons (2025-08-05),False,False,7657470/just-queen-high,22,[],F,14%,19,-10.50,Barronstown Stud,3,IRE,D Mooney & D Gibbons,96222,+4.00,22,11%,,2022-03-14,CH,[],False,2,3,915447,"{'runs': '1', 'wins': '0'}",2,39413,,Galileo
Leicester,15:22,Every Race Live On Racing TV Handicap (Div I),,6f,5,4yo+,0-75,"£3,664",10,Thunderous Love,5,mare,5,4,Jonathan Portman,Rob Hornby,p,False,133,73,85,75,201,21520-,,,,"Thunderous Love | 5176462 | She's had an amazing season with five wins to her name, so it was disappointing when she was last of five at Pontefract on Sunday. We can put a line through that because there was a debacle at the stalls and she was left in them far too long. That may be the reason she didn't come out of the stalls in good time and became marooned in last place. The price of her successes is that she's become difficult to place, although there's a 6f handicap at Goodwood this Friday that might suit. 20-08-25",83.33,0%,30,GB,5176462,,"Upper Lambourn, Berks",212992,Air Stricker,"{'runs': '17', 'wins': '6'}",3,,GB,828590,+16.00,2026-04-13,https://www.racingpost.com/racecards/30/leicester/2026-04-13/915447,+4.00,6,Flat,False,1121405,Good To Firm,541314,6,True,0,,Lightning Spear,False,6f,1662758,1320,Turf,8%,GB,6,"{'runs': '0', 'wins': '0'}",,False,False,5176462/thunderous-love,13,[],M,12%,33,-6.00,Charlie Dee & Christina Dee,7,FR,Whitcoombe Park Racing,92774,+13.00,59,9%,,2021-04-20,B,[],False,0,1,915447,"{'runs': '9', 'wins': '4'}",0,12601,,Acclamation
Leicester,15:22,Every Race Live On Racing TV Handicap (Div I),,6f,5,4yo+,0-75,"£3,664",10,Lodge,4,filly,6,9,Brian Meehan,Joe Leavy,,False,132,72,84,64,73,12-50,,,,,,0%,30,AUS,6564391,,"Manton, Wilts",221670,Emerald Isle,"{'runs': '2', 'wins': '1'}",0,,IRE,906477,-5.00,2026-04-13,https://www.racingpost.com/racecards/30/leicester/2026-04-13/915447,-16.00,1,Flat,False,1119261,Good To Firm,577888,6,True,0,,Churchill,False,6f,902862,1320,Turf,27%,IRE,1,"{'runs': '0', 'wins': '0'}",,False,False,6564391/lodge,11,[],F,13%,16,-1.00,Robert Tierney & Andrew Bondarenko,4,FR,Martin Hughes,101259,+8.50,31,0%,,2022-03-05,CH,[],False,0,3,915447,"{'runs': '0', 'wins': '0'}",0,7221,,Exceed And Excel
Leicester,15:22,Every Race Live On Racing TV Handicap (Div I),,6f,5,4yo+,0-75,"£3,664",10,Spring Bloom,9,gelding,7,6,John Butler,Darragh Keenan,,False,129,69,88,83,122,U5737-,,,,,64.29,36%,30,GB,2645551,,"Newmarket, Suffolk",303125,Almond Branches,"{'runs': '21', 'wins': '2'}",0,,GB,779232,-33.55,2026-04-13,https://www.racingpost.com/racecards/30/leicester/2026-04-13/915447,-14.00,14,Flat,False,1026910,Good To Firm,659772,6,True,36,,Power,False,6f,781480,1320,Turf,2%,GB,14,"{'runs': '0', 'wins': '0'}",J C Fretwell (2021-04-13),False,False,2645551/spring-bloom,41,"[{'trainer': 'Darryll Holland', 'trainer_id': 38211, 'change_date': '2026-04-07'}, {'trainer': 'Robert Eddery', 'trainer_id': 25052, 'change_date': '2025-10-13'}, {'trainer': 'K R Burke', 'trainer_id': 5019, 'change_date': '2021-04-13'}]",G,9%,14,+4.13,J A Knox And Mrs M A Knox,6,GB,Mrs Pam Aitken,95815,-35.50,64,0%,,2017-02-23,CH,[],False,5,1,915447,"{'runs': '13', 'wins': '2'}",5,26177,,Dutch Art
Leicester,15:22,Every Race Live On Racing TV Handicap (Div I),,6f,5,4yo+,0-75,"£3,664",10,Bay Breeze,7,gelding,8,7,Tim Easterby,David Allan,p,False,128,68,86,82,172,50920-,,,,"Bay Breeze | 3549487 | He trotted up at Ripon, then ran a good race at Doncaster, where the ground was too firm for him. Gelding has helped him and he's stronger now. 02-05-22",27.27,0%,30,IRE,3549487,,"Great Habton, N Yorks",252683,Midnight Mojito,"{'runs': '41', 'wins': '7'}",2,,GB,881140,+4.04,2026-04-13,https://www.racingpost.com/racecards/30/leicester/2026-04-13/915447,-4.00,33,Flat,False,1051032,Good To Firm,584911,6,True,0,,Buratino,False,6f,852716,1320,Turf,14%,IRE,30,"{'runs': '2', 'wins': '0'}",,False,False,3549487/bay-breeze,96,[],G,19%,18,-30.00,Habton Farms,6,GB,D A West & Partner,78223,+4.88,31,11%,,2019-02-05,B,[],False,0,13,915447,"{'runs': '7', 'wins': '0'}",0,10152,,Azamour
Leicester,15:22,Every Race Live On Racing TV Handicap (Div I),,6f,5,4yo+,0-75,"£3,664",10,Liosa,6,gelding,9,3,Zoe Hawkins,Hector Crouch,,False,127,67,85,69,172,54330-,,,,,0,-,30,USA,4509359,,"Cullompton, Devon",114785,Sally Is The Boss,"{'runs': '16', 'wins': '4'}",6,,IRE,964610,+27.20,2026-04-13,https://www.racingpost.com/racecards/30/leicester/2026-04-13/915447,+1.50,1,Flat,False,1111575,Good To Firm,499986,6,True,0,,The Last Lion,False,6f,1648946,1320,Turf,-,IRE,0,"{'runs': '1', 'wins': '0'}",Nick Bradley 45 & Mrs Wendy Burdett (2023-05-30),False,False,4509359/liosa,0,"[{'trainer': 'Stuart Kittow', 'trainer_id': 14567, 'change_date': '2026-04-07'}, {'trainer': 'Craig Lidster', 'trainer_id': 39011, 'change_date': '2023-05-30'}]",G,16%,33,0.00,Thomastown Farm Ltd,7,IRE,Mrs P E Hawkings,92806,0.00,44,18%,,2020-04-24,B,[],False,0,0,915447,"{'runs': '6', 'wins': '0'}",0,43035,,Orpen
Leicester,15:22,Every Race Live On Racing TV Handicap (Div I),,6f,5,4yo+,0-75,"£3,664",10,Savannah Smiles,6,mare,10,10,Grace Harris,Callum Hutchinson,hp,False,125,65,87,73,175,71007-,,,"2024-09-03 | Savannah Smiles | 4423977 | In Memory Of Late Sylvia Taylor Handicap | 873879 | Chepstow | 12 | 6 | 1336 | Savannah Smiles was brilliant and it was a really good win - she's blossomed this year! We bought her last summer and she didn't really do an awful lot, so we gave her a break and she's come back a different horse. She's kept her form all the way through the all-weather and I thought I'd give her another go on the turf and she's never looked back - Grace Harris, trainer.",,50,11%,30,GB,4423977,,"Shirenewton, Gwent",224091,Silicon Star,"{'runs': '30', 'wins': '5'}",0,,IRE,1427477,+27.50,2026-04-13,https://www.racingpost.com/racecards/30/leicester/2026-04-13/915447,-8.00,10,Flat,False,22600,Good To Firm,450752,6,True,20,,Unfortunately,False,6f,645451,1320,Turf,20%,IRE,9,"{'runs': '0', 'wins': '0'}",Bellys Heroes (2025-10-14)||Grace Harris Racing (2025-05-07)||Foxhills Racing Limited (2023-12-29)||The Scout Syndicate & Partner (2023-06-10),False,False,4423977/savannah-smiles,10,"[{'trainer': 'Tom Ward', 'trainer_id': 36341, 'change_date': '2023-06-10'}]",M,10%,8,0.00,Kildaragh Stud,3,FR,Grace Harris Racing,100360,+6.00,30,0%,,2020-05-07,B,[],False,1,2,915447,"{'runs': '6', 'wins': '1'}",2,25205,,Starborough
Leicester,15:52,Every Race Live On Racing TV Handicap (Div II),,6f,5,4yo+,0-75,"£3,664",9,Em Four,4,gelding,1,4,Jamie Osborne,Saffie Osborne,,False,135,74,83,69,12,273514,,,"2025-08-25 | Em Four | 6701907 | Tony McMullan 80th Birthday Handicap (A Jockey Club Grassroots Sprint Series Qualifier) | 900554 | Epsom | 17 | 6 | 1323 | I dreamed about Em Four being in the winner's enclosure at Epsom but not for a 0-72 handicap on a bank holiday Monday. Right now, I'll take that. He won a very bad race at Chepstow three runs back and the handicapper gave him 8lb, which I argued about. He's come down to 72 and this was the lowest grade of race I could get him in. He's quite a handy little horse and quite well balanced, so I thought he might cope with this course. I was hopeful without having any degree of confidence - Jamie Osborne, trainer.",,33.33,0%,30,GB,6701907,,"Upper Lambourn, Berks",97881,Emten,"{'runs': '20', 'wins': '5'}",1,,GB,642105,0.00,2026-04-13,https://www.racingpost.com/racecards/30/leicester/2026-04-13/918039,-15.00,9,Flat,False,1136923,Good To Firm,805556,6,True,0,,Sixties Icon,False,6f,2626049,1320,Turf,13%,GB,9,"{'runs': '0', 'wins': '0'}",Barratt Racing (2025-04-22),False,False,6701907/em-four,30,[],G,13%,19,-9.00,J A Osborne,5,IRE,J A Osborne,100350,-0.13,40,5%,,2022-03-28,CH,[],False,0,4,918039,"{'runs': '2', 'wins': '0'}",0,13955,,Bungle Inthejungle
Leicester,15:52,Every Race Live On Racing TV Handicap (Div II),,6f,5,4yo+,0-75,"£3,664",9,Tenbob Tommy,5,gelding,2,3,Sheena West,Charles Bishop,,False,135,74,82,71,91,2298-1,,,,,0,-,30,GB,6759099,,"Lewes, West Sussex",56113,Swinging Jean,"{'runs': '1', 'wins': '1'}",1,,GB,1956469,+5.85,2026-04-13,https://www.racingpost.com/racecards/30/leicester/2026-04-13/918039,0.00,1,Flat,False,1111583,Good To Firm,642105,6,True,0,,Ten Sovereigns,False,6f,1860371,1320,Turf,25%,IRE,0,"{'runs': '0', 'wins': '0'}",,False,False,6759099/tenbob-tommy,4,[],G,17%,21,0.00,Mike Channon Bloodstock Limited,6,GB,The Affordable Partnership,89627,-0.50,36,5%,,2021-03-15,B,[],False,0,1,918039,"{'runs': '4', 'wins': '0'}",0,6505,,Sixties Icon
Leicester,15:52,Every Race Live On Racing TV Handicap (Div II),,6f,5,4yo+,0-75,"£3,664",9,Beyond Borders,5,gelding,3,1,Kevin Frost,Oliver Stammers,,False,134,73,91,66,189,78006-,,,,,50,22%,30,IRE,5132225,,"Averham Park, Notts",232250,Beyond Limits,"{'runs': '22', 'wins': '5'}",1,,IRE,1001884,-7.00,2026-04-13,https://www.racingpost.com/racecards/30/leicester/2026-04-13/918039,0.00,10,Flat,False,1113610,Good To Firm,756093,6,True,20,,Harry Angel,False,6f,5133927,1320,Turf,14%,IRE,9,"{'runs': '0', 'wins': '0'}",Promenade Bloodstock Limited (2025-04-11),False,False,5132225/beyond-borders,29,"[{'trainer': 'K R Burke', 'trainer_id': 5019, 'change_date': '2025-04-11'}]",G,0%,5,+37.00,Promenade Bloodstock Limited,0,IRE,Cragg Wood Racing,97584,0.00,7,20%,,2021-03-09,B,[],False,2,4,918039,"{'runs': '4', 'wins': '1'}",2,28570,,Zoffany
Leicester,15:52,Every Race Live On Racing TV Handicap (Div II),,6f,5,4yo+,0-75,"£3,664",9,Shazani,4,gelding,4,9,Roy Bowring,Alistair Rawlinson,b,True,134,73,84,80,15,1020-0,,,,,0,0%,30,GER,5859141,,"Edwinstowe, Notts",316317,Sonjeu,"{'runs': '10', 'wins': '1'}",1,,FR,671647,+1.33,2026-04-13,https://www.racingpost.com/racecards/30/leicester/2026-04-13/918039,-7.40,2,Flat,False,1134464,Good To Firm,820989,6,True,0,,Dark Angel,False,6f,1576314,1320,Turf,0%,IRE,2,"{'runs': '1', 'wins': '0'}",Peter Savill & Partner (2025-05-12),False,False,5859141/shazani,6,"[{'trainer': 'Charlie Johnston', 'trainer_id': 40131, 'change_date': '2025-05-12'}]",G,7%,12,-2.00,Beauvoir Michenot Demailly,3,FR,Lester Patrick Keane,93211,-6.00,41,8%,,2022-04-17,B,[],False,0,0,918039,"{'runs': '3', 'wins': '0'}",0,32,,Intello
Leicester,15:52,Every Race Live On Racing TV Handicap (Div II),,6f,5,4yo+,0-75,"£3,664",9,Invincible Speed,5,gelding,5,8,Mark Loughnane,Paddy Bradley,,False,133,72,84,65,26,64-144,,,,,29.41,6%,30,IRE,5021316,,"Rock Farm, Worcs",344585,Making Memories,"{'runs': '19', 'wins': '3'}",2,,IRE,506927,-6.00,2026-04-13,https://www.racingpost.com/racecards/30/leicester/2026-04-13/918039,+18.00,17,Flat,False,1050748,Good To Firm,670119,6,True,6,,Invincible Spirit,False,6f,5021537,1320,Turf,7%,IRE,17,"{'runs': '1', 'wins': '0'}",Sheikh Juma Dalmook Al Maktoum (2025-01-07),False,False,5021316/invincible-speed,29,"[{'trainer': 'James Tate', 'trainer_id': 25914, 'change_date': '2025-01-07'}]",G,0%,11,-10.50,Rabbah Bloodstock Limited,0,IRE,Melissa Cooke And Laurence Bellman,92276,+3.00,6,18%,,2021-04-07,B,[],False,1,2,918039,"{'runs': '2', 'wins': '0'}",1,15429,,New Approach
Leicester,15:52,Every Race Live On Racing TV Handicap (Div II),,6f,5,4yo+,0-75,"£3,664",9,Rogue Allegiance,4,gelding,6,5,Jack Jones,Hector Crouch,h,False,132,71,78,63,80,3009-6,,,,"Rogue Allegiance | 6820604 | He won his maiden very well; although it's hard to know about the form, he couldn't have done it any better. We ran him in the Greenham on Saturday and he was just too keen early on. He has the size and scope and his work has been very good. We'll give him a bit of time and go back to six furlongs. 14-04-25",60,11%,30,USA,6820604,,"Newmarket, Suffolk",292553,Dame Judi,"{'runs': '5', 'wins': '1'}",6,,IRE,582877,+27.20,2026-04-13,https://www.racingpost.com/racecards/30/leicester/2026-04-13/918039,+1.50,10,Flat,False,1122692,Good To Firm,602045,6,True,10,,Kodiac,False,6f,1012433,1320,Turf,10%,GB,9,"{'runs': '0', 'wins': '0'}",The Rogues Gallery & Partner 2 (2026-04-07),False,False,6820604/rogue-allegiance,20,"[{'trainer': 'David OMeara', 'trainer_id': 22839, 'change_date': '2026-04-07'}]",G,16%,33,+1.00,Caroline & Stephanie Hanly,7,IRE,The Rogues Gallery,92806,-11.25,44,18%,,2022-02-12,B,[],False,1,2,918039,"{'runs': '1', 'wins': '0'}",1,39483,,Shamardal
Leicester,15:52,Every Race Live On Racing TV Handicap (Div II),,6f,5,4yo+,0-75,"£3,664",9,The Coffee Pod,5,gelding,7,2,William Muir & Chris Grassick,Lewis Edmunds,h,True,130,69,87,72,223,56368-,,,"2023-09-10 | The Coffee Pod | 5216541 | Ire Incentive, It Pays To Buy Irish EBF Novice Stakes (GBB/IRE Incentive Race) | 846835 | York | 107 | 6 | 1320 | The Coffee Pod was third in the Hornblower last time to a couple of good horses, but we thought this would suit him. Richard says he wants 7f, maybe a mile eventually, so we might step him up next time. We've got the job done and hopefully go on from there - Tim Palin, racing director of Middleham Park Racing, owners.",,40,0%,30,AUS,5216541,,"Lambourn, Berks",370667,Ethel,"{'runs': '9', 'wins': '1'}",5,,IRE,541314,-31.83,2026-04-13,https://www.racingpost.com/racecards/30/leicester/2026-04-13/918039,-1.00,5,Flat,False,1113422,Good To Firm,577888,6,True,0,,Acclamation,False,6f,822747,1320,Turf,8%,GB,5,"{'runs': '0', 'wins': '0'}",Middleham Park Racing LXXVII (2026-04-07),False,False,5216541/the-coffee-pod,25,"[{'trainer': 'Richard Hannon', 'trainer_id': 28787, 'change_date': '2026-04-07'}]",G,11%,27,-5.00,OConnor International Limited,7,GB,Bob & Anne Patrick,94663,-13.83,62,19%,,2021-04-10,B,[],False,0,2,918039,"{'runs': '6', 'wins': '0'}",0,38350,,Exceed And Excel
Leicester,15:52,Every Race Live On Racing TV Handicap (Div II),,6f,5,4yo+,0-75,"£3,664",9,Magic Music,4,filly,8,6,Steph Hollinshead,Clifford Lee,,False,128,67,80,44,203,6366-,,,,,57.14,14%,30,USA,7847665,,"Upper Longdon, Staffs",51197,Magic Destiny,"{'runs': '0', 'wins': '0'}",1,,GB,768173,-9.15,2026-04-13,https://www.racingpost.com/racecards/30/leicester/2026-04-13/918039,-13.75,7,Flat,False,1053295,Good To Firm,540336,6,True,14,,Al Kazeem,False,6f,789729,1320,Turf,6%,GB,7,"{'runs': '1', 'wins': '0'}",,False,False,7847665/magic-music,36,[],F,15%,16,+1.50,Ray Bailey,4,GB,Ray Bailey,93480,-21.75,27,6%,,2022-03-16,B,[],False,1,2,918039,"{'runs': '1', 'wins': '0'}",1,28762,,Dubai Destination
Leicester,15:52,Every Race Live On Racing TV Handicap (Div II),,6f,5,4yo+,0-75,"£3,664",9,Al Hofzan,4,gelding,9,7,Georgina Nicholls,Harry Vigors,p,False,127,66,84,,27,-30423,,,,,50,0%,30,USA,7308010,7,"Kingston Lisle, Oxon",346250,Hawafez,"{'runs': '0', 'wins': '0'}",1,,IRE,582877,0.00,2026-04-13,https://www.racingpost.com/racecards/30/leicester/2026-04-13/918039,-4.50,6,Flat,False,15545,Good To Firm,602045,6,True,0,7,Kodiac,False,6f,2673608,1320,Turf,0%,GB,2,"{'runs': '0', 'wins': '0'}",Al Shaqab Racing (2025-10-16),False,False,7308010/al-hofzan,3,"[{'trainer': 'Richard Hannon', 'trainer_id': 28787, 'change_date': '2025-10-16'}]",G,-,10,-2.00,Tally-Ho Stud,0,IRE,H Maye,104790,-3.00,0,10%,,2022-01-27,B,[],False,0,0,918039,"{'runs': '0', 'wins': '0'}",0,14581,,Shamardal
Leicester,16:22,Join Racing TV Today Handicap,,7f,5,4yo+,0-75,"£3,664",7,Brunel Nation,5,gelding,1,4,Richard Hughes,Donagh Murphy,p,True,135,75,86,,17,90-257,,,2024-09-21 | Brunel Nation | 5198127 | Turners Handicap | 874944 | Newmarket | 38 | 7 | 1540 | It was a funny race. They went off too fast in front and I held onto their coat tails and Brunel Nation toughed it out - winning rider Finley Marsh,Brunel Nation | 5198127 | He's a fast-ground horse and there's a race at Newmarket for him over 7f. He's hit the crossbar a few times this year but is a winner in waiting. 18-09-24,30.77,8%,30,IRE,5198127,7,"Upper Lambourn, Berks",333156,Dalakania,"{'runs': '15', 'wins': '2'}",0,,FR,1417665,-1.00,2026-04-13,https://www.racingpost.com/racecards/30/leicester/2026-04-13/915446,-3.00,13,Flat,False,1131450,Good To Firm,567732,7,True,8,7,Sioux Nation,False,7f,1170393,1540,Turf,15%,USA,13,"{'runs': '0', 'wins': '0'}",,False,False,5198127/brunel-nation,13,[],G,0%,3,-10.13,S A S Haute Vallee & Charlotte Hutchinso,0,IRE,R Lane L Watson & J Langridge,103536,-4.00,1,0%,,2021-02-26,B,[],False,1,2,915446,"{'runs': '1', 'wins': '1'}",1,31188,,Dalakhani
Leicester,16:22,Join Racing TV Today Handicap,,7f,5,4yo+,0-75,"£3,664",7,Tactical Plan,4,gelding,2,5,Ed Dunlop,Rossa Ryan,,False,133,73,86,81,15,3842-0,,,,,64.29,14%,30,GB,5842806,,"Newmarket, Suffolk",343389,Game Plan,"{'runs': '16', 'wins': '2'}",9,,GB,582877,+9.05,2026-04-13,https://www.racingpost.com/racecards/30/leicester/2026-04-13/915446,-13.88,14,Flat,False,1075132,Good To Firm,826492,7,True,14,,Kodiac,False,7f,5842831,1540,Turf,15%,GB,14,"{'runs': '0', 'wins': '0'}",,False,False,5842806/tactical-plan,60,[],G,21%,57,-6.21,Pantile Stud,23,GB,R Murfitt And Partner,95744,+31.35,112,16%,,2022-01-31,GR,[],False,2,9,915446,"{'runs': '1', 'wins': '0'}",2,9036,,Australia
Leicester,16:22,Join Racing TV Today Handicap,,7f,5,4yo+,0-75,"£3,664",7,Mission Command,4,gelding,3,1,Jennie Candlish,Darragh Keenan,,False,133,73,88,79,6,-34533,,,"2024-08-25 | Mission Command | 5920299 | Dacre Arms Nursery Handicap | 873060 | Beverley | 6 | 5 | 1100 | Mission Command is very uncomplicated and Callum had him in the perfect position. When the other horse came to him, he looked to kick again. He's a lovely, fun horse for the remainder of the season. We'll probably have to stay away from softer ground, he has that real fast-ground action. Five furlongs looks his bag and he'll stay over that trip. He'll go up a few pounds but we'll go up in grade at some stage - George Scott, trainer.",,54.17,0%,30,USA,5920299,,"Basford, Staffs",349434,Point Reyes,"{'runs': '1', 'wins': '0'}",0,,IRE,541314,-33.55,2026-04-13,https://www.racingpost.com/racecards/30/leicester/2026-04-13/915446,-14.00,24,Flat,False,1081636,Good To Firm,867595,7,True,21,,Acclamation,False,7f,2681632,1540,Turf,25%,GB,6,"{'runs': '0', 'wins': '0'}",Victorious Racing (2025-09-10),False,False,5920299/mission-command,12,"[{'trainer': 'George Scott', 'trainer_id': 31461, 'change_date': '2025-09-10'}]",G,9%,14,-6.00,Castletown Bloodstock Ltd,6,IRE,Miss C Dolan,95815,-0.14,64,0%,,2022-04-08,B,[],False,0,3,915446,"{'runs': '4', 'wins': '1'}",5,15552,,Competitive Edge
Leicester,16:22,Join Racing TV Today Handicap,,7f,5,4yo+,0-75,"£3,664",7,Red Mirage,8,gelding,4,6,John & Sean Quinn,Harry Vigors,,False,132,72,85,77,15,4264-3,,,"2022-05-06 | Red Mirage | 3241292 | ICM Stellar Sports Earl Grosvenor Handicap | 808736 | Chester | 13 | 7.5 | 1667 | Red Mirage jumped from the gate really well and I wanted to hold a forward position with him and he got a bit lit up doing that. He then relaxed and when I took it to him, he really did point his toe out nicely - David Probert, jockey.","Red Mirage | 3241292 | He's had soundness issues but has always worked well and won at Kempton in October. He did his first fast work last week and will run in a novice in a couple of weeks. 18-04-21||Red Mirage | 3241292 | I was gutted he didn't win in his first season with us. I'm not sure whether he was ever in red-hot form or whether he'd been through two good yards and there was nothing left in the tank. He's pleasing us in training, goes on soft ground and will be ready to run early, so we'll know quite soon. He's competitively handicapped. 20-03-24",42.86,21%,30,IRE,3241292,7,"Norton, N Yorks",330170,Duchess Dora,"{'runs': '26', 'wins': '3'}",1,,IRE,736110,0.00,2026-04-13,https://www.racingpost.com/racecards/30/leicester/2026-04-13/915446,-4.50,14,Flat,False,1110701,Good To Firm,103932,7,True,21,7,Showcasing,False,7f,728922,1540,Turf,14%,GB,14,"{'runs': '1', 'wins': '0'}",Saeed Suhail (2023-04-24),False,False,3241292/red-mirage,14,"[{'trainer': 'John Quinn', 'trainer_id': 8873, 'change_date': '2024-04-18'}, {'trainer': 'Andrew Balding', 'trainer_id': 15605, 'change_date': '2023-04-24'}, {'trainer': 'Mark Johnston', 'trainer_id': 3378, 'change_date': '2021-10-27'}]",G,-,10,+12.50,Kingsley Park Ltd,0,IRE,Raceshare - Red Mirage,104790,-7.50,0,10%,,2018-02-01,CH,"[{'date': '2024-02-06', 'type': 'Wind Surgery'}]",False,3,2,915446,"{'runs': '1', 'wins': '0'}",3,41095,,Tagula
Leicester,16:22,Join Racing TV Today Handicap,,7f,5,4yo+,0-75,"£3,664",7,This Farh,4,gelding,5,3,David Loughnane,Daniel Muscutt,p,False,129,69,82,85,24,08-646,,,,,47.06,12%,30,IRE,6215492,,"Stoke Heath, Shropshire",224994,This Girl,"{'runs': '13', 'wins': '1'}",3,,GB,2588601,-17.30,2026-04-13,https://www.racingpost.com/racecards/30/leicester/2026-04-13/915446,-11.00,17,Flat,False,1108419,Good To Firm,748243,7,True,12,,Far Above,False,7f,1640264,1540,Turf,10%,IRE,17,"{'runs': '1', 'wins': '0'}",,False,False,6215492/this-farh,39,[],G,15%,24,+2.00,The Lowe Family,11,GB,David Lowe,91857,+16.00,75,13%,,2022-03-09,B,[],False,2,4,915446,"{'runs': '2', 'wins': '0'}",2,31698,,Nathaniel
Leicester,16:22,Join Racing TV Today Handicap,,7f,5,4yo+,0-75,"£3,664",7,Forever My Prince,4,gelding,6,7,Michael Blake,Marco Ghiani,,False,129,69,86,80,15,0381-5,,,"2024-07-10 | Forever My Prince | 5708981 | Get The Inside Track With raceday-ready.com Nursery Handicap | 870437 | Lingfield | 31 | 6 | 1320 | Forever My Prince wandered about a bit under pressure but I think he just got a bit lonely out in front. I think he'll improve for better ground, but he was due a win - Eve Johnson Houghton, trainer.",,66.67,0%,30,IRE,5708981,,"Trowbridge, Wilts",369879,One Kiss,"{'runs': '5', 'wins': '1'}",5,,GB,736110,-38.17,2026-04-13,https://www.racingpost.com/racecards/30/leicester/2026-04-13/915446,-6.72,3,Flat,False,23869,Good To Firm,707662,7,True,0,,Showcasing,False,7f,2048820,1540,Turf,20%,GB,3,"{'runs': '1', 'wins': '1'}",HP Racing Forever My Prince (2026-03-23),False,False,5708981/forever-my-prince,5,"[{'trainer': 'Eve Johnson Houghton', 'trainer_id': 18920, 'change_date': '2026-03-23'}]",G,6%,24,-3.00,Llety Farms,3,GB,Steve Trim,98301,-0.50,53,21%,,2022-02-19,B,[],False,0,1,915446,"{'runs': '3', 'wins': '0'}",0,14051,,Sayif
Leicester,16:22,Join Racing TV Today Handicap,,7f,5,4yo+,0-75,"£3,664",7,Albeseeingyer,7,mare,7,2,Steph Hollinshead,Clifford Lee,,False,128,68,90,75,15,7308-0,,,,,57.14,14%,30,USA,4277867,,"Upper Longdon, Staffs",51197,Magic Destiny,"{'runs': '20', 'wins': '6'}",1,,GB,768173,-9.15,2026-04-13,https://www.racingpost.com/racecards/30/leicester/2026-04-13/915446,-13.75,7,Flat,False,1053295,Good To Firm,540336,7,True,14,,Al Kazeem,False,7f,789729,1540,Turf,6%,GB,7,"{'runs': '3', 'wins': '1'}",,False,False,4277867/albeseeingyer,36,[],M,15%,16,+1.50,Ray Bailey,4,GB,Ray Bailey,93480,-21.75,27,6%,,2019-05-11,B,[],False,1,2,915446,"{'runs': '13', 'wins': '2'}",1,28762,,Dubai Destination
Leicester,16:52,Leicester Races Saturday 25th April Book Now Handicap,,1m4f,5,3yo,0-75,"£3,664",5,Engross,3,gelding,1,4,James Fanshawe,Daniel Muscutt,,False,135,72,77,,18,774-1,,,,,77.27,9%,30,GER,8026985,,"Newmarket, Suffolk",169955,Guardia,"{'runs': '0', 'wins': '0'}",3,,IRE,859275,-17.30,2026-04-13,https://www.racingpost.com/racecards/30/leicester/2026-04-13/915448,-11.00,22,Flat,False,1124342,Good To Firm,84824,12,True,9,,Gleneagles,False,1m3f179y,687819,2599,Turf,22%,IRE,22,"{'runs': '0', 'wins': '0'}",,False,False,8026985/engross,37,[],G,15%,24,-13.00,Guardia Partnership,11,GER,Ben CM Wong,91857,+16.24,75,13%,,2023-02-21,CH,[],False,2,8,915448,"{'runs': '0', 'wins': '0'}",2,4540,,Monsun
Leicester,16:52,Leicester Races Saturday 25th April Book Now Handicap,,1m4f,5,3yo,0-75,"£3,664",5,Gaelic Approach,3,gelding,2,3,Charlie Johnston,Callum Shepherd,,False,133,70,80,30,28,525-2,,,,,44,8%,30,FR,7529955,,"Middleham Moor, N Yorks",359416,Faughill,"{'runs': '1', 'wins': '0'}",2,,GB,1266576,-27.25,2026-04-13,https://www.racingpost.com/racecards/30/leicester/2026-04-13/915448,+9.00,25,Flat,False,1044552,Good To Firm,668175,12,True,8,,Masar,False,1m3f179y,1599397,2599,Turf,3%,IRE,25,"{'runs': '0', 'wins': '0'}",Middleham Park Racing XXIII (2025-09-12),False,False,7529955/gaelic-approach,39,[],G,8%,24,+3.38,Whitwell Bloodstock,3,IRE,Middleham Park Racing Xxiii & M Hulin,93343,-32.50,37,8%,,2023-02-25,B,[],False,2,1,915448,"{'runs': '0', 'wins': '0'}",2,40131,,Lawman
Leicester,16:52,Leicester Races Saturday 25th April Book Now Handicap,,1m4f,5,3yo,0-75,"£3,664",5,Emmas Letter,3,filly,3,2,Ed Dunlop,Rossa Ryan,p,True,132,69,72,20,106,21224-,,,"2025-10-07 | Emmas Letter | 8137388 | British EBF Restricted Maiden Fillies' Stakes (Bands B, C And D) (GBB/GBBPlus Race) (Div I) | 903243 | Leicester | 30 | 8 | 1813 | Emma's Letter was reluctant to go into the stalls, and she didn't show anything the first time [at Wolverhampton] when she bucked coming out of them. We put some blinkers on her and I think all credit goes to Jack for getting hold of her. In another stride or two, she probably would have won. She's shown a lot more this time, which is good-  Ed Dunlop, trainer.",,64.29,14%,30,USA,8137388,,"Newmarket, Suffolk",61990,Letterfromamerica,"{'runs': '0', 'wins': '0'}",9,,GB,1588345,+9.05,2026-04-13,https://www.racingpost.com/racecards/30/leicester/2026-04-13/915448,-13.88,14,Flat,False,4232,Good To Firm,584459,12,True,14,,Saxon Warrior,False,1m3f179y,837685,2599,Turf,15%,JPN,14,"{'runs': '1', 'wins': '0'}",Paul Turner (2025-11-20),False,False,8137388/emmas-letter,60,[],F,21%,57,-6.21,Plantation Stud,23,USA,Mrs Edward Dunlop,95744,+31.35,112,16%,,2023-03-24,B,[],False,2,9,915448,"{'runs': '0', 'wins': '0'}",2,9036,,Ghostzapper
Leicester,16:52,Leicester Races Saturday 25th April Book Now Handicap,,1m4f,5,3yo,0-75,"£3,664",5,Five Moons,3,filly,4,5,Simon & Ed Crisford,Ross Coakley,,False,131,68,78,,28,7-444,,,,,40,20%,30,IRE,8551793,,"Newmarket, Suffolk",340145,Lady Peoria,"{'runs': '1', 'wins': '0'}",1,,IRE,695547,-9.63,2026-04-13,https://www.racingpost.com/racecards/30/leicester/2026-04-13/915448,+1.50,11,Flat,False,1140946,Good To Firm,852614,12,True,18,,Sea The Stars,False,1m3f179y,8551800,2599,Turf,15%,IRE,10,"{'runs': '0', 'wins': '0'}",,False,False,8551793/five-moons,20,[],F,12%,3,-2.00,Stephen Sullivan & Sunderland Holding In,5,IRE,Alan Byrne,89973,+4.50,43,33%,,2023-03-04,CH,[],False,2,3,915448,"{'runs': '0', 'wins': '0'}",2,37478,,Estidhkaar
Leicester,16:52,Leicester Races Saturday 25th April Book Now Handicap,,1m4f,5,3yo,0-75,"£3,664",5,Hengist Pod,3,colt,5,1,Charlie Johnston,Sean D Bowen,,False,120,57,78,,35,7486,,,,,44,8%,30,IRE,8674659,,"Middleham Moor, N Yorks",172694,Vuela,"{'runs': '1', 'wins': '0'}",1,,IRE,1132517,+10.35,2026-04-13,https://www.racingpost.com/racecards/30/leicester/2026-04-13/915448,+15.00,25,Flat,False,1115341,Good To Firm,659996,12,True,8,,Waldgeist,False,1m3f179y,1133792,2599,Turf,3%,GB,25,"{'runs': '0', 'wins': '0'}",,False,False,8674659/hengist-pod,39,[],C,19%,19,+3.38,Farm Cove Thoroughbreds Ltd,6,GB,James Michael Duggan,101300,-32.50,31,5%,,2023-03-17,CH,[],False,2,1,915448,"{'runs': '0', 'wins': '0'}",2,40131,,Duke Of Marmalade
Leicester,17:22,Kube - Leicester's Premier Events Centre Handicap,,7f,6,3yo,0-60,"£3,140",17,Creciente,3,filly,1,17,Rod Millman,Lewis Edmunds,,False,135,60,65,46,195,46300-,,,,"Creciente | 7020427 | She was bought to replace Crystal Casque and we always say she's got very big boots to fill, but she's had a good start and been placed a couple of times. She's got a handicap rating of 66 and will go to the next Newbury meeting for a nursery. She's a straightforward filly, easy to train, and hopefully she'll be as successful as the horse she replaced. 27-08-25",54.55,18%,30,IRE,7020427,,"Kentisbeare, Devon",220505,Increasing,"{'runs': '3', 'wins': '0'}",5,,GB,2394572,-31.83,2026-04-13,https://www.racingpost.com/racecards/30/leicester/2026-04-13/915449,-1.00,11,Flat,False,1135841,Good To Firm,506927,7,True,18,,Lope Y Fernandez,False,7f,7020572,1540,Turf,10%,IRE,11,"{'runs': '1', 'wins': '0'}",,False,False,7020427/creciente,58,[],F,11%,27,-4.25,Tom Hennessy,7,IRE,The Dirham Partnership,94663,-15.77,62,19%,,2023-02-16,B,[],False,2,6,915449,"{'runs': '2', 'wins': '0'}",2,4550,,Invincible Spirit
Leicester,17:22,Kube - Leicester's Premier Events Centre Handicap,,7f,6,3yo,0-60,"£3,140",17,Fullstop,3,gelding,2,10,Grace Harris,Ray Dawson,ht,True,135,60,60,45,12,930-9,,,,,50,11%,30,IRE,7926374,,"Shirenewton, Gwent",300689,The Singing Hills,"{'runs': '0', 'wins': '0'}",1,,IRE,805556,+90.38,2026-04-13,https://www.racingpost.com/racecards/30/leicester/2026-04-13/915449,-3.00,10,Flat,False,1094274,Good To Firm,748243,7,True,20,,Bungle Inthejungle,False,7f,2876588,1540,Turf,20%,GB,9,"{'runs': '0', 'wins': '0'}",,False,False,7926374/fullstop,10,[],G,17%,4,0.00,Knocktartan House Stud,11,GB,Foxhills Racing Limited,88798,+6.00,64,25%,,2023-02-05,B,[],False,1,2,915449,"{'runs': '0', 'wins': '0'}",2,25205,,Nathaniel
Leicester,17:22,Kube - Leicester's Premier Events Centre Handicap,,7f,6,3yo,0-60,"£3,140",17,Castlekeely,3,gelding,3,2,James Owen,Mason Paetel,,False,135,60,64,32,183,796-,,,,,51.16,9%,30,FR,8039752,5,"Newmarket, Suffolk",326055,Lumos Maxima,"{'runs': '0', 'wins': '0'}",2,,IRE,753279,-4.00,2026-04-13,https://www.racingpost.com/racecards/30/leicester/2026-04-13/915449,0.00,43,Flat,True,1104149,Good To Firm,668175,7,True,9,5,Elzaam,False,7f,8039765,1540,Turf,26%,AUS,33,"{'runs': '0', 'wins': '0'}",Alan Harte (2026-04-07),False,False,8039752/castlekeely,19,"[{'trainer': 'Eve Johnson Houghton', 'trainer_id': 18920, 'change_date': '2026-04-07'}]",G,14%,6,-20.50,Dubois Holdings Ltd,1,IRE,J Owen,104012,-1.40,7,33%,,2023-03-02,B,[],False,3,5,915449,"{'runs': '0', 'wins': '0'}",4,40072,,Lawman
Leicester,17:22,Kube - Leicester's Premier Events Centre Handicap,,7f,6,3yo,0-60,"£3,140",17,Space Moon,3,filly,4,9,Brian Ellison,David Allan,,False,133,58,67,,23,3-065,,,,,40,0%,30,GB,8589414,,"Norton, N Yorks",23066,Lady Mona,"{'runs': '0', 'wins': '0'}",2,,IRE,2304825,+4.04,2026-04-13,https://www.racingpost.com/racecards/30/leicester/2026-04-13/915449,-4.00,15,Flat,False,1118484,Good To Firm,688178,7,True,0,,Space Blues,False,7f,2025061,1540,Turf,11%,IRE,13,"{'runs': '0', 'wins': '0'}",,False,False,8589414/space-moon,9,[],F,19%,18,-13.00,Forenaghts Stud Farm,6,IRE,Keith Brown,78223,-3.50,31,11%,,2023-03-26,CH,[],False,0,1,915449,"{'runs': '0', 'wins': '0'}",0,4431,,Tamayuz
Leicester,17:22,Kube - Leicester's Premier Events Centre Handicap,,7f,6,3yo,0-60,"£3,140",17,Shimmering Spirit,3,gelding,5,6,Nigel Tinkler,Faye McManoman,,False,132,57,62,,25,446,,,,,28.57,0%,30,USA,7793641,,"Langton, N Yorks",359960,Shimmering Moment,"{'runs': '1', 'wins': '0'}",1,,IRE,506927,+24.00,2026-04-13,https://www.racingpost.com/racecards/30/leicester/2026-04-13/915449,+24.00,14,Flat,False,1094473,Good To Firm,603411,7,True,0,,Invincible Spirit,False,7f,738979,1540,Turf,11%,IRE,14,"{'runs': '0', 'wins': '0'}",,False,False,7793641/shimmering-spirit,18,[],G,21%,10,-14.00,M Gittins,3,USA,The Olliers & D Jenkins & Partner,96409,+3.00,14,10%,,2023-02-16,B,[],False,0,2,915449,"{'runs': '0', 'wins': '0'}",0,865,,Afleet Alex
Leicester,17:22,Kube - Leicester's Premier Events Centre Handicap,,7f,6,3yo,0-60,"£3,140",17,Euphonia,3,filly,6,7,Ed Walker,Kieran Shoemark,,False,132,57,69,42,42,58-856,,,,,63.64,18%,30,GB,7529967,,"Upper Lambourn, Berks",353983,Ells Bells,"{'runs': '1', 'wins': '0'}",3,,GB,1004665,-16.33,2026-04-13,https://www.racingpost.com/racecards/30/leicester/2026-04-13/915449,+49.00,11,Flat,False,1105248,Good To Firm,503875,7,True,18,,Mehmas,False,7f,5082913,1540,Turf,21%,IRE,11,"{'runs': '0', 'wins': '0'}",,False,False,7529967/euphonia,24,[],F,12%,20,-3.25,Charles Fox,5,GB,Thurloe Thoroughbreds Lviii & A Partner,93237,+4.25,42,15%,,2023-03-10,CH,[],False,2,5,915449,"{'runs': '0', 'wins': '0'}",2,23926,,Dansili
Leicester,17:22,Kube - Leicester's Premier Events Centre Handicap,,7f,6,3yo,0-60,"£3,140",17,Give Me Sun,3,filly,7,3,Patrick Owens,Benoit De La Sayette,,False,131,56,60,46,208,875-,,,,,100,100%,30,GB,7852212,,"Newmarket, Suffolk",360210,Give Me Breath,"{'runs': '3', 'wins': '0'}",3,,GB,875049,-17.02,2026-04-13,https://www.racingpost.com/racecards/30/leicester/2026-04-13/915449,+5.00,1,Flat,False,5690,Good To Firm,739856,7,True,100,,Ulysses,False,7f,2232397,1540,Turf,0%,IRE,1,"{'runs': '0', 'wins': '0'}",,False,False,7852212/give-me-sun,9,[],F,14%,7,+9.00,Wretham Stud,5,GB,Mrs Denis Haynes & Mrs Rebecca Smith,100640,-9.00,36,43%,,2023-01-20,B,[],False,1,0,915449,"{'runs': '1', 'wins': '0'}",1,25124,,Bated Breath
Leicester,17:22,Kube - Leicester's Premier Events Centre Handicap,,7f,6,3yo,0-60,"£3,140",17,Maximum Velocity,3,gelding,8,4,Nigel Tinkler,Charles Bishop,,False,131,56,63,36,18,677-39,,,,,28.57,0%,30,IRE,7856860,,"Langton, N Yorks",197047,Remember Alexander,"{'runs': '2', 'wins': '0'}",1,,IRE,637069,+5.85,2026-04-13,https://www.racingpost.com/racecards/30/leicester/2026-04-13/915449,0.00,14,Flat,False,14252,Good To Firm,649434,7,True,0,,Dandy Man,False,7f,784112,1540,Turf,11%,IRE,14,"{'runs': '0', 'wins': '0'}",,False,False,7856860/maximum-velocity,18,[],G,17%,21,-14.00,Mountarmstrong Stud,6,GB,Y T Szeto,89627,+3.00,36,5%,,2023-04-07,B,[],False,0,2,915449,"{'runs': '2', 'wins': '0'}",0,865,,Teofilo
Leicester,17:22,Kube - Leicester's Premier Events Centre Handicap,,7f,6,3yo,0-60,"£3,140",17,Hurricane Ann,3,filly,9,1,Peter Chapple-Hyam,Marco Ghiani,,False,131,56,62,45,18,8-6657,,,,,50,0%,30,IRE,7913266,,"Newmarket, Suffolk",242959,La Arcadia,"{'runs': '2', 'wins': '0'}",5,,GB,905467,-38.17,2026-04-13,https://www.racingpost.com/racecards/30/leicester/2026-04-13/915449,-6.72,2,Flat,False,1139497,Good To Firm,740981,7,True,0,,Aclaim,False,7f,898457,1540,Turf,15%,IRE,2,"{'runs': '0', 'wins': '0'}",,False,False,7913266/hurricane-ann,13,[],F,6%,24,-2.00,W J S Prosser,3,FR,W Prosser,98301,+33.00,53,21%,,2023-04-14,B,[],False,0,2,915449,"{'runs': '0', 'wins': '0'}",0,5333,,Lope De Vega
Leicester,17:22,Kube - Leicester's Premier Events Centre Handicap,,7f,6,3yo,0-60,"£3,140",17,Shes Crafty,3,filly,10,16,George Margarson,Callum Shepherd,,False,130,55,66,25,104,42577-,,,,,,-,30,CAN,7789366,,"Newmarket, Suffolk",101419,Simply Awesome,"{'runs': '1', 'wins': '0'}",2,,IRE,3095735,-27.25,2026-04-13,https://www.racingpost.com/racecards/30/leicester/2026-04-13/915449,+9.00,0,Flat,False,17900,Good To Firm,470577,7,True,,,Starman,False,7f,3437696,1540,Turf,7%,GB,0,"{'runs': '0', 'wins': '0'}",Middleham Park Racing L And Jmr Partners (2026-03-06),False,False,7789366/shes-crafty,15,"[{'trainer': 'Jack Morland', 'trainer_id': 41836, 'change_date': '2026-03-06'}]",F,8%,24,0.00,S Gorman,3,IRE,Miss K A Bartlett,93343,-12.50,37,8%,,2023-04-10,CH,[],False,0,1,915449,"{'runs': '1', 'wins': '0'}",0,9796,,Awesome Again
Leicester,17:22,Kube - Leicester's Premier Events Centre Handicap,,7f,6,3yo,0-60,"£3,140",17,Tickettothestars,3,filly,11,14,Rod Millman,Jack Doughty,,False,126,51,71,58,18,6-8054,,,,"Tickettothestars | 7661860 | She was bought out of one of the breeze-ups for Middleham Park. We took her to Yarmouth last time and fancied her, but unfortunately she ran up the backside of horses coming back at her. She's rated 65, so that gives us half a chance. 27-08-25",54.55,18%,30,GB,7661860,,"Kentisbeare, Devon",145172,Ranallagh Rocket,"{'runs': '1', 'wins': '0'}",2,,IRE,862217,-15.50,2026-04-13,https://www.racingpost.com/racecards/30/leicester/2026-04-13/915449,+36.50,11,Flat,False,16474,Good To Firm,541314,7,True,18,,Profitable,False,7f,2201796,1540,Turf,10%,IRE,11,"{'runs': '0', 'wins': '0'}",,False,False,7661860/tickettothestars,58,[],F,8%,18,-4.25,N Hartery,2,IRE,Middleham Park Racing XXXIX,103198,-15.77,24,11%,,2023-04-04,B,[],False,2,6,915449,"{'runs': '2', 'wins': '0'}",2,4550,,Acclamation
Leicester,17:22,Kube - Leicester's Premier Events Centre Handicap,,7f,6,3yo,0-60,"£3,140",17,Starakova,3,filly,12,11,Warren Greatrex,Edward Greatrex,,False,126,51,68,67,32,0498-5,,,,,40,0%,30,IRE,7648502,,"Upper Lambourn, Berks",359066,Abbakova,"{'runs': '1', 'wins': '0'}",0,,GB,3095735,+117.38,2026-04-13,https://www.racingpost.com/racecards/30/leicester/2026-04-13/915449,-20.00,15,Flat,False,1079169,Good To Firm,637069,7,True,0,,Starman,False,7f,835970,1540,Turf,14%,GB,2,"{'runs': '0', 'wins': '0'}",,False,False,7648502/starakova,7,[],F,14%,20,-2.00,Mr & Mrs J Davis & P Mitchell BStock,3,IRE,Howard Bolly Sutton Molony Weller Cowles,94158,-4.63,22,0%,,2023-05-11,B,[],False,0,1,915449,"{'runs': '0', 'wins': '0'}",0,22011,,Dandy Man
Leicester,17:22,Kube - Leicester's Premier Events Centre Handicap,,7f,6,3yo,0-60,"£3,140",17,Diamond Ali,3,colt,13,15,Julia & Shelley Birkett,Dylan Hogan,p,False,125,50,66,64,122,04278-,,,,,75,0%,30,USA,7020415,,"Newmarket, Suffolk",353957,Birthstone,"{'runs': '2', 'wins': '0'}",1,,GB,2681613,-46.70,2026-04-13,https://www.racingpost.com/racecards/30/leicester/2026-04-13/915449,0.00,4,Flat,False,1137746,Good To Firm,53070,7,True,0,,AAli,False,7f,604377,1540,Turf,0%,IRE,4,"{'runs': '3', 'wins': '0'}",,False,False,7020415/diamond-ali,10,[],C,5%,9,-4.00,Amanda Rawding,3,GB,Sk & J Developments Ltd & Partners,92620,-10.00,61,11%,,2023-04-24,CH,[],False,0,0,915449,"{'runs': '2', 'wins': '0'}",0,42026,,Machiavellian
Leicester,17:22,Kube - Leicester's Premier Events Centre Handicap,,7f,6,3yo,0-60,"£3,140",17,Monks Hill,3,filly,14,5,Ivan Furtado,Clifford Lee,h,False,125,50,65,68,25,38-472,,,,,47.06,24%,30,GB,7205122,,"Wiseton, S Yorks",343442,All Star Cast,"{'runs': '2', 'wins': '0'}",1,,IRE,637069,-9.15,2026-04-13,https://www.racingpost.com/racecards/30/leicester/2026-04-13/915449,-13.75,17,Flat,False,340,Good To Firm,582877,7,True,24,,Dandy Man,False,7f,2107490,1540,Turf,5%,IRE,17,"{'runs': '0', 'wins': '0'}",,False,False,7205122/monks-hill,40,[],F,15%,16,+21.00,Rathbarry Stud,4,IRE,Alfa Site Services Ltd & Graeme Curnow,93480,+14.00,27,6%,,2023-04-23,B,[],False,4,2,915449,"{'runs': '1', 'wins': '0'}",4,30867,,Kodiac
Leicester,17:22,Kube - Leicester's Premier Events Centre Handicap,,7f,6,3yo,0-60,"£3,140",17,Petes Diamond,3,gelding,15,12,Joey Ramsden,Finley Marsh,,False,124,49,67,,80,55-658,,,,,50,0%,30,GB,8330908,,"Newark, Notts",349130,So Claire,"{'runs': '1', 'wins': '0'}",1,,GB,761072,-10.00,2026-04-13,https://www.racingpost.com/racecards/30/leicester/2026-04-13/915449,-16.13,8,Flat,False,1132377,Good To Firm,527373,7,True,0,,Dream Ahead,False,7f,2346378,1540,Turf,-,USA,8,"{'runs': '0', 'wins': '0'}",,False,False,8330908/petes-diamond,0,[],G,7%,19,-8.00,Kassala Ltd & Charlock Stud,1,GB,Hill Top Equestrian Centre Ltd,95785,0.00,14,5%,,2023-04-10,BR,[],False,0,0,915449,"{'runs': '0', 'wins': '0'}",0,14626,,Kyllachy
Leicester,17:22,Kube - Leicester's Premier Events Centre Handicap,,7f,6,3yo,0-60,"£3,140",17,Calabrian Soldato,3,gelding,16,8,Lemos De Souza,Warren Fentiman,hp,True,121,46,62,33,58,82-946,,,,,16.67,0%,30,USA,7583065,3,"Newmarket, Suffolk",358555,Tartufo Dolce,"{'runs': '1', 'wins': '0'}",0,,IRE,1860072,-9.00,2026-04-13,https://www.racingpost.com/racecards/30/leicester/2026-04-13/915449,-7.00,6,Flat,False,1125660,Good To Firm,87643,7,True,0,3,Soldiers Call,False,7f,728804,1540,Turf,0%,GB,5,"{'runs': '0', 'wins': '0'}",,False,False,7583065/calabrian-soldato,9,[],G,7%,7,-5.00,Ballyhane,1,IRE,Eclipse Sports Racing & Lds Bloodstock,104019,-9.00,15,0%,,2023-04-29,B,[],False,0,0,915449,"{'runs': '0', 'wins': '0'}",0,42134,,Key Of Luck
Leicester,17:22,Kube - Leicester's Premier Events Centre Handicap,,7f,6,3yo,0-60,"£3,140",17,Nandos Pride,3,gelding,17,13,Mark Loughnane,Joe Leavy,p,True,121,46,57,,35,97-498,,,,,29.41,6%,30,USA,8362127,,"Rock Farm, Worcs",364245,La Sibilla,"{'runs': '0', 'wins': '0'}",0,,IRE,3095784,-5.00,2026-04-13,https://www.racingpost.com/racecards/30/leicester/2026-04-13/915449,-16.00,17,Flat,False,19218,Good To Firm,480438,7,True,6,,Nando Parrado,False,7f,865500,1540,Turf,7%,GB,17,"{'runs': '0', 'wins': '0'}",,False,False,8362127/nandos-pride,29,[],G,13%,16,-10.50,E Phelan,4,GB,S & A Mares And Gentech Products,101259,+3.00,31,0%,,2023-04-19,B,[],False,1,2,915449,"{'runs': '0', 'wins': '0'}",1,15429,,Fantastic Light
Fakenham,14:40,Racing TV Handicap Hurdle,,2m7½f,4,4yo+,0-110,"£5,281",8,Ilitch,8,gelding,1,,Stuart Edmunds,Charlie Hammond,,False,170,112,108,102,36,1-4528,,,,,25,0%,18,GB,5017647,,"Stewkley, Bucks",348774,Anadara,"{'runs': '1', 'wins': '0'}",0,,FR,663655,-7.47,2026-04-13,https://www.racingpost.com/racecards/18/fakenham/2026-04-13/915312,-6.00,4,Hurdle,False,1130538,Good,469953,23.5,True,0,,Authorized,False,2m7f95y,887280,5155,Turf,36%,IRE,4,"{'runs': '1', 'wins': '0'}",M Kehoe (2025-01-17)||Ben Halsall (2024-12-26),False,False,5017647/ilitch,64,"[{'trainer': 'Michael Kehoe', 'trainer_id': 20018, 'change_date': '2024-12-26'}, {'trainer': 'S R B Crawford', 'trainer_id': 16596, 'change_date': '2024-03-09'}]",G,27%,6,-4.00,Ludovic Fleury,17,FR,Edmunds Racing Club,93541,+21.64,63,0%,,2018-04-05,B,"[{'date': '2025-01-27', 'type': 'Wind Surgery'}]",False,0,23,915312,"{'runs': '2', 'wins': '1'}",0,30177,,Xaar
Fakenham,14:40,Racing TV Handicap Hurdle,,2m7½f,4,4yo+,0-110,"£5,281",8,Breezethroughlife,5,gelding,2,,Neil King,Jack Quinlan,t,False,168,110,112,99,31,3152P5,,,,,66.67,25%,18,USA,7303393,,"Wroughton, Wilts",363242,Lady Germany,"{'runs': '2', 'wins': '0'}",3,,IRE,1422957,-58.02,2026-04-13,https://www.racingpost.com/racecards/18/fakenham/2026-04-13/915312,+17.00,6,Hurdle,False,1134841,Good,88168,23.5,True,50,,Ice Breeze,False,2m7f95y,866178,5155,Turf,10%,GB,4,"{'runs': '1', 'wins': '1'}",Mrs Patricia Prendergast (2025-10-11),False,True,7303393/breezethroughlife,59,"[{'trainer': 'Cian Collins', 'trainer_id': 39540, 'change_date': '2025-10-11'}]",G,11%,14,+13.00,Mrs P Prendergast,10,IRE,Mark Harrod & Nicky George,87528,-24.93,95,21%,,2021-05-18,B,"[{'date': '2026-03-18', 'type': 'Wind Surgery'}]",False,1,6,915312,"{'runs': '4', 'wins': '1'}",3,7236,,Germany
Fakenham,14:40,Racing TV Handicap Hurdle,,2m7½f,4,4yo+,0-110,"£5,281",8,Tropical Speed,7,gelding,3,,Andy Irvine,Chad Bament,b,False,166,108,110,98,137,3124P1,,,,,50,0%,18,GB,5329086,7,"Ashurstwood, East Sussex",362688,Tropical Ocean,"{'runs': '9', 'wins': '2'}",1,,IRE,835819,0.00,2026-04-13,https://www.racingpost.com/racecards/18/fakenham/2026-04-13/915312,-4.20,4,Hurdle,False,1112,Good,49160,23.5,True,0,7,Lucky Speed,False,2m7f95y,804611,5155,Turf,6%,IRE,4,"{'runs': '0', 'wins': '0'}",Andy Irvine (2025-09-27)||The Hayes Sports Partnership (2025-09-23)||Mrs P Doyle (2025-01-20)||Miss E Butler (2024-05-23),False,False,5329086/tropical-speed,16,"[{'trainer': 'Olly Murphy', 'trainer_id': 33553, 'change_date': '2025-09-23'}, {'trainer': 'Eoin Doyle', 'trainer_id': 14839, 'change_date': '2025-01-20'}, {'trainer': 'Michael Butler', 'trainer_id': 4533, 'change_date': '2024-05-23'}]",G,-,6,-4.00,Edward Ryan,0,IRE,Steven Roger Brewer,102459,-6.50,0,17%,,2019-02-23,B,[],False,0,1,915312,"{'runs': '12', 'wins': '2'}",0,38076,,Anshan
Fakenham,14:40,Racing TV Handicap Hurdle,,2m7½f,4,4yo+,0-110,"£5,281",8,Mahon Falls,5,mare,4,,Katy Price,Shane Quinlan,,False,165,107,103,97,15,262233,,,,,0,0%,18,GB,7935091,3,"Llanigon, Herefordshire",370074,Dreams And Songs,"{'runs': '0', 'wins': '0'}",1,,IRE,715738,-4.00,2026-04-13,https://www.racingpost.com/racecards/18/fakenham/2026-04-13/915312,-2.00,3,Hurdle,False,1076647,Good,96595,23.5,True,0,3,Bucks Boum,False,2m7f95y,823208,5155,Turf,50%,FR,3,"{'runs': '0', 'wins': '0'}",Miss Katy Jane Price (2026-03-27)||Kieran D Cotter (2026-03-23),False,False,7935091/mahon-falls,2,"[{'trainer': 'W P Mullins', 'trainer_id': 1475, 'change_date': '2026-03-23'}]",M,0%,7,-3.00,K D Cotter,0,GB,E W Lewis & Katy Price Racing,93118,+15.00,4,14%,,2021-03-06,B,[],False,0,1,915312,"{'runs': '2', 'wins': '0'}",0,31313,,Presenting
Fakenham,14:40,Racing TV Handicap Hurdle,,2m7½f,4,4yo+,0-110,"£5,281",8,Rialannah,7,mare,5,,Lucy Wadham,Gavin Sheehan,,False,165,107,112,107,16,2P2P-5,,,,,33.33,25%,18,IRE,5467212,,"Newmarket, Suffolk",310591,Brixen,"{'runs': '4', 'wins': '0'}",1,,IRE,660604,+2.47,2026-04-13,https://www.racingpost.com/racecards/18/fakenham/2026-04-13/915312,+14.00,6,Hurdle,False,1129378,Good,99911,23.5,True,33,,Mount Nelson,False,2m7f95y,733583,5155,Turf,29%,GB,4,"{'runs': '0', 'wins': '0'}",,False,False,5467212/rialannah,77,"[{'trainer': 'Joel Parkinson & Sue Smith', 'trainer_id': 41822, 'change_date': '2026-01-16'}, {'trainer': 'Sue Smith', 'trainer_id': 4788, 'change_date': '2024-10-23'}]",M,23%,5,+1.00,Tom Ford,9,IRE,R Peters And T Ford,88907,+18.23,39,20%,,2019-05-02,CH,[],False,1,22,915312,"{'runs': '4', 'wins': '0'}",2,9801,,Heron Island
Fakenham,14:40,Racing TV Handicap Hurdle,,2m7½f,4,4yo+,0-110,"£5,281",8,Alan Bresil,6,gelding,6,,Nick Scholfield,Harry Reed,p,False,163,105,109,98,15,344575,,,,,50,20%,18,USA,7231783,,"Lambourn, Berks",364153,Smuglin,"{'runs': '2', 'wins': '0'}",1,,GB,703532,+23.00,2026-04-13,https://www.racingpost.com/racecards/18/fakenham/2026-04-13/915312,-5.50,10,Hurdle,False,13420,Good,9317,23.5,True,20,,Blue Bresil,False,2m7f95y,703685,5155,Turf,60%,FR,10,"{'runs': '0', 'wins': '0'}",,False,False,7231783/alan-bresil,5,"[{'trainer': 'Bradley Gibbs', 'trainer_id': 35847, 'change_date': '2025-11-01'}]",G,23%,9,+1.50,R F Broad,3,GB,Nick Scholfield Racing Club,93277,+7.92,13,11%,,2020-06-11,B,[],False,2,3,915312,"{'runs': '3', 'wins': '0'}",2,42617,,Sir Harry Lewis
Fakenham,14:40,Racing TV Handicap Hurdle,,2m7½f,4,4yo+,0-110,"£5,281",8,Raby Mere,7,gelding,7,,Caroline Fryer,Lewis Stones,p,False,156,98,109,90,20,245441,,,"2026-03-24 | Raby Mere | 5845506 | Free Bets On attheraces.com Conditional Jockeys' Handicap Hurdle | 914208 | Southwell | 61 | 24.5 | 5340 | That was slightly unexpected, just because of Raby Mere's disappointing run at Fakenham last time. We don't really know what happened there, but I put the cheekpieces on and I think it was a combination of things, like the better ground and three miles that helped him. Lewis rode him brilliantly, but I was surprised he was the rank outsider. But it's a lot easier if they're an outsider as there's no pressure? it makes is so much easier to watch the race! He never looked like he was going to be beaten and he travelled and jumped really well. - Caroline Fryer, trainer.",,0,0%,18,GB,5845506,3,"Wymondham, Norfolk",255529,My Fair Lady,"{'runs': '2', 'wins': '1'}",0,,FR,838039,+0.03,2026-04-13,https://www.racingpost.com/racecards/18/fakenham/2026-04-13/915312,-6.00,1,Hurdle,False,1068292,Good,90537,23.5,True,0,3,Night Wish,False,2m7f95y,808546,5155,Turf,16%,GER,1,"{'runs': '2', 'wins': '1'}",Olly Murphy Racing Club (2026-01-12)||Nicholas Teehan (2025-04-30),False,False,5845506/raby-mere,25,"[{'trainer': 'Olly Murphy', 'trainer_id': 33553, 'change_date': '2026-01-12'}, {'trainer': 'Louise G Lyons', 'trainer_id': 37722, 'change_date': '2025-04-30'}]",G,23%,6,-1.00,Sarl Neustrian Associates,7,FR,C J Underwood And Caroline Fryer,93122,-1.25,30,0%,,2019-04-19,B,[],False,0,4,915312,"{'runs': '10', 'wins': '3'}",0,24596,,Poliglote
Fakenham,14:40,Racing TV Handicap Hurdle,,2m7½f,4,4yo+,0-110,"£5,281",8,The Wise Traveller,10,gelding,8,,Sarah Humphrey,Jamie Gambin,,False,152,94,115,113,7,14777P,,,"2023-02-09 | The Wise Traveller | 3333288 | Newlands Developments Handicap Hurdle | 830523 | Huntingdon | 26 | 25 | 5510 | We were despairing of The Wise Traveller last year and nearly sent him to the sales but this year he's done nothing but improve. It was a low-grade race but he did it well - Charlie Longsdon, trainer.",,28.57,29%,18,GB,3333288,7,"West Wratting, Cambs",169528,Butterfly Betty,"{'runs': '10', 'wins': '0'}",0,,IRE,657490,+10.00,2026-04-13,https://www.racingpost.com/racecards/18/fakenham/2026-04-13/915312,-2.00,7,Hurdle,False,1122240,Good,75837,23.5,True,29,7,Getaway,False,2m7f95y,3333287,5155,Turf,17%,GER,7,"{'runs': '1', 'wins': '0'}",The Endeavour Racing Syndicate (2023-09-27)||Jack Teal (2021-04-05),False,False,3333288/the-wise-traveller,53,"[{'trainer': 'Charlie Longsdon', 'trainer_id': 18660, 'change_date': '2023-09-27'}, {'trainer': 'Jack Teal', 'trainer_id': 30053, 'change_date': '2021-04-05'}]",G,11%,2,+3.33,Nigel Peters,1,IRE,Yen Hall Farm Racing,101584,+15.10,9,0%,,2016-03-25,B,"[{'date': '2021-09-16', 'type': 'Wind Surgery'}]",False,2,9,915312,"{'runs': '23', 'wins': '5'}",2,16208,,Beneficial
Fakenham,15:10,Weatherbys nhstallions.co.uk Mares' Handicap Chase (Queen Boudicca Mares' Chase Series Qualifier),,3m,5,5yo+,0-100,"£3,697",5,Moviddy,10,mare,1,,Noel Williams,Jack Hogan,tb,True,168,97,113,99,21,57P332,,,"2025-03-24 | Moviddy | 4159595 | Wincanton Supports The RSA Mares' Handicap Chase (Challenger Mares' Chase Series Qual') (GBB Race) | 889328 | Wincanton | 90 | 25 | 5530 | Moviddy has put in a lot of good efforts and very often bumped into one so it's very satisfying to get that chase win. We'll quite possibly have a go at the final in which she finished fourth last year - Noel Williams, trainer.",,50,0%,18,IRE,4159595,,"Blewbury, Oxfordshire",364747,Killiney Gold,"{'runs': '4', 'wins': '1'}",1,,IRE,713987,-7.00,2026-04-13,https://www.racingpost.com/racecards/18/fakenham/2026-04-13/915315,-2.40,2,Chase,False,100715,Good,607076,24,True,0,,Urban Poet,False,3m38y,4159630,5318,Turf,0%,USA,2,"{'runs': '5', 'wins': '0'}",Miss J Wignall & Noel Fehily (2025-11-17)||Noel Fehily Racing Syndicates - Moviddy (2025-10-23),False,False,4159595/moviddy,11,[],M,0%,7,-2.00,Donal Brazil,0,IRE,Noel Fehily Racing Syndicate & Miss J Wignall,96901,-11.00,7,14%,,2016-04-25,B,[],False,0,0,915315,"{'runs': '12', 'wins': '1'}",0,28583,,Golden Tornado
Fakenham,15:10,Weatherbys nhstallions.co.uk Mares' Handicap Chase (Queen Boudicca Mares' Chase Series Qualifier),,3m,5,5yo+,0-100,"£3,697",5,Gilbertina,9,mare,2,,Nick Kent,Tom Midgley,t,False,167,96,103,97,12,54P434,,,,,0,0%,18,IRE,3152107,3,"Brigg, Lincs",294238,Saaboog,"{'runs': '0', 'wins': '0'}",0,,GB,785465,-1.00,2026-04-13,https://www.racingpost.com/racecards/18/fakenham/2026-04-13/915315,-7.00,7,Chase,False,1119215,Good,649434,24,True,0,3,Universal,False,3m38y,794881,5318,Turf,0%,IRE,7,"{'runs': '0', 'wins': '0'}",,False,False,3152107/gilbertina,2,[],M,0%,7,-7.00,Newstead Priory Stud,0,GB,Mrs Marina Kent,97204,-2.00,1,0%,,2017-04-14,B,"[{'date': '2021-12-31', 'type': 'Wind Surgery'}]",False,0,0,915315,"{'runs': '11', 'wins': '0'}",0,16125,,Teofilo
Fakenham,15:10,Weatherbys nhstallions.co.uk Mares' Handicap Chase (Queen Boudicca Mares' Chase Series Qualifier),,3m,5,5yo+,0-100,"£3,697",5,Fortunefavorsdbold,8,mare,3,,Christian Williams,Jack Tudor,p,False,167,96,106,89,22,-23F22,,,"2024-02-08 | Fortunefavorsdbold | 4231681 | Newlands Developments Mares' Novices' Handicap Chase (Challenger Mares' Chase Series Qualifier)(GBB) | 858266 | Huntingdon | 26 | 23.5 | 5189 | Fortunefavorsdbold loved the ground so we didn't mind it tipping down all morning - Matt Hall, syndicate member.||2023-03-12 | Fortunefavorsdbold | 4231681 | Watch Every Cheltenham Festival Race Live Only On Racing TV Maiden Hurdle | 835210 | Limerick | 188 | 24 | 5280 | Fortunefavorsdbold jumped quite well and was always trying to get as much cover as I could. Paul and James were anxious that I got a lead. Going as slow as we did probably helped - Sean Flanagan, rider.",,35.71,7%,18,IRE,4231681,,"Ogmore-By-Sea, Glamorgan",227660,Consuelita,"{'runs': '11', 'wins': '3'}",4,,IRE,660612,-11.71,2026-04-13,https://www.racingpost.com/racecards/18/fakenham/2026-04-13/915315,-7.50,14,Chase,False,20606,Good,97591,24,True,7,,Soldier Of Fortune,False,3m38y,656649,5318,Turf,14%,IRE,14,"{'runs': '1', 'wins': '0'}",Mrs L Maclennan (2023-10-11)||Paul Nolan (2022-11-10),False,False,4231681/fortunefavorsdbold,49,"[{'trainer': 'Paul Nolan', 'trainer_id': 9647, 'change_date': '2023-10-11'}]",M,17%,23,-11.75,Richard Busher,5,GB,All Stars Sports Racing,98673,-7.26,29,17%,,2018-03-01,B,[],False,1,7,915315,"{'runs': '5', 'wins': '0'}",1,33186,,Singspiel
Fakenham,15:10,Weatherbys nhstallions.co.uk Mares' Handicap Chase (Queen Boudicca Mares' Chase Series Qualifier),,3m,5,5yo+,0-100,"£3,697",5,Annie Nail,9,mare,4,,Tracey Leeson,Oscar Palmer,,False,145,74,103,67,7,672631,,,"2025-05-06 | Annie Nail | 3575178 | Alan Boswell Group Mares' Handicap Chase (Queen Boudicca Mares' Chase Series Qualifier) | 892860 | Fakenham | 18 | 21 | 4664 | Annie Nail has been a fantastic little buy and is a really tough mare. I couldn't watch the race after the first circuit - the nerves got the better of me - but having watched the replay she travelled brilliantly and won well. She shaped encouragingly at Hereford on her first start for us and we were confident coming into this - Tracey Leeson, trainer.",,50,50%,18,USA,3575178,7,"Blakesley Heath, Northants",298974,Castletown Girl,"{'runs': '3', 'wins': '1'}",2,,IRE,569100,+2.50,2026-04-13,https://www.racingpost.com/racecards/18/fakenham/2026-04-13/915315,0.00,2,Chase,False,12919,Good,304239,24,True,50,7,Doyen,False,3m38y,830682,5318,Turf,13%,IRE,2,"{'runs': '8', 'wins': '2'}",Racehorse Ownership Club (2025-04-16),False,False,3575178/annie-nail,15,"[{'trainer': 'Michael Wigham', 'trainer_id': 14013, 'change_date': '2025-04-16'}, {'trainer': 'Alexandra Dunn', 'trainer_id': 27500, 'change_date': '2024-12-26'}]",M,100%,5,+1.50,Sunnyhill Stud,1,GB,P Long,98858,-8.25,1,40%,,2017-04-18,CH,[],False,1,2,915315,"{'runs': '17', 'wins': '3'}",1,32008,,Bob Back
Fakenham,15:10,Weatherbys nhstallions.co.uk Mares' Handicap Chase (Queen Boudicca Mares' Chase Series Qualifier),,3m,5,5yo+,0-100,"£3,697",5,Ballygelly,8,mare,5,,Emma-Jane Bishop,Lilly Pinchin,ht,False,144,73,102,73,28,P1P-U5,,,"2025-04-01 | Ballygelly | 4652651 | Weatherbys nhstallions.co.uk Mares' Handicap Chase (Queen Boudicca Mares' Chase Series Qualifier) | 889420 | Fakenham | 18 | 24 | 5318 | Halfway down the far side I thought the horse in front of me was not getting any further away, and when I managed to get upsides her she came off the bridle as well. I had a very willing partner in Ballygelly - David Noonan, jockey, speaking on Racing TV.",,,-,18,IRE,4652651,,"Cleeve Hill, Gloucs",112356,Indian Love,"{'runs': '4', 'wins': '1'}",0,,IRE,660612,-3.00,2026-04-13,https://www.racingpost.com/racecards/18/fakenham/2026-04-13/915315,-2.00,0,Chase,False,1095518,Good,502686,24,True,,,Soldier Of Fortune,False,3m38y,644218,5318,Turf,17%,IRE,0,"{'runs': '2', 'wins': '1'}",,False,False,4652651/ballygelly,6,[],M,17%,2,0.00,C A F R E Enniskellen Campus,6,FR,Mrs M J Wilson,95100,0.00,36,0%,,2018-04-07,B,"[{'date': '2024-11-24', 'type': 'Wind Surgery'}]",False,0,1,915315,"{'runs': '3', 'wins': '1'}",0,14649,,Indian Danehill
Fakenham,15:40,Woodfordes Mares' Novices' Limited Handicap Hurdle,,2m7½f,5,4yo+,0-95,"£3,697",4,Natus Vincere,7,mare,1,,Olly Murphy,Sean Bowen,t,False,166,92,97,87,29,59-512,,,,,41.18,25%,18,IRE,5864624,,"Wilmcote, Warks",220645,Khazina,"{'runs': '0', 'wins': '0'}",5,,IRE,745906,-8.84,2026-04-13,https://www.racingpost.com/racecards/18/fakenham/2026-04-13/915316,-22.18,34,Hurdle,False,1034620,Good,99826,23.5,True,24,,No Risk At All,False,2m7f95y,733497,5155,Turf,32%,FR,32,"{'runs': '0', 'wins': '0'}",Gracehill UK Limited (2026-04-06)||Oliver Jack Murphy (2026-03-13)||Alan Rogers (2026-01-14),False,True,5864624/natus-vincere,53,"[{'trainer': 'L J Morgan', 'trainer_id': 32261, 'change_date': '2026-01-14'}]",M,25%,38,+9.32,Joseph Ryan,10,FR,Oliver Jack Murphy,93186,-8.37,40,13%,,2019-04-24,B,"[{'date': '2026-03-23', 'type': 'Wind Surgery'}]",False,8,17,915316,"{'runs': '2', 'wins': '0'}",8,33553,,Alhaarth
Fakenham,15:40,Woodfordes Mares' Novices' Limited Handicap Hurdle,,2m7½f,5,4yo+,0-95,"£3,697",4,Dartmouth Rose,6,mare,2,,Matt Crawley,Jack Quinlan,p,False,162,88,92,77,20,214341,,,,,0,0%,18,USA,58956410,,"Newmarket, Suffolk",60906,Iconic Rose,"{'runs': '1', 'wins': '0'}",3,,GB,851053,-58.02,2026-04-13,https://www.racingpost.com/racecards/18/fakenham/2026-04-13/915316,+17.00,3,Hurdle,False,1064645,Good,9317,23.5,True,0,,Dartmouth,False,2m7f95y,777749,5155,Turf,5%,GB,2,"{'runs': '5', 'wins': '1'}",,False,False,58956410/dartmouth-rose,22,"[{'trainer': 'Pam Sly', 'trainer_id': 474, 'change_date': '2024-12-27'}]",M,11%,14,-2.00,The Stablemates,10,GB,The Stablemates,87528,-17.67,95,21%,,2020-02-06,B,[],False,0,1,915316,"{'runs': '8', 'wins': '2'}",0,38707,,Sir Harry Lewis
Fakenham,15:40,Woodfordes Mares' Novices' Limited Handicap Hurdle,,2m7½f,5,4yo+,0-95,"£3,697",4,Honey Im Good,10,mare,3,,Mrs C Williams,Miss Eleanor Williams,t,False,154,80,67,41,68,2332-6,,,,"Honey Im Good | 3038158 | She came from the point-to-point scene and won a couple of races through the summer. She's not a world-beater by any stretch of the imagination but we've had great fun with her already. She's got a great attitude and I'm sure she'll find a way to win again. 02-11-23||Honey Im Good | 3038158 | She's another who wants spring-autumn ground and she's still high enough in the weights, but she ran a race full of promise in a 2m7f chase at Musselburgh last time. That was part of the Go North series and we sent a couple up to qualify as it's a wonderful initiative. We'll probably aim her at the final now. 28-02-24",25,0%,18,FR,3038158,7,"Llancarfan, Vale of Glamorgan",25023,Hopeful Gleam,"{'runs': '8', 'wins': '1'}",0,,IRE,538460,-2.00,2026-04-13,https://www.racingpost.com/racecards/18/fakenham/2026-04-13/915316,-1.00,12,Hurdle,False,1110813,Good,302278,23.5,True,0,7,Califet,False,2m7f95y,717957,5155,Turf,0%,FR,12,"{'runs': '1', 'wins': '0'}",Vale Racing 1 (2026-01-16)||Tony Cromwell & Partner (2024-11-02)||R E R Williams (2023-06-19)||Phillips & Codell (2023-06-03)||Darryl Phillips (2023-04-26),False,False,3038158/honey-im-good,2,"[{'trainer': 'Evan Williams', 'trainer_id': 13451, 'change_date': '2026-03-11'}, {'trainer': 'Bradley Gibbs', 'trainer_id': 38376, 'change_date': '2023-06-03'}, {'trainer': 'L Byrne', 'trainer_id': 17850, 'change_date': '2021-11-20'}, {'trainer': 'Harley Dean Dunne', 'trainer_id': 38259, 'change_date': '2021-06-02'}]",M,0%,1,-12.00,Mrs Margaret Platt,0,IRE,Mrs C Williams,99945,-2.00,2,0%,,2016-04-27,B,[],False,0,0,915316,"{'runs': '11', 'wins': '1'}",0,16278,,Simply Great
Fakenham,15:40,Woodfordes Mares' Novices' Limited Handicap Hurdle,,2m7½f,5,4yo+,0-95,"£3,697",4,Silver Gale,5,mare,4,,Katy Price,Gavin Sheehan,,False,151,77,90,88,18,87003,,,,,0,0%,18,USA,7400038,,"Llanigon, Herefordshire",358047,The Millers Tale,"{'runs': '0', 'wins': '0'}",1,,IRE,709548,+2.47,2026-04-13,https://www.racingpost.com/racecards/18/fakenham/2026-04-13/915316,+14.00,3,Hurdle,False,1103401,Good,305241,23.5,True,0,,Jukebox Jury,False,2m7f95y,797076,5155,Turf,50%,IRE,3,"{'runs': '0', 'wins': '0'}",,False,False,7400038/silver-gale,2,"[{'trainer': 'Oliver Brissenden', 'trainer_id': 35431, 'change_date': '2025-05-06'}]",M,23%,5,-3.00,H Fowler,9,IRE,Neil Lewis,88907,+15.00,39,20%,,2021-05-05,GR,[],False,0,1,915316,"{'runs': '2', 'wins': '0'}",0,31313,,Rashar
Fakenham,16:10,Woodfordes Supports Dereham Meeting Point Handicap Chase,,3m5f,5,5yo+,0-105,"£3,697",4,Slaney Opera,8,gelding,1,,Nick Scholfield,Harry Reed,tp,True,168,101,107,99,17,-381P2,,,,,50,20%,18,IRE,4259502,,"Lambourn, Berks",370661,Miss Opera,"{'runs': '0', 'wins': '0'}",1,,IRE,548469,+23.00,2026-04-13,https://www.racingpost.com/racecards/18/fakenham/2026-04-13/915314,-5.50,10,Chase,False,13447,Good,66932,29,True,20,,Sholokhov,False,3m5f24y,884725,6404,Turf,60%,IRE,10,"{'runs': '0', 'wins': '0'}",Joe Wright (2026-04-07)||Joe Wright & Johnny Little (2025-04-01)||Joe Wright (2025-03-28)||J M B Cookson (2024-12-14),False,False,4259502/slaney-opera,5,"[{'trainer': 'Ruth Jefferson', 'trainer_id': 34251, 'change_date': '2026-04-07'}, {'trainer': 'Joe Wright', 'trainer_id': 42264, 'change_date': '2025-12-08'}, {'trainer': 'Joe Wright', 'trainer_id': 40367, 'change_date': '2025-04-02'}, {'trainer': 'Joe Wright', 'trainer_id': 42264, 'change_date': '2025-03-28'}, {'trainer': 'James Cookson', 'trainer_id': 21448, 'change_date': '2024-05-06'}, {'trainer': 'Simon Waugh', 'trainer_id': 15810, 'change_date': '2024-01-13'}]",G,23%,9,+1.50,Joseph Smiddy,3,GB,J Camm,93277,+7.92,13,11%,,2018-05-19,CH,[],False,2,3,915314,"{'runs': '5', 'wins': '1'}",2,42617,,Alflora
Fakenham,16:10,Woodfordes Supports Dereham Meeting Point Handicap Chase,,3m5f,5,5yo+,0-105,"£3,697",4,Esperti,9,gelding,2,,David Rees,Sean Bowen,,False,156,89,105,103,18,211P52,,,"2021-09-20 | Esperti | 3632529 | Buckley Agri Listowel & McHale Farm Machinery INH Flat Race | 793865 | Listowel | 190 | 16 | 3520 | Esperti did it nicely, his first run was very good and the form worked out really well but he ran very flat when we fancied him in Galway. He came back to form today and ran a cracker. Derek rode him with loads of confidence, he dropped him in and got him switched off - Peter Fahey, trainer.","Esperti | 3632529 | His form is a little bit in and out. He was very good in winning his bumper at Listowel but he didn't perform the last day at Punchestown but the race was run at a pedestrian pace and that wouldn't suit him. H's a horse you have to settle out the back and Punchestown turning into a sprint just didn't work out for him at all. H's a brilliant jumper but, being a four-year-old, h's going to stick to bumpers for now. H'll have a run after Christmas and hopefully he will end up in some of those festival bumpers. 08-12-21",0,0%,18,GB,3632529,,"Clarbeston, Pembrokes",331981,Elsie,"{'runs': '0', 'wins': '0'}",5,,IRE,96595,-8.84,2026-04-13,https://www.racingpost.com/racecards/18/fakenham/2026-04-13/915314,-22.18,1,Chase,False,1123010,Good,533451,29,True,0,,Presenting,False,3m5f24y,800963,6404,Turf,0%,GB,1,"{'runs': '0', 'wins': '0'}",Direct Bloodstock (2023-06-10)||Direct Bloodstock Limited (2022-04-27),False,False,3632529/esperti,1,"[{'trainer': 'Peter Fahey', 'trainer_id': 22959, 'change_date': '2023-06-10'}]",G,25%,38,-1.00,Ms Helga Moore,10,IRE,Toni & Dai,93186,-1.00,40,13%,,2017-05-26,B,"[{'date': '2023-06-28', 'type': 'Wind Surgery'}]",False,0,0,915314,"{'runs': '17', 'wins': '1'}",0,12317,,Milan
Fakenham,16:10,Woodfordes Supports Dereham Meeting Point Handicap Chase,,3m5f,5,5yo+,0-105,"£3,697",4,Prince Cleni,8,gelding,3,,Christian Williams,Jack Tudor,,False,149,82,109,94,26,-FP25U,,,,,35.71,7%,18,USA,4263221,,"Ogmore-By-Sea, Glamorgan",316423,Cleni River,"{'runs': '0', 'wins': '0'}",4,,FR,603344,-11.71,2026-04-13,https://www.racingpost.com/racecards/18/fakenham/2026-04-13/915314,-7.50,14,Chase,False,1126418,Good,52360,29,True,7,,Doctor Dino,False,3m5f24y,2010464,6404,Turf,14%,FR,14,"{'runs': '1', 'wins': '0'}",,False,False,4263221/prince-cleni,49,[],G,17%,23,-11.75,S C E A De La Metairie,5,FR,Daffodil Racing Cleni,98673,-7.26,29,17%,,2018-04-14,B,[],False,1,7,915314,"{'runs': '16', 'wins': '2'}",1,33186,,Turgeon
Fakenham,16:10,Woodfordes Supports Dereham Meeting Point Handicap Chase,,3m5f,5,5yo+,0-105,"£3,697",4,Blackacre,7,gelding,4,,Mrs C Williams,Conor Ring,,False,146,79,106,70,175,115442,,,,,25,0%,18,GB,5023494,,"Llancarfan, Vale of Glamorgan",350125,Tullow Tonic,"{'runs': '0', 'wins': '0'}",1,,GB,550396,-8.00,2026-04-13,https://www.racingpost.com/racecards/18/fakenham/2026-04-13/915314,0.00,12,Chase,False,1128327,Good,75837,29,True,0,,Black Sam Bellamy,False,3m5f24y,891636,6404,Turf,0%,IRE,12,"{'runs': '0', 'wins': '0'}",R J Gambarini Racing (2025-08-15)||R E R Williams (2023-07-10)||Tom Weston (2023-06-01),False,False,5023494/blackacre,2,"[{'trainer': 'Evan Williams', 'trainer_id': 13451, 'change_date': '2026-03-21'}, {'trainer': 'Tom Weston', 'trainer_id': 29430, 'change_date': '2023-06-01'}]",G,0%,10,-12.00,Tom Weston,0,IRE,Baytree,88667,-2.00,8,10%,,2019-05-25,B,[],False,0,0,915314,"{'runs': '9', 'wins': '1'}",0,16278,,Beneficial
Fakenham,16:40,Weatherbys Design & Print Maiden Hurdle (GBB Race),,2m,4,4yo+,,"£5,446",4,Jamada,6,gelding,1,,Olly Murphy,Sean Bowen,,False,160,109,118,96,52,1-2523,,,,,41.18,25%,18,IRE,5713784,,"Wilmcote, Warks",362340,Sounds Of Thunder,"{'runs': '7', 'wins': '1'}",5,,IRE,826314,-8.84,2026-04-13,https://www.racingpost.com/racecards/18/fakenham/2026-04-13/915313,-22.18,34,Hurdle,False,1043752,Good,529740,16,False,24,,Affinisea,False,2m3y,733821,3523,Turf,32%,IRE,32,"{'runs': '0', 'wins': '0'}",Michael Paul Ryan (2025-09-18),False,False,5713784/jamada,53,"[{'trainer': 'John Queally', 'trainer_id': 4259, 'change_date': '2025-09-18'}]",G,25%,38,+9.32,Godfrey Moylan,10,GB,Mick Fitzgerald Racing Syndicate 4,93186,-8.37,40,13%,,2020-04-27,B,[],False,8,17,915313,"{'runs': '3', 'wins': '0'}",8,33553,,Tobougg
Fakenham,16:40,Weatherbys Design & Print Maiden Hurdle (GBB Race),,2m,4,4yo+,,"£5,446",4,Sense Of Reason,5,gelding,2,,Charlie Fellowes,Tom Cannon,,False,160,105,114,93,54,447,,,,,28.57,-,18,USA,5842799,,"Newmarket, Suffolk",342946,Sensibility,"{'runs': '3', 'wins': '0'}",2,,GB,584449,-7.71,2026-04-13,https://www.racingpost.com/racecards/18/fakenham/2026-04-13/915313,-13.67,7,Hurdle,False,1113610,Good,96463,16,False,14,,Iffraaj,False,2m3y,706723,3523,Turf,-,GB,0,"{'runs': '0', 'wins': '0'}",Promenade Bloodstock Limited (2025-05-20),False,False,5842799/sense-of-reason,0,[],G,21%,23,0.00,Promenade Bloodstock Limited,11,GB,Bccs,87503,0.00,52,9%,,2021-04-24,B,[],False,0,0,915313,"{'runs': '0', 'wins': '0'}",1,28913,,Halling
Fakenham,16:40,Weatherbys Design & Print Maiden Hurdle (GBB Race),,2m,4,4yo+,,"£5,446",4,Somkiyr,5,gelding,3,,Andy Irvine,Freddie Mitchell,,False,160,74,81,58,28,55P66,,,,,50,0%,18,IRE,8340043,3,"Ashurstwood, East Sussex",337990,Soriya,"{'runs': '5', 'wins': '0'}",2,,FR,902739,+1.25,2026-04-13,https://www.racingpost.com/racecards/18/fakenham/2026-04-13/915313,-6.45,4,Hurdle,False,1048500,Good,584911,16,False,0,3,Zarak,False,2m3y,820083,3523,Turf,6%,FR,4,"{'runs': '0', 'wins': '0'}",Aga Khan Studs SCEA (2025-10-30),False,False,8340043/somkiyr,16,"[{'trainer': 'M Delzangles', 'trainer_id': 14668, 'change_date': '2025-10-30'}, {'trainer': 'J-C Rouget', 'trainer_id': 8358, 'change_date': '2024-12-01'}]",G,40%,12,-4.00,Haras De S A Aga Khan Scea,2,FR,Adrian Lewers & Dan Shaw,90091,-6.50,5,17%,,2021-05-03,B,"[{'date': '2026-01-20', 'type': 'Wind Surgery'}]",False,0,1,915313,"{'runs': '0', 'wins': '0'}",0,38076,,Azamour
Fakenham,16:40,Weatherbys Design & Print Maiden Hurdle (GBB Race),,2m,4,4yo+,,"£5,446",4,Crackalackin,4,gelding,4,,Dr Richard Newland & Jamie Insole,Luke Scott,p,False,152,,,,,,,,,,54.55,0%,18,GER,6838374,3,"Elmbridge, Worcs",338884,Azalee,"{'runs': '0', 'wins': '0'}",0,,IRE,1167751,-4.00,2026-04-13,https://www.racingpost.com/racecards/18/fakenham/2026-04-13/915313,-3.00,22,Hurdle,False,1033594,Good,85578,16,False,23,3,Cracksman,False,2m3y,713405,3523,Turf,8%,GB,2,"{'runs': '0', 'wins': '0'}",,False,False,6838374/crackalackin,13,[],G,11%,3,-2.00,Stephen Lanigan OKeeffe,1,GER,Urloxhey Racing,98714,-5.00,9,0%,,2022-03-09,B,[],False,0,1,915313,"{'runs': '0', 'wins': '0'}",5,40965,,Lando
Fakenham,17:10,"Sandcliff Cromer ""Grassroots"" Maiden Hunters' Chase (For The Turner Trophy)",,3m,5,5yo+,,"£2,567",4,Chapelier,14,gelding,1,,John Whyte,Miss Ellie Holder,,False,168,82,,,1427,/4P/5/,,,,,,-,18,IRE,1073044,7,"Ilketshall St Andrew, Suffolk",4246,Ersa,"{'runs': '3', 'wins': '0'}",0,,IRE,638899,0.00,2026-04-13,https://www.racingpost.com/racecards/18/fakenham/2026-04-13/915317,0.00,0,Chase,False,1038129,Good,99826,24,False,,7,Arcadio,False,3m38y,1073043,5318,Turf,0%,GER,0,"{'runs': '2', 'wins': '0'}",Simon J H Davis (2019-01-12),False,False,1073044/chapelier,6,"[{'trainer': 'Louise Allan', 'trainer_id': 8203, 'change_date': '2023-01-14'}, {'trainer': 'John Whyte', 'trainer_id': 4366, 'change_date': '2022-06-06'}, {'trainer': 'A Pennock', 'trainer_id': 8679, 'change_date': '2020-02-08'}, {'trainer': 'E J OGrady', 'trainer_id': 4129, 'change_date': '2019-01-12'}]",G,-,0,0.00,Arctic Tack Stud,0,IRE,John Whyte,101150,-6.00,0,-,,2012-04-02,B,[],False,0,0,915317,"{'runs': '2', 'wins': '0'}",0,4366,,Alhaarth
Fakenham,17:10,"Sandcliff Cromer ""Grassroots"" Maiden Hunters' Chase (For The Turner Trophy)",,3m,5,5yo+,,"£2,567",4,Mister Splash,9,gelding,2,,E Turner,Mr Paddy Barlow,t,False,168,100,,,1491,852U6/,,,,,,-,18,GB,3457977,3,"Ampton, Suffolk",31289,Presenting Chaos,"{'runs': '0', 'wins': '0'}",0,,IRE,105810,-2.00,2026-04-13,https://www.racingpost.com/racecards/18/fakenham/2026-04-13/915317,-1.00,0,Chase,False,1065645,Good,96595,24,False,,3,Shantou,False,3m38y,1689952,5318,Turf,60%,USA,0,"{'runs': '0', 'wins': '0'}",Turner Family (2026-04-08)||B Turner (2026-04-02)||The Turner Family ( B Turner) (2025-04-17)||Mr & Mrs William Rucker (2023-04-14),False,False,3457977/mister-splash,5,"[{'trainer': 'Evan Williams', 'trainer_id': 13451, 'change_date': '2023-02-04'}]",G,0%,1,0.00,Kieran Lennon,0,IRE,B Turner,99354,+9.25,2,0%,,2017-05-15,B,"[{'date': '2023-12-19', 'type': 'Wind Surgery'}]",False,0,3,915317,"{'runs': '0', 'wins': '0'}",0,27759,,Presenting
Fakenham,17:10,"Sandcliff Cromer ""Grassroots"" Maiden Hunters' Chase (For The Turner Trophy)",,3m,5,5yo+,,"£2,567",4,On Lovers Walk,9,gelding,3,,Kelly Morgan,Miss Meisha Micklewright,tp,True,168,114,113,,242,433-62,,,,,0,0%,18,IRE,4129132,7,"Withcote, Leics",193217,Hollygrove Samba,"{'runs': '0', 'wins': '0'}",0,,IRE,602597,0.00,2026-04-13,https://www.racingpost.com/racecards/18/fakenham/2026-04-13/915317,0.00,1,Chase,False,21568,Good,304885,24,False,0,7,Walk In The Park,False,3m38y,784173,5318,Turf,0%,IRE,1,"{'runs': '0', 'wins': '0'}",The Silks & Stilettos Friends (2026-04-10)||Patrick McGuill (2026-04-07)||Miss Kelly Morgan (2026-04-05)||Lucy Kelleher & Abigail Kelleher (2024-07-09),False,False,4129132/on-lovers-walk,5,"[{'trainer': 'Ross OSullivan', 'trainer_id': 25225, 'change_date': '2026-04-07'}, {'trainer': 'Kelly Morgan', 'trainer_id': 25160, 'change_date': '2026-04-05'}, {'trainer': 'Gerard Kelleher', 'trainer_id': 8154, 'change_date': '2024-07-09'}]",G,-,0,-1.00,Cyril OHara,0,IRE,Miss Kelly Morgan,99051,-5.00,0,-,,2017-04-05,B,[],False,0,0,915317,"{'runs': '3', 'wins': '0'}",0,25160,,Accordion
Fakenham,17:10,"Sandcliff Cromer ""Grassroots"" Maiden Hunters' Chase (For The Turner Trophy)",,3m,5,5yo+,,"£2,567",4,Royal Cave,7,mare,4,,Tom Fife,Miss Natasha Cookson,,False,161,100,,,263,2F00-P,,,,,,-,18,IRE,5009835,7,,341618,St Maxime,"{'runs': '5', 'wins': '0'}",0,,IRE,589098,0.00,2026-04-13,https://www.racingpost.com/racecards/18/fakenham/2026-04-13/915317,-1.00,0,Chase,False,1130499,Good,99826,24,False,,7,Court Cave,False,3m38y,808666,5318,Turf,-,IRE,0,"{'runs': '0', 'wins': '0'}",The Thorpe Farm Racing Club (2026-04-07)||Royal Racing Club (2026-03-13),False,False,5009835/royal-cave,0,"[{'trainer': 'Thomas Fife', 'trainer_id': 41286, 'change_date': '2026-03-13'}, {'trainer': 'Chris Timmons', 'trainer_id': 38551, 'change_date': '2026-01-16'}]",M,-,1,0.00,Ms Clare OBrien,0,IRE,Mrs Amy Fife,101585,0.00,0,0%,,2019-04-21,B,[],False,0,0,915317,"{'runs': '3', 'wins': '0'}",0,42927,,Alhaarth
Newcastle (AW),17:30,Download The At The Races App Handicap,,1m2f,6,3yo,0-65,"£3,245",7,Pantiles Gift,3,gelding,1,4,Jack Morland,Hollie Doyle,,False,135,65,72,41,18,7328-4,,,,,66.67,33%,1353,IRE,7205017,,"Newmarket, Suffolk",339789,Cambridgeshire,"{'runs': '1', 'wins': '0'}",11,,GB,1969796,-89.12,2026-04-13,https://www.racingpost.com/racecards/1353/newcastle-aw/2026-04-13/915599,+0.26,3,Flat,False,1138100,Standard,531769,10,True,33,,Advertise,False,1m2f42y,3525178,2242,AW,28%,GB,3,"{'runs': '0', 'wins': '0'}",Moores Racing & C J Murfitt (2025-07-26),False,False,7205017/pantiles-gift,18,"[{'trainer': 'Kevin Philippart De Foy', 'trainer_id': 37949, 'change_date': '2025-07-26'}]",G,16%,52,+2.00,Pantile Stud & Mantonbury Stud,42,IRE,Moores Racing,92695,+0.28,262,21%,,2023-01-23,B,[],False,1,5,915599,"{'runs': '2', 'wins': '0'}",1,41836,,Galileo
Newcastle (AW),17:30,Download The At The Races App Handicap,,1m2f,6,3yo,0-65,"£3,245",7,Sovereign Bright,3,filly,2,2,Charlie Johnston,Jason Hart,,False,135,65,75,58,24,3735-3,,,,,44,8%,1353,IRE,7631473,,"Middleham Moor, N Yorks",367756,Mount Crystal,"{'runs': '0', 'wins': '0'}",4,,GB,1956469,+12.45,2026-04-13,https://www.racingpost.com/racecards/1353/newcastle-aw/2026-04-13/915599,-4.25,25,Flat,False,1075207,Standard,503034,10,True,8,,Ten Sovereigns,False,1m2f42y,770813,2242,AW,15%,IRE,25,"{'runs': '0', 'wins': '0'}",Kingsley Park Owners Club (2026-03-14)||Johnston Racing Ltd (2025-06-02),False,False,7631473/sovereign-bright,288,[],F,14%,39,+3.38,The Pocock Family,90,IRE,Kingsley Park 47 - Ready To Run,90243,+45.51,634,10%,,2023-02-28,B,[],False,2,44,915599,"{'runs': '4', 'wins': '0'}",2,40131,,Montjeu
Newcastle (AW),17:30,Download The At The Races App Handicap,,1m2f,6,3yo,0-65,"£3,245",7,Meritocratic,3,colt,3,7,James Horton,Jack Mitchell,,False,135,65,69,40,112,967-,,,,,57.14,14%,1353,AUS,8157637,,"Newmarket, Suffolk",344641,Etoile Bleu,"{'runs': '0', 'wins': '0'}",4,,IRE,906477,-24.28,2026-04-13,https://www.racingpost.com/racecards/1353/newcastle-aw/2026-04-13/915599,+38.00,7,Flat,False,1111073,Standard,726295,10,True,14,,Churchill,False,1m2f42y,6270239,2242,AW,9%,IRE,7,"{'runs': '0', 'wins': '0'}",,False,False,8157637/meritocratic,34,[],C,19%,25,-2.50,Owenstown Bloodstock Ltd,38,IRE,J Tuthill & Partner,84416,-11.50,202,16%,,2023-04-03,B,[],False,1,3,915599,"{'runs': '2', 'wins': '0'}",1,39326,,Starspangledbanner
Newcastle (AW),17:30,Download The At The Races App Handicap,,1m2f,6,3yo,0-65,"£3,245",7,Ravens View,3,gelding,4,5,Michael Dods,Sean Kirrane,,False,127,57,69,47,39,67-69,,,,,16.67,0%,1353,IRE,8459470,,"Piercebridge, Co Durham",166592,Sightline,"{'runs': '0', 'wins': '0'}",0,,IRE,682732,-58.63,2026-04-13,https://www.racingpost.com/racecards/1353/newcastle-aw/2026-04-13/915599,-19.00,12,Flat,False,1103486,Standard,544976,10,True,0,,Ravens Pass,False,1m2f42y,902500,2242,AW,8%,USA,12,"{'runs': '4', 'wins': '0'}",,False,False,8459470/ravens-view,355,[],G,10%,19,-12.00,J Wall & E Kennedy,29,GB,Mrs Emma Kennedy,96177,-138.72,296,0%,,2023-03-12,B,[],False,0,29,915599,"{'runs': '4', 'wins': '0'}",0,5079,,Rock Of Gibraltar
Newcastle (AW),17:30,Download The At The Races App Handicap,,1m2f,6,3yo,0-65,"£3,245",7,Fuzeyya,3,filly,5,3,Jedd OKeeffe,Callum Rodriguez,p,False,127,57,65,24,28,005-5,,,,,66.67,25%,1353,IRE,8013558,,"Coverham, N Yorks",305846,Jedhi,"{'runs': '0', 'wins': '0'}",5,,GB,875049,-79.77,2026-04-13,https://www.racingpost.com/racecards/1353/newcastle-aw/2026-04-13/915599,+4.75,6,Flat,False,1138048,Standard,565570,10,True,17,,Ulysses,False,1m2f42y,1642736,2242,AW,9%,IRE,4,"{'runs': '0', 'wins': '0'}",,False,False,8013558/fuzeyya,140,[],F,13%,16,-1.38,Ellipsis,32,GB,Ellipsis,94225,-31.72,238,31%,,2023-04-02,B,[],False,1,13,915599,"{'runs': '1', 'wins': '0'}",1,14335,,Big Bad Bob
Newcastle (AW),17:30,Download The At The Races App Handicap,,1m2f,6,3yo,0-65,"£3,245",7,Project Kinsman,3,filly,6,6,Philip Kirby,Luke Morris,,False,120,50,62,39,25,98-8,,,,,37.5,8%,1353,USA,8157626,,"East Appleton, N Yorks",323995,Project Whiskey,"{'runs': '0', 'wins': '0'}",5,,USA,2839442,-133.90,2026-04-13,https://www.racingpost.com/racecards/1353/newcastle-aw/2026-04-13/915599,-23.13,24,Flat,False,1056551,Standard,775342,10,True,17,,Maxfield,False,1m2f42y,2844593,2242,AW,5%,USA,12,"{'runs': '3', 'wins': '0'}",,False,False,8157626/project-kinsman,291,[],F,7%,46,-2.00,Woodford Thoroughbreds LLC,22,USA,James And Susan Cookson,84857,-214.42,296,11%,,2023-01-25,B,[],False,1,16,915599,"{'runs': '3', 'wins': '0'}",4,18875,,Tapizar
Newcastle (AW),17:30,Download The At The Races App Handicap,,1m2f,6,3yo,0-65,"£3,245",7,Due To Shine,3,filly,7,1,Brian Ellison,Cam Hardie,,False,118,48,64,,193,84023-,,,,,40,0%,1353,GB,7739797,,"Norton, N Yorks",91220,Shine Baby Shine,"{'runs': '1', 'wins': '0'}",1,,GB,846530,-371.71,2026-04-13,https://www.racingpost.com/racecards/1353/newcastle-aw/2026-04-13/915599,-22.00,15,Flat,False,1139270,Standard,685231,10,True,0,,Due Diligence,False,1m2f42y,1488100,2242,AW,10%,USA,13,"{'runs': '2', 'wins': '0'}",,False,False,7739797/due-to-shine,382,[],F,5%,25,-13.00,David Gray & John Young,45,GB,Shine Racing,92732,-105.53,824,4%,,2023-02-08,B,[],False,0,38,915599,"{'runs': '1', 'wins': '0'}",0,4431,,Aqlaam
Newcastle (AW),18:00,Sky Sports Racing Sky 415 Handicap,,6f,6,3yo,0-65,"£3,245",14,Fille Unique,3,filly,1,4,Bryan Smart,Paul Mulrennan,,False,135,65,70,46,39,4325-6,,,,,16.67,17%,1353,FR,7856862,,"Sutton Bank, N Yorks",43163,Miss Violetta,"{'runs': '1', 'wins': '0'}",2,,IRE,855564,-237.64,2026-04-13,https://www.racingpost.com/racecards/1353/newcastle-aw/2026-04-13/915600,-9.92,6,Flat,False,1107915,Standard,790757,6,True,17,,Kodi Bear,False,6f,6229236,1320,AW,12%,IRE,6,"{'runs': '3', 'wins': '0'}",,False,False,7856862/fille-unique,227,[],F,13%,17,-1.67,Glacken View,120,FR,B Smart,79371,-27.67,898,12%,,2023-03-05,BR,[],False,1,28,915600,"{'runs': '3', 'wins': '0'}",1,373,,Dabirsim
Newcastle (AW),18:00,Sky Sports Racing Sky 415 Handicap,,6f,6,3yo,0-65,"£3,245",14,Thornaby Annie,3,filly,2,7,Adrian Nicholls,Jack Garritty,,False,135,65,67,27,181,03734-,,,,,25,0%,1353,IRE,7847667,,"Sessay, N Yorks",360182,Vardiyna,"{'runs': '5', 'wins': '0'}",1,,IRE,890421,-96.18,2026-04-13,https://www.racingpost.com/racecards/1353/newcastle-aw/2026-04-13/915600,-2.38,4,Flat,False,15545,Standard,756093,6,True,0,,Galileo Gold,False,6f,7830231,1320,AW,6%,GB,4,"{'runs': '3', 'wins': '0'}",,False,False,7847667/thornaby-annie,89,[],F,7%,5,-4.00,Tally-Ho Stud,14,FR,Ingleby Boodstock & The Fallen Angels,92735,-7.50,199,20%,,2023-02-20,CH,[],False,0,5,915600,"{'runs': '3', 'wins': '0'}",0,33638,,Zoffany
Newcastle (AW),18:00,Sky Sports Racing Sky 415 Handicap,,6f,6,3yo,0-65,"£3,245",14,Northern Tempest,3,gelding,3,8,Michael Dods,Sean Kirrane,,False,134,64,72,65,140,954-,,,,,16.67,0%,1353,GB,7436440,,"Piercebridge, Co Durham",339534,Tumblewind,"{'runs': '2', 'wins': '0'}",0,,GB,1584499,-58.63,2026-04-13,https://www.racingpost.com/racecards/1353/newcastle-aw/2026-04-13/915600,-19.00,12,Flat,False,20654,Standard,546115,6,True,0,,Eqtidaar,False,6f,811736,1320,AW,8%,IRE,12,"{'runs': '1', 'wins': '0'}",,False,False,7436440/northern-tempest,355,[],G,10%,19,-12.00,Hellwood Stud Farm,29,GB,Ursa Major Racing Ltd And M Dods,96177,-138.72,296,0%,,2023-04-10,B,[],False,0,29,915600,"{'runs': '1', 'wins': '0'}",0,5079,,Captain Rio
Newcastle (AW),18:00,Sky Sports Racing Sky 415 Handicap,,6f,6,3yo,0-65,"£3,245",14,Cosmic Clarets,3,gelding,4,13,Richard & Peter Fahey,Oisin Orr,p,False,134,64,78,,201,20000-,,,,,50,20%,1353,AUS,7020581,,"Musley Bank, N Yorks",259683,Imtiyaaz,"{'runs': '5', 'wins': '0'}",3,,IRE,3095735,-73.08,2026-04-13,https://www.racingpost.com/racecards/1353/newcastle-aw/2026-04-13/915600,+5.00,20,Flat,True,30288,Standard,726295,6,True,20,,Starman,False,6f,865880,1320,AW,0%,GB,20,"{'runs': '0', 'wins': '0'}",,False,False,7020581/cosmic-clarets,3,"[{'trainer': 'Richard Fahey', 'trainer_id': 8010, 'change_date': '2026-04-07'}]",G,12%,16,+5.50,Colm McEvoy,34,IRE,A Tattersall & Partner,93884,-3.00,288,19%,,2023-04-09,CH,[],False,4,0,915600,"{'runs': '0', 'wins': '0'}",4,42996,,Starspangledbanner
Newcastle (AW),18:00,Sky Sports Racing Sky 415 Handicap,,6f,6,3yo,0-65,"£3,245",14,Taaklam,3,gelding,5,12,Harriet Bethell,Oisin McSweeney,,False,133,63,68,38,181,7853-,,,,,0,0%,1353,GB,7789375,,"Arnold, E Yorks",370670,Salayel,"{'runs': '2', 'wins': '0'}",0,,IRE,1004665,-34.50,2026-04-13,https://www.racingpost.com/racecards/1353/newcastle-aw/2026-04-13/915600,-3.00,1,Flat,False,24598,Standard,739856,6,True,0,,Mehmas,False,6f,2404738,1320,AW,13%,IRE,1,"{'runs': '1', 'wins': '0'}",Sheikh Ahmed Al Maktoum (2026-04-07),False,False,7789375/taaklam,64,"[{'trainer': 'Ed Walker', 'trainer_id': 23926, 'change_date': '2026-04-07'}]",G,12%,3,-1.00,Godolphin,16,GB,Rise One Racing - Taaklam,99547,+1.25,139,0%,,2023-04-08,B,[],False,0,8,915600,"{'runs': '1', 'wins': '0'}",0,29735,,Bated Breath
Newcastle (AW),18:00,Sky Sports Racing Sky 415 Handicap,,6f,6,3yo,0-65,"£3,245",14,Marra Donna,3,gelding,6,10,Ollie Sangster,Daniel Tudhope,tp,False,133,63,73,70,17,9-3332,,,,,41.18,18%,1353,GB,7661866,,"Marlborough, Wilts",347929,Give Her A Squeeze,"{'runs': '4', 'wins': '0'}",0,,IRE,861262,-15.31,2026-04-13,https://www.racingpost.com/racecards/1353/newcastle-aw/2026-04-13/915600,-19.00,17,Flat,False,15545,Standard,582877,6,True,18,,Cotai Glory,False,6f,3097206,1320,AW,29%,GB,17,"{'runs': '1', 'wins': '0'}",,False,False,7661866/marra-donna,17,[],G,22%,19,+2.50,Tally-Ho Stud,44,IRE,Pompey Ventures 4,82231,-1.67,197,0%,,2023-01-12,B,[],False,3,5,915600,"{'runs': '5', 'wins': '0'}",3,40346,,Kodiac
Newcastle (AW),18:00,Sky Sports Racing Sky 415 Handicap,,6f,6,3yo,0-65,"£3,245",14,Stromness,3,gelding,7,11,Nigel Tinkler,Rowan Scott,,False,132,62,69,48,68,568,,,,,28.57,0%,1353,GB,8607162,,"Langton, N Yorks",366119,Credible,"{'runs': '2', 'wins': '0'}",1,,GB,837877,-196.22,2026-04-13,https://www.racingpost.com/racecards/1353/newcastle-aw/2026-04-13/915600,-9.50,14,Flat,False,1043585,Standard,107700,6,True,0,,Zoustar,False,6f,3130336,1320,AW,10%,AUS,14,"{'runs': '3', 'wins': '0'}",,False,False,8607162/stromness,402,[],G,8%,12,-14.00,Cheveley Park Stud Limited,35,GB,Duncan Smith & John Toes,92565,+110.42,465,8%,,2023-01-23,B,[],False,0,40,915600,"{'runs': '3', 'wins': '0'}",0,865,,Pivotal
Newcastle (AW),18:00,Sky Sports Racing Sky 415 Handicap,,6f,6,3yo,0-65,"£3,245",14,Carnation Queen,3,filly,8,14,Ollie Pears,Harry Russell,,False,131,61,72,,209,75166-,,,"2025-06-13 | Carnation Queen | 7556696 | Coopers Marquees Rous Selling Stakes | 895194 | York | 107 | 6 | 1320 | It was a bit of a surprise. Carnation Queen's last run was a big improvement from the first day, and from halfway I was confident and she was very tough. She was in the headlights a bit on her first day, but she's come on a lot - Harry Russell, jockey.",,20,20%,1353,IRE,7556696,,"Norton, N Yorks",370668,Sun Angel,"{'runs': '3', 'wins': '1'}",1,,IRE,861262,-23.25,2026-04-13,https://www.racingpost.com/racecards/1353/newcastle-aw/2026-04-13/915600,0.00,5,Flat,False,15545,Standard,800166,6,True,20,,Cotai Glory,False,6f,998397,1320,AW,8%,GB,5,"{'runs': '0', 'wins': '0'}",Ownaracehorse Ltd & Ollie Pears (2026-04-07),False,False,7556696/carnation-queen,107,[],F,8%,6,+1.00,Tally-Ho Stud,20,IRE,Ownaracehorse & Ollie Pears,95237,-17.25,246,17%,,2023-02-04,CH,[],False,1,9,915600,"{'runs': '0', 'wins': '0'}",1,19836,,Sir Prancealot
Newcastle (AW),18:00,Sky Sports Racing Sky 415 Handicap,,6f,6,3yo,0-65,"£3,245",14,Full Gas,3,gelding,9,6,Kevin Ryan,Kevin Stott,,False,130,60,69,28,6,754-89,,,,,40,6%,1353,IRE,7205128,,"Hambleton, N Yorks",101858,Jackie Sparrow,"{'runs': '5', 'wins': '0'}",1,,IRE,805556,-11.90,2026-04-13,https://www.racingpost.com/racecards/1353/newcastle-aw/2026-04-13/915600,-8.50,16,Flat,False,1126434,Standard,637069,6,True,6,,Bungle Inthejungle,False,6f,1562131,1320,AW,17%,GB,16,"{'runs': '2', 'wins': '0'}",,False,False,7205128/full-gas,272,[],G,14%,11,-13.50,Mark Burns,28,IRE,Mrs J Ryan,91867,+13.90,200,9%,,2023-05-02,CH,[],False,1,47,915600,"{'runs': '2', 'wins': '0'}",1,22525,,Dandy Man
Newcastle (AW),18:00,Sky Sports Racing Sky 415 Handicap,,6f,6,3yo,0-65,"£3,245",14,Mademoiselle Belle,3,filly,10,9,Brian Ellison,Ben Robinson,p,False,129,59,71,65,18,291635,,,,,40,0%,1353,FR,7806401,,"Norton, N Yorks",355420,Melabelle,"{'runs': '10', 'wins': '0'}",0,,IRE,831330,-53.88,2026-04-13,https://www.racingpost.com/racecards/1353/newcastle-aw/2026-04-13/915600,-6.00,15,Flat,False,1130526,Standard,815331,6,True,0,,Coulsty,False,6f,5147981,1320,AW,10%,IRE,13,"{'runs': '8', 'wins': '1'}",,False,False,7806401/mademoiselle-belle,382,[],F,11%,6,-13.00,Michael & Martin Butler,40,FR,Joseph Bell & Partner,95279,-105.53,355,0%,,2023-04-04,B,[],False,0,38,915600,"{'runs': '13', 'wins': '0'}",0,4431,,Style Vendome
Newcastle (AW),18:00,Sky Sports Racing Sky 415 Handicap,,6f,6,3yo,0-65,"£3,245",14,Anorah Unleashed,3,filly,11,1,Dr Richard Newland & Jamie Insole,Hollie Doyle,p,False,128,58,69,49,12,6656-3,,,,,54.55,25%,1353,IRE,7493162,,"Elmbridge, Worcs",359926,Samaah,"{'runs': '3', 'wins': '0'}",11,,IRE,3092793,-89.12,2026-04-13,https://www.racingpost.com/racecards/1353/newcastle-aw/2026-04-13/915600,+0.26,22,Flat,False,2439,Standard,450464,6,True,23,,Supremacy,False,6f,775162,1320,AW,7%,IRE,20,"{'runs': '0', 'wins': '0'}",Urloxhey Racing (2025-07-03)||Mr & Mrs S & D Turner And Partners (2025-07-01)||Urloxhey Racing (2025-05-17),False,False,7493162/anorah-unleashed,14,[],F,16%,52,+44.56,Yeomanstown Stud,42,IRE,S Turner And Partners,92695,-9.50,262,21%,,2023-04-17,CH,[],False,5,1,915600,"{'runs': '1', 'wins': '0'}",5,40965,,Cape Cross
Newcastle (AW),18:00,Sky Sports Racing Sky 415 Handicap,,6f,6,3yo,0-65,"£3,245",14,Forever Twenty,3,filly,12,5,Ivan Furtado,Barry McHugh,,False,128,58,68,45,30,569,,,,,47.06,24%,1353,GB,8788809,,"Wiseton, S Yorks",345104,Prezzie,"{'runs': '0', 'wins': '0'}",1,,GB,1371798,+27.95,2026-04-13,https://www.racingpost.com/racecards/1353/newcastle-aw/2026-04-13/915600,-6.67,17,Flat,False,1481,Standard,658013,6,True,24,,Havana Grey,False,6f,1314658,1320,AW,12%,GB,17,"{'runs': '0', 'wins': '0'}",,False,False,8788809/forever-twenty,179,[],F,10%,11,+21.00,Bearstone Stud,15,GB,Ontoawinner & Alfa Site Services Ltd,78398,+11.46,148,9%,,2023-04-30,CH,[],False,4,22,915600,"{'runs': '3', 'wins': '0'}",4,30867,,Major Cadeaux
Newcastle (AW),18:00,Sky Sports Racing Sky 415 Handicap,,6f,6,3yo,0-65,"£3,245",14,Pivotal Terms,3,filly,13,2,Iain Jardine,Andrew Mullen,,False,125,55,78,71,23,37-876,,,,,62.5,9%,1353,GB,8018255,,"Carrutherstown, D'fries & G'way",362120,Her Terms,"{'runs': '5', 'wins': '0'}",3,,GB,2659940,-209.17,2026-04-13,https://www.racingpost.com/racecards/1353/newcastle-aw/2026-04-13/915600,+10.00,16,Flat,False,1106001,Standard,107700,6,True,6,,Pinatubo,False,6f,1006038,1320,AW,10%,IRE,11,"{'runs': '2', 'wins': '0'}",T Egan (2026-01-31),False,False,8018255/pivotal-terms,554,"[{'trainer': 'Joseph G Murphy', 'trainer_id': 4572, 'change_date': '2026-01-31'}]",F,8%,18,-7.25,Apple Tree Stud,47,GB,Miss Valerie Renwick & Kevin Kerr,81166,-10.44,587,17%,,2023-03-05,CH,[],False,1,55,915600,"{'runs': '6', 'wins': '0'}",1,21516,,Pivotal
Newcastle (AW),18:00,Sky Sports Racing Sky 415 Handicap,,6f,6,3yo,0-65,"£3,245",14,Brain Freeze,3,filly,14,3,Michael Dods,Connor Beasley,,False,123,53,67,,194,66374-,,,,,16.67,0%,1353,USA,7878373,,"Piercebridge, Co Durham",341578,Lady Lizabeth,"{'runs': '2', 'wins': '0'}",2,,IRE,1990140,-61.73,2026-04-13,https://www.racingpost.com/racecards/1353/newcastle-aw/2026-04-13/915600,-3.17,12,Flat,False,1033727,Standard,704079,6,True,0,,Kessaar,False,6f,3726843,1320,AW,8%,IRE,12,"{'runs': '0', 'wins': '0'}",,False,False,7878373/brain-freeze,355,[],F,11%,15,-12.00,John Martin McLoughney,30,IRE,I Davison,90868,-138.72,273,13%,,2023-02-18,B,[],False,0,29,915600,"{'runs': '0', 'wins': '0'}",0,5079,,Lord Shanakill
Newcastle (AW),18:30,"Sky Sports Racing Virgin 512 Restricted Novice Stakes (For horses In Bands B, C And D) (GBB Race)",,7f,5,3-5yo,,"£4,320",11,Billyjoegold,4,gelding,1,4,Ruth Carr,James Sullivan,,False,142,,43,17,23,3,,,,,32,8%,1353,GB,8968474,,"Stillington, N Yorks",220576,China Cherub,"{'runs': '1', 'wins': '0'}",1,,GB,802536,-133.13,2026-04-13,https://www.racingpost.com/racecards/1353/newcastle-aw/2026-04-13/915596,-6.00,25,Flat,False,1080533,Standard,75954,7,False,8,,Havana Gold,False,7f14y,659591,1554,AW,11%,IRE,25,"{'runs': '1', 'wins': '0'}",,False,False,8968474/billyjoegold,349,[],G,6%,15,-7.50,Angela Clark,21,GB,Mrs Angela Clark,84541,-23.68,346,7%,,2022-05-08,CH,[],False,2,39,915596,"{'runs': '1', 'wins': '0'}",2,20045,,Inchinor
Newcastle (AW),18:30,"Sky Sports Racing Virgin 512 Restricted Novice Stakes (For horses In Bands B, C And D) (GBB Race)",,7f,5,3-5yo,,"£4,320",11,Noelan Star,3,gelding,2,6,Edward Bethell,Callum Rodriguez,,False,135,,83,50,121,1-,,,"2025-12-13 | Noelan Star | 8330912 | Bet £10 Get £40 With BetMGM EBF Restricted Novice Stakes (Bands B, C And D) (GBB Race) | 907945 | Newcastle (AW) | 1353 | 8 | 1765 | That was very impressive. Noelan Star has worked nicely at home, he would have debuted earlier but had a slight niggle with a scope but he's fine now and he's one for the future. There's plenty of stamina on the damside so he was always going to stay and he might get a bit further - Ed Bethell, trainer, speaking to Sky Sports Racing.",,58.33,33%,1353,USA,8330912,,"Middleham, N Yorks",369132,Noelani,"{'runs': '0', 'wins': '0'}",5,,GER,726295,-79.77,2026-04-13,https://www.racingpost.com/racecards/1353/newcastle-aw/2026-04-13/915596,+4.75,12,Flat,False,1139772,Standard,522845,7,False,33,,Starspangledbanner,False,7f14y,5048227,1554,AW,11%,AUS,12,"{'runs': '1', 'wins': '1'}",Newminster 24 (2026-03-09)||Simon Chappell (2025-12-08),False,False,8330912/noelan-star,187,[],G,13%,16,+25.75,Graf & Grafin Stauffenberg,32,GER,Newminster 24 And Team Valor,94225,-72.30,238,31%,,2023-04-18,CH,[],False,4,21,915596,"{'runs': '1', 'wins': '1'}",4,38073,,Nayef
Newcastle (AW),18:30,"Sky Sports Racing Virgin 512 Restricted Novice Stakes (For horses In Bands B, C And D) (GBB Race)",,7f,5,3-5yo,,"£4,320",11,Balmoral Boy,3,gelding,3,7,Nigel Tinkler,Rowan Scott,,False,128,,36,33,23,3,,,,,28.57,0%,1353,GB,8968478,,"Langton, N Yorks",369449,Dame Shirley,"{'runs': '0', 'wins': '0'}",1,,IRE,3092793,-196.22,2026-04-13,https://www.racingpost.com/racecards/1353/newcastle-aw/2026-04-13/915596,-9.50,14,Flat,False,17739,Standard,572724,7,False,0,,Supremacy,False,7f14y,812031,1554,AW,10%,IRE,14,"{'runs': '1', 'wins': '0'}",,False,False,8968478/balmoral-boy,402,[],G,8%,12,-14.00,Denis Phelan,35,GB,SimcAm Racing,92565,+110.42,465,8%,,2023-04-20,B,[],False,0,40,915596,"{'runs': '1', 'wins': '0'}",0,865,,Haafhd
Newcastle (AW),18:30,"Sky Sports Racing Virgin 512 Restricted Novice Stakes (For horses In Bands B, C And D) (GBB Race)",,7f,5,3-5yo,,"£4,320",11,Eagle Thunder,3,colt,4,3,Charlie Johnston,Jason Hart,,False,128,,,,19,0,,,,,44,8%,1353,USA,7493147,,"Middleham Moor, N Yorks",353998,Elis Eliz,"{'runs': '0', 'wins': '0'}",4,,GB,1909735,+12.45,2026-04-13,https://www.racingpost.com/racecards/1353/newcastle-aw/2026-04-13/915596,-4.25,25,Flat,False,1136392,Standard,704079,7,False,8,,Sergei Prokofiev,False,7f14y,866983,1554,AW,15%,CAN,25,"{'runs': '0', 'wins': '0'}",,False,False,7493147/eagle-thunder,288,[],C,14%,39,+3.38,Asset Stud Limited,90,IRE,Hzs Stainless Steel,90243,+45.51,634,10%,,2023-03-06,CH,[],False,2,44,915596,"{'runs': '0', 'wins': '0'}",2,40131,,Lord Shanakill
Newcastle (AW),18:30,"Sky Sports Racing Virgin 512 Restricted Novice Stakes (For horses In Bands B, C And D) (GBB Race)",,7f,5,3-5yo,,"£4,320",11,Whernside,3,gelding,5,2,Edward Bethell,Connor Beasley,,False,126,,50,17,138,7-,,,,,58.33,33%,1353,GB,8432193,,"Middleham, N Yorks",364871,Incorrigible,"{'runs': '0', 'wins': '0'}",2,,GB,2394572,-61.73,2026-04-13,https://www.racingpost.com/racecards/1353/newcastle-aw/2026-04-13/915596,-3.17,12,Flat,False,1022,Standard,565797,7,False,33,,Lope Y Fernandez,False,7f14y,3098929,1554,AW,11%,IRE,12,"{'runs': '1', 'wins': '0'}",,False,False,8432193/whernside,187,[],G,11%,15,+25.75,Theakston Stud,30,GB,Unique Retreats Stays Ltd And Partner,90868,-72.30,273,13%,,2023-02-26,B,[],False,4,21,915596,"{'runs': '1', 'wins': '0'}",4,38073,,Oasis Dream
Newcastle (AW),18:30,"Sky Sports Racing Virgin 512 Restricted Novice Stakes (For horses In Bands B, C And D) (GBB Race)",,7f,5,3-5yo,,"£4,320",11,Horu Kanu,3,gelding,6,1,Richard & Peter Fahey,Shane Gray,,False,124,73,70,32,255,645-,,,,,50,20%,1353,USA,7205013,,"Musley Bank, N Yorks",213622,Faora,"{'runs': '1', 'wins': '0'}",2,,GB,1540372,+3.03,2026-04-13,https://www.racingpost.com/racecards/1353/newcastle-aw/2026-04-13/915596,+4.50,20,Flat,True,1122271,Standard,671451,7,False,20,,Sands Of Mali,False,7f14y,3164277,1554,AW,0%,FR,20,"{'runs': '1', 'wins': '0'}",,False,False,7205013/horu-kanu,3,"[{'trainer': 'Richard Fahey', 'trainer_id': 8010, 'change_date': '2026-04-07'}]",G,10%,6,+5.50,The Cool Silk Partnership,26,USA,The Cool Silk Partnership,90103,-3.00,258,33%,,2023-02-22,CH,[],False,4,0,915596,"{'runs': '1', 'wins': '0'}",4,42996,,Hard Spun
Newcastle (AW),18:30,"Sky Sports Racing Virgin 512 Restricted Novice Stakes (For horses In Bands B, C And D) (GBB Race)",,7f,5,3-5yo,,"£4,320",11,Record Day,3,gelding,7,5,Brian Ellison,Ben Robinson,,False,124,,71,,15,8,,,,,40,0%,1353,IRE,9004875,,"Norton, N Yorks",291929,Airwaves,"{'runs': '1', 'wins': '0'}",0,,GB,736110,-53.88,2026-04-13,https://www.racingpost.com/racecards/1353/newcastle-aw/2026-04-13/915596,-6.00,15,Flat,False,1126963,Standard,562911,7,False,0,,Showcasing,False,7f14y,2267919,1554,AW,10%,GB,13,"{'runs': '0', 'wins': '0'}",,False,False,9004875/record-day,382,[],G,11%,6,-13.00,Bond Thoroughbred Limited,40,GB,Bond Thoroughbred Limited,95279,-105.53,355,0%,,2023-04-03,CH,[],False,0,38,915596,"{'runs': '0', 'wins': '0'}",0,4431,,Monsieur Bond
Newcastle (AW),18:30,"Sky Sports Racing Virgin 512 Restricted Novice Stakes (For horses In Bands B, C And D) (GBB Race)",,7f,5,3-5yo,,"£4,320",11,Tzarmaggedon,3,gelding,8,8,Bryan Smart,Tom Kiely-Marshall,,False,124,,,,,,,,,,16.67,17%,1353,USA,9083766,5,"Sutton Bank, N Yorks",351389,Armageddon,"{'runs': '0', 'wins': '0'}",1,,GB,1909735,-29.55,2026-04-13,https://www.racingpost.com/racecards/1353/newcastle-aw/2026-04-13/915596,-1.50,6,Flat,True,1071231,Standard,831212,7,False,17,5,Sergei Prokofiev,False,7f14y,1797812,1554,AW,12%,CAN,6,"{'runs': '0', 'wins': '0'}",,False,False,9083766/tzarmaggedon,227,[],G,9%,9,-1.67,Crossfields Bloodstock Ltd,8,GB,J R Dwyer And B Smart,100775,-27.67,92,11%,,2023-03-30,CH,[],False,1,28,915596,"{'runs': '0', 'wins': '0'}",1,373,,War Command
Newcastle (AW),18:30,"Sky Sports Racing Virgin 512 Restricted Novice Stakes (For horses In Bands B, C And D) (GBB Race)",,7f,5,3-5yo,,"£4,320",11,Viper,3,gelding,9,9,Brian Ellison,P J McDonald,,False,124,,73,,15,7,,,,,40,0%,1353,IRE,9004876,,"Norton, N Yorks",291929,Classic Code,"{'runs': '1', 'wins': '0'}",1,,GB,837877,+15.64,2026-04-13,https://www.racingpost.com/racecards/1353/newcastle-aw/2026-04-13/915596,-4.50,15,Flat,False,1126963,Standard,531769,7,False,0,,Zoustar,False,7f14y,3181209,1554,AW,10%,AUS,13,"{'runs': '0', 'wins': '0'}",,False,False,9004876/viper,382,[],G,16%,11,-13.00,Bond Thoroughbred Limited,58,IRE,Bond Thoroughbred Limited,76872,-105.53,362,9%,,2023-04-20,B,[],False,0,38,915596,"{'runs': '0', 'wins': '0'}",0,4431,,Galileo
Newcastle (AW),18:30,"Sky Sports Racing Virgin 512 Restricted Novice Stakes (For horses In Bands B, C And D) (GBB Race)",,7f,5,3-5yo,,"£4,320",11,Leelawadee,3,filly,10,11,Michael Dods,Mark Winn,,False,121,,,,,,,,,,16.67,0%,1353,GB,9083767,,"Piercebridge, Co Durham",329354,Almond Branches,"{'runs': '0', 'wins': '0'}",1,,GB,2394572,-73.64,2026-04-13,https://www.racingpost.com/racecards/1353/newcastle-aw/2026-04-13/915596,-2.50,12,Flat,False,1026910,Standard,659772,7,False,0,,Lope Y Fernandez,False,7f14y,781480,1554,AW,8%,IRE,12,"{'runs': '0', 'wins': '0'}",,False,False,9083767/leelawadee,355,[],F,10%,9,-12.00,J A Knox And Mrs M A Knox,23,GB,Made In Thailand,100377,-138.72,230,11%,,2023-03-10,B,[],False,0,29,915596,"{'runs': '0', 'wins': '0'}",0,5079,,Dutch Art
Newcastle (AW),18:30,"Sky Sports Racing Virgin 512 Restricted Novice Stakes (For horses In Bands B, C And D) (GBB Race)",,7f,5,3-5yo,,"£4,320",11,Wee Dresser,3,filly,11,10,Katie Scott,Greg Fairley,,False,119,,39,,32,7,,,,,0,0%,1353,IRE,8922453,,"Galashiels, Scottish Borders",369050,Lady Clarissa,"{'runs': '1', 'wins': '0'}",1,,GB,828590,+2.00,2026-04-13,https://www.racingpost.com/racecards/1353/newcastle-aw/2026-04-13/915596,+9.00,6,Flat,False,1097630,Standard,802536,7,False,0,,Lightning Spear,False,7f14y,8922457,1554,AW,5%,GB,6,"{'runs': '1', 'wins': '0'}",,False,False,8922453/wee-dresser,264,[],F,3%,3,-6.00,Newhall Estate Farm,1,GB,L & L Racing And Partner,84020,-151.00,32,33%,,2023-03-22,B,[],False,0,14,915596,"{'runs': '1', 'wins': '0'}",0,19056,,Havana Gold
Newcastle (AW),19:00,Free Tips Daily On attheraces.com Handicap,,6f,3,4yo+,0-95,"£7,956",10,Toyotomi,5,gelding,1,4,David OMeara,Daniel Tudhope,,False,135,95,111,,183,48705-,,,,,26.09,0%,1353,USA,5408638,,"Upper Helmsley, N Yorks",328084,Tribune,"{'runs': '6', 'wins': '0'}",0,,FR,1025027,-15.31,2026-04-13,https://www.racingpost.com/racecards/1353/newcastle-aw/2026-04-13/915594,-19.00,23,Flat,True,1042645,Standard,474604,6,True,0,,Blue Point,False,6f,796453,1320,AW,14%,IRE,22,"{'runs': '0', 'wins': '0'}",Haras Assiro (2025-07-04),False,False,5408638/toyotomi,385,"[{'trainer': 'Mme Manon Scandella-Lacaille', 'trainer_id': 38301, 'change_date': '2025-07-04'}]",G,22%,19,-22.00,Ecurie Des Monceaux,44,FR,Jinky Farms,82231,-74.88,197,0%,,2021-05-13,B,[],False,0,53,915594,"{'runs': '3', 'wins': '0'}",0,22839,,Grand Slam
Newcastle (AW),19:00,Free Tips Daily On attheraces.com Handicap,,6f,3,4yo+,0-95,"£7,956",10,Albasheer,8,gelding,2,7,Archie Watson,Hollie Doyle,b,False,135,95,99,89,25,4/3-94,,,,,29.41,25%,1353,IRE,3152104,,"Upper Lambourn, W Berks",209994,Mutebah,"{'runs': '17', 'wins': '2'}",11,,IRE,602045,-89.12,2026-04-13,https://www.racingpost.com/racecards/1353/newcastle-aw/2026-04-13/915594,+0.26,17,Flat,False,12571,Standard,60857,6,True,24,,Shamardal,False,6f,868668,1320,AW,18%,USA,16,"{'runs': '8', 'wins': '2'}",Shadwell Estate Company Ltd (2023-04-17)||Hamdan Al Maktoum (2021-03-25),False,False,3152104/albasheer,212,"[{'trainer': 'Owen Burrows', 'trainer_id': 31779, 'change_date': '2023-04-17'}]",G,16%,52,+11.17,Shadwell Estate Company Limited,42,IRE,Taylors Bloodstock Ltd,92695,-26.46,262,21%,,2018-03-07,CH,[],False,4,39,915594,"{'runs': '9', 'wins': '2'}",4,32276,,Marju
Newcastle (AW),19:00,Free Tips Daily On attheraces.com Handicap,,6f,3,4yo+,0-95,"£7,956",10,The Caltonian,7,gelding,3,5,Linda Perratt,Kieran ONeill,b,False,133,93,104,94,66,046-10,,,,,0,0%,1353,NZ,4998715,,"East Kilbride, S Lanarks",350128,Azelle,"{'runs': '22', 'wins': '4'}",0,,GB,775057,+82.33,2026-04-13,https://www.racingpost.com/racecards/1353/newcastle-aw/2026-04-13/915594,-30.00,2,Flat,False,1119063,Standard,592483,6,True,0,,Swiss Spirit,False,6f,402366,1320,AW,13%,GB,2,"{'runs': '19', 'wins': '6'}",M Sawers (2024-10-04),False,False,4998715/the-caltonian,293,[],G,13%,30,-2.00,Winston Cartmel,19,GB,John Murphy & Miss L A Perratt,83588,+34.65,144,0%,,2019-03-13,B,[],False,0,38,915594,"{'runs': '22', 'wins': '7'}",0,5728,,Starcraft
Newcastle (AW),19:00,Free Tips Daily On attheraces.com Handicap,,6f,3,4yo+,0-95,"£7,956",10,Wicket Keeper,4,gelding,4,2,Antony Brittain,Cam Hardie,,False,130,90,106,94,17,1042-4,,,,"Wicket Keeper | 5845590 | He's talented and his owners will have a lot of fun with him in nice races over six and seven furlongs this year. He probably won despite the course at Catterick and then followed up in good style at Doncaster, where he made the running into a very strong headwind, which isn't easy to do there. There's plenty of improvement in him. 02-07-25",18.18,0%,1353,GB,5845590,,"Warthill, N Yorks",365403,Tralong Bay,"{'runs': '7', 'wins': '2'}",1,,IRE,855564,-371.71,2026-04-13,https://www.racingpost.com/racecards/1353/newcastle-aw/2026-04-13/915594,-22.00,11,Flat,False,340,Standard,736110,6,True,0,,Kodi Bear,False,6f,5598728,1320,AW,9%,IRE,11,"{'runs': '1', 'wins': '0'}",Premierracing.club (2026-03-21)||Bronte Collection 1 (2025-05-24)||Clipper Logistics (2024-09-14)||Bronte Collection 1 (2024-04-30)||Clipper Logistics (2024-02-28),False,False,5845590/wicket-keeper,514,"[{'trainer': 'Edward Bethell', 'trainer_id': 38073, 'change_date': '2026-03-21'}, {'trainer': 'Eve Johnson Houghton', 'trainer_id': 18920, 'change_date': '2025-05-24'}]",G,5%,25,-11.00,Rathbarry Stud,45,IRE,Northgate Racing & Partner,92732,-145.83,824,4%,,2022-02-27,B,[],False,0,44,915594,"{'runs': '2', 'wins': '0'}",0,30941,,Showcasing
Newcastle (AW),19:00,Free Tips Daily On attheraces.com Handicap,,6f,3,4yo+,0-95,"£7,956",10,Paddys Day,6,gelding,5,10,Nigel Tinkler,Alex Jary,t,True,129,89,106,95,17,1-4335,,,,"Paddys Day | 4175318 | A winner at Windsor on his debut, he's come out of that race really well and is an uncomplicated horse who should be suited by six furlongs at Ascot. It won't be easy but he's always gone very well and takes everything in his stride. 09-06-22||Paddys Day | 4175318 | We started the year on the all-weather and it was particularly fruitful as he won four races in a row at Newcastle. He's been running on turf too but he went back to Newcastle to win the Gosforth Park Cup, which is a race all northern trainers hold close to their hearts. He had a few issues before we got him and fortunately he seems to have come right. He's having a little break now before coming back out on the all-weather. He loves the track at Newcastle as he gets a bit of space and it's a kind surface. He's got a lot of gears and a great attitude. There is the possibility of going to Bahrain over the winter, but he'll need to win again before we do that. 01-10-25",28.57,0%,1353,USA,4175318,3,"Langton, N Yorks",195278,Elusive Gold,"{'runs': '8', 'wins': '1'}",0,,IRE,726295,-50.75,2026-04-13,https://www.racingpost.com/racecards/1353/newcastle-aw/2026-04-13/915594,-11.00,14,Flat,False,21843,Standard,566008,6,True,0,3,Starspangledbanner,False,6f,802221,1320,AW,10%,AUS,14,"{'runs': '14', 'wins': '7'}",McGoff Ferguson Mason Nicholls Hills (2023-06-09)||Jim McGoffGed MasonP Nicholls &c Hills (2022-05-20),False,False,4175318/paddys-day,402,"[{'trainer': 'Charles Hills', 'trainer_id': 25628, 'change_date': '2023-06-09'}]",G,7%,11,-14.00,Tom McDonald,17,IRE,Ontoawinner 1,99878,+110.42,236,0%,,2020-03-17,B,"[{'date': '2025-10-07', 'type': 'Wind Surgery'}]",False,0,40,915594,"{'runs': '22', 'wins': '7'}",0,865,,Elusive City
Newcastle (AW),19:00,Free Tips Daily On attheraces.com Handicap,,6f,3,4yo+,0-95,"£7,956",10,Evening Saigon,4,gelding,6,6,Hamad Al Jehani,Callum Rodriguez,,False,129,89,106,87,156,32/10-,,,,,50,25%,1353,IRE,5947077,,"Newmarket, Suffolk",325088,Hoodna,"{'runs': '3', 'wins': '1'}",5,,IRE,1001884,-79.77,2026-04-13,https://www.racingpost.com/racecards/1353/newcastle-aw/2026-04-13/915594,+4.75,5,Flat,False,15545,Standard,506927,6,True,20,,Harry Angel,False,6f,816018,1320,AW,33%,IRE,4,"{'runs': '0', 'wins': '0'}",Evening Saigon Partnership (2024-08-03)||Wathnan Racing (2024-07-30)||James Droney (2024-05-26),False,False,5947077/evening-saigon,3,"[{'trainer': 'M D OCallaghan', 'trainer_id': 26727, 'change_date': '2024-07-30'}]",G,13%,16,-1.13,Tally-Ho Stud,32,IRE,Wathnan Racing,94225,+2.00,238,31%,,2022-02-09,B,[],False,1,1,915594,"{'runs': '1', 'wins': '1'}",1,25988,,Invincible Spirit
Newcastle (AW),19:00,Free Tips Daily On attheraces.com Handicap,,6f,3,4yo+,0-95,"£7,956",10,Strike Red,8,gelding,7,9,Richard & Peter Fahey,Billy Garritty,,False,126,86,113,93,156,90800-,,,"2024-10-12 | Strike Red | 3095683 | Coral Sprint Trophy Handicap (Heritage Handicap) | 876767 | York | 107 | 6 | 1320 | Strike Red had a bad injury last year that you wouldn't really see on Flat horses and more on jumpers. He's been better than ever this year and this worked out easily enough. I always told Richard [Fahey, trainer] he feels like a Group horse and he's a top-end handicapper. There's plenty still to look forward to - Billy Garritty, jockey.||2023-07-22 | Strike Red | 3095683 | Paddy Power Scurry Handicap (Premier Handicap) | 845516 | Curragh | 178 | 6.5 | 1383 | Strike Red has been a good horse for me. He keeps winning these big handicaps so I'm absolutely delighted. I didn't think Ripon really suited him the last day.  When he gets there he doesn't do a lot. He pricks his earls a little bit - Billy Garritty, rider",,50,20%,1353,GB,3095683,,"Musley Bank, N Yorks",114999,Capulet Monteque,"{'runs': '37', 'wins': '3'}",1,,IRE,671647,+176.23,2026-04-13,https://www.racingpost.com/racecards/1353/newcastle-aw/2026-04-13/915594,-2.00,20,Flat,False,2439,Standard,602298,6,True,20,,Dark Angel,False,6f,736824,1320,AW,0%,IRE,20,"{'runs': '6', 'wins': '0'}",eToro Racing (2021-07-27),False,False,3095683/strike-red,3,"[{'trainer': 'Richard Fahey', 'trainer_id': 8010, 'change_date': '2026-04-07'}]",G,11%,14,+5.50,Yeomanstown Stud,38,IRE,Peter Timmins,95152,-3.00,335,7%,,2018-04-28,B,[],False,4,0,915594,"{'runs': '6', 'wins': '1'}",4,42996,,Camacho
Newcastle (AW),19:00,Free Tips Daily On attheraces.com Handicap,,6f,3,4yo+,0-95,"£7,956",10,Grant Wood,7,gelding,8,1,Paul Midgley,Jason Hart,,False,124,84,107,99,24,90-114,,,"2024-08-17 | Grant Wood | 4366815 | William Hill Silver Trophy Handicap | 872938 | Ripon | 49 | 6 | 1320 | I'm chuffed for Grant Wood, this horse has been so good all year. He keeps doing personal bests and he did win well. He deserves to win a decent prize. He ran a great race at Haydock and things didn't drop right. He's kept getting better and better as the season's gone on - Paul Midgley, trainer.","Grant Wood | 4366815 | He had a bit of an issue after he ran at Haydock in May and it's taken a while to get him back right, but he's in good form now and galloping well. He probably doesn't have an awful lot of wriggle room off a mark of 85 but he's very honest and genuine. 14-08-25",27.27,9%,1353,GB,4366815,,"Westow, N Yorks",36982,Azagba,"{'runs': '23', 'wins': '5'}",4,,IRE,989314,+12.45,2026-04-13,https://www.racingpost.com/racecards/1353/newcastle-aw/2026-04-13/915594,-4.25,11,Flat,False,1043177,Standard,564856,6,True,9,,Caravaggio,False,6f,873554,1320,AW,11%,USA,11,"{'runs': '5', 'wins': '3'}",Laurence Carlisle (2023-06-06)||Samuel M Mencoff & Anthony Paul Smurfit (2022-10-05),False,False,4366815/grant-wood,309,"[{'trainer': 'Eric Alston', 'trainer_id': 444, 'change_date': '2023-06-06'}, {'trainer': 'J P Murtagh', 'trainer_id': 28180, 'change_date': '2022-10-05'}]",G,14%,39,-4.50,C Marnane,90,FR,Whitehills Racing Syndicate,90243,-14.67,634,10%,,2019-04-14,GR,[],False,1,33,915594,"{'runs': '11', 'wins': '4'}",1,15948,,Deportivo
Newcastle (AW),19:00,Free Tips Daily On attheraces.com Handicap,,6f,3,4yo+,0-95,"£7,956",10,William Dewhirst,6,gelding,9,3,Ben Haslam,Andrew Mullen,,False,119,79,111,82,25,6132-7,,,"2025-01-23 | William Dewhirst | 4652641 | Weekly £5 Free Bet With BetUK Handicap | 884566 | Newcastle (AW) | 1353 | 6 | 1320 | William Dewhirst did well in November and December as well. There's a race here for him in mid-February, a 0-85 that he should get into, but obviously as he creeps up the handicap, we'll have to start boxing clever with how we place him to maximise points -  Ben Haslam, trainer.||2025-01-08 | William Dewhirst | 4652641 | Boost Your Acca At BetMGM Handicap | 883569 | Newcastle (AW) | 1353 | 7 | 1554 | William Dewhurst saw a bit too much daylight last time and is quite enthusiastic but today I've managed to get in that box seat and get plenty of cover. I was just saying to Ben [Haslam, trainer] he's really grown in the last three months and he's filled out into a big, fine horse with not many miles on the clock and he loves this place - Paul Mulrennan, jockey, speaking to Sky Sports Racing.",,25,29%,1353,GB,4652641,,"Middleham Moor, N Yorks",370669,Two Pass,"{'runs': '12', 'wins': '2'}",3,,IRE,1417665,-209.17,2026-04-13,https://www.racingpost.com/racecards/1353/newcastle-aw/2026-04-13/915594,+10.00,8,Flat,False,1128565,Standard,16491,6,True,25,,Sioux Nation,False,6f,675999,1320,AW,17%,USA,7,"{'runs': '13', 'wins': '6'}",RknightsNicolTocher Cleevely Barclay (2026-04-07)||Widdup Nicol Cleevely Tocher Barclay (2024-07-11)||D Widdup K Nicol C Cleevely & R Tocher (2023-05-09),False,False,4652641/william-dewhirst,230,[],G,8%,18,+6.00,Summerhill & Camas Park,47,IRE,Racing Knights Nicol Tocher & Cleevely,81166,+30.13,587,17%,,2020-04-17,B,[],False,2,39,915594,"{'runs': '12', 'wins': '5'}",2,22367,,Mtoto
Newcastle (AW),19:00,Free Tips Daily On attheraces.com Handicap,,6f,3,4yo+,0-95,"£7,956",10,Cajetan,5,gelding,10,8,Ruth Carr,James Sullivan,b,True,117,77,109,104,11,0-3000,,,,"Cajetan | 5082934 | He was 2-2 on the all-weather in the spring, winning at Newcastle and Kempton. He then had a few issues this summer, so he only started his winter campaign on Saturday at Ascot, where he finished eighth behind Alcazan on his first run since May. He'll now go on to the all-weather for the winter. I really like him and I've made him my trainer's pick for the next few months. 10-10-24",32,8%,1353,AUS,5082934,,"Stillington, N Yorks",326618,South Bay,"{'runs': '20', 'wins': '3'}",1,,GB,1969796,-133.13,2026-04-13,https://www.racingpost.com/racecards/1353/newcastle-aw/2026-04-13/915594,-6.00,25,Flat,False,1030077,Standard,577888,6,True,8,,Advertise,False,6f,3164291,1320,AW,11%,GB,25,"{'runs': '4', 'wins': '2'}",The Betty Channon Syndicate (2026-01-19),False,False,5082934/cajetan,349,"[{'trainer': 'Jack Channon', 'trainer_id': 40161, 'change_date': '2026-01-19'}]",G,6%,15,-7.50,Barton Stud Partnership,21,GB,Rjh Ltd And Facts & Figures,84541,-23.68,346,7%,,2021-04-22,B,[],False,2,39,915594,"{'runs': '9', 'wins': '2'}",2,20045,,Exceed And Excel
Newcastle (AW),19:30,Free Bets On attheraces.com Maiden Stakes (GBB Race),,1m,4,3yo+,,"£5,400",8,Alembic,3,gelding,1,4,Sir Mark Prescott Bt,Luke Morris,,False,127,,46,29,12,76,,,,,50,13%,1353,USA,8968482,,"Newmarket, Suffolk",369451,Alvarita,"{'runs': '2', 'wins': '0'}",5,,GB,1635476,-133.90,2026-04-13,https://www.racingpost.com/racecards/1353/newcastle-aw/2026-04-13/915595,-23.13,8,Flat,False,1725,Standard,62150,8,False,13,,Study Of Man,False,1m5y,598995,1765,AW,13%,IRE,8,"{'runs': '0', 'wins': '0'}",,False,False,8968482/alembic,64,[],G,7%,46,-5.50,Miss K Rausing,22,GB,The Alembic Partnership,84857,-13.50,296,11%,,2023-04-14,GR,[],False,1,8,915595,"{'runs': '1', 'wins': '0'}",1,67,,Selkirk
Newcastle (AW),19:30,Free Bets On attheraces.com Maiden Stakes (GBB Race),,1m,4,3yo+,,"£5,400",8,Eddaari,3,colt,2,2,Simon & Ed Crisford,Harry Davies,,False,127,80,74,70,137,632-,,,,,40,20%,1353,IRE,8111194,,"Newmarket, Suffolk",14781,Lunearia,"{'runs': '3', 'wins': '0'}",3,,GB,872425,-24.67,2026-04-13,https://www.racingpost.com/racecards/1353/newcastle-aw/2026-04-13/915595,-5.50,11,Flat,False,1049352,Standard,531769,8,False,18,,New Bay,False,1m5y,4682864,1765,AW,22%,GB,10,"{'runs': '1', 'wins': '0'}",,False,False,8111194/eddaari,88,[],C,12%,22,-2.00,Lofts Hall Stud,9,IRE,Sheikh Ahmed Al Maktoum,101508,-24.40,77,14%,,2023-03-13,CH,[],False,2,19,915595,"{'runs': '1', 'wins': '0'}",2,37478,,Galileo
Newcastle (AW),19:30,Free Bets On attheraces.com Maiden Stakes (GBB Race),,1m,4,3yo+,,"£5,400",8,Far Far Out,3,colt,3,5,Roger Varian,Jack Mitchell,,False,127,,,,,,,,,,100,33%,1353,IRE,8115919,,"Newmarket, Suffolk",211003,Forever Be,"{'runs': '0', 'wins': '0'}",4,,IRE,840020,-24.28,2026-04-13,https://www.racingpost.com/racecards/1353/newcastle-aw/2026-04-13/915595,+38.00,6,Flat,False,1080589,Standard,589690,8,False,33,,Kingman,False,1m5y,3588867,1765,AW,24%,GB,6,"{'runs': '0', 'wins': '0'}",,False,False,8115919/far-far-out,164,[],C,19%,25,+5.00,Flaxman Stables Ireland Ltd,38,IRE,Flaxman Stables Ireland Ltd,84416,+0.65,202,16%,,2023-02-08,B,[],False,2,40,915595,"{'runs': '0', 'wins': '0'}",2,24890,,Dubawi
Newcastle (AW),19:30,Free Bets On attheraces.com Maiden Stakes (GBB Race),,1m,4,3yo+,,"£5,400",8,Heathers Feather,3,gelding,4,1,Tracy Waggott,Barry McHugh,,False,127,,,,,,,,,,66.67,0%,1353,GB,9083769,,"Spennymoor, Co Durham",303521,Spring Mist,"{'runs': '0', 'wins': '0'}",1,,IRE,2304825,+27.95,2026-04-13,https://www.racingpost.com/racecards/1353/newcastle-aw/2026-04-13/915595,-6.67,3,Flat,True,24598,Standard,503875,8,False,0,,Space Blues,False,1m5y,1569176,1765,AW,6%,IRE,3,"{'runs': '0', 'wins': '0'}",,False,False,9083769/heathers-feather,139,[],G,10%,11,-3.00,Godolphin,15,GB,S Rain,78398,+99.25,148,9%,,2023-04-07,CH,[],False,0,8,915595,"{'runs': '0', 'wins': '0'}",0,17803,,Dansili
Newcastle (AW),19:30,Free Bets On attheraces.com Maiden Stakes (GBB Race),,1m,4,3yo+,,"£5,400",8,Master Of Entropy,3,colt,5,7,John & Sean Quinn,Jason Hart,,False,127,,38,,199,9-,,,,,42.86,21%,1353,IRE,8165733,,"Norton, N Yorks",335266,Hyperactive,"{'runs': '0', 'wins': '0'}",4,,GB,2223782,+12.45,2026-04-13,https://www.racingpost.com/racecards/1353/newcastle-aw/2026-04-13/915595,-4.25,14,Flat,False,1129077,Standard,695691,8,False,21,,Mohaather,False,1m5y,1961661,1765,AW,8%,GB,14,"{'runs': '0', 'wins': '0'}",,False,True,8165733/master-of-entropy,93,[],C,14%,39,+12.50,J Ferguson Culworth Grounds & Partners,90,GB,Ms Janelle Cao,90243,-40.63,634,10%,,2023-04-12,BB,"[{'date': '2025-10-06', 'type': 'Wind Surgery'}]",False,3,7,915595,"{'runs': '0', 'wins': '0'}",3,41095,,Rip Van Winkle
Newcastle (AW),19:30,Free Bets On attheraces.com Maiden Stakes (GBB Race),,1m,4,3yo+,,"£5,400",8,Showcasing Star,3,gelding,6,6,Charlie Johnston,Connor Beasley,,False,127,,69,65,23,22,,,,,44,8%,1353,GB,8903777,,"Middleham Moor, N Yorks",2791,Pirouette Queen,"{'runs': '1', 'wins': '0'}",2,,IRE,736110,-61.73,2026-04-13,https://www.racingpost.com/racecards/1353/newcastle-aw/2026-04-13/915595,-3.17,25,Flat,False,1050748,Standard,107700,8,False,8,,Showcasing,False,1m5y,3388026,1765,AW,15%,GB,25,"{'runs': '1', 'wins': '0'}",,False,False,8903777/showcasing-star,288,[],G,11%,15,+3.38,Rabbah Bloodstock Limited,30,GB,Jaber Abdullah,90868,+45.51,273,13%,,2023-03-09,CH,[],False,2,44,915595,"{'runs': '2', 'wins': '0'}",2,40131,,Pivotal
Newcastle (AW),19:30,Free Bets On attheraces.com Maiden Stakes (GBB Race),,1m,4,3yo+,,"£5,400",8,Sovereign Bay,3,gelding,7,8,Dr Richard Newland & Jamie Insole,Hollie Doyle,h,True,127,,64,22,44,23,,,,,54.55,25%,1353,USA,8758166,,"Elmbridge, Worcs",241686,Holy Roman Empress,"{'runs': '2', 'wins': '0'}",11,,FR,872425,-89.12,2026-04-13,https://www.racingpost.com/racecards/1353/newcastle-aw/2026-04-13/915595,+0.26,22,Flat,False,1108753,Standard,868021,8,False,23,,New Bay,False,1m5y,2630018,1765,AW,7%,GB,20,"{'runs': '1', 'wins': '0'}",,False,False,8758166/sovereign-bay,14,[],G,16%,52,+44.56,China Horse Club International Ltd,42,IRE,China Horse Club International Ltd,92695,-9.50,262,21%,,2023-03-24,B,[],False,5,1,915595,"{'runs': '2', 'wins': '0'}",5,40965,,American Pharoah
Newcastle (AW),19:30,Free Bets On attheraces.com Maiden Stakes (GBB Race),,1m,4,3yo+,,"£5,400",8,Too Darn Spicy,3,filly,8,3,Richard & Peter Fahey,Cam Hardie,,False,122,,66,57,25,35,,,,,50,20%,1353,GB,8890830,,"Musley Bank, N Yorks",46181,Betty Crean L A,"{'runs': '1', 'wins': '0'}",1,,GB,2140739,-371.71,2026-04-13,https://www.racingpost.com/racecards/1353/newcastle-aw/2026-04-13/915595,-22.00,20,Flat,False,1132583,Standard,840020,8,False,20,,Too Darn Hot,False,1m5y,3505938,1765,AW,0%,GB,20,"{'runs': '2', 'wins': '0'}",,False,False,8890830/too-darn-spicy,3,"[{'trainer': 'Richard Fahey', 'trainer_id': 8010, 'change_date': '2026-04-07'}]",F,5%,25,+5.50,Silverdale Bloodstock Limited,45,IRE,R A Fahey,92732,-3.00,824,4%,,2023-04-12,B,[],False,4,0,915595,"{'runs': '2', 'wins': '0'}",4,42996,,Kingman
Newcastle (AW),20:00,Free Race Replays On attheraces.com Handicap,,1m,6,4yo+,0-60,"£3,245",11,The Cookstown Cafu,7,gelding,1,10,Fionn McSharry,Daniel Tudhope,,False,135,59,68,63,105,05966-,,,,"The Cookstown Cafu | 3662545 | He had a wind operation at the back end of last year and really thrived. We've trained quite a few of the family and they get better with age. His win first time back at Redcar showed he's on the up so we're expecting him to go on to better things, probably at a mile. 03-05-23",100,0%,1353,USA,3662545,,"Sheriff Hutton, N Yorks",333165,Miss Delila,"{'runs': '14', 'wins': '3'}",0,,GB,506927,-15.31,2026-04-13,https://www.racingpost.com/racecards/1353/newcastle-aw/2026-04-13/915598,-19.00,2,Flat,False,1096589,Standard,600985,8,True,50,,Invincible Spirit,False,1m5y,683370,1765,AW,7%,IRE,1,"{'runs': '10', 'wins': '2'}",Highbank Stud (2025-09-01),False,False,3662545/the-cookstown-cafu,30,"[{'trainer': 'David OMeara', 'trainer_id': 22839, 'change_date': '2025-09-01'}, {'trainer': 'Kevin Ryan', 'trainer_id': 22525, 'change_date': '2024-09-11'}]",G,22%,19,-1.00,Highbank Stud Llp,44,USA,Dudley Hill Farm Ltd,82231,-7.25,197,0%,,2019-03-23,B,"[{'date': '2022-08-18', 'type': 'Wind Surgery'}]",False,0,2,915598,"{'runs': '12', 'wins': '1'}",1,40171,,Malibu Moon
Newcastle (AW),20:00,Free Race Replays On attheraces.com Handicap,,1m,6,4yo+,0-60,"£3,245",11,Barleybrown,6,gelding,2,5,Ruth Carr,Joanna Mason,p,False,135,59,69,59,17,4744-3,,,,"Barleybrown | 4366831 | Last year was a good one for him with four wins, all at Newcastle over a mile. He had a busy time of it and has had aeak since December. He'll need to improve a bit this year because he's risen to a mark of 66. He needs to be held up. 09-04-25",32,8%,1353,GB,4366831,,"Stillington, N Yorks",318264,Shozita,"{'runs': '26', 'wins': '5'}",2,,GB,837877,-132.67,2026-04-13,https://www.racingpost.com/racecards/1353/newcastle-aw/2026-04-13/915598,-11.00,25,Flat,False,1121535,Standard,736110,8,True,8,,Zoustar,False,1m5y,1056478,1765,AW,11%,AUS,25,"{'runs': '16', 'wins': '4'}",,False,False,4366831/barleybrown,349,"[{'trainer': 'Eve Johnson Houghton', 'trainer_id': 18920, 'change_date': '2024-03-16'}]",G,8%,23,-7.50,Oliver Pawle,27,GB,Sean Barley,85782,-23.68,359,9%,,2020-04-24,B,"[{'date': '2023-02-16', 'type': 'Wind Surgery'}]",False,2,39,915598,"{'runs': '15', 'wins': '4'}",2,20045,,Showcasing
Newcastle (AW),20:00,Free Race Replays On attheraces.com Handicap,,1m,6,4yo+,0-60,"£3,245",11,Rocket Rod,9,gelding,3,2,Geoffrey Harker,Sean Kirrane,,False,134,58,40,15,48,/0D24/0,,,"2023-06-18 | Rocket Rod | 2394794 | Mr Dan Entertainers Parties And Events Handicap | 840950 | Doncaster | 15 | 7 | 1546 | I think the secret to Rocket Rod is a straight track, he can't go round a bend at all. They've gone hard today and that's helped him - Geoff Harker, trainer.",,50,0%,1353,IRE,2394794,,"Thirkleby, N Yorks",356397,Tessa Reef,"{'runs': '13', 'wins': '2'}",0,,IRE,826492,-58.63,2026-04-13,https://www.racingpost.com/racecards/1353/newcastle-aw/2026-04-13/915598,-19.00,2,Flat,False,9887,Standard,105212,8,True,0,,Australia,False,1m5y,583662,1765,AW,9%,GB,2,"{'runs': '18', 'wins': '3'}",M Gilgeous C Seeney & G Harker (2026-02-03)||The Twelve Minimum Racing Club (2023-03-18)||John Livock & Nat Lacy (2021-04-06)||John William Livock (2020-05-26),False,False,2394794/rocket-rod,87,"[{'trainer': 'Hugo Palmer', 'trainer_id': 25009, 'change_date': '2021-04-06'}]",G,10%,19,-2.00,Camas Park Stud,29,IRE,M Gilgeous C Seeney & Partner,96177,-23.38,296,0%,,2017-04-07,B,[],False,0,8,915598,"{'runs': '11', 'wins': '0'}",0,11484,,Mark Of Esteem
Newcastle (AW),20:00,Free Race Replays On attheraces.com Handicap,,1m,6,4yo+,0-60,"£3,245",11,Mercurius Power,8,gelding,4,9,Jessica Macey,George Wood,tp,False,134,58,72,63,31,7-5336,,,,,14.29,0%,1353,GB,3137662,,"Doncaster, S Yorks",328736,Dame Hester,"{'runs': '33', 'wins': '3'}",0,,IRE,874967,-30.04,2026-04-13,https://www.racingpost.com/racecards/1353/newcastle-aw/2026-04-13/915598,-20.00,7,Flat,False,1116075,Standard,473501,8,True,0,,Awtaad,False,1m5y,642044,1765,AW,10%,IRE,7,"{'runs': '19', 'wins': '2'}",Miss J R Macey (2023-03-28)||Tony Hession (2023-03-27)||Miss J R Macey (2023-03-18)||Andrew Griffiths & Raymond Wright (2023-01-24)||King Power Racing Co Ltd (2022-11-10),False,False,3137662/mercurius-power,143,"[{'trainer': 'Andrew Balding', 'trainer_id': 15605, 'change_date': '2022-11-10'}]",G,12%,20,-7.00,Dame Hester Partnership,10,IRE,Tony Hession,94575,-46.05,82,0%,,2018-02-26,B,"[{'date': '2023-01-16', 'type': 'Wind Surgery'}, {'date': '2022-03-04', 'type': 'Wind Surgery'}]",False,0,14,915598,"{'runs': '33', 'wins': '2'}",0,37813,,Diktat
Newcastle (AW),20:00,Free Race Replays On attheraces.com Handicap,,1m,6,4yo+,0-60,"£3,245",11,Book Of Life,6,gelding,5,11,Patrick Morris,David Nolan,p,False,133,57,71,53,7,424624,,,,,38.46,0%,1353,IRE,4566591,,"Prescott, Merseyside",368399,Inspiriter,"{'runs': '7', 'wins': '0'}",1,,GB,671647,-103.18,2026-04-13,https://www.racingpost.com/racecards/1353/newcastle-aw/2026-04-13/915598,-2.00,13,Flat,False,24598,Standard,506927,8,True,0,,Dark Angel,False,1m5y,838595,1765,AW,9%,IRE,11,"{'runs': '5', 'wins': '0'}",Conor Morris (2026-02-21)||Buxted Partnership (2025-11-17)||Godolphin SNC (2024-03-09),False,False,4566591/book-of-life,190,"[{'trainer': 'Ian Williams', 'trainer_id': 12465, 'change_date': '2025-11-17'}, {'trainer': 'A Fabre', 'trainer_id': 1093, 'change_date': '2024-03-09'}]",G,12%,15,-11.00,Godolphin,47,GB,Mls Racing And Partners,14332,-78.92,399,7%,,2020-04-04,GR,[],False,0,17,915598,"{'runs': '23', 'wins': '2'}",0,14293,,Invincible Spirit
Newcastle (AW),20:00,Free Race Replays On attheraces.com Handicap,,1m,6,4yo+,0-60,"£3,245",11,Berkshire Phantom,6,gelding,6,8,Fionn McSharry,Oisin McSweeney,,False,132,56,73,59,106,46346-,,,,,100,0%,1353,IRE,4373437,,"Sheriff Hutton, N Yorks",333165,Silver Step,"{'runs': '11', 'wins': '1'}",0,,IRE,1500591,-34.50,2026-04-13,https://www.racingpost.com/racecards/1353/newcastle-aw/2026-04-13/915598,-3.00,2,Flat,False,1111054,Standard,707855,8,True,50,,Expert Eye,False,1m5y,903728,1765,AW,7%,GB,1,"{'runs': '3', 'wins': '0'}",Lord Bowman & Partner (2025-04-19)||Htb Racing (2024-05-23)||Dudley Hill Farm Ltd (2023-07-24)||Berkshire Parts & Panels Ltd No1 Fanclub (2023-07-17)||Berkshire Parts & Panels Ltd (2023-01-02),False,False,4373437/berkshire-phantom,30,"[{'trainer': 'Andrew Balding', 'trainer_id': 15605, 'change_date': '2023-07-17'}]",G,12%,3,-1.00,Mountain View Stud & J C B/Stock,16,FR,Dudley Hill Farm Ltd,99547,-7.25,139,0%,,2020-03-10,GR,[],False,0,2,915598,"{'runs': '18', 'wins': '4'}",1,40171,,Silver Frost
Newcastle (AW),20:00,Free Race Replays On attheraces.com Handicap,,1m,6,4yo+,0-60,"£3,245",11,Teggy Lasso,4,gelding,7,6,Ivan Furtado,Jason Hart,tp,True,131,55,71,48,16,7-7453,,,,,47.06,24%,1353,IRE,6419939,,"Wiseton, S Yorks",348824,Duchesse,"{'runs': '4', 'wins': '0'}",4,,IRE,506927,+12.45,2026-04-13,https://www.racingpost.com/racecards/1353/newcastle-aw/2026-04-13/915598,-4.25,17,Flat,False,1135973,Standard,659996,8,True,24,,Invincible Spirit,False,1m5y,883183,1765,AW,12%,IRE,17,"{'runs': '1', 'wins': '0'}",,False,False,6419939/teggy-lasso,179,"[{'trainer': 'Craig Lidster', 'trainer_id': 39011, 'change_date': '2025-12-22'}]",G,14%,39,+21.00,B & A Kennedy & Irish National Stud,90,IRE,Alfa Site Services Ltd & Wendy OLeary,90243,+11.46,634,10%,,2022-04-16,B,"[{'date': '2024-06-13', 'type': 'Wind Surgery'}]",False,4,22,915598,"{'runs': '5', 'wins': '0'}",4,30867,,Duke Of Marmalade
Newcastle (AW),20:00,Free Race Replays On attheraces.com Handicap,,1m,6,4yo+,0-60,"£3,245",11,Trais Fluors,12,gelding,8,4,Linda Perratt,Alex Jary,,False,130,54,69,57,17,140754,,,"2021-06-12 | Trais Fluors | 1170369 | Play Coral ""Racing-Super-Series"" For Free Handicap | 784973 | Sandown | 54 | 8 | 1760 | Trais Fluors was beaten by a good horse in Brentford Hope at Nottingham last time. He was suited by the better ground here, which was key. He carried a lot of weight but felt a lot better today - Silvestre de Sousa, rider.",,0,0%,1353,GER,1170369,3,"East Kilbride, S Lanarks",38230,Trois Lunes,"{'runs': '44', 'wins': '4'}",0,,GB,503875,-50.75,2026-04-13,https://www.racingpost.com/racecards/1353/newcastle-aw/2026-04-13/915598,-11.00,2,Flat,False,1060886,Standard,606745,8,True,0,3,Dansili,False,1m5y,797653,1765,AW,13%,GB,2,"{'runs': '23', 'wins': '5'}",Paul Corrigan & Miss L A Perratt (2025-03-06)||Matt Sawers & Paul Corrigan (2023-12-26)||M Channon (2023-11-08)||Lee Harris (2021-09-06)||Robert Ng (2021-03-22),False,False,1170369/trais-fluors,293,"[{'trainer': 'Jack Channon', 'trainer_id': 40161, 'change_date': '2023-11-08'}, {'trainer': 'Mick Channon', 'trainer_id': 4676, 'change_date': '2023-03-24'}, {'trainer': 'K J Condon', 'trainer_id': 15240, 'change_date': '2021-03-22'}, {'trainer': 'A Fabre', 'trainer_id': 1093, 'change_date': '2019-10-23'}]",G,7%,11,-2.00,Scea Haras De Saint Pair,17,FR,Miss L A Perratt,99878,+34.65,236,0%,,2014-02-27,BB,[],False,0,38,915598,"{'runs': '21', 'wins': '5'}",0,5728,,Manduro
Newcastle (AW),20:00,Free Race Replays On attheraces.com Handicap,,1m,6,4yo+,0-60,"£3,245",11,Sassy Glory,5,mare,9,7,Mark Walford,Kyle McHugh,p,False,128,52,71,59,16,4104-0,,,,,43.75,0%,1353,USA,5176441,7,"Sheriff Hutton, N Yorks",352464,Sassy Gal,"{'runs': '3', 'wins': '1'}",0,,IRE,565797,-14.00,2026-04-13,https://www.racingpost.com/racecards/1353/newcastle-aw/2026-04-13/915598,-2.00,16,Flat,False,1066994,Standard,516624,8,True,6,7,Oasis Dream,False,1m5y,681870,1765,AW,4%,GB,7,"{'runs': '5', 'wins': '1'}",Ursa Major Racing Ltd & Partner (2024-12-03)||SYPS (UK) Ltd (2024-07-05),False,False,5176441/sassy-glory,85,"[{'trainer': 'Nigel Tinkler', 'trainer_id': 865, 'change_date': '2024-07-05'}]",M,0%,2,-7.00,Ringfort Stud Ltd,0,IRE,Ursa Major & Mark Walford Racing Club,102310,-55.00,14,0%,,2021-02-27,B,[],False,0,3,915598,"{'runs': '10', 'wins': '0'}",1,28876,,Kings Best
Newcastle (AW),20:00,Free Race Replays On attheraces.com Handicap,,1m,6,4yo+,0-60,"£3,245",11,Lady Delila,6,mare,10,1,Iain Jardine,Cam Hardie,v,True,125,49,70,56,27,5-7332,,,,,62.5,9%,1353,USA,4628805,,"Carrutherstown, D'fries & G'way",364755,The Night Lady,"{'runs': '5', 'wins': '0'}",1,,IRE,898611,-371.71,2026-04-13,https://www.racingpost.com/racecards/1353/newcastle-aw/2026-04-13/915598,-22.00,16,Flat,False,1128422,Standard,682732,8,True,6,,The Gurkha,False,1m5y,1576272,1765,AW,10%,IRE,11,"{'runs': '2', 'wins': '0'}",C P Donoghue (2025-11-26),False,False,4628805/lady-delila,554,"[{'trainer': 'C P Donoghue', 'trainer_id': 4821, 'change_date': '2025-11-26'}]",M,5%,25,-7.25,Alexandre & Yvonne Arrault,45,GB,Iain Jardine Racing Ltd,92732,-10.44,824,4%,,2020-04-13,B,[],False,1,55,915598,"{'runs': '7', 'wins': '0'}",1,21516,,Ravens Pass
Newcastle (AW),20:00,Free Race Replays On attheraces.com Handicap,,1m,6,4yo+,0-60,"£3,245",11,Falaise Blanc,4,gelding,11,3,Katie Scott,Greg Fairley,b,False,124,48,69,34,32,1227-0,,,,"Falaise Blanc | 6358967 | We've had him for a year. He's shown bits of promise here and there and his last run was quite good when third behind our own Straya. I don't think he's any kind of worldbeater but he might go up in trip and improve for that. He ran well over 1m2f at Ayr last week, and I think I'd like to step him up to 1m4f, but he's only three and so there's not a lot of opportunities to do that at the moment. We'll just to have to sit tight and wait, especially if we don't want to be travelling hours and hours down the road. He'll probably be out again when we get a bit of rain. 17-07-25",0,0%,1353,USA,6358967,,"Galashiels, Scottish Borders",309779,Shadow Of The Day,"{'runs': '5', 'wins': '0'}",1,,FR,1018527,+2.00,2026-04-13,https://www.racingpost.com/racecards/1353/newcastle-aw/2026-04-13/915598,+9.00,6,Flat,False,1108610,Standard,550159,8,True,0,,Whitecliffsofdover,False,1m5y,763151,1765,AW,5%,USA,6,"{'runs': '8', 'wins': '1'}",Lamont Racing (2025-06-05),False,False,6358967/falaise-blanc,264,[],G,3%,3,-6.00,Sas Regnier & San Gabriel Inv Inc,1,FR,Katie Scott Racing Syndicate,84020,-151.00,32,33%,,2022-02-08,B,[],False,0,14,915598,"{'runs': '7', 'wins': '1'}",0,19056,,Until Sundown
Newcastle (AW),20:30,Follow @AtTheRaces On Instagram Handicap,,5f,5,4yo+,0-70,"£3,978",10,Hover On The Wind,6,gelding,1,6,Paul Midgley,Barry McHugh,p,False,135,70,81,73,31,81-773,,,,"Hover On The Wind | 4415424 | He hit the ground running and showed loads of speed over 6f at Thirsk, so the natural progression was to bring him back to 5f and he was very genuine when he won at Beverley. He ran a solid second at Pontefract but may have banged his head on the stalls next time - he missed the start completely and it took him quite a while to get over that. He's better than how he ran at Beverley last time. 14-08-25",27.27,9%,1353,IRE,4415424,,"Westow, N Yorks",321281,Casila,"{'runs': '14', 'wins': '2'}",1,,IRE,839221,+27.95,2026-04-13,https://www.racingpost.com/racecards/1353/newcastle-aw/2026-04-13/915597,-6.67,11,Flat,False,1082327,Standard,546212,5,True,9,,No Nay Never,False,5f,870796,1100,AW,11%,USA,11,"{'runs': '3', 'wins': '1'}",Mrs Nicola Thorne (2025-03-22),False,False,4415424/hover-on-the-wind,309,"[{'trainer': 'Chris Dwyer', 'trainer_id': 5063, 'change_date': '2025-03-22'}, {'trainer': 'James Ferguson', 'trainer_id': 36672, 'change_date': '2023-09-25'}, {'trainer': 'Chris Dwyer', 'trainer_id': 5063, 'change_date': '2023-05-15'}]",G,10%,11,-4.50,Camas Park Lynch Bages & Summerhill,15,IRE,The Beer Stalkers & Partner,78398,-14.67,148,9%,,2020-03-31,B,[],False,1,33,915597,"{'runs': '8', 'wins': '1'}",1,15948,,High Chaparral
Newcastle (AW),20:30,Follow @AtTheRaces On Instagram Handicap,,5f,5,4yo+,0-70,"£3,978",10,Dc Cogent,4,gelding,2,3,Bryan Smart,Paul Mulrennan,,False,132,67,83,73,34,42-364,,,,,16.67,17%,1353,IRE,6701900,,"Sutton Bank, N Yorks",351389,Analytical,"{'runs': '9', 'wins': '1'}",2,,GB,885885,-237.64,2026-04-13,https://www.racingpost.com/racecards/1353/newcastle-aw/2026-04-13/915597,-9.92,6,Flat,False,1071231,Standard,783335,5,True,17,,Washington DC,False,5f,1444186,1100,AW,12%,IRE,6,"{'runs': '6', 'wins': '1'}",,False,False,6701900/dc-cogent,227,[],G,13%,17,-1.67,Crossfields Bloodstock Ltd,120,GB,J R Dwyer And B Smart,79371,-27.67,898,12%,,2022-01-30,B,[],False,1,28,915597,"{'runs': '10', 'wins': '1'}",1,373,,Lethal Force
Newcastle (AW),20:30,Follow @AtTheRaces On Instagram Handicap,,5f,5,4yo+,0-70,"£3,978",10,Blue Force,5,gelding,3,1,Antony Brittain,Cam Hardie,h,False,129,64,80,78,9,658563,,,,,18.18,0%,1353,IRE,5123487,,"Warthill, N Yorks",272125,Miss Fay,"{'runs': '16', 'wins': '4'}",1,,IRE,1025027,-371.71,2026-04-13,https://www.racingpost.com/racecards/1353/newcastle-aw/2026-04-13/915597,-22.00,11,Flat,False,1082868,Standard,707662,5,True,0,,Blue Point,False,5f,998413,1100,AW,9%,IRE,11,"{'runs': '8', 'wins': '2'}",Victorious Racing (2024-04-10),False,False,5123487/blue-force,514,"[{'trainer': 'Roger Varian', 'trainer_id': 24890, 'change_date': '2024-04-10'}]",G,5%,25,-11.00,Mr & Mrs Reddy Coffey,45,IRE,John And Tony Jarvis And Partner,92732,-145.83,824,4%,,2021-04-07,B,[],False,0,44,915597,"{'runs': '17', 'wins': '3'}",0,30941,,Sayif
Newcastle (AW),20:30,Follow @AtTheRaces On Instagram Handicap,,5f,5,4yo+,0-70,"£3,978",10,Darlo Pride,6,gelding,4,9,Michael Dods,Sean Kirrane,tb,False,128,63,82,75,34,4-8573,,,,,16.67,0%,1353,GB,4908677,,"Piercebridge, Co Durham",339534,Doric Lady,"{'runs': '34', 'wins': '5'}",0,,GB,839591,-58.63,2026-04-13,https://www.racingpost.com/racecards/1353/newcastle-aw/2026-04-13/915597,-19.00,12,Flat,False,1051541,Standard,527373,5,True,0,,Outstrip,False,5f,688646,1100,AW,8%,GB,12,"{'runs': '13', 'wins': '1'}",Clive Dennett And A Carson (2024-09-19)||Clive Dennett (2024-03-06),False,False,4908677/darlo-pride,355,"[{'trainer': 'Anthony Carson', 'trainer_id': 26061, 'change_date': '2024-09-19'}]",G,10%,19,-12.00,Clive Dennett,29,GB,Ursa Major Racing Ltd And M Dods,96177,-138.72,296,0%,,2020-03-04,GR,[],False,0,29,915597,"{'runs': '36', 'wins': '6'}",0,5079,,Kyllachy
Newcastle (AW),20:30,Follow @AtTheRaces On Instagram Handicap,,5f,5,4yo+,0-70,"£3,978",10,Herakles,6,gelding,5,2,Paul Midgley,Mark Winn,,False,127,62,81,74,16,244-44,,,,"Herakles | 4652640 | He wasn't a lot of money and is another who's certainly paid his way. He won well at Newcastle, where the stiff 5f is everything he needs. He was a good second last time at Beverley, where he just ran out of runway. He likes Ripon - he's such a well-balanced horse that he copes with the undulations. 14-08-25",27.27,9%,1353,GB,4652640,,"Westow, N Yorks",253041,Air Of Mystery,"{'runs': '37', 'wins': '4'}",1,,IRE,637069,-73.64,2026-04-13,https://www.racingpost.com/racecards/1353/newcastle-aw/2026-04-13/915597,-2.50,11,Flat,False,1118198,Standard,661629,5,True,9,,Dandy Man,False,5f,856005,1100,AW,11%,IRE,11,"{'runs': '16', 'wins': '3'}",Stoneleigh Racing Ll & Partner (2024-01-19)||Fawzi Abdulla Nass (2023-09-19),False,False,4652640/herakles,309,"[{'trainer': 'Bryan Smart', 'trainer_id': 373, 'change_date': '2023-09-19'}]",G,10%,9,-4.50,Donal Boylan,23,GB,A Bell & P T Midgley,100377,-14.67,230,11%,,2020-02-13,B,"[{'date': '2023-12-28', 'type': 'Wind Surgery'}]",False,1,33,915597,"{'runs': '14', 'wins': '2'}",1,15948,,Sakhees Secret
Newcastle (AW),20:30,Follow @AtTheRaces On Instagram Handicap,,5f,5,4yo+,0-70,"£3,978",10,Rock Of England,6,gelding,6,10,Paul Midgley,Jason Hart,,False,127,62,82,80,18,2543-9,,,,,27.27,9%,1353,IRE,4350766,,"Westow, N Yorks",294352,Miss Fay,"{'runs': '16', 'wins': '1'}",4,,IRE,1427477,+12.45,2026-04-13,https://www.racingpost.com/racecards/1353/newcastle-aw/2026-04-13/915597,-4.25,11,Flat,False,1082868,Standard,707662,5,True,9,,Unfortunately,False,5f,998413,1100,AW,11%,IRE,11,"{'runs': '3', 'wins': '0'}",Ricky Martin Phillips & Jim Morris (2024-04-11),False,False,4350766/rock-of-england,309,"[{'trainer': 'Edward Bethell', 'trainer_id': 38073, 'change_date': '2024-04-11'}]",G,14%,39,-4.50,Mr & Mrs Reddy Coffey,90,IRE,D Padgett,90243,-14.67,634,10%,,2020-03-15,CH,"[{'date': '2024-11-12', 'type': 'Wind Surgery'}]",False,1,33,915597,"{'runs': '6', 'wins': '0'}",1,15948,,Sayif
Newcastle (AW),20:30,Follow @AtTheRaces On Instagram Handicap,,5f,5,4yo+,0-70,"£3,978",10,Ganesha,5,gelding,7,8,Phillip Makin,Rowan Scott,,False,127,62,84,79,66,22-790,,,,,66.67,0%,1353,IRE,5089269,,"Easingwold, N Yorks",223945,My Lea,"{'runs': '29', 'wins': '4'}",1,,GB,736110,-196.22,2026-04-13,https://www.racingpost.com/racecards/1353/newcastle-aw/2026-04-13/915597,-9.50,3,Flat,False,366,Standard,637069,5,True,0,,Showcasing,False,5f,1191191,1100,AW,7%,GB,3,"{'runs': '13', 'wins': '2'}",,False,False,5089269/ganesha,148,[],G,8%,12,-3.00,Whitsbury Manor Stud,35,IRE,J Toes & J OLoan,92565,-92.75,465,8%,,2021-01-27,B,"[{'date': '2024-12-18', 'type': 'Wind Surgery'}]",False,0,10,915597,"{'runs': '13', 'wins': '2'}",0,35791,,Dandy Man
Newcastle (AW),20:30,Follow @AtTheRaces On Instagram Handicap,,5f,5,4yo+,0-70,"£3,978",10,Brian The Snail,12,gelding,8,7,Patrick Morris,William Pyle,p,False,125,60,79,80,9,5-9748,,,"2024-12-28 | Brian The Snail | 1131875 | Extra Winnings With BetUK Acca Club Handicap | 882619 | Newcastle (AW) | 1353 | 5 | 1100 | Brian The Snail is an old boy who knows the game. Sometimes he breaks out a bit slow - like he's done today - but he thrives being hung onto and it's paid off - Ryan Kavanagh, jockey, speaking to Sky Sports Racing.||2020-12-02 | Brian The Snail | 1131875 | Unibet 3 Uniboosts A Day Handicap | 770742 | Kempton (AW) | 1079 | 6 | 1320 | We got a good tow and Brian The Snail battled all the way to the line. On his day he is very good and proved that tonight - Jack Garrity, jockey||2020-06-01 | Brian The Snail | 1131875 | Heed Your Hunch At Betway Handicap | 757593 | Newcastle (AW) | 1353 | 6 | 1320 | Brian The Snail is a horse with a lot of ability, but he only ever does it every now and again. His work at home is better than what he shows in the afternoon, but when he puts his best foot forward he's a nice horse - Tony Hamilton, jockey.||2018-06-17 | Brian The Snail | 1131875 | Owlerton Greyhound Stadium Sheffield Handicap | 702834 | Doncaster | 15 | 6 | 1322 | Brian The Snail had a wind operation during the winter but his first run back was inconclusive as he didn't handle the track at Epsom. He might get into the Wokingham now - Robin O'Ryan, assistant trainer.||2017-05-18 | Brian The Snail | 1131875 | British Stallion Studs EBF Westow Stakes (Listed Race) | 674101 | York | 107 | 5 | 1100 | That was too bad to be true, Brian The Snail never ran a race - Richard Fahey, trainer.||2017-04-11 | Brian The Snail | 1131875 | Racing UK Anywhere Available Now Handicap | 671164 | Pontefract | 46 | 6 | 1320 | I was delighted with that. Brian The Snail is quite chunky so we wanted to get a run into him. I've made no secret, we do like him and there is a race at Ascot on May 3 for three-year-olds for him. We have the Commonwealth Cup in mind - Richard Fahey, trainer.||2016-10-25 | Brian The Snail | 1131875 | catterickbridge.co.uk Novice Stakes | 660062 | Catterick | 10 | 5 | 1100 | Brian The Snail is a good horse. I was a bit worried about the trip -  5f on a sharp track like this - but he's done it well. He'll be a sprinter - Tony Hamilton, jockey.||2016-09-15 | Brian The Snail | 1131875 | Book Your 17th October totepool Package Median Auction Maiden Stakes | 657606 | Pontefract | 46 | 5 | 1103 | Brian The Snail is a grand, laid back horse and it took Tony (Hamilton) a while to pull him up there. He had done everything very easily at home and he had a really good blow so he will come on plenty for that. He is a horse we like a lot and it will be a surprise if he doesn't go on to better things - Robin O'Ryan, assistant trainer.",,38.46,0%,1353,USA,1131875,3,"Prescott, Merseyside",366519,Sweet Irish,"{'runs': '19', 'wins': '3'}",1,,IRE,749764,-73.34,2026-04-13,https://www.racingpost.com/racecards/1353/newcastle-aw/2026-04-13/915597,-4.50,13,Flat,False,1095591,Standard,602045,5,True,0,3,Zebedee,False,5f,893503,1100,AW,9%,GB,11,"{'runs': '11', 'wins': '1'}",Patrick Morris (2026-01-07)||The Brian The Snail Racing Club (2026-01-03)||Conor Morris (2024-04-24)||Patrick Morris (2023-04-27)||Dr Marwan Koukash (2023-04-18),False,False,1131875/brian-the-snail,190,"[{'trainer': 'Richard Fahey', 'trainer_id': 8010, 'change_date': '2022-08-22'}]",G,9%,12,-11.00,A Kirwan,14,GB,The Pat Morris Racing Club,100476,-78.92,162,8%,,2014-03-18,GR,"[{'date': '2018-01-08', 'type': 'Wind Surgery'}]",False,0,17,915597,"{'runs': '17', 'wins': '2'}",0,14293,,Shamardal
Newcastle (AW),20:30,Follow @AtTheRaces On Instagram Handicap,,5f,5,4yo+,0-70,"£3,978",10,Zuffolo,6,gelding,9,4,Michael Dods,Connor Beasley,v,False,123,58,82,75,137,15700-,,,,,16.67,0%,1353,GB,4175584,,"Piercebridge, Co Durham",356416,Red Red Rose,"{'runs': '38', 'wins': '6'}",2,,IRE,805556,-61.73,2026-04-13,https://www.racingpost.com/racecards/1353/newcastle-aw/2026-04-13/915597,-3.17,12,Flat,False,28829,Standard,84442,5,True,0,,Bungle Inthejungle,False,5f,852769,1100,AW,8%,GB,12,"{'runs': '13', 'wins': '2'}",R R D Saunders (2025-03-24)||ThompsonSaundersDrysdaleDavison (2024-09-11),False,False,4175584/zuffolo,355,[],G,11%,15,-12.00,Mrs Anne Marie Burns,30,GB,R R D Saunders And Partner,90868,-138.72,273,13%,,2020-05-02,B,[],False,0,29,915597,"{'runs': '10', 'wins': '1'}",0,5079,,Piccolo
Newcastle (AW),20:30,Follow @AtTheRaces On Instagram Handicap,,5f,5,4yo+,0-70,"£3,978",10,Bonito Cavalo,7,gelding,10,5,Jim Goldie,Lauren Young,,False,117,52,84,56,38,00-087,,,,"Bonito Cavalo | 4407212 | He's had a problem and then he kicked a wall, so he doubled the problem. He's back cantering. It's been a long while but he was an exciting horse last year, so I'd hope to get him back to his best. I don't think the rest will have done him any harm, with sprinters they're always getting bigger and stronger. He was very progressive last year on the all-weather, so we're looking forward to getting him back. 07-05-25",28.57,0%,1353,AUS,4407212,5,"Uplawmoor, Lanarkshire",45705,Eternal Instinct,"{'runs': '22', 'wins': '2'}",0,,GB,535308,-7.22,2026-04-13,https://www.racingpost.com/racecards/1353/newcastle-aw/2026-04-13/915597,-4.00,14,Flat,False,1103494,Standard,577888,5,True,0,5,Orientor,False,5f,732129,1100,AW,12%,GB,14,"{'runs': '13', 'wins': '6'}",,False,False,4407212/bonito-cavalo,546,[],G,13%,4,-14.00,Goldie Racing Limited,11,GB,Whitestonecliffe Racing Partnership,103748,-139.83,85,0%,,2019-04-01,B,"[{'date': '2026-01-14', 'type': 'Wind Surgery'}, {'date': '2023-08-22', 'type': 'Wind Surgery'}]",False,0,63,915597,"{'runs': '13', 'wins': '6'}",0,7795,,Exceed And Excel
